date,flow_cfs,flow,qc
1980-01-01,377.0,10.6754336,A
1980-01-02,350.0,9.91088,A
1980-01-03,332.0,9.4011776,A
1980-01-04,342.0,9.6843456,A
1980-01-05,387.0,10.9586016,A
1980-01-06,404.0,11.4399872,A
1980-01-07,403.0,11.4116704,A
1980-01-08,399.0,11.2984032,A
1980-01-09,395.0,11.185136,A
1980-01-10,374.0,10.5904832,A
1980-01-11,452.0,12.7991936,A
1980-01-12,626.0,17.7263168,A
1980-01-13,636.0,18.0094848,A
1980-01-14,617.0,17.4714656,A
1980-01-15,627.0,17.7546336,A
1980-01-16,587.0,16.6219616,A
1980-01-17,590.0,16.706912,A
1980-01-18,975.0,27.60888,A
1980-01-19,1040.0,29.449472,A
1980-01-20,1040.0,29.449472,A
1980-01-21,1050.0,29.73264,A
1980-01-22,1110.0,31.431648,A
1980-01-23,1260.0,35.679168,A
1980-01-24,1300.0,36.81184,A
1980-01-25,1240.0,35.112832,A
1980-01-26,1170.0,33.130656,A
1980-01-27,1110.0,31.431648,A
1980-01-28,1020.0,28.883136,A
1980-01-29,903.0,25.5700704,A
1980-01-30,822.0,23.2764096,A
1980-01-31,911.0,25.7966048,A
1980-02-01,842.0,23.8427456,A
1980-02-02,767.0,21.7189856,A
1980-02-03,720.0,20.388096,A
1980-02-04,694.0,19.6518592,A
1980-02-05,619.0,17.5280992,A
1980-02-06,665.0,18.830672,A
1980-02-07,673.0,19.0572064,A
1980-02-08,648.0,18.3492864,A
1980-02-09,631.0,17.8679008,A
1980-02-10,699.0,19.7934432,A
1980-02-11,785.0,22.228688,A
1980-02-12,819.0,23.1914592,A
1980-02-13,869.0,24.6072992,A
1980-02-14,898.0,25.4284864,A
1980-02-15,857.0,24.2674976,A
1980-02-16,781.0,22.1154208,A
1980-02-17,678.0,19.1987904,A
1980-02-18,609.0,17.2449312,A
1980-02-19,578.0,16.3671104,A
1980-02-20,559.0,15.8290912,A
1980-02-21,542.0,15.3477056,A
1980-02-22,539.0,15.262755199999999,A
1980-02-23,583.0,16.5086944,A
1980-02-24,772.0,21.860569599999998,A
1980-02-25,783.0,22.1720544,A
1980-02-26,741.0,20.9827488,A
1980-02-27,661.0,18.7174048,A
1980-02-28,585.0,16.565328,A
1980-02-29,527.0,14.9229536,A
1980-03-01,604.0,17.103347199999998,A
1980-03-02,808.0,22.8799744,A
1980-03-03,873.0,24.7205664,A
1980-03-04,858.0,24.2958144,A
1980-03-05,880.0,24.918784,A
1980-03-06,934.0,26.4478912,A
1980-03-07,964.0,27.2973952,A
1980-03-08,2250.0,63.7128,A
1980-03-09,2390.0,67.67715199999999,A
1980-03-10,1900.0,53.80192,A
1980-03-11,1640.0,46.439552,A
1980-03-12,1500.0,42.4752,A
1980-03-13,2570.0,72.774176,A
1980-03-14,2710.0,76.738528,A
1980-03-15,2030.0,57.483104,A
1980-03-16,1590.0,45.023711999999996,A
1980-03-17,1580.0,44.740544,A
1980-03-18,2270.0,64.279136,A
1980-03-19,2210.0,62.580128,A
1980-03-20,1930.0,54.651424,A
1980-03-21,1820.0,51.536576,A
1980-03-22,2090.0,59.182112,A
1980-03-23,2170.0,61.447456,A
1980-03-24,1980.0,56.067264,A
1980-03-25,1840.0,52.102911999999996,A
1980-03-26,1630.0,46.156384,A
1980-03-27,1620.0,45.873216,A
1980-03-28,1560.0,44.174208,A
1980-03-29,1770.0,50.120736,A
1980-03-30,3520.0,99.675136,A
1980-03-31,5070.0,143.56617599999998,A
1980-04-01,6510.0,184.342368,A
1980-04-02,6070.0,171.88297599999999,A
1980-04-03,4240.0,120.063232,A
1980-04-04,3280.0,92.879104,A
1980-04-05,2410.0,68.243488,A
1980-04-06,1870.0,52.952416,A
1980-04-07,1540.0,43.607872,A
1980-04-08,1360.0,38.510848,A
1980-04-09,1300.0,36.81184,A
1980-04-10,1200.0,33.98016,A
1980-04-11,1100.0,31.14848,A
1980-04-12,1110.0,31.431648,A
1980-04-13,1640.0,46.439552,A
1980-04-14,3810.0,107.887008,A
1980-04-15,4010.0,113.55036799999999,A
1980-04-16,7570.0,214.358176,A
1980-04-17,6450.0,182.64336,A
1980-04-18,4120.0,116.665216,A
1980-04-19,2840.0,80.419712,A
1980-04-20,2070.0,58.615776,A
1980-04-21,1580.0,44.740544,A
1980-04-22,1320.0,37.378175999999996,A
1980-04-23,1150.0,32.56432,A
1980-04-24,1000.0,28.3168,A
1980-04-25,862.0,24.4090816,A
1980-04-26,1420.0,40.209856,A
1980-04-27,1670.0,47.289056,A
1980-04-28,1520.0,43.041536,A
1980-04-29,1380.0,39.077184,A
1980-04-30,1370.0,38.794016,A
1980-05-01,1460.0,41.342528,A
1980-05-02,1370.0,38.794016,A
1980-05-03,1130.0,31.997984,A
1980-05-04,1040.0,29.449472,A
1980-05-05,821.0,23.2480928,A
1980-05-06,672.0,19.0288896,A
1980-05-07,602.0,17.0467136,A
1980-05-08,801.0,22.6817568,A
1980-05-09,922.0,26.1080896,A
1980-05-10,853.0,24.1542304,A
1980-05-11,736.0,20.8411648,A
1980-05-12,661.0,18.7174048,A
1980-05-13,575.0,16.28216,A
1980-05-14,517.0,14.6397856,A
1980-05-15,522.0,14.7813696,A
1980-05-16,532.0,15.0645376,A
1980-05-17,848.0,24.0126464,A
1980-05-18,1620.0,45.873216,A
1980-05-19,1820.0,51.536576,A
1980-05-20,1910.0,54.085088,A
1980-05-21,2020.0,57.199936,A
1980-05-22,2280.0,64.562304,A
1980-05-23,2370.0,67.110816,A
1980-05-24,2210.0,62.580128,A
1980-05-25,1670.0,47.289056,A
1980-05-26,1410.0,39.926688,A
1980-05-27,1170.0,33.130656,A
1980-05-28,1310.0,37.095008,A
1980-05-29,1270.0,35.962336,A
1980-05-30,1090.0,30.865312,A
1980-05-31,951.0,26.9292768,A
1980-06-01,824.0,23.3330432,A
1980-06-02,689.0,19.5102752,A
1980-06-03,568.0,16.0839424,A
1980-06-04,465.0,13.167311999999999,A
1980-06-05,404.0,11.4399872,A
1980-06-06,374.0,10.5904832,A
1980-06-07,342.0,9.6843456,A
1980-06-08,314.0,8.8914752,A
1980-06-09,302.0,8.551673599999999,A
1980-06-10,286.0,8.0986048,A
1980-06-11,264.0,7.4756352,A
1980-06-12,248.0,7.0225664,A
1980-06-13,236.0,6.6827648,A
1980-06-14,223.0,6.3146464,A
1980-06-15,203.0,5.7483104,A
1980-06-16,189.0,5.3518752,A
1980-06-17,186.0,5.2669248,A
1980-06-18,185.0,5.238608,A
1980-06-19,261.0,7.3906848,A
1980-06-20,393.0,11.1285024,A
1980-06-21,366.0,10.3639488,A
1980-06-22,364.0,10.3073152,A
1980-06-23,351.0,9.9391968,A
1980-06-24,379.0,10.7320672,A
1980-06-25,527.0,14.9229536,A
1980-06-26,756.0,21.4075008,A
1980-06-27,740.0,20.954432,A
1980-06-28,672.0,19.0288896,A
1980-06-29,575.0,16.28216,A
1980-06-30,407.0,11.5249376,A
1980-07-01,340.0,9.627712,A
1980-07-02,287.0,8.1269216,A
1980-07-03,252.0,7.1358336,A
1980-07-04,226.0,6.3995968,A
1980-07-05,203.0,5.7483104,A
1980-07-06,189.0,5.3518752,A
1980-07-07,179.0,5.0687071999999995,A
1980-07-08,171.0,4.8421728,A
1980-07-09,166.0,4.7005888,A
1980-07-10,155.0,4.389104,A
1980-07-11,143.0,4.0493024,A
1980-07-12,132.0,3.7378176,A
1980-07-13,123.0,3.4829664,A
1980-07-14,114.0,3.2281152,A
1980-07-15,106.0,3.0015808,A
1980-07-16,100.0,2.83168,A
1980-07-17,95.0,2.690096,A
1980-07-18,98.0,2.7750464,A
1980-07-19,94.0,2.6617792,A
1980-07-20,91.0,2.5768288,A
1980-07-21,99.0,2.8033632,A
1980-07-22,98.0,2.7750464,A
1980-07-23,104.0,2.9449472,A
1980-07-24,133.0,3.7661344,A
1980-07-25,120.0,3.398016,A
1980-07-26,107.0,3.0298976,A
1980-07-27,113.0,3.1997984,A
1980-07-28,126.0,3.5679168,A
1980-07-29,144.0,4.0776192,A
1980-07-30,148.0,4.1908864,A
1980-07-31,126.0,3.5679168,A
1980-08-01,116.0,3.2847488,A
1980-08-02,101.0,2.8599968,A
1980-08-03,87.0,2.4635616,A
1980-08-04,76.0,2.1520768,A
1980-08-05,67.0,1.8972256,A
1980-08-06,60.0,1.699008,A
1980-08-07,55.0,1.557424,A
1980-08-08,52.0,1.4724736,A
1980-08-09,50.0,1.41584,A
1980-08-10,52.0,1.4724736,A
1980-08-11,72.0,2.0388096,A
1980-08-12,269.0,7.6172192,A
1980-08-13,226.0,6.3995968,A
1980-08-14,140.0,3.964352,A
1980-08-15,127.0,3.5962336,A
1980-08-16,115.0,3.2564319999999998,A
1980-08-17,130.0,3.681184,A
1980-08-18,126.0,3.5679168,A
1980-08-19,102.0,2.8883136,A
1980-08-20,89.0,2.5201952,A
1980-08-21,80.0,2.265344,A
1980-08-22,72.0,2.0388096,A
1980-08-23,67.0,1.8972256,A
1980-08-24,63.0,1.7839584,A
1980-08-25,59.0,1.6706912,A
1980-08-26,55.0,1.557424,A
1980-08-27,56.0,1.5857408,A
1980-08-28,64.0,1.8122752,A
1980-08-29,57.0,1.6140576,A
1980-08-30,57.0,1.6140576,A
1980-08-31,70.0,1.982176,A
1980-09-01,60.0,1.699008,A
1980-09-02,58.0,1.6423744,A
1980-09-03,56.0,1.5857408,A
1980-09-04,65.0,1.840592,A
1980-09-05,61.0,1.7273247999999999,A
1980-09-06,55.0,1.557424,A
1980-09-07,52.0,1.4724736,A
1980-09-08,49.0,1.3875232,A
1980-09-09,49.0,1.3875232,A
1980-09-10,47.0,1.3308896,A
1980-09-11,43.0,1.2176224,A
1980-09-12,41.0,1.1609888,A
1980-09-13,40.0,1.132672,A
1980-09-14,41.0,1.1609888,A
1980-09-15,41.0,1.1609888,A
1980-09-16,41.0,1.1609888,A
1980-09-17,46.0,1.3025728,A
1980-09-18,73.0,2.0671264,A
1980-09-19,186.0,5.2669248,A
1980-09-20,223.0,6.3146464,A
1980-09-21,189.0,5.3518752,A
1980-09-22,148.0,4.1908864,A
1980-09-23,117.0,3.3130656,A
1980-09-24,101.0,2.8599968,A
1980-09-25,90.0,2.548512,A
1980-09-26,81.0,2.2936608,A
1980-09-27,74.0,2.0954432,A
1980-09-28,70.0,1.982176,A
1980-09-29,75.0,2.12376,A
1980-09-30,86.0,2.4352448,A
1980-10-01,87.0,2.4635616,A
1980-10-02,126.0,3.5679168,A
1980-10-03,136.0,3.8510847999999998,A
1980-10-04,112.0,3.1714816,A
1980-10-05,98.0,2.7750464,A
1980-10-06,87.0,2.4635616,A
1980-10-07,77.0,2.1803936,A
1980-10-08,71.0,2.0104928,A
1980-10-09,68.0,1.9255423999999999,A
1980-10-10,64.0,1.8122752,A
1980-10-11,62.0,1.7556416,A
1980-10-12,60.0,1.699008,A
1980-10-13,58.0,1.6423744,A
1980-10-14,55.0,1.557424,A
1980-10-15,54.0,1.5291071999999999,A
1980-10-16,53.0,1.5007904,A
1980-10-17,53.0,1.5007904,A
1980-10-18,54.0,1.5291071999999999,A
1980-10-19,55.0,1.557424,A
1980-10-20,61.0,1.7273247999999999,A
1980-10-21,85.0,2.406928,A
1980-10-22,88.0,2.4918784,A
1980-10-23,76.0,2.1520768,A
1980-10-24,69.0,1.9538592,A
1980-10-25,67.0,1.8972256,A
1980-10-26,70.0,1.982176,A
1980-10-27,83.0,2.3502944,A
1980-10-28,157.0,4.4457376,A
1980-10-29,462.0,13.0823616,A
1980-10-30,556.0,15.7441408,A
1980-10-31,390.0,11.043552,A
1980-11-01,275.0,7.78712,A
1980-11-02,209.0,5.9182112,A
1980-11-03,167.0,4.7289056,A
1980-11-04,142.0,4.0209856,A
1980-11-05,126.0,3.5679168,A
1980-11-06,116.0,3.2847488,A
1980-11-07,110.0,3.114848,A
1980-11-08,102.0,2.8883136,A
1980-11-09,96.0,2.7184128,A
1980-11-10,92.0,2.6051456,A
1980-11-11,90.0,2.548512,A
1980-11-12,90.0,2.548512,A
1980-11-13,87.0,2.4635616,A
1980-11-14,85.0,2.406928,A
1980-11-15,85.0,2.406928,A
1980-11-16,86.0,2.4352448,A
1980-11-17,92.0,2.6051456,A
1980-11-18,96.0,2.7184128,A
1980-11-19,101.0,2.8599968,A
1980-11-20,104.0,2.9449472,A
1980-11-21,105.0,2.973264,A
1980-11-22,113.0,3.1997984,A
1980-11-23,138.0,3.9077184,A
1980-11-24,213.0,6.0314784,A
1980-11-25,317.0,8.9764256,A
1980-11-26,341.0,9.6560288,A
1980-11-27,388.0,10.9869184,A
1980-11-28,404.0,11.4399872,A
1980-11-29,362.0,10.2506816,A
1980-11-30,294.0,8.3251392,A
1980-12-01,244.0,6.9092991999999995,A
1980-12-02,215.0,6.088112,A
1980-12-03,189.0,5.3518752,A
1980-12-04,171.0,4.8421728,A
1980-12-05,163.0,4.6156384,A
1980-12-06,158.0,4.4740544,A
1980-12-07,150.0,4.24752,A
1980-12-08,145.0,4.105936,A
1980-12-09,149.0,4.2192032,A
1980-12-10,222.0,6.2863296,A
1980-12-11,206.0,5.8332608,A
1980-12-12,282.0,7.9853376,A
1980-12-13,265.0,7.503952,A
1980-12-14,254.0,7.1924672,A
1980-12-15,230.0,6.5128639999999995,A
1980-12-16,202.0,5.7199936,A
1980-12-17,184.0,5.2102912,A
1980-12-18,176.0,4.9837568,A
1980-12-19,166.0,4.7005888,A
1980-12-20,155.0,4.389104,A
1980-12-21,149.0,4.2192032,A
1980-12-22,143.0,4.0493024,A
1980-12-23,138.0,3.9077184,A
1980-12-24,139.0,3.9360352,A
1980-12-25,151.0,4.2758367999999995,A
1980-12-26,172.0,4.8704896,A
1980-12-27,172.0,4.8704896,A
1980-12-28,160.0,4.530688,A
1980-12-29,154.0,4.3607872,A
1980-12-30,151.0,4.2758367999999995,A
1980-12-31,149.0,4.2192032,A
1981-01-01,144.0,4.0776192,A
1981-01-02,139.0,3.9360352,A
1981-01-03,136.0,3.8510847999999998,A
1981-01-04,133.0,3.7661344,A
1981-01-05,130.0,3.681184,A
1981-01-06,127.0,3.5962336,A
1981-01-07,149.0,4.2192032,A
1981-01-08,189.0,5.3518752,A
1981-01-09,222.0,6.2863296,A
1981-01-10,206.0,5.8332608,A
1981-01-11,190.0,5.380192,A
1981-01-12,180.0,5.097024,A
1981-01-13,164.0,4.6439552,A
1981-01-14,155.0,4.389104,A
1981-01-15,151.0,4.2758367999999995,A
1981-01-16,151.0,4.2758367999999995,A
1981-01-17,150.0,4.24752,A
1981-01-18,144.0,4.0776192,A
1981-01-19,139.0,3.9360352,A
1981-01-20,138.0,3.9077184,A
1981-01-21,143.0,4.0493024,A
1981-01-22,154.0,4.3607872,A
1981-01-23,158.0,4.4740544,A
1981-01-24,153.0,4.3324704,A
1981-01-25,150.0,4.24752,A
1981-01-26,146.0,4.1342528,A
1981-01-27,143.0,4.0493024,A
1981-01-28,145.0,4.105936,A
1981-01-29,149.0,4.2192032,A
1981-01-30,153.0,4.3324704,A
1981-01-31,148.0,4.1908864,A
1981-02-01,144.0,4.0776192,A
1981-02-02,213.0,6.0314784,A
1981-02-03,326.0,9.2312768,A
1981-02-04,356.0,10.0807808,A
1981-02-05,308.0,8.7215744,A
1981-02-06,313.0,8.8631584,A
1981-02-07,370.0,10.477216,A
1981-02-08,401.0,11.3550368,A
1981-02-09,356.0,10.0807808,A
1981-02-10,1770.0,50.120736,A
1981-02-11,5760.0,163.104768,A
1981-02-12,4360.0,123.461248,A
1981-02-13,3740.0,105.904832,A
1981-02-14,5670.0,160.556256,A
1981-02-15,4340.0,122.894912,A
1981-02-16,3030.0,85.799904,A
1981-02-17,2170.0,61.447456,A
1981-02-18,1620.0,45.873216,A
1981-02-19,1280.0,36.245504,A
1981-02-20,1030.0,29.166304,A
1981-02-21,891.0,25.2302688,A
1981-02-22,855.0,24.210864,A
1981-02-23,821.0,23.2480928,A
1981-02-24,756.0,21.4075008,A
1981-02-25,675.0,19.11384,A
1981-02-26,565.0,15.998992,A
1981-02-27,497.0,14.0734496,A
1981-02-28,455.0,12.884144,A
1981-03-01,427.0,12.0912736,A
1981-03-02,407.0,11.5249376,A
1981-03-03,388.0,10.9869184,A
1981-03-04,420.0,11.893056,A
1981-03-05,885.0,25.060368,A
1981-03-06,941.0,26.6461088,A
1981-03-07,813.0,23.0215584,A
1981-03-08,759.0,21.4924512,A
1981-03-09,740.0,20.954432,A
1981-03-10,653.0,18.4908704,A
1981-03-11,525.0,14.86632,A
1981-03-12,435.0,12.317808,A
1981-03-13,385.0,10.901968,A
1981-03-14,362.0,10.2506816,A
1981-03-15,343.0,9.7126624,A
1981-03-16,374.0,10.5904832,A
1981-03-17,387.0,10.9586016,A
1981-03-18,385.0,10.901968,A
1981-03-19,444.0,12.5726592,A
1981-03-20,522.0,14.7813696,A
1981-03-21,624.0,17.6696832,A
1981-03-22,878.0,24.8621504,A
1981-03-23,1170.0,33.130656,A
1981-03-24,1150.0,32.56432,A
1981-03-25,1090.0,30.865312,A
1981-03-26,1080.0,30.582144,A
1981-03-27,1140.0,32.281152,A
1981-03-28,1180.0,33.413824,A
1981-03-29,1030.0,29.166304,A
1981-03-30,939.0,26.5894752,A
1981-03-31,1120.0,31.714816,A
1981-04-01,1010.0,28.599968,A
1981-04-02,1010.0,28.599968,A
1981-04-03,1070.0,30.298976,A
1981-04-04,1140.0,32.281152,A
1981-04-05,1180.0,33.413824,A
1981-04-06,1140.0,32.281152,A
1981-04-07,1090.0,30.865312,A
1981-04-08,1010.0,28.599968,A
1981-04-09,826.0,23.3896768,A
1981-04-10,617.0,17.4714656,A
1981-04-11,503.0,14.2433504,A
1981-04-12,438.0,12.4027584,A
1981-04-13,387.0,10.9586016,A
1981-04-14,346.0,9.7976128,A
1981-04-15,314.0,8.8914752,A
1981-04-16,287.0,8.1269216,A
1981-04-17,259.0,7.3340512,A
1981-04-18,238.0,6.7393984,A
1981-04-19,217.0,6.1447456,A
1981-04-20,201.0,5.6916768,A
1981-04-21,185.0,5.238608,A
1981-04-22,172.0,4.8704896,A
1981-04-23,164.0,4.6439552,A
1981-04-24,177.0,5.0120736,A
1981-04-25,325.0,9.20296,A
1981-04-26,341.0,9.6560288,A
1981-04-27,296.0,8.3817728,A
1981-04-28,250.0,7.0792,A
1981-04-29,205.0,5.804944,A
1981-04-30,201.0,5.6916768,A
1981-05-01,261.0,7.3906848,A
1981-05-02,224.0,6.3429632,A
1981-05-03,209.0,5.9182112,A
1981-05-04,180.0,5.097024,A
1981-05-05,149.0,4.2192032,A
1981-05-06,148.0,4.1908864,A
1981-05-07,162.0,4.5873216,A
1981-05-08,168.0,4.7572224,A
1981-05-09,151.0,4.2758367999999995,A
1981-05-10,136.0,3.8510847999999998,A
1981-05-11,137.0,3.8794016,A
1981-05-12,124.0,3.5112832,A
1981-05-13,110.0,3.114848,A
1981-05-14,99.0,2.8033632,A
1981-05-15,92.0,2.6051456,A
1981-05-16,84.0,2.3786112,A
1981-05-17,80.0,2.265344,A
1981-05-18,77.0,2.1803936,A
1981-05-19,101.0,2.8599968,A
1981-05-20,171.0,4.8421728,A
1981-05-21,240.0,6.796032,A
1981-05-22,208.0,5.8898944,A
1981-05-23,167.0,4.7289056,A
1981-05-24,143.0,4.0493024,A
1981-05-25,118.0,3.3413824,A
1981-05-26,126.0,3.5679168,A
1981-05-27,290.0,8.211872,A
1981-05-28,359.0,10.1657312,A
1981-05-29,264.0,7.4756352,A
1981-05-30,194.0,5.4934592,A
1981-05-31,167.0,4.7289056,A
1981-06-01,137.0,3.8794016,A
1981-06-02,114.0,3.2281152,A
1981-06-03,176.0,4.9837568,A
1981-06-04,314.0,8.8914752,A
1981-06-05,266.0,7.5322688,A
1981-06-06,275.0,7.78712,A
1981-06-07,202.0,5.7199936,A
1981-06-08,163.0,4.6156384,A
1981-06-09,164.0,4.6439552,A
1981-06-10,144.0,4.0776192,A
1981-06-11,123.0,3.4829664,A
1981-06-12,108.0,3.0582143999999998,A
1981-06-13,99.0,2.8033632,A
1981-06-14,110.0,3.114848,A
1981-06-15,131.0,3.7095008,A
1981-06-16,138.0,3.9077184,A
1981-06-17,123.0,3.4829664,A
1981-06-18,101.0,2.8599968,A
1981-06-19,84.0,2.3786112,A
1981-06-20,72.0,2.0388096,A
1981-06-21,64.0,1.8122752,A
1981-06-22,58.0,1.6423744,A
1981-06-23,53.0,1.5007904,A
1981-06-24,50.0,1.41584,A
1981-06-25,49.0,1.3875232,A
1981-06-26,56.0,1.5857408,A
1981-06-27,58.0,1.6423744,A
1981-06-28,58.0,1.6423744,A
1981-06-29,56.0,1.5857408,A
1981-06-30,48.0,1.3592064,A
1981-07-01,44.0,1.2459392,A
1981-07-02,52.0,1.4724736,A
1981-07-03,59.0,1.6706912,A
1981-07-04,83.0,2.3502944,A
1981-07-05,86.0,2.4352448,A
1981-07-06,87.0,2.4635616,A
1981-07-07,87.0,2.4635616,A
1981-07-08,96.0,2.7184128,A
1981-07-09,99.0,2.8033632,A
1981-07-10,86.0,2.4352448,A
1981-07-11,117.0,3.3130656,A
1981-07-12,284.0,8.0419712,A
1981-07-13,193.0,5.4651423999999995,A
1981-07-14,144.0,4.0776192,A
1981-07-15,104.0,2.9449472,A
1981-07-16,82.0,2.3219776,A
1981-07-17,70.0,1.982176,A
1981-07-18,59.0,1.6706912,A
1981-07-19,54.0,1.5291071999999999,A
1981-07-20,46.0,1.3025728,A
1981-07-21,41.0,1.1609888,A
1981-07-22,37.0,1.0477216,A
1981-07-23,35.0,0.991088,A
1981-07-24,32.0,0.9061376,A
1981-07-25,30.0,0.849504,A
1981-07-26,44.0,1.2459392,A
1981-07-27,42.0,1.1893056,A
1981-07-28,37.0,1.0477216,A
1981-07-29,32.0,0.9061376,A
1981-07-30,34.0,0.9627711999999999,A
1981-07-31,32.0,0.9061376,A
1981-08-01,36.0,1.0194048,A
1981-08-02,58.0,1.6423744,A
1981-08-03,83.0,2.3502944,A
1981-08-04,77.0,2.1803936,A
1981-08-05,70.0,1.982176,A
1981-08-06,62.0,1.7556416,A
1981-08-07,51.0,1.4441568,A
1981-08-08,112.0,3.1714816,A
1981-08-09,132.0,3.7378176,A
1981-08-10,170.0,4.813856,A
1981-08-11,172.0,4.8704896,A
1981-08-12,257.0,7.2774176,A
1981-08-13,226.0,6.3995968,A
1981-08-14,137.0,3.8794016,A
1981-08-15,104.0,2.9449472,A
1981-08-16,112.0,3.1714816,A
1981-08-17,132.0,3.7378176,A
1981-08-18,127.0,3.5962336,A
1981-08-19,144.0,4.0776192,A
1981-08-20,97.0,2.7467296,A
1981-08-21,108.0,3.0582143999999998,A
1981-08-22,110.0,3.114848,A
1981-08-23,124.0,3.5112832,A
1981-08-24,114.0,3.2281152,A
1981-08-25,95.0,2.690096,A
1981-08-26,80.0,2.265344,A
1981-08-27,69.0,1.9538592,A
1981-08-28,60.0,1.699008,A
1981-08-29,63.0,1.7839584,A
1981-08-30,105.0,2.973264,A
1981-08-31,102.0,2.8883136,A
1981-09-01,177.0,5.0120736,A
1981-09-02,156.0,4.4174208,A
1981-09-03,172.0,4.8704896,A
1981-09-04,254.0,7.1924672,A
1981-09-05,173.0,4.8988064,A
1981-09-06,223.0,6.3146464,A
1981-09-07,164.0,4.6439552,A
1981-09-08,118.0,3.3413824,A
1981-09-09,91.0,2.5768288,A
1981-09-10,78.0,2.2087104,A
1981-09-11,69.0,1.9538592,A
1981-09-12,60.0,1.699008,A
1981-09-13,56.0,1.5857408,A
1981-09-14,51.0,1.4441568,A
1981-09-15,52.0,1.4724736,A
1981-09-16,65.0,1.840592,A
1981-09-17,65.0,1.840592,A
1981-09-18,70.0,1.982176,A
1981-09-19,68.0,1.9255423999999999,A
1981-09-20,62.0,1.7556416,A
1981-09-21,58.0,1.6423744,A
1981-09-22,52.0,1.4724736,A
1981-09-23,51.0,1.4441568,A
1981-09-24,45.0,1.274256,A
1981-09-25,42.0,1.1893056,A
1981-09-26,39.0,1.1043552,A
1981-09-27,36.0,1.0194048,A
1981-09-28,33.0,0.9344544,A
1981-09-29,33.0,0.9344544,A
1981-09-30,34.0,0.9627711999999999,A
1981-10-01,33.0,0.9344544,A
1981-10-02,32.0,0.9061376,A
1981-10-03,30.0,0.849504,A
1981-10-04,29.0,0.8211872,A
1981-10-05,29.0,0.8211872,A
1981-10-06,28.0,0.7928704,A
1981-10-07,28.0,0.7928704,A
1981-10-08,28.0,0.7928704,A
1981-10-09,29.0,0.8211872,A
1981-10-10,35.0,0.991088,A
1981-10-11,40.0,1.132672,A
1981-10-12,50.0,1.41584,A
1981-10-13,53.0,1.5007904,A
1981-10-14,51.0,1.4441568,A
1981-10-15,47.0,1.3308896,A
1981-10-16,47.0,1.3308896,A
1981-10-17,44.0,1.2459392,A
1981-10-18,41.0,1.1609888,A
1981-10-19,41.0,1.1609888,A
1981-10-20,38.0,1.0760384,A
1981-10-21,40.0,1.132672,A
1981-10-22,39.0,1.1043552,A
1981-10-23,39.0,1.1043552,A
1981-10-24,39.0,1.1043552,A
1981-10-25,47.0,1.3308896,A
1981-10-26,72.0,2.0388096,A
1981-10-27,80.0,2.265344,A
1981-10-28,94.0,2.6617792,A
1981-10-29,91.0,2.5768288,A
1981-10-30,79.0,2.2370272,A
1981-10-31,69.0,1.9538592,A
1981-11-01,61.0,1.7273247999999999,A
1981-11-02,57.0,1.6140576,A
1981-11-03,54.0,1.5291071999999999,A
1981-11-04,52.0,1.4724736,A
1981-11-05,51.0,1.4441568,A
1981-11-06,51.0,1.4441568,A
1981-11-07,49.0,1.3875232,A
1981-11-08,48.0,1.3592064,A
1981-11-09,48.0,1.3592064,A
1981-11-10,92.0,2.6051456,A
1981-11-11,180.0,5.097024,A
1981-11-12,297.0,8.4100896,A
1981-11-13,237.0,6.7110816,A
1981-11-14,167.0,4.7289056,A
1981-11-15,131.0,3.7095008,A
1981-11-16,111.0,3.1431648,A
1981-11-17,98.0,2.7750464,A
1981-11-18,90.0,2.548512,A
1981-11-19,84.0,2.3786112,A
1981-11-20,110.0,3.114848,A
1981-11-21,90.0,2.548512,A
1981-11-22,83.0,2.3502944,A
1981-11-23,81.0,2.2936608,A
1981-11-24,84.0,2.3786112,A
1981-11-25,81.0,2.2936608,A
1981-11-26,79.0,2.2370272,A
1981-11-27,79.0,2.2370272,A
1981-11-28,77.0,2.1803936,A
1981-11-29,77.0,2.1803936,A
1981-11-30,80.0,2.265344,A
1981-12-01,89.0,2.5201952,A
1981-12-02,102.0,2.8883136,A
1981-12-03,152.0,4.3041536,A
1981-12-04,154.0,4.3607872,A
1981-12-05,122.0,3.4546495999999998,A
1981-12-06,105.0,2.973264,A
1981-12-07,97.0,2.7467296,A
1981-12-08,93.0,2.6334624,A
1981-12-09,89.0,2.5201952,A
1981-12-10,86.0,2.4352448,A
1981-12-11,84.0,2.3786112,A
1981-12-12,89.0,2.5201952,A
1981-12-13,116.0,3.2847488,A
1981-12-14,231.0,6.5411808,A
1981-12-15,392.0,11.1001856,A
1981-12-16,503.0,14.2433504,A
1981-12-17,453.0,12.8275104,A
1981-12-18,394.0,11.1568192,A
1981-12-19,345.0,9.769296,A
1981-12-20,302.0,8.551673599999999,A
1981-12-21,259.0,7.3340512,A
1981-12-22,230.0,6.5128639999999995,A
1981-12-23,213.0,6.0314784,A
1981-12-24,209.0,5.9182112,A
1981-12-25,440.0,12.459392,A
1981-12-26,716.0,20.274828799999998,A
1981-12-27,844.0,23.8993792,A
1981-12-28,846.0,23.9560128,A
1981-12-29,970.0,27.467296,A
1981-12-30,912.0,25.8249216,A
1981-12-31,1210.0,34.263328,A
1982-01-01,1280.0,36.245504,A
1982-01-02,1190.0,33.696992,A
1982-01-03,1210.0,34.263328,A
1982-01-04,1350.0,38.22768,A
1982-01-05,1390.0,39.360352,A
1982-01-06,1490.0,42.192032,A
1982-01-07,1590.0,45.023711999999996,A
1982-01-08,1980.0,56.067264,A
1982-01-09,2370.0,67.110816,A
1982-01-10,2010.0,56.916768,A
1982-01-11,1540.0,43.607872,A
1982-01-12,1470.0,41.625696,A
1982-01-13,1620.0,45.873216,A
1982-01-14,1670.0,47.289056,A
1982-01-15,1440.0,40.776192,A
1982-01-16,1250.0,35.396,A
1982-01-17,1160.0,32.847488,A
1982-01-18,1170.0,33.130656,A
1982-01-19,1200.0,33.98016,A
1982-01-20,1150.0,32.56432,A
1982-01-21,970.0,27.467296,A
1982-01-22,770.0,21.803936,A
1982-01-23,664.0,18.8023552,A
1982-01-24,653.0,18.4908704,A
1982-01-25,651.0,18.4342368,A
1982-01-26,649.0,18.3776032,A
1982-01-27,660.0,18.689087999999998,A
1982-01-28,628.0,17.7829504,A
1982-01-29,563.0,15.9423584,A
1982-01-30,492.0,13.9318656,A
1982-01-31,505.0,14.299984,A
1982-02-01,624.0,17.6696832,A
1982-02-02,832.0,23.5595776,A
1982-02-03,2420.0,68.526656,A
1982-02-04,3010.0,85.233568,A
1982-02-05,3090.0,87.498912,A
1982-02-06,7090.0,200.766112,A
1982-02-07,5560.0,157.441408,A
1982-02-08,3620.0,102.506816,A
1982-02-09,2600.0,73.62368,A
1982-02-10,2010.0,56.916768,A
1982-02-11,1590.0,45.023711999999996,A
1982-02-12,1350.0,38.22768,A
1982-02-13,1300.0,36.81184,A
1982-02-14,1180.0,33.413824,A
1982-02-15,1130.0,31.997984,A
1982-02-16,1270.0,35.962336,A
1982-02-17,1690.0,47.855392,A
1982-02-18,1540.0,43.607872,A
1982-02-19,1420.0,40.209856,A
1982-02-20,1380.0,39.077184,A
1982-02-21,1510.0,42.758368,A
1982-02-22,1530.0,43.324704,A
1982-02-23,1300.0,36.81184,A
1982-02-24,1030.0,29.166304,A
1982-02-25,794.0,22.4835392,A
1982-02-26,681.0,19.2837408,A
1982-02-27,704.0,19.9350272,A
1982-02-28,784.0,22.2003712,A
1982-03-01,798.0,22.5968064,A
1982-03-02,804.0,22.7667072,A
1982-03-03,828.0,23.446310399999998,A
1982-03-04,810.0,22.936608,A
1982-03-05,750.0,21.2376,A
1982-03-06,992.0,28.0902656,A
1982-03-07,1570.0,44.457376,A
1982-03-08,1430.0,40.493024,A
1982-03-09,1270.0,35.962336,A
1982-03-10,1220.0,34.546496,A
1982-03-11,1320.0,37.378175999999996,A
1982-03-12,1480.0,41.908864,A
1982-03-13,1380.0,39.077184,A
1982-03-14,1130.0,31.997984,A
1982-03-15,832.0,23.5595776,A
1982-03-16,687.0,19.4536416,A
1982-03-17,626.0,17.7263168,A
1982-03-18,580.0,16.423744,A
1982-03-19,552.0,15.6308736,A
1982-03-20,546.0,15.4609728,A
1982-03-21,535.0,15.149488,A
1982-03-22,531.0,15.0362208,A
1982-03-23,541.0,15.3193888,A
1982-03-24,490.0,13.875232,A
1982-03-25,501.0,14.1867168,A
1982-03-26,599.0,16.9617632,A
1982-03-27,569.0,16.1122592,A
1982-03-28,580.0,16.423744,A
1982-03-29,563.0,15.9423584,A
1982-03-30,498.0,14.101766399999999,A
1982-03-31,435.0,12.317808,A
1982-04-01,404.0,11.4399872,A
1982-04-02,384.0,10.8736512,A
1982-04-03,360.0,10.194048,A
1982-04-04,339.0,9.5993952,A
1982-04-05,332.0,9.4011776,A
1982-04-06,384.0,10.8736512,A
1982-04-07,560.0,15.857408,A
1982-04-08,565.0,15.998992,A
1982-04-09,567.0,16.0556256,A
1982-04-10,496.0,14.0451328,A
1982-04-11,420.0,11.893056,A
1982-04-12,355.0,10.052464,A
1982-04-13,315.0,8.919792,A
1982-04-14,288.0,8.1552384,A
1982-04-15,267.0,7.5605856,A
1982-04-16,252.0,7.1358336,A
1982-04-17,244.0,6.9092991999999995,A
1982-04-18,268.0,7.5889024,A
1982-04-19,339.0,9.5993952,A
1982-04-20,746.0,21.1243328,A
1982-04-21,1450.0,41.05936,A
1982-04-22,1260.0,35.679168,A
1982-04-23,1170.0,33.130656,A
1982-04-24,1320.0,37.378175999999996,A
1982-04-25,1930.0,54.651424,A
1982-04-26,2180.0,61.730624,A
1982-04-27,1820.0,51.536576,A
1982-04-28,1460.0,41.342528,A
1982-04-29,1250.0,35.396,A
1982-04-30,1230.0,34.829664,A
1982-05-01,1310.0,37.095008,A
1982-05-02,1310.0,37.095008,A
1982-05-03,1210.0,34.263328,A
1982-05-04,942.0,26.6744256,A
1982-05-05,554.0,15.6875072,A
1982-05-06,415.0,11.751472,A
1982-05-07,351.0,9.9391968,A
1982-05-08,550.0,15.57424,A
1982-05-09,964.0,27.2973952,A
1982-05-10,1160.0,32.847488,A
1982-05-11,1460.0,41.342528,A
1982-05-12,2030.0,57.483104,A
1982-05-13,1900.0,53.80192,A
1982-05-14,1340.0,37.944511999999996,A
1982-05-15,792.0,22.4269056,A
1982-05-16,436.0,12.3461248,A
1982-05-17,334.0,9.4578112,A
1982-05-18,281.0,7.9570208,A
1982-05-19,253.0,7.1641504,A
1982-05-20,232.0,6.5694976,A
1982-05-21,210.0,5.946528,A
1982-05-22,206.0,5.8332608,A
1982-05-23,206.0,5.8332608,A
1982-05-24,199.0,5.6350432,A
1982-05-25,193.0,5.4651423999999995,A
1982-05-26,213.0,6.0314784,A
1982-05-27,324.0,9.1746432,A
1982-05-28,435.0,12.317808,A
1982-05-29,480.0,13.592064,A
1982-05-30,372.0,10.5338496,A
1982-05-31,253.0,7.1641504,A
1982-06-01,217.0,6.1447456,A
1982-06-02,210.0,5.946528,A
1982-06-03,289.0,8.1835552,A
1982-06-04,492.0,13.9318656,A
1982-06-05,399.0,11.2984032,A
1982-06-06,231.0,6.5411808,A
1982-06-07,173.0,4.8988064,A
1982-06-08,141.0,3.9926688,A
1982-06-09,121.0,3.4263328,A
1982-06-10,107.0,3.0298976,A
1982-06-11,97.0,2.7467296,A
1982-06-12,89.0,2.5201952,A
1982-06-13,84.0,2.3786112,A
1982-06-14,83.0,2.3502944,A
1982-06-15,110.0,3.114848,A
1982-06-16,140.0,3.964352,A
1982-06-17,153.0,4.3324704,A
1982-06-18,139.0,3.9360352,A
1982-06-19,112.0,3.1714816,A
1982-06-20,112.0,3.1714816,A
1982-06-21,96.0,2.7184128,A
1982-06-22,89.0,2.5201952,A
1982-06-23,81.0,2.2936608,A
1982-06-24,74.0,2.0954432,A
1982-06-25,67.0,1.8972256,A
1982-06-26,62.0,1.7556416,A
1982-06-27,62.0,1.7556416,A
1982-06-28,67.0,1.8972256,A
1982-06-29,99.0,2.8033632,A
1982-06-30,182.0,5.1536576,A
1982-07-01,269.0,7.6172192,A
1982-07-02,399.0,11.2984032,A
1982-07-03,503.0,14.2433504,A
1982-07-04,394.0,11.1568192,A
1982-07-05,237.0,6.7110816,A
1982-07-06,167.0,4.7289056,A
1982-07-07,129.0,3.6528671999999998,A
1982-07-08,106.0,3.0015808,A
1982-07-09,97.0,2.7467296,A
1982-07-10,111.0,3.1431648,A
1982-07-11,123.0,3.4829664,A
1982-07-12,155.0,4.389104,A
1982-07-13,195.0,5.521776,A
1982-07-14,239.0,6.7677152,A
1982-07-15,377.0,10.6754336,A
1982-07-16,276.0,7.8154368,A
1982-07-17,271.0,7.6738528,A
1982-07-18,231.0,6.5411808,A
1982-07-19,230.0,6.5128639999999995,A
1982-07-20,620.0,17.556416,A
1982-07-21,508.0,14.3849344,A
1982-07-22,487.0,13.7902816,A
1982-07-23,679.0,19.2271072,A
1982-07-24,844.0,23.8993792,A
1982-07-25,1030.0,29.166304,A
1982-07-26,1020.0,28.883136,A
1982-07-27,956.0,27.0708608,A
1982-07-28,668.0,18.9156224,A
1982-07-29,392.0,11.1001856,A
1982-07-30,368.0,10.4205824,A
1982-07-31,537.0,15.2061216,A
1982-08-01,826.0,23.3896768,A
1982-08-02,766.0,21.6906688,A
1982-08-03,639.0,18.0944352,A
1982-08-04,611.0,17.3015648,A
1982-08-05,637.0,18.037801599999998,A
1982-08-06,609.0,17.2449312,A
1982-08-07,492.0,13.9318656,A
1982-08-08,327.0,9.2595936,A
1982-08-09,280.0,7.928704,A
1982-08-10,305.0,8.636624,A
1982-08-11,270.0,7.645536,A
1982-08-12,396.0,11.2134528,A
1982-08-13,588.0,16.6502784,A
1982-08-14,579.0,16.3954272,A
1982-08-15,525.0,14.86632,A
1982-08-16,529.0,14.9795872,A
1982-08-17,454.0,12.8558272,A
1982-08-18,347.0,9.8259296,A
1982-08-19,291.0,8.2401888,A
1982-08-20,277.0,7.8437536,A
1982-08-21,291.0,8.2401888,A
1982-08-22,282.0,7.9853376,A
1982-08-23,241.0,6.8243488,A
1982-08-24,220.0,6.229696,A
1982-08-25,197.0,5.5784096,A
1982-08-26,178.0,5.0403904,A
1982-08-27,155.0,4.389104,A
1982-08-28,136.0,3.8510847999999998,A
1982-08-29,121.0,3.4263328,A
1982-08-30,109.0,3.0865312,A
1982-08-31,99.0,2.8033632,A
1982-09-01,91.0,2.5768288,A
1982-09-02,84.0,2.3786112,A
1982-09-03,116.0,3.2847488,A
1982-09-04,166.0,4.7005888,A
1982-09-05,125.0,3.5396,A
1982-09-06,111.0,3.1431648,A
1982-09-07,99.0,2.8033632,A
1982-09-08,91.0,2.5768288,A
1982-09-09,86.0,2.4352448,A
1982-09-10,88.0,2.4918784,A
1982-09-11,99.0,2.8033632,A
1982-09-12,141.0,3.9926688,A
1982-09-13,167.0,4.7289056,A
1982-09-14,178.0,5.0403904,A
1982-09-15,193.0,5.4651423999999995,A
1982-09-16,172.0,4.8704896,A
1982-09-17,151.0,4.2758367999999995,A
1982-09-18,146.0,4.1342528,A
1982-09-19,139.0,3.9360352,A
1982-09-20,131.0,3.7095008,A
1982-09-21,112.0,3.1714816,A
1982-09-22,98.0,2.7750464,A
1982-09-23,91.0,2.5768288,A
1982-09-24,84.0,2.3786112,A
1982-09-25,80.0,2.265344,A
1982-09-26,75.0,2.12376,A
1982-09-27,72.0,2.0388096,A
1982-09-28,69.0,1.9538592,A
1982-09-29,65.0,1.840592,A
1982-09-30,63.0,1.7839584,A
1982-10-01,61.0,1.7273247999999999,A
1982-10-02,59.0,1.6706912,A
1982-10-03,57.0,1.6140576,A
1982-10-04,56.0,1.5857408,A
1982-10-05,55.0,1.557424,A
1982-10-06,56.0,1.5857408,A
1982-10-07,61.0,1.7273247999999999,A
1982-10-08,60.0,1.699008,A
1982-10-09,60.0,1.699008,A
1982-10-10,62.0,1.7556416,A
1982-10-11,61.0,1.7273247999999999,A
1982-10-12,59.0,1.6706912,A
1982-10-13,66.0,1.8689088,A
1982-10-14,84.0,2.3786112,A
1982-10-15,139.0,3.9360352,A
1982-10-16,131.0,3.7095008,A
1982-10-17,99.0,2.8033632,A
1982-10-18,84.0,2.3786112,A
1982-10-19,75.0,2.12376,A
1982-10-20,70.0,1.982176,A
1982-10-21,67.0,1.8972256,A
1982-10-22,65.0,1.840592,A
1982-10-23,62.0,1.7556416,A
1982-10-24,60.0,1.699008,A
1982-10-25,60.0,1.699008,A
1982-10-26,59.0,1.6706912,A
1982-10-27,59.0,1.6706912,A
1982-10-28,59.0,1.6706912,A
1982-10-29,58.0,1.6423744,A
1982-10-30,57.0,1.6140576,A
1982-10-31,56.0,1.5857408,A
1982-11-01,56.0,1.5857408,A
1982-11-02,57.0,1.6140576,A
1982-11-03,66.0,1.8689088,A
1982-11-04,84.0,2.3786112,A
1982-11-05,124.0,3.5112832,A
1982-11-06,163.0,4.6156384,A
1982-11-07,133.0,3.7661344,A
1982-11-08,108.0,3.0582143999999998,A
1982-11-09,103.0,2.9166304,A
1982-11-10,96.0,2.7184128,A
1982-11-11,92.0,2.6051456,A
1982-11-12,90.0,2.548512,A
1982-11-13,98.0,2.7750464,A
1982-11-14,127.0,3.5962336,A
1982-11-15,167.0,4.7289056,A
1982-11-16,148.0,4.1908864,A
1982-11-17,134.0,3.7944512,A
1982-11-18,155.0,4.389104,A
1982-11-19,274.0,7.7588032,A
1982-11-20,427.0,12.0912736,A
1982-11-21,397.0,11.2417696,A
1982-11-22,353.0,9.9958304,A
1982-11-23,295.0,8.353456,A
1982-11-24,245.0,6.937616,A
1982-11-25,209.0,5.9182112,A
1982-11-26,181.0,5.1253408,A
1982-11-27,164.0,4.6439552,A
1982-11-28,186.0,5.2669248,A
1982-11-29,445.0,12.600976,A
1982-11-30,681.0,19.2837408,A
1982-12-01,726.0,20.557996799999998,A
1982-12-02,722.0,20.4447296,A
1982-12-03,637.0,18.037801599999998,A
1982-12-04,533.0,15.0928544,A
1982-12-05,966.0,27.3540288,A
1982-12-06,1110.0,31.431648,A
1982-12-07,1130.0,31.997984,A
1982-12-08,1130.0,31.997984,A
1982-12-09,1170.0,33.130656,A
1982-12-10,1290.0,36.528672,A
1982-12-11,1380.0,39.077184,A
1982-12-12,1340.0,37.944511999999996,A
1982-12-13,1220.0,34.546496,A
1982-12-14,1100.0,31.14848,A
1982-12-15,1080.0,30.582144,A
1982-12-16,1220.0,34.546496,A
1982-12-17,1240.0,35.112832,A
1982-12-18,1170.0,33.130656,A
1982-12-19,1070.0,30.298976,A
1982-12-20,914.0,25.8815552,A
1982-12-21,726.0,20.557996799999998,A
1982-12-22,594.0,16.8201792,A
1982-12-23,507.0,14.3566176,A
1982-12-24,458.0,12.9690944,A
1982-12-25,429.0,12.1479072,A
1982-12-26,413.0,11.6948384,A
1982-12-27,399.0,11.2984032,A
1982-12-28,489.0,13.8469152,A
1982-12-29,952.0,26.9575936,A
1982-12-30,1080.0,30.582144,A
1982-12-31,1090.0,30.865312,A
1983-01-01,1290.0,36.528672,A
1983-01-02,1620.0,45.873216,A
1983-01-03,1810.0,51.253408,A
1983-01-04,1780.0,50.403904,A
1983-01-05,1790.0,50.687072,A
1983-01-06,2270.0,64.279136,A
1983-01-07,2480.0,70.225664,A
1983-01-08,2090.0,59.182112,A
1983-01-09,1610.0,45.590047999999996,A
1983-01-10,1190.0,33.696992,A
1983-01-11,848.0,24.0126464,A
1983-01-12,712.0,20.1615616,A
1983-01-13,643.0,18.2077024,A
1983-01-14,592.0,16.7635456,A
1983-01-15,548.0,15.5176064,A
1983-01-16,516.0,14.611468799999999,A
1983-01-17,489.0,13.8469152,A
1983-01-18,463.0,13.1106784,A
1983-01-19,442.0,12.516025599999999,A
1983-01-20,550.0,15.57424,A
1983-01-21,868.0,24.5789824,A
1983-01-22,928.0,26.2779904,A
1983-01-23,932.0,26.3912576,A
1983-01-24,976.0,27.637196799999998,A
1983-01-25,1020.0,28.883136,A
1983-01-26,1030.0,29.166304,A
1983-01-27,1030.0,29.166304,A
1983-01-28,984.0,27.8637312,A
1983-01-29,926.0,26.2213568,A
1983-01-30,1100.0,31.14848,A
1983-01-31,1130.0,31.997984,A
1983-02-01,1550.0,43.89104,A
1983-02-02,2960.0,83.817728,A
1983-02-03,2810.0,79.570208,A
1983-02-04,2400.0,67.96032,A
1983-02-05,4210.0,119.213728,A
1983-02-06,4050.0,114.68304,A
1983-02-07,3020.0,85.516736,A
1983-02-08,2280.0,64.562304,A
1983-02-09,1760.0,49.837568,A
1983-02-10,1530.0,43.324704,A
1983-02-11,1470.0,41.625696,A
1983-02-12,1340.0,37.944511999999996,A
1983-02-13,1210.0,34.263328,A
1983-02-14,1240.0,35.112832,A
1983-02-15,1210.0,34.263328,A
1983-02-16,1170.0,33.130656,A
1983-02-17,1200.0,33.98016,A
1983-02-18,1290.0,36.528672,A
1983-02-19,1430.0,40.493024,A
1983-02-20,1380.0,39.077184,A
1983-02-21,1200.0,33.98016,A
1983-02-22,1150.0,32.56432,A
1983-02-23,1170.0,33.130656,A
1983-02-24,1110.0,31.431648,A
1983-02-25,1090.0,30.865312,A
1983-02-26,1130.0,31.997984,A
1983-02-27,1250.0,35.396,A
1983-02-28,1390.0,39.360352,A
1983-03-01,1510.0,42.758368,A
1983-03-02,1220.0,34.546496,A
1983-03-03,916.0,25.9381888,A
1983-03-04,776.0,21.9738368,A
1983-03-05,988.0,27.9769984,A
1983-03-06,3710.0,105.055328,A
1983-03-07,4310.0,122.045408,A
1983-03-08,3400.0,96.27712,A
1983-03-09,4910.0,139.035488,A
1983-03-10,3810.0,107.887008,A
1983-03-11,2670.0,75.605856,A
1983-03-12,1900.0,53.80192,A
1983-03-13,1380.0,39.077184,A
1983-03-14,1020.0,28.883136,A
1983-03-15,842.0,23.8427456,A
1983-03-16,814.0,23.0498752,A
1983-03-17,986.0,27.920364799999998,A
1983-03-18,1120.0,31.714816,A
1983-03-19,1030.0,29.166304,A
1983-03-20,1040.0,29.449472,A
1983-03-21,1180.0,33.413824,A
1983-03-22,1210.0,34.263328,A
1983-03-23,1220.0,34.546496,A
1983-03-24,1340.0,37.944511999999996,A
1983-03-25,1410.0,39.926688,A
1983-03-26,1380.0,39.077184,A
1983-03-27,2320.0,65.694976,A
1983-03-28,2660.0,75.322688,A
1983-03-29,3480.0,98.542464,A
1983-03-30,5910.0,167.352288,A
1983-03-31,4350.0,123.17808,A
1983-04-01,2960.0,83.817728,A
1983-04-02,2120.0,60.031616,A
1983-04-03,1590.0,45.023711999999996,A
1983-04-04,1280.0,36.245504,A
1983-04-05,1080.0,30.582144,A
1983-04-06,976.0,27.637196799999998,A
1983-04-07,1240.0,35.112832,A
1983-04-08,1950.0,55.21776,A
1983-04-09,2300.0,65.12864,A
1983-04-10,2140.0,60.597952,A
1983-04-11,1970.0,55.784096,A
1983-04-12,2310.0,65.411808,A
1983-04-13,2460.0,69.659328,A
1983-04-14,2120.0,60.031616,A
1983-04-15,1920.0,54.368256,A
1983-04-16,1630.0,46.156384,A
1983-04-17,1390.0,39.360352,A
1983-04-18,1280.0,36.245504,A
1983-04-19,1310.0,37.095008,A
1983-04-20,1260.0,35.679168,A
1983-04-21,1120.0,31.714816,A
1983-04-22,928.0,26.2779904,A
1983-04-23,1760.0,49.837568,A
1983-04-24,1840.0,52.102911999999996,A
1983-04-25,1450.0,41.05936,A
1983-04-26,1230.0,34.829664,A
1983-04-27,1240.0,35.112832,A
1983-04-28,1320.0,37.378175999999996,A
1983-04-29,1220.0,34.546496,A
1983-04-30,990.0,28.033632,A
1983-05-01,714.0,20.2181952,A
1983-05-02,588.0,16.6502784,A
1983-05-03,529.0,14.9795872,A
1983-05-04,498.0,14.101766399999999,A
1983-05-05,481.0,13.6203808,A
1983-05-06,458.0,12.9690944,A
1983-05-07,429.0,12.1479072,A
1983-05-08,397.0,11.2417696,A
1983-05-09,363.0,10.278998399999999,A
1983-05-10,339.0,9.5993952,A
1983-05-11,339.0,9.5993952,A
1983-05-12,424.0,12.0063232,A
1983-05-13,478.0,13.5354304,A
1983-05-14,433.0,12.2611744,A
1983-05-15,350.0,9.91088,A
1983-05-16,310.0,8.778208,A
1983-05-17,289.0,8.1835552,A
1983-05-18,286.0,8.0986048,A
1983-05-19,370.0,10.477216,A
1983-05-20,1490.0,42.192032,A
1983-05-21,992.0,28.0902656,A
1983-05-22,708.0,20.0482944,A
1983-05-23,561.0,15.8857248,A
1983-05-24,467.0,13.2239456,A
1983-05-25,389.0,11.0152352,A
1983-05-26,321.0,9.0896928,A
1983-05-27,271.0,7.6738528,A
1983-05-28,238.0,6.7393984,A
1983-05-29,214.0,6.0597952,A
1983-05-30,198.0,5.6067264,A
1983-05-31,181.0,5.1253408,A
1983-06-01,170.0,4.813856,A
1983-06-02,163.0,4.6156384,A
1983-06-03,158.0,4.4740544,A
1983-06-04,157.0,4.4457376,A
1983-06-05,157.0,4.4457376,A
1983-06-06,283.0,8.0136544,A
1983-06-07,503.0,14.2433504,A
1983-06-08,780.0,22.087104,A
1983-06-09,724.0,20.5013632,A
1983-06-10,624.0,17.6696832,A
1983-06-11,548.0,15.5176064,A
1983-06-12,436.0,12.3461248,A
1983-06-13,327.0,9.2595936,A
1983-06-14,241.0,6.8243488,A
1983-06-15,195.0,5.521776,A
1983-06-16,170.0,4.813856,A
1983-06-17,163.0,4.6156384,A
1983-06-18,280.0,7.928704,A
1983-06-19,316.0,8.9481088,A
1983-06-20,230.0,6.5128639999999995,A
1983-06-21,348.0,9.8542464,A
1983-06-22,658.0,18.6324544,A
1983-06-23,596.0,16.8768128,A
1983-06-24,702.0,19.8783936,A
1983-06-25,806.0,22.8233408,A
1983-06-26,980.0,27.750464,A
1983-06-27,1250.0,35.396,A
1983-06-28,1550.0,43.89104,A
1983-06-29,1900.0,53.80192,A
1983-06-30,1640.0,46.439552,A
1983-07-01,1280.0,36.245504,A
1983-07-02,1390.0,39.360352,A
1983-07-03,2260.0,63.995968,A
1983-07-04,2280.0,64.562304,A
1983-07-05,1670.0,47.289056,A
1983-07-06,1090.0,30.865312,A
1983-07-07,636.0,18.0094848,A
1983-07-08,598.0,16.9334464,A
1983-07-09,590.0,16.706912,A
1983-07-10,582.0,16.4803776,A
1983-07-11,490.0,13.875232,A
1983-07-12,342.0,9.6843456,A
1983-07-13,270.0,7.645536,A
1983-07-14,232.0,6.5694976,A
1983-07-15,203.0,5.7483104,A
1983-07-16,182.0,5.1536576,A
1983-07-17,169.0,4.7855392,A
1983-07-18,175.0,4.95544,A
1983-07-19,157.0,4.4457376,A
1983-07-20,141.0,3.9926688,A
1983-07-21,129.0,3.6528671999999998,A
1983-07-22,121.0,3.4263328,A
1983-07-23,111.0,3.1431648,A
1983-07-24,105.0,2.973264,A
1983-07-25,99.0,2.8033632,A
1983-07-26,95.0,2.690096,A
1983-07-27,110.0,3.114848,A
1983-07-28,113.0,3.1997984,A
1983-07-29,111.0,3.1431648,A
1983-07-30,103.0,2.9166304,A
1983-07-31,106.0,3.0015808,A
1983-08-01,125.0,3.5396,A
1983-08-02,134.0,3.7944512,A
1983-08-03,136.0,3.8510847999999998,A
1983-08-04,209.0,5.9182112,A
1983-08-05,190.0,5.380192,A
1983-08-06,181.0,5.1253408,A
1983-08-07,200.0,5.66336,A
1983-08-08,268.0,7.5889024,A
1983-08-09,232.0,6.5694976,A
1983-08-10,206.0,5.8332608,A
1983-08-11,167.0,4.7289056,A
1983-08-12,199.0,5.6350432,A
1983-08-13,187.0,5.2952416,A
1983-08-14,167.0,4.7289056,A
1983-08-15,167.0,4.7289056,A
1983-08-16,140.0,3.964352,A
1983-08-17,115.0,3.2564319999999998,A
1983-08-18,100.0,2.83168,A
1983-08-19,92.0,2.6051456,A
1983-08-20,84.0,2.3786112,A
1983-08-21,78.0,2.2087104,A
1983-08-22,73.0,2.0671264,A
1983-08-23,71.0,2.0104928,A
1983-08-24,81.0,2.2936608,A
1983-08-25,97.0,2.7467296,A
1983-08-26,105.0,2.973264,A
1983-08-27,84.0,2.3786112,A
1983-08-28,96.0,2.7184128,A
1983-08-29,91.0,2.5768288,A
1983-08-30,81.0,2.2936608,A
1983-08-31,73.0,2.0671264,A
1983-09-01,68.0,1.9255423999999999,A
1983-09-02,66.0,1.8689088,A
1983-09-03,67.0,1.8972256,A
1983-09-04,73.0,2.0671264,A
1983-09-05,80.0,2.265344,A
1983-09-06,139.0,3.9360352,A
1983-09-07,258.0,7.3057343999999995,A
1983-09-08,343.0,9.7126624,A
1983-09-09,267.0,7.5605856,A
1983-09-10,206.0,5.8332608,A
1983-09-11,180.0,5.097024,A
1983-09-12,187.0,5.2952416,A
1983-09-13,280.0,7.928704,A
1983-09-14,235.0,6.6544479999999995,A
1983-09-15,241.0,6.8243488,A
1983-09-16,248.0,7.0225664,A
1983-09-17,258.0,7.3057343999999995,A
1983-09-18,332.0,9.4011776,A
1983-09-19,469.0,13.2805792,A
1983-09-20,503.0,14.2433504,A
1983-09-21,331.0,9.3728608,A
1983-09-22,444.0,12.5726592,A
1983-09-23,415.0,11.751472,A
1983-09-24,276.0,7.8154368,A
1983-09-25,232.0,6.5694976,A
1983-09-26,217.0,6.1447456,A
1983-09-27,198.0,5.6067264,A
1983-09-28,160.0,4.530688,A
1983-09-29,133.0,3.7661344,A
1983-09-30,115.0,3.2564319999999998,A
1983-10-01,103.0,2.9166304,A
1983-10-02,96.0,2.7184128,A
1983-10-03,90.0,2.548512,A
1983-10-04,84.0,2.3786112,A
1983-10-05,80.0,2.265344,A
1983-10-06,77.0,2.1803936,A
1983-10-07,77.0,2.1803936,A
1983-10-08,74.0,2.0954432,A
1983-10-09,70.0,1.982176,A
1983-10-10,69.0,1.9538592,A
1983-10-11,70.0,1.982176,A
1983-10-12,72.0,2.0388096,A
1983-10-13,85.0,2.406928,A
1983-10-14,97.0,2.7467296,A
1983-10-15,122.0,3.4546495999999998,A
1983-10-16,119.0,3.3696992,A
1983-10-17,109.0,3.0865312,A
1983-10-18,106.0,3.0015808,A
1983-10-19,99.0,2.8033632,A
1983-10-20,93.0,2.6334624,A
1983-10-21,91.0,2.5768288,A
1983-10-22,86.0,2.4352448,A
1983-10-23,83.0,2.3502944,A
1983-10-24,82.0,2.3219776,A
1983-10-25,80.0,2.265344,A
1983-10-26,80.0,2.265344,A
1983-10-27,77.0,2.1803936,A
1983-10-28,74.0,2.0954432,A
1983-10-29,73.0,2.0671264,A
1983-10-30,71.0,2.0104928,A
1983-10-31,69.0,1.9538592,A
1983-11-01,68.0,1.9255423999999999,A
1983-11-02,67.0,1.8972256,A
1983-11-03,67.0,1.8972256,A
1983-11-04,67.0,1.8972256,A
1983-11-05,74.0,2.0954432,A
1983-11-06,88.0,2.4918784,A
1983-11-07,114.0,3.2281152,A
1983-11-08,101.0,2.8599968,A
1983-11-09,90.0,2.548512,A
1983-11-10,84.0,2.3786112,A
1983-11-11,82.0,2.3219776,A
1983-11-12,80.0,2.265344,A
1983-11-13,78.0,2.2087104,A
1983-11-14,77.0,2.1803936,A
1983-11-15,81.0,2.2936608,A
1983-11-16,97.0,2.7467296,A
1983-11-17,123.0,3.4829664,A
1983-11-18,128.0,3.6245504,A
1983-11-19,117.0,3.3130656,A
1983-11-20,192.0,5.4368256,A
1983-11-21,495.0,14.016816,A
1983-11-22,578.0,16.3671104,A
1983-11-23,429.0,12.1479072,A
1983-11-24,643.0,18.2077024,A
1983-11-25,883.0,25.0037344,A
1983-11-26,976.0,27.637196799999998,A
1983-11-27,987.0,27.9486816,A
1983-11-28,1220.0,34.546496,A
1983-11-29,1190.0,33.696992,A
1983-11-30,1230.0,34.829664,A
1983-12-01,1200.0,33.98016,A
1983-12-02,1160.0,32.847488,A
1983-12-03,1090.0,30.865312,A
1983-12-04,1060.0,30.015808,A
1983-12-05,962.0,27.2407616,A
1983-12-06,950.0,26.90096,A
1983-12-07,847.0,23.9843296,A
1983-12-08,770.0,21.803936,A
1983-12-09,721.0,20.4164128,A
1983-12-10,674.0,19.0855232,A
1983-12-11,1070.0,30.298976,A
1983-12-12,1370.0,38.794016,A
1983-12-13,1290.0,36.528672,A
1983-12-14,1230.0,34.829664,A
1983-12-15,1220.0,34.546496,A
1983-12-16,1390.0,39.360352,A
1983-12-17,1560.0,44.174208,A
1983-12-18,1460.0,41.342528,A
1983-12-19,1210.0,34.263328,A
1983-12-20,856.0,24.2391808,A
1983-12-21,640.0,18.122752,A
1983-12-22,560.0,15.857408,A
1983-12-23,586.0,16.5936448,A
1983-12-24,720.0,20.388096,A
1983-12-25,695.0,19.680176,A
1983-12-26,679.0,19.2271072,A
1983-12-27,660.0,18.689087999999998,A
1983-12-28,1070.0,30.298976,A
1983-12-29,1600.0,45.30688,A
1983-12-30,1550.0,43.89104,A
1983-12-31,1420.0,40.209856,A
1984-01-01,1410.0,39.926688,A
1984-01-02,1700.0,48.13856,A
1984-01-03,1910.0,54.085088,A
1984-01-04,1680.0,47.572224,A
1984-01-05,1290.0,36.528672,A
1984-01-06,923.0,26.1364064,A
1984-01-07,726.0,20.557996799999998,A
1984-01-08,646.0,18.2926528,A
1984-01-09,594.0,16.8201792,A
1984-01-10,653.0,18.4908704,A
1984-01-11,770.0,21.803936,A
1984-01-12,787.0,22.2853216,A
1984-01-13,771.0,21.8322528,A
1984-01-14,804.0,22.7667072,A
1984-01-15,856.0,24.2391808,A
1984-01-16,916.0,25.9381888,A
1984-01-17,871.0,24.6639328,A
1984-01-18,821.0,23.2480928,A
1984-01-19,1030.0,29.166304,A
1984-01-20,1050.0,29.73264,A
1984-01-21,1060.0,30.015808,A
1984-01-22,1110.0,31.431648,A
1984-01-23,1220.0,34.546496,A
1984-01-24,1670.0,47.289056,A
1984-01-25,1870.0,52.952416,A
1984-01-26,1620.0,45.873216,A
1984-01-27,1370.0,38.794016,A
1984-01-28,1230.0,34.829664,A
1984-01-29,1220.0,34.546496,A
1984-01-30,1220.0,34.546496,A
1984-01-31,1150.0,32.56432,A
1984-02-01,1030.0,29.166304,A
1984-02-02,859.0,24.3241312,A
1984-02-03,740.0,20.954432,A
1984-02-04,744.0,21.0676992,A
1984-02-05,766.0,21.6906688,A
1984-02-06,750.0,21.2376,A
1984-02-07,740.0,20.954432,A
1984-02-08,731.0,20.6995808,A
1984-02-09,681.0,19.2837408,A
1984-02-10,612.0,17.3298816,A
1984-02-11,559.0,15.8290912,A
1984-02-12,602.0,17.0467136,A
1984-02-13,1400.0,39.64352,A
1984-02-14,1230.0,34.829664,A
1984-02-15,1070.0,30.298976,A
1984-02-16,1020.0,28.883136,A
1984-02-17,1070.0,30.298976,A
1984-02-18,1110.0,31.431648,A
1984-02-19,1050.0,29.73264,A
1984-02-20,847.0,23.9843296,A
1984-02-21,667.0,18.8873056,A
1984-02-22,605.0,17.131664,A
1984-02-23,584.0,16.5370112,A
1984-02-24,575.0,16.28216,A
1984-02-25,548.0,15.5176064,A
1984-02-26,523.0,14.8096864,A
1984-02-27,1290.0,36.528672,A
1984-02-28,1600.0,45.30688,A
1984-02-29,1510.0,42.758368,A
1984-03-01,1330.0,37.661344,A
1984-03-02,1430.0,40.493024,A
1984-03-03,1670.0,47.289056,A
1984-03-04,1530.0,43.324704,A
1984-03-05,1510.0,42.758368,A
1984-03-06,2460.0,69.659328,A
1984-03-07,2710.0,76.738528,A
1984-03-08,2180.0,61.730624,A
1984-03-09,2000.0,56.6336,A
1984-03-10,2440.0,69.092992,A
1984-03-11,2280.0,64.562304,A
1984-03-12,1760.0,49.837568,A
1984-03-13,1330.0,37.661344,A
1984-03-14,967.0,27.3823456,A
1984-03-15,790.0,22.370272,A
1984-03-16,706.0,19.9916608,A
1984-03-17,652.0,18.4625536,A
1984-03-18,611.0,17.3015648,A
1984-03-19,576.0,16.3104768,A
1984-03-20,665.0,18.830672,A
1984-03-21,904.0,25.5983872,A
1984-03-22,940.0,26.617791999999998,A
1984-03-23,908.0,25.7116544,A
1984-03-24,1020.0,28.883136,A
1984-03-25,2220.0,62.863296,A
1984-03-26,2190.0,62.013792,A
1984-03-27,1550.0,43.89104,A
1984-03-28,1230.0,34.829664,A
1984-03-29,1120.0,31.714816,A
1984-03-30,1130.0,31.997984,A
1984-03-31,1090.0,30.865312,A
1984-04-01,935.0,26.476208,A
1984-04-02,675.0,19.11384,A
1984-04-03,764.0,21.6340352,A
1984-04-04,1130.0,31.997984,A
1984-04-05,1230.0,34.829664,A
1984-04-06,1060.0,30.015808,A
1984-04-07,947.0,26.8160096,A
1984-04-08,851.0,24.097596799999998,A
1984-04-09,789.0,22.3419552,A
1984-04-10,690.0,19.538592,A
1984-04-11,610.0,17.273248,A
1984-04-12,568.0,16.0839424,A
1984-04-13,537.0,15.2061216,A
1984-04-14,496.0,14.0451328,A
1984-04-15,456.0,12.9124608,A
1984-04-16,423.0,11.9780064,A
1984-04-17,396.0,11.2134528,A
1984-04-18,367.0,10.3922656,A
1984-04-19,347.0,9.8259296,A
1984-04-20,341.0,9.6560288,A
1984-04-21,353.0,9.9958304,A
1984-04-22,368.0,10.4205824,A
1984-04-23,468.0,13.2522624,A
1984-04-24,557.0,15.7724576,A
1984-04-25,486.0,13.7619648,A
1984-04-26,378.0,10.7037504,A
1984-04-27,316.0,8.9481088,A
1984-04-28,281.0,7.9570208,A
1984-04-29,362.0,10.2506816,A
1984-04-30,732.0,20.7278976,A
1984-05-01,667.0,18.8873056,A
1984-05-02,428.0,12.1195904,A
1984-05-03,1010.0,28.599968,A
1984-05-04,1670.0,47.289056,A
1984-05-05,1060.0,30.015808,A
1984-05-06,685.0,19.397008,A
1984-05-07,762.0,21.577401599999998,A
1984-05-08,855.0,24.210864,A
1984-05-09,948.0,26.8443264,A
1984-05-10,917.0,25.9665056,A
1984-05-11,616.0,17.4431488,A
1984-05-12,482.0,13.6486976,A
1984-05-13,408.0,11.5532544,A
1984-05-14,339.0,9.5993952,A
1984-05-15,295.0,8.353456,A
1984-05-16,258.0,7.3057343999999995,A
1984-05-17,233.0,6.5978144,A
1984-05-18,206.0,5.8332608,A
1984-05-19,186.0,5.2669248,A
1984-05-20,170.0,4.813856,A
1984-05-21,190.0,5.380192,A
1984-05-22,444.0,12.5726592,A
1984-05-23,387.0,10.9586016,A
1984-05-24,291.0,8.2401888,A
1984-05-25,253.0,7.1641504,A
1984-05-26,223.0,6.3146464,A
1984-05-27,199.0,5.6350432,A
1984-05-28,187.0,5.2952416,A
1984-05-29,200.0,5.66336,A
1984-05-30,214.0,6.0597952,A
1984-05-31,240.0,6.796032,A
1984-06-01,253.0,7.1641504,A
1984-06-02,239.0,6.7677152,A
1984-06-03,200.0,5.66336,A
1984-06-04,167.0,4.7289056,A
1984-06-05,143.0,4.0493024,A
1984-06-06,127.0,3.5962336,A
1984-06-07,114.0,3.2281152,A
1984-06-08,103.0,2.9166304,A
1984-06-09,96.0,2.7184128,A
1984-06-10,92.0,2.6051456,A
1984-06-11,85.0,2.406928,A
1984-06-12,81.0,2.2936608,A
1984-06-13,77.0,2.1803936,A
1984-06-14,73.0,2.0671264,A
1984-06-15,70.0,1.982176,A
1984-06-16,67.0,1.8972256,A
1984-06-17,68.0,1.9255423999999999,A
1984-06-18,77.0,2.1803936,A
1984-06-19,93.0,2.6334624,A
1984-06-20,87.0,2.4635616,A
1984-06-21,77.0,2.1803936,A
1984-06-22,70.0,1.982176,A
1984-06-23,69.0,1.9538592,A
1984-06-24,69.0,1.9538592,A
1984-06-25,73.0,2.0671264,A
1984-06-26,77.0,2.1803936,A
1984-06-27,69.0,1.9538592,A
1984-06-28,61.0,1.7273247999999999,A
1984-06-29,62.0,1.7556416,A
1984-06-30,71.0,2.0104928,A
1984-07-01,58.0,1.6423744,A
1984-07-02,57.0,1.6140576,A
1984-07-03,58.0,1.6423744,A
1984-07-04,58.0,1.6423744,A
1984-07-05,66.0,1.8689088,A
1984-07-06,67.0,1.8972256,A
1984-07-07,62.0,1.7556416,A
1984-07-08,59.0,1.6706912,A
1984-07-09,67.0,1.8972256,A
1984-07-10,71.0,2.0104928,A
1984-07-11,66.0,1.8689088,A
1984-07-12,65.0,1.840592,A
1984-07-13,69.0,1.9538592,A
1984-07-14,87.0,2.4635616,A
1984-07-15,83.0,2.3502944,A
1984-07-16,90.0,2.548512,A
1984-07-17,84.0,2.3786112,A
1984-07-18,104.0,2.9449472,A
1984-07-19,156.0,4.4174208,A
1984-07-20,116.0,3.2847488,A
1984-07-21,101.0,2.8599968,A
1984-07-22,87.0,2.4635616,A
1984-07-23,79.0,2.2370272,A
1984-07-24,73.0,2.0671264,A
1984-07-25,68.0,1.9255423999999999,A
1984-07-26,62.0,1.7556416,A
1984-07-27,58.0,1.6423744,A
1984-07-28,55.0,1.557424,A
1984-07-29,65.0,1.840592,A
1984-07-30,75.0,2.12376,A
1984-07-31,109.0,3.0865312,A
1984-08-01,182.0,5.1536576,A
1984-08-02,338.0,9.5710784,A
1984-08-03,580.0,16.423744,A
1984-08-04,642.0,18.1793856,A
1984-08-05,611.0,17.3015648,A
1984-08-06,575.0,16.28216,A
1984-08-07,479.0,13.5637472,A
1984-08-08,299.0,8.4667232,A
1984-08-09,204.0,5.7766272,A
1984-08-10,164.0,4.6439552,A
1984-08-11,175.0,4.95544,A
1984-08-12,176.0,4.9837568,A
1984-08-13,240.0,6.796032,A
1984-08-14,375.0,10.6188,A
1984-08-15,370.0,10.477216,A
1984-08-16,326.0,9.2312768,A
1984-08-17,258.0,7.3057343999999995,A
1984-08-18,196.0,5.5500928,A
1984-08-19,150.0,4.24752,A
1984-08-20,127.0,3.5962336,A
1984-08-21,164.0,4.6439552,A
1984-08-22,149.0,4.2192032,A
1984-08-23,125.0,3.5396,A
1984-08-24,126.0,3.5679168,A
1984-08-25,162.0,4.5873216,A
1984-08-26,149.0,4.2192032,A
1984-08-27,133.0,3.7661344,A
1984-08-28,166.0,4.7005888,A
1984-08-29,168.0,4.7572224,A
1984-08-30,129.0,3.6528671999999998,A
1984-08-31,103.0,2.9166304,A
1984-09-01,91.0,2.5768288,A
1984-09-02,82.0,2.3219776,A
1984-09-03,77.0,2.1803936,A
1984-09-04,92.0,2.6051456,A
1984-09-05,83.0,2.3502944,A
1984-09-06,81.0,2.2936608,A
1984-09-07,90.0,2.548512,A
1984-09-08,80.0,2.265344,A
1984-09-09,71.0,2.0104928,A
1984-09-10,65.0,1.840592,A
1984-09-11,60.0,1.699008,A
1984-09-12,57.0,1.6140576,A
1984-09-13,53.0,1.5007904,A
1984-09-14,51.0,1.4441568,A
1984-09-15,50.0,1.41584,A
1984-09-16,50.0,1.41584,A
1984-09-17,55.0,1.557424,A
1984-09-18,48.0,1.3592064,A
1984-09-19,45.0,1.274256,A
1984-09-20,44.0,1.2459392,A
1984-09-21,42.0,1.1893056,A
1984-09-22,41.0,1.1609888,A
1984-09-23,40.0,1.132672,A
1984-09-24,40.0,1.132672,A
1984-09-25,38.0,1.0760384,A
1984-09-26,37.0,1.0477216,A
1984-09-27,37.0,1.0477216,A
1984-09-28,36.0,1.0194048,A
1984-09-29,35.0,0.991088,A
1984-09-30,35.0,0.991088,A
1984-10-01,34.0,0.9627711999999999,A
1984-10-02,34.0,0.9627711999999999,A
1984-10-03,33.0,0.9344544,A
1984-10-04,32.0,0.9061376,A
1984-10-05,32.0,0.9061376,A
1984-10-06,34.0,0.9627711999999999,A
1984-10-07,35.0,0.991088,A
1984-10-08,33.0,0.9344544,A
1984-10-09,32.0,0.9061376,A
1984-10-10,32.0,0.9061376,A
1984-10-11,32.0,0.9061376,A
1984-10-12,32.0,0.9061376,A
1984-10-13,32.0,0.9061376,A
1984-10-14,32.0,0.9061376,A
1984-10-15,34.0,0.9627711999999999,A
1984-10-16,39.0,1.1043552,A
1984-10-17,39.0,1.1043552,A
1984-10-18,37.0,1.0477216,A
1984-10-19,39.0,1.1043552,A
1984-10-20,40.0,1.132672,A
1984-10-21,39.0,1.1043552,A
1984-10-22,39.0,1.1043552,A
1984-10-23,37.0,1.0477216,A
1984-10-24,36.0,1.0194048,A
1984-10-25,36.0,1.0194048,A
1984-10-26,36.0,1.0194048,A
1984-10-27,36.0,1.0194048,A
1984-10-28,43.0,1.2176224,A
1984-10-29,50.0,1.41584,A
1984-10-30,60.0,1.699008,A
1984-10-31,135.0,3.822768,A
1984-11-01,107.0,3.0298976,A
1984-11-02,79.0,2.2370272,A
1984-11-03,72.0,2.0388096,A
1984-11-04,78.0,2.2087104,A
1984-11-05,110.0,3.114848,A
1984-11-06,170.0,4.813856,A
1984-11-07,150.0,4.24752,A
1984-11-08,130.0,3.681184,A
1984-11-09,100.0,2.83168,A
1984-11-10,90.0,2.548512,A
1984-11-11,76.0,2.1520768,A
1984-11-12,70.0,1.982176,A
1984-11-13,63.0,1.7839584,A
1984-11-14,63.0,1.7839584,A
1984-11-15,61.0,1.7273247999999999,A
1984-11-16,61.0,1.7273247999999999,A
1984-11-17,61.0,1.7273247999999999,A
1984-11-18,62.0,1.7556416,A
1984-11-19,66.0,1.8689088,A
1984-11-20,68.0,1.9255423999999999,A
1984-11-21,71.0,2.0104928,A
1984-11-22,73.0,2.0671264,A
1984-11-23,73.0,2.0671264,A
1984-11-24,72.0,2.0388096,A
1984-11-25,71.0,2.0104928,A
1984-11-26,72.0,2.0388096,A
1984-11-27,72.0,2.0388096,A
1984-11-28,129.0,3.6528671999999998,A
1984-11-29,244.0,6.9092991999999995,A
1984-11-30,322.0,9.1180096,A
1984-12-01,232.0,6.5694976,A
1984-12-02,174.0,4.9271232,A
1984-12-03,160.0,4.530688,A
1984-12-04,153.0,4.3324704,A
1984-12-05,368.0,10.4205824,A
1984-12-06,815.0,23.078192,A
1984-12-07,944.0,26.7310592,A
1984-12-08,954.0,27.0142272,A
1984-12-09,852.0,24.1259136,A
1984-12-10,762.0,21.577401599999998,A
1984-12-11,661.0,18.7174048,A
1984-12-12,465.0,13.167311999999999,A
1984-12-13,352.0,9.9675136,A
1984-12-14,301.0,8.5233568,A
1984-12-15,271.0,7.6738528,A
1984-12-16,249.0,7.0508831999999995,A
1984-12-17,235.0,6.6544479999999995,A
1984-12-18,223.0,6.3146464,A
1984-12-19,212.0,6.0031616,A
1984-12-20,202.0,5.7199936,A
1984-12-21,196.0,5.5500928,A
1984-12-22,192.0,5.4368256,A
1984-12-23,190.0,5.380192,A
1984-12-24,187.0,5.2952416,A
1984-12-25,182.0,5.1536576,A
1984-12-26,177.0,5.0120736,A
1984-12-27,174.0,4.9271232,A
1984-12-28,169.0,4.7855392,A
1984-12-29,167.0,4.7289056,A
1984-12-30,163.0,4.6156384,A
1984-12-31,160.0,4.530688,A
1985-01-01,159.0,4.5023712,A
1985-01-02,158.0,4.4740544,A
1985-01-03,186.0,5.2669248,A
1985-01-04,332.0,9.4011776,A
1985-01-05,478.0,13.5354304,A
1985-01-06,529.0,14.9795872,A
1985-01-07,499.0,14.1300832,A
1985-01-08,406.0,11.4966208,A
1985-01-09,327.0,9.2595936,A
1985-01-10,282.0,7.9853376,A
1985-01-11,253.0,7.1641504,A
1985-01-12,236.0,6.6827648,A
1985-01-13,221.0,6.2580127999999995,A
1985-01-14,210.0,5.946528,A
1985-01-15,201.0,5.6916768,A
1985-01-16,195.0,5.521776,A
1985-01-17,228.0,6.4562304,A
1985-01-18,290.0,8.211872,A
1985-01-19,326.0,9.2312768,A
1985-01-20,301.0,8.5233568,A
1985-01-21,289.0,8.1835552,A
1985-01-22,256.0,7.2491008,A
1985-01-23,225.0,6.37128,A
1985-01-24,216.0,6.1164287999999996,A
1985-01-25,216.0,6.1164287999999996,A
1985-01-26,215.0,6.088112,A
1985-01-27,212.0,6.0031616,A
1985-01-28,236.0,6.6827648,A
1985-01-29,264.0,7.4756352,A
1985-01-30,311.0,8.8065248,A
1985-01-31,469.0,13.2805792,A
1985-02-01,719.0,20.3597792,A
1985-02-02,800.0,22.65344,A
1985-02-03,688.0,19.4819584,A
1985-02-04,633.0,17.9245344,A
1985-02-05,802.0,22.7100736,A
1985-02-06,1780.0,50.403904,A
1985-02-07,1750.0,49.5544,A
1985-02-08,1610.0,45.590047999999996,A
1985-02-09,1530.0,43.324704,A
1985-02-10,2050.0,58.04944,A
1985-02-11,2300.0,65.12864,A
1985-02-12,1900.0,53.80192,A
1985-02-13,1470.0,41.625696,A
1985-02-14,1090.0,30.865312,A
1985-02-15,805.0,22.795023999999998,A
1985-02-16,677.0,19.1704736,A
1985-02-17,569.0,16.1122592,A
1985-02-18,478.0,13.5354304,A
1985-02-19,400.0,11.32672,A
1985-02-20,366.0,10.3639488,A
1985-02-21,342.0,9.6843456,A
1985-02-22,323.0,9.1463264,A
1985-02-23,305.0,8.636624,A
1985-02-24,307.0,8.693257599999999,A
1985-02-25,765.0,21.662352,A
1985-02-26,1220.0,34.546496,A
1985-02-27,1260.0,35.679168,A
1985-02-28,1230.0,34.829664,A
1985-03-01,1610.0,45.590047999999996,A
1985-03-02,2610.0,73.906848,A
1985-03-03,2660.0,75.322688,A
1985-03-04,2140.0,60.597952,A
1985-03-05,1800.0,50.97024,A
1985-03-06,1710.0,48.421728,A
1985-03-07,1540.0,43.607872,A
1985-03-08,1220.0,34.546496,A
1985-03-09,865.0,24.494032,A
1985-03-10,677.0,19.1704736,A
1985-03-11,598.0,16.9334464,A
1985-03-12,548.0,15.5176064,A
1985-03-13,513.0,14.5265184,A
1985-03-14,488.0,13.818598399999999,A
1985-03-15,460.0,13.025727999999999,A
1985-03-16,452.0,12.7991936,A
1985-03-17,478.0,13.5354304,A
1985-03-18,470.0,13.308895999999999,A
1985-03-19,436.0,12.3461248,A
1985-03-20,412.0,11.6665216,A
1985-03-21,450.0,12.74256,A
1985-03-22,505.0,14.299984,A
1985-03-23,517.0,14.6397856,A
1985-03-24,486.0,13.7619648,A
1985-03-25,513.0,14.5265184,A
1985-03-26,530.0,15.007904,A
1985-03-27,461.0,13.0540448,A
1985-03-28,405.0,11.468304,A
1985-03-29,367.0,10.3922656,A
1985-03-30,342.0,9.6843456,A
1985-03-31,329.0,9.3162272,A
1985-04-01,321.0,9.0896928,A
1985-04-02,317.0,8.9764256,A
1985-04-03,305.0,8.636624,A
1985-04-04,303.0,8.5799904,A
1985-04-05,295.0,8.353456,A
1985-04-06,412.0,11.6665216,A
1985-04-07,504.0,14.2716672,A
1985-04-08,500.0,14.1584,A
1985-04-09,469.0,13.2805792,A
1985-04-10,426.0,12.0629568,A
1985-04-11,380.0,10.760384,A
1985-04-12,326.0,9.2312768,A
1985-04-13,276.0,7.8154368,A
1985-04-14,254.0,7.1924672,A
1985-04-15,290.0,8.211872,A
1985-04-16,445.0,12.600976,A
1985-04-17,446.0,12.6292928,A
1985-04-18,448.0,12.6859264,A
1985-04-19,480.0,13.592064,A
1985-04-20,455.0,12.884144,A
1985-04-21,363.0,10.278998399999999,A
1985-04-22,282.0,7.9853376,A
1985-04-23,234.0,6.6261312,A
1985-04-24,207.0,5.8615775999999995,A
1985-04-25,191.0,5.4085088,A
1985-04-26,175.0,4.95544,A
1985-04-27,166.0,4.7005888,A
1985-04-28,154.0,4.3607872,A
1985-04-29,144.0,4.0776192,A
1985-04-30,135.0,3.822768,A
1985-05-01,126.0,3.5679168,A
1985-05-02,124.0,3.5112832,A
1985-05-03,131.0,3.7095008,A
1985-05-04,360.0,10.194048,A
1985-05-05,297.0,8.4100896,A
1985-05-06,278.0,7.8720704,A
1985-05-07,311.0,8.8065248,A
1985-05-08,354.0,10.0241472,A
1985-05-09,363.0,10.278998399999999,A
1985-05-10,436.0,12.3461248,A
1985-05-11,664.0,18.8023552,A
1985-05-12,752.0,21.2942336,A
1985-05-13,670.0,18.972255999999998,A
1985-05-14,592.0,16.7635456,A
1985-05-15,517.0,14.6397856,A
1985-05-16,364.0,10.3073152,A
1985-05-17,240.0,6.796032,A
1985-05-18,183.0,5.1819744,A
1985-05-19,153.0,4.3324704,A
1985-05-20,132.0,3.7378176,A
1985-05-21,117.0,3.3130656,A
1985-05-22,113.0,3.1997984,A
1985-05-23,113.0,3.1997984,A
1985-05-24,106.0,3.0015808,A
1985-05-25,102.0,2.8883136,A
1985-05-26,94.0,2.6617792,A
1985-05-27,87.0,2.4635616,A
1985-05-28,82.0,2.3219776,A
1985-05-29,74.0,2.0954432,A
1985-05-30,69.0,1.9538592,A
1985-05-31,65.0,1.840592,A
1985-06-01,61.0,1.7273247999999999,A
1985-06-02,59.0,1.6706912,A
1985-06-03,57.0,1.6140576,A
1985-06-04,54.0,1.5291071999999999,A
1985-06-05,50.0,1.41584,A
1985-06-06,46.0,1.3025728,A
1985-06-07,44.0,1.2459392,A
1985-06-08,42.0,1.1893056,A
1985-06-09,43.0,1.2176224,A
1985-06-10,47.0,1.3308896,A
1985-06-11,46.0,1.3025728,A
1985-06-12,51.0,1.4441568,A
1985-06-13,53.0,1.5007904,A
1985-06-14,54.0,1.5291071999999999,A
1985-06-15,52.0,1.4724736,A
1985-06-16,52.0,1.4724736,A
1985-06-17,47.0,1.3308896,A
1985-06-18,49.0,1.3875232,A
1985-06-19,60.0,1.699008,A
1985-06-20,65.0,1.840592,A
1985-06-21,72.0,2.0388096,A
1985-06-22,84.0,2.3786112,A
1985-06-23,82.0,2.3219776,A
1985-06-24,84.0,2.3786112,A
1985-06-25,78.0,2.2087104,A
1985-06-26,68.0,1.9255423999999999,A
1985-06-27,63.0,1.7839584,A
1985-06-28,56.0,1.5857408,A
1985-06-29,50.0,1.41584,A
1985-06-30,46.0,1.3025728,A
1985-07-01,43.0,1.2176224,A
1985-07-02,42.0,1.1893056,A
1985-07-03,42.0,1.1893056,A
1985-07-04,40.0,1.132672,A
1985-07-05,37.0,1.0477216,A
1985-07-06,42.0,1.1893056,A
1985-07-07,45.0,1.274256,A
1985-07-08,43.0,1.2176224,A
1985-07-09,49.0,1.3875232,A
1985-07-10,51.0,1.4441568,A
1985-07-11,46.0,1.3025728,A
1985-07-12,42.0,1.1893056,A
1985-07-13,46.0,1.3025728,A
1985-07-14,55.0,1.557424,A
1985-07-15,53.0,1.5007904,A
1985-07-16,46.0,1.3025728,A
1985-07-17,80.0,2.265344,A
1985-07-18,98.0,2.7750464,A
1985-07-19,75.0,2.12376,A
1985-07-20,57.0,1.6140576,A
1985-07-21,54.0,1.5291071999999999,A
1985-07-22,49.0,1.3875232,A
1985-07-23,44.0,1.2459392,A
1985-07-24,53.0,1.5007904,A
1985-07-25,48.0,1.3592064,A
1985-07-26,56.0,1.5857408,A
1985-07-27,54.0,1.5291071999999999,A
1985-07-28,87.0,2.4635616,A
1985-07-29,126.0,3.5679168,A
1985-07-30,153.0,4.3324704,A
1985-07-31,144.0,4.0776192,A
1985-08-01,118.0,3.3413824,A
1985-08-02,110.0,3.114848,A
1985-08-03,111.0,3.1431648,A
1985-08-04,96.0,2.7184128,A
1985-08-05,84.0,2.3786112,A
1985-08-06,84.0,2.3786112,A
1985-08-07,99.0,2.8033632,A
1985-08-08,132.0,3.7378176,A
1985-08-09,163.0,4.6156384,A
1985-08-10,140.0,3.964352,A
1985-08-11,160.0,4.530688,A
1985-08-12,168.0,4.7572224,A
1985-08-13,148.0,4.1908864,A
1985-08-14,114.0,3.2281152,A
1985-08-15,91.0,2.5768288,A
1985-08-16,77.0,2.1803936,A
1985-08-17,69.0,1.9538592,A
1985-08-18,67.0,1.8972256,A
1985-08-19,66.0,1.8689088,A
1985-08-20,64.0,1.8122752,A
1985-08-21,59.0,1.6706912,A
1985-08-22,55.0,1.557424,A
1985-08-23,50.0,1.41584,A
1985-08-24,47.0,1.3308896,A
1985-08-25,51.0,1.4441568,A
1985-08-26,59.0,1.6706912,A
1985-08-27,116.0,3.2847488,A
1985-08-28,337.0,9.5427616,A
1985-08-29,397.0,11.2417696,A
1985-08-30,408.0,11.5532544,A
1985-08-31,376.0,10.6471168,A
1985-09-01,268.0,7.5889024,A
1985-09-02,273.0,7.7304864,A
1985-09-03,253.0,7.1641504,A
1985-09-04,187.0,5.2952416,A
1985-09-05,165.0,4.6722719999999995,A
1985-09-06,160.0,4.530688,A
1985-09-07,140.0,3.964352,A
1985-09-08,119.0,3.3696992,A
1985-09-09,121.0,3.4263328,A
1985-09-10,115.0,3.2564319999999998,A
1985-09-11,112.0,3.1714816,A
1985-09-12,94.0,2.6617792,A
1985-09-13,80.0,2.265344,A
1985-09-14,72.0,2.0388096,A
1985-09-15,64.0,1.8122752,A
1985-09-16,59.0,1.6706912,A
1985-09-17,54.0,1.5291071999999999,A
1985-09-18,51.0,1.4441568,A
1985-09-19,47.0,1.3308896,A
1985-09-20,45.0,1.274256,A
1985-09-21,42.0,1.1893056,A
1985-09-22,41.0,1.1609888,A
1985-09-23,47.0,1.3308896,A
1985-09-24,55.0,1.557424,A
1985-09-25,66.0,1.8689088,A
1985-09-26,99.0,2.8033632,A
1985-09-27,88.0,2.4918784,A
1985-09-28,78.0,2.2087104,A
1985-09-29,68.0,1.9255423999999999,A
1985-09-30,60.0,1.699008,A
1985-10-01,56.0,1.5857408,A
1985-10-02,59.0,1.6706912,A
1985-10-03,108.0,3.0582143999999998,A
1985-10-04,153.0,4.3324704,A
1985-10-05,121.0,3.4263328,A
1985-10-06,115.0,3.2564319999999998,A
1985-10-07,101.0,2.8599968,A
1985-10-08,85.0,2.406928,A
1985-10-09,76.0,2.1520768,A
1985-10-10,67.0,1.8972256,A
1985-10-11,60.0,1.699008,A
1985-10-12,56.0,1.5857408,A
1985-10-13,52.0,1.4724736,A
1985-10-14,49.0,1.3875232,A
1985-10-15,53.0,1.5007904,A
1985-10-16,71.0,2.0104928,A
1985-10-17,88.0,2.4918784,A
1985-10-18,69.0,1.9538592,A
1985-10-19,64.0,1.8122752,A
1985-10-20,61.0,1.7273247999999999,A
1985-10-21,58.0,1.6423744,A
1985-10-22,56.0,1.5857408,A
1985-10-23,55.0,1.557424,A
1985-10-24,63.0,1.7839584,A
1985-10-25,72.0,2.0388096,A
1985-10-26,77.0,2.1803936,A
1985-10-27,73.0,2.0671264,A
1985-10-28,86.0,2.4352448,A
1985-10-29,492.0,13.9318656,A
1985-10-30,650.0,18.40592,A
1985-10-31,504.0,14.2716672,A
1985-11-01,383.0,10.8453344,A
1985-11-02,302.0,8.551673599999999,A
1985-11-03,281.0,7.9570208,A
1985-11-04,261.0,7.3906848,A
1985-11-05,238.0,6.7393984,A
1985-11-06,205.0,5.804944,A
1985-11-07,178.0,5.0403904,A
1985-11-08,159.0,4.5023712,A
1985-11-09,144.0,4.0776192,A
1985-11-10,135.0,3.822768,A
1985-11-11,125.0,3.5396,A
1985-11-12,117.0,3.3130656,A
1985-11-13,110.0,3.114848,A
1985-11-14,106.0,3.0015808,A
1985-11-15,102.0,2.8883136,A
1985-11-16,101.0,2.8599968,A
1985-11-17,99.0,2.8033632,A
1985-11-18,95.0,2.690096,A
1985-11-19,91.0,2.5768288,A
1985-11-20,88.0,2.4918784,A
1985-11-21,92.0,2.6051456,A
1985-11-22,104.0,2.9449472,A
1985-11-23,155.0,4.389104,A
1985-11-24,198.0,5.6067264,A
1985-11-25,191.0,5.4085088,A
1985-11-26,183.0,5.1819744,A
1985-11-27,171.0,4.8421728,A
1985-11-28,163.0,4.6156384,A
1985-11-29,189.0,5.3518752,A
1985-11-30,333.0,9.4294944,A
1985-12-01,596.0,16.8768128,A
1985-12-02,849.0,24.0409632,A
1985-12-03,814.0,23.0498752,A
1985-12-04,748.0,21.1809664,A
1985-12-05,736.0,20.8411648,A
1985-12-06,689.0,19.5102752,A
1985-12-07,574.0,16.2538432,A
1985-12-08,395.0,11.185136,A
1985-12-09,306.0,8.6649408,A
1985-12-10,270.0,7.645536,A
1985-12-11,269.0,7.6172192,A
1985-12-12,1110.0,31.431648,A
1985-12-13,2040.0,57.766272,A
1985-12-14,1940.0,54.934592,A
1985-12-15,1590.0,45.023711999999996,A
1985-12-16,1350.0,38.22768,A
1985-12-17,1380.0,39.077184,A
1985-12-18,1590.0,45.023711999999996,A
1985-12-19,1490.0,42.192032,A
1985-12-20,1130.0,31.997984,A
1985-12-21,673.0,19.0572064,A
1985-12-22,515.0,14.583152,A
1985-12-23,456.0,12.9124608,A
1985-12-24,417.0,11.8081056,A
1985-12-25,387.0,10.9586016,A
1985-12-26,361.0,10.2223648,A
1985-12-27,342.0,9.6843456,A
1985-12-28,366.0,10.3639488,A
1985-12-29,439.0,12.4310752,A
1985-12-30,435.0,12.317808,A
1985-12-31,461.0,13.0540448,A
1986-01-01,876.0,24.8055168,A
1986-01-02,982.0,27.8070976,A
1986-01-03,952.0,26.9575936,A
1986-01-04,958.0,27.1274944,A
1986-01-05,1010.0,28.599968,A
1986-01-06,1060.0,30.015808,A
1986-01-07,1040.0,29.449472,A
1986-01-08,807.0,22.8516576,A
1986-01-09,535.0,15.149488,A
1986-01-10,656.0,18.5758208,A
1986-01-11,928.0,26.2779904,A
1986-01-12,838.0,23.7294784,A
1986-01-13,744.0,21.0676992,A
1986-01-14,705.0,19.963344,A
1986-01-15,652.0,18.4625536,A
1986-01-16,563.0,15.9423584,A
1986-01-17,479.0,13.5637472,A
1986-01-18,479.0,13.5637472,A
1986-01-19,889.0,25.1736352,A
1986-01-20,629.0,17.8112672,A
1986-01-21,506.0,14.3283008,A
1986-01-22,470.0,13.308895999999999,A
1986-01-23,430.0,12.176224,A
1986-01-24,400.0,11.32672,A
1986-01-25,380.0,10.760384,A
1986-01-26,480.0,13.592064,A
1986-01-27,600.0,16.99008,A
1986-01-28,500.0,14.1584,A
1986-01-29,460.0,13.025727999999999,A
1986-01-30,400.0,11.32672,A
1986-01-31,370.0,10.477216,A
1986-02-01,345.0,9.769296,A
1986-02-02,325.0,9.20296,A
1986-02-03,310.0,8.778208,A
1986-02-04,330.0,9.344543999999999,A
1986-02-05,600.0,16.99008,A
1986-02-06,1000.0,28.3168,A
1986-02-07,1250.0,35.396,A
1986-02-08,1150.0,32.56432,A
1986-02-09,1100.0,31.14848,A
1986-02-10,1180.0,33.413824,A
1986-02-11,1360.0,38.510848,A
1986-02-12,1410.0,39.926688,A
1986-02-13,1340.0,37.944511999999996,A
1986-02-14,1250.0,35.396,A
1986-02-15,1280.0,36.245504,A
1986-02-16,1350.0,38.22768,A
1986-02-17,1250.0,35.396,A
1986-02-18,1020.0,28.883136,A
1986-02-19,788.0,22.3136384,A
1986-02-20,745.0,21.096016,A
1986-02-21,769.0,21.7756192,A
1986-02-22,826.0,23.3896768,A
1986-02-23,863.0,24.4373984,A
1986-02-24,841.0,23.814428799999998,A
1986-02-25,738.0,20.8977984,A
1986-02-26,636.0,18.0094848,A
1986-02-27,573.0,16.2255264,A
1986-02-28,512.0,14.4982016,A
1986-03-01,460.0,13.025727999999999,A
1986-03-02,427.0,12.0912736,A
1986-03-03,402.0,11.3833536,A
1986-03-04,383.0,10.8453344,A
1986-03-05,364.0,10.3073152,A
1986-03-06,347.0,9.8259296,A
1986-03-07,332.0,9.4011776,A
1986-03-08,320.0,9.061376,A
1986-03-09,311.0,8.8065248,A
1986-03-10,303.0,8.5799904,A
1986-03-11,295.0,8.353456,A
1986-03-12,296.0,8.3817728,A
1986-03-13,800.0,22.65344,A
1986-03-14,3000.0,84.9504,A
1986-03-15,6000.0,169.9008,A
1986-03-16,7500.0,212.376,A
1986-03-17,8100.0,229.36608,A
1986-03-18,7000.0,198.2176,A
1986-03-19,5000.0,141.584,A
1986-03-20,3300.0,93.44544,A
1986-03-21,2640.0,74.75635199999999,A
1986-03-22,2310.0,65.411808,A
1986-03-23,2690.0,76.172192,A
1986-03-24,2930.0,82.96822399999999,A
1986-03-25,2520.0,71.358336,A
1986-03-26,1960.0,55.500928,A
1986-03-27,1500.0,42.4752,A
1986-03-28,1110.0,31.431648,A
1986-03-29,829.0,23.4746272,A
1986-03-30,720.0,20.388096,A
1986-03-31,654.0,18.5191872,A
1986-04-01,601.0,17.0183968,A
1986-04-02,559.0,15.8290912,A
1986-04-03,526.0,14.8946368,A
1986-04-04,489.0,13.8469152,A
1986-04-05,462.0,13.0823616,A
1986-04-06,437.0,12.374441599999999,A
1986-04-07,412.0,11.6665216,A
1986-04-08,391.0,11.0718688,A
1986-04-09,376.0,10.6471168,A
1986-04-10,352.0,9.9675136,A
1986-04-11,328.0,9.2879104,A
1986-04-12,312.0,8.8348416,A
1986-04-13,311.0,8.8065248,A
1986-04-14,317.0,8.9764256,A
1986-04-15,331.0,9.3728608,A
1986-04-16,383.0,10.8453344,A
1986-04-17,400.0,11.32672,A
1986-04-18,368.0,10.4205824,A
1986-04-19,329.0,9.3162272,A
1986-04-20,295.0,8.353456,A
1986-04-21,275.0,7.78712,A
1986-04-22,262.0,7.4190016,A
1986-04-23,247.0,6.9942496,A
1986-04-24,232.0,6.5694976,A
1986-04-25,220.0,6.229696,A
1986-04-26,208.0,5.8898944,A
1986-04-27,199.0,5.6350432,A
1986-04-28,195.0,5.521776,A
1986-04-29,181.0,5.1253408,A
1986-04-30,168.0,4.7572224,A
1986-05-01,157.0,4.4457376,A
1986-05-02,149.0,4.2192032,A
1986-05-03,141.0,3.9926688,A
1986-05-04,132.0,3.7378176,A
1986-05-05,125.0,3.5396,A
1986-05-06,118.0,3.3413824,A
1986-05-07,111.0,3.1431648,A
1986-05-08,109.0,3.0865312,A
1986-05-09,105.0,2.973264,A
1986-05-10,99.0,2.8033632,A
1986-05-11,93.0,2.6334624,A
1986-05-12,90.0,2.548512,A
1986-05-13,88.0,2.4918784,A
1986-05-14,86.0,2.4352448,A
1986-05-15,84.0,2.3786112,A
1986-05-16,80.0,2.265344,A
1986-05-17,76.0,2.1520768,A
1986-05-18,73.0,2.0671264,A
1986-05-19,122.0,3.4546495999999998,A
1986-05-20,204.0,5.7766272,A
1986-05-21,236.0,6.6827648,A
1986-05-22,186.0,5.2669248,A
1986-05-23,160.0,4.530688,A
1986-05-24,140.0,3.964352,A
1986-05-25,119.0,3.3696992,A
1986-05-26,100.0,2.83168,A
1986-05-27,89.0,2.5201952,A
1986-05-28,86.0,2.4352448,A
1986-05-29,100.0,2.83168,A
1986-05-30,253.0,7.1641504,A
1986-05-31,280.0,7.928704,A
1986-06-01,198.0,5.6067264,A
1986-06-02,179.0,5.0687071999999995,A
1986-06-03,151.0,4.2758367999999995,A
1986-06-04,125.0,3.5396,A
1986-06-05,106.0,3.0015808,A
1986-06-06,96.0,2.7184128,A
1986-06-07,86.0,2.4352448,A
1986-06-08,87.0,2.4635616,A
1986-06-09,77.0,2.1803936,A
1986-06-10,71.0,2.0104928,A
1986-06-11,65.0,1.840592,A
1986-06-12,63.0,1.7839584,A
1986-06-13,62.0,1.7556416,A
1986-06-14,62.0,1.7556416,A
1986-06-15,55.0,1.557424,A
1986-06-16,49.0,1.3875232,A
1986-06-17,46.0,1.3025728,A
1986-06-18,44.0,1.2459392,A
1986-06-19,75.0,2.12376,A
1986-06-20,83.0,2.3502944,A
1986-06-21,80.0,2.265344,A
1986-06-22,59.0,1.6706912,A
1986-06-23,54.0,1.5291071999999999,A
1986-06-24,48.0,1.3592064,A
1986-06-25,43.0,1.2176224,A
1986-06-26,41.0,1.1609888,A
1986-06-27,48.0,1.3592064,A
1986-06-28,70.0,1.982176,A
1986-06-29,58.0,1.6423744,A
1986-06-30,50.0,1.41584,A
1986-07-01,42.0,1.1893056,A
1986-07-02,41.0,1.1609888,A
1986-07-03,41.0,1.1609888,A
1986-07-04,39.0,1.1043552,A
1986-07-05,36.0,1.0194048,A
1986-07-06,36.0,1.0194048,A
1986-07-07,36.0,1.0194048,A
1986-07-08,34.0,0.9627711999999999,A
1986-07-09,32.0,0.9061376,A
1986-07-10,29.0,0.8211872,A
1986-07-11,27.0,0.7645535999999999,A
1986-07-12,26.0,0.7362368,A
1986-07-13,26.0,0.7362368,A
1986-07-14,26.0,0.7362368,A
1986-07-15,28.0,0.7928704,A
1986-07-16,28.0,0.7928704,A
1986-07-17,43.0,1.2176224,A
1986-07-18,44.0,1.2459392,A
1986-07-19,45.0,1.274256,A
1986-07-20,44.0,1.2459392,A
1986-07-21,37.0,1.0477216,A
1986-07-22,33.0,0.9344544,A
1986-07-23,32.0,0.9061376,A
1986-07-24,30.0,0.849504,A
1986-07-25,31.0,0.8778208,A
1986-07-26,43.0,1.2176224,A
1986-07-27,56.0,1.5857408,A
1986-07-28,136.0,3.8510847999999998,A
1986-07-29,152.0,4.3041536,A
1986-07-30,104.0,2.9449472,A
1986-07-31,70.0,1.982176,A
1986-08-01,53.0,1.5007904,A
1986-08-02,45.0,1.274256,A
1986-08-03,38.0,1.0760384,A
1986-08-04,34.0,0.9627711999999999,A
1986-08-05,31.0,0.8778208,A
1986-08-06,28.0,0.7928704,A
1986-08-07,27.0,0.7645535999999999,A
1986-08-08,26.0,0.7362368,A
1986-08-09,27.0,0.7645535999999999,A
1986-08-10,25.0,0.70792,A
1986-08-11,25.0,0.70792,A
1986-08-12,27.0,0.7645535999999999,A
1986-08-13,28.0,0.7928704,A
1986-08-14,32.0,0.9061376,A
1986-08-15,37.0,1.0477216,A
1986-08-16,43.0,1.2176224,A
1986-08-17,38.0,1.0760384,A
1986-08-18,44.0,1.2459392,A
1986-08-19,42.0,1.1893056,A
1986-08-20,38.0,1.0760384,A
1986-08-21,36.0,1.0194048,A
1986-08-22,36.0,1.0194048,A
1986-08-23,37.0,1.0477216,A
1986-08-24,47.0,1.3308896,A
1986-08-25,52.0,1.4724736,A
1986-08-26,44.0,1.2459392,A
1986-08-27,39.0,1.1043552,A
1986-08-28,33.0,0.9344544,A
1986-08-29,30.0,0.849504,A
1986-08-30,30.0,0.849504,A
1986-08-31,35.0,0.991088,A
1986-09-01,39.0,1.1043552,A
1986-09-02,55.0,1.557424,A
1986-09-03,116.0,3.2847488,A
1986-09-04,138.0,3.9077184,A
1986-09-05,372.0,10.5338496,A
1986-09-06,165.0,4.6722719999999995,A
1986-09-07,129.0,3.6528671999999998,A
1986-09-08,127.0,3.5962336,A
1986-09-09,111.0,3.1431648,A
1986-09-10,90.0,2.548512,A
1986-09-11,75.0,2.12376,A
1986-09-12,78.0,2.2087104,A
1986-09-13,103.0,2.9166304,A
1986-09-14,81.0,2.2936608,A
1986-09-15,71.0,2.0104928,A
1986-09-16,60.0,1.699008,A
1986-09-17,63.0,1.7839584,A
1986-09-18,70.0,1.982176,A
1986-09-19,60.0,1.699008,A
1986-09-20,58.0,1.6423744,A
1986-09-21,54.0,1.5291071999999999,A
1986-09-22,51.0,1.4441568,A
1986-09-23,61.0,1.7273247999999999,A
1986-09-24,57.0,1.6140576,A
1986-09-25,51.0,1.4441568,A
1986-09-26,47.0,1.3308896,A
1986-09-27,43.0,1.2176224,A
1986-09-28,40.0,1.132672,A
1986-09-29,38.0,1.0760384,A
1986-09-30,38.0,1.0760384,A
1986-10-01,49.0,1.3875232,A
1986-10-02,38.0,1.0760384,A
1986-10-03,34.0,0.9627711999999999,A
1986-10-04,33.0,0.9344544,A
1986-10-05,31.0,0.8778208,A
1986-10-06,30.0,0.849504,A
1986-10-07,29.0,0.8211872,A
1986-10-08,27.0,0.7645535999999999,A
1986-10-09,28.0,0.7928704,A
1986-10-10,36.0,1.0194048,A
1986-10-11,33.0,0.9344544,A
1986-10-12,42.0,1.1893056,A
1986-10-13,56.0,1.5857408,A
1986-10-14,66.0,1.8689088,A
1986-10-15,99.0,2.8033632,A
1986-10-16,143.0,4.0493024,A
1986-10-17,110.0,3.114848,A
1986-10-18,88.0,2.4918784,A
1986-10-19,71.0,2.0104928,A
1986-10-20,59.0,1.6706912,A
1986-10-21,52.0,1.4724736,A
1986-10-22,46.0,1.3025728,A
1986-10-23,42.0,1.1893056,A
1986-10-24,39.0,1.1043552,A
1986-10-25,82.0,2.3219776,A
1986-10-26,120.0,3.398016,A
1986-10-27,186.0,5.2669248,A
1986-10-28,153.0,4.3324704,A
1986-10-29,125.0,3.5396,A
1986-10-30,102.0,2.8883136,A
1986-10-31,84.0,2.3786112,A
1986-11-01,72.0,2.0388096,A
1986-11-02,64.0,1.8122752,A
1986-11-03,57.0,1.6140576,A
1986-11-04,51.0,1.4441568,A
1986-11-05,52.0,1.4724736,A
1986-11-06,53.0,1.5007904,A
1986-11-07,51.0,1.4441568,A
1986-11-08,51.0,1.4441568,A
1986-11-09,50.0,1.41584,A
1986-11-10,48.0,1.3592064,A
1986-11-11,47.0,1.3308896,A
1986-11-12,46.0,1.3025728,A
1986-11-13,45.0,1.274256,A
1986-11-14,59.0,1.6706912,A
1986-11-15,75.0,2.12376,A
1986-11-16,65.0,1.840592,A
1986-11-17,67.0,1.8972256,A
1986-11-18,110.0,3.114848,A
1986-11-19,263.0,7.4473184,A
1986-11-20,301.0,8.5233568,A
1986-11-21,326.0,9.2312768,A
1986-11-22,320.0,9.061376,A
1986-11-23,293.0,8.2968224,A
1986-11-24,298.0,8.4384064,A
1986-11-25,316.0,8.9481088,A
1986-11-26,1090.0,30.865312,A
1986-11-27,1120.0,31.714816,A
1986-11-28,1030.0,29.166304,A
1986-11-29,889.0,25.1736352,A
1986-11-30,1210.0,34.263328,A
1986-12-01,1310.0,37.095008,A
1986-12-02,1330.0,37.661344,A
1986-12-03,1170.0,33.130656,A
1986-12-04,935.0,26.476208,A
1986-12-05,685.0,19.397008,A
1986-12-06,527.0,14.9229536,A
1986-12-07,423.0,11.9780064,A
1986-12-08,354.0,10.0241472,A
1986-12-09,314.0,8.8914752,A
1986-12-10,306.0,8.6649408,A
1986-12-11,348.0,9.8542464,A
1986-12-12,397.0,11.2417696,A
1986-12-13,436.0,12.3461248,A
1986-12-14,431.0,12.2045408,A
1986-12-15,418.0,11.8364224,A
1986-12-16,439.0,12.4310752,A
1986-12-17,432.0,12.232857599999999,A
1986-12-18,403.0,11.4116704,A
1986-12-19,384.0,10.8736512,A
1986-12-20,379.0,10.7320672,A
1986-12-21,369.0,10.4488992,A
1986-12-22,350.0,9.91088,A
1986-12-23,462.0,13.0823616,A
1986-12-24,602.0,17.0467136,A
1986-12-25,603.0,17.0750304,A
1986-12-26,600.0,16.99008,A
1986-12-27,626.0,17.7263168,A
1986-12-28,609.0,17.2449312,A
1986-12-29,545.0,15.432656,A
1986-12-30,463.0,13.1106784,A
1986-12-31,377.0,10.6754336,A
1987-01-01,346.0,9.7976128,A
1987-01-02,335.0,9.486127999999999,A
1987-01-03,329.0,9.3162272,A
1987-01-04,369.0,10.4488992,A
1987-01-05,544.0,15.404339199999999,A
1987-01-06,629.0,17.8112672,A
1987-01-07,636.0,18.0094848,A
1987-01-08,675.0,19.11384,A
1987-01-09,705.0,19.963344,A
1987-01-10,679.0,19.2271072,A
1987-01-11,615.0,17.414832,A
1987-01-12,479.0,13.5637472,A
1987-01-13,391.0,11.0718688,A
1987-01-14,355.0,10.052464,A
1987-01-15,339.0,9.5993952,A
1987-01-16,349.0,9.8825632,A
1987-01-17,451.0,12.7708768,A
1987-01-18,533.0,15.0928544,A
1987-01-19,599.0,16.9617632,A
1987-01-20,664.0,18.8023552,A
1987-01-21,718.0,20.3314624,A
1987-01-22,1320.0,37.378175999999996,A
1987-01-23,1350.0,38.22768,A
1987-01-24,1290.0,36.528672,A
1987-01-25,1480.0,41.908864,A
1987-01-26,1710.0,48.421728,A
1987-01-27,1990.0,56.350432,A
1987-01-28,2010.0,56.916768,A
1987-01-29,1780.0,50.403904,A
1987-01-30,1600.0,45.30688,A
1987-01-31,1420.0,40.209856,A
1987-02-01,1140.0,32.281152,A
1987-02-02,1020.0,28.883136,A
1987-02-03,1080.0,30.582144,A
1987-02-04,1030.0,29.166304,A
1987-02-05,983.0,27.8354144,A
1987-02-06,1120.0,31.714816,A
1987-02-07,1750.0,49.5544,A
1987-02-08,2230.0,63.146464,A
1987-02-09,2030.0,57.483104,A
1987-02-10,1880.0,53.235583999999996,A
1987-02-11,1940.0,54.934592,A
1987-02-12,1940.0,54.934592,A
1987-02-13,1670.0,47.289056,A
1987-02-14,1250.0,35.396,A
1987-02-15,844.0,23.8993792,A
1987-02-16,882.0,24.9754176,A
1987-02-17,882.0,24.9754176,A
1987-02-18,813.0,23.0215584,A
1987-02-19,789.0,22.3419552,A
1987-02-20,782.0,22.1437376,A
1987-02-21,781.0,22.1154208,A
1987-02-22,886.0,25.0886848,A
1987-02-23,1020.0,28.883136,A
1987-02-24,942.0,26.6744256,A
1987-02-25,851.0,24.097596799999998,A
1987-02-26,901.0,25.5134368,A
1987-02-27,1040.0,29.449472,A
1987-02-28,1750.0,49.5544,A
1987-03-01,2090.0,59.182112,A
1987-03-02,1930.0,54.651424,A
1987-03-03,1970.0,55.784096,A
1987-03-04,2650.0,75.03952,A
1987-03-05,2820.0,79.853376,A
1987-03-06,2260.0,63.995968,A
1987-03-07,1670.0,47.289056,A
1987-03-08,1350.0,38.22768,A
1987-03-09,1080.0,30.582144,A
1987-03-10,915.0,25.909872,A
1987-03-11,902.0,25.5417536,A
1987-03-12,916.0,25.9381888,A
1987-03-13,897.0,25.400169599999998,A
1987-03-14,820.0,23.219776,A
1987-03-15,774.0,21.9172032,A
1987-03-16,714.0,20.2181952,A
1987-03-17,668.0,18.9156224,A
1987-03-18,1010.0,28.599968,A
1987-03-19,1280.0,36.245504,A
1987-03-20,1200.0,33.98016,A
1987-03-21,1090.0,30.865312,A
1987-03-22,1120.0,31.714816,A
1987-03-23,1200.0,33.98016,A
1987-03-24,1170.0,33.130656,A
1987-03-25,936.0,26.5045248,A
1987-03-26,688.0,19.4819584,A
1987-03-27,574.0,16.2538432,A
1987-03-28,564.0,15.9706752,A
1987-03-29,631.0,17.8679008,A
1987-03-30,1340.0,37.944511999999996,A
1987-03-31,1620.0,45.873216,A
1987-04-01,1540.0,43.607872,A
1987-04-02,1470.0,41.625696,A
1987-04-03,1680.0,47.572224,A
1987-04-04,2110.0,59.748447999999996,A
1987-04-05,2100.0,59.46528,A
1987-04-06,1740.0,49.271232,A
1987-04-07,1420.0,40.209856,A
1987-04-08,1170.0,33.130656,A
1987-04-09,930.0,26.334623999999998,A
1987-04-10,747.0,21.1526496,A
1987-04-11,620.0,17.556416,A
1987-04-12,557.0,15.7724576,A
1987-04-13,513.0,14.5265184,A
1987-04-14,478.0,13.5354304,A
1987-04-15,458.0,12.9690944,A
1987-04-16,438.0,12.4027584,A
1987-04-17,411.0,11.6382048,A
1987-04-18,390.0,11.043552,A
1987-04-19,366.0,10.3639488,A
1987-04-20,343.0,9.7126624,A
1987-04-21,329.0,9.3162272,A
1987-04-22,309.0,8.7498912,A
1987-04-23,285.0,8.070288,A
1987-04-24,265.0,7.503952,A
1987-04-25,246.0,6.9659328,A
1987-04-26,230.0,6.5128639999999995,A
1987-04-27,215.0,6.088112,A
1987-04-28,202.0,5.7199936,A
1987-04-29,190.0,5.380192,A
1987-04-30,179.0,5.0687071999999995,A
1987-05-01,170.0,4.813856,A
1987-05-02,159.0,4.5023712,A
1987-05-03,149.0,4.2192032,A
1987-05-04,141.0,3.9926688,A
1987-05-05,140.0,3.964352,A
1987-05-06,148.0,4.1908864,A
1987-05-07,192.0,5.4368256,A
1987-05-08,245.0,6.937616,A
1987-05-09,245.0,6.937616,A
1987-05-10,204.0,5.7766272,A
1987-05-11,181.0,5.1253408,A
1987-05-12,214.0,6.0597952,A
1987-05-13,390.0,11.043552,A
1987-05-14,373.0,10.5621664,A
1987-05-15,538.0,15.2344384,A
1987-05-16,821.0,23.2480928,A
1987-05-17,854.0,24.1825472,A
1987-05-18,951.0,26.9292768,A
1987-05-19,1010.0,28.599968,A
1987-05-20,769.0,21.7756192,A
1987-05-21,528.0,14.9512704,A
1987-05-22,432.0,12.232857599999999,A
1987-05-23,397.0,11.2417696,A
1987-05-24,359.0,10.1657312,A
1987-05-25,404.0,11.4399872,A
1987-05-26,374.0,10.5904832,A
1987-05-27,329.0,9.3162272,A
1987-05-28,260.0,7.362368,A
1987-05-29,218.0,6.1730624,A
1987-05-30,186.0,5.2669248,A
1987-05-31,162.0,4.5873216,A
1987-06-01,145.0,4.105936,A
1987-06-02,128.0,3.6245504,A
1987-06-03,113.0,3.1997984,A
1987-06-04,102.0,2.8883136,A
1987-06-05,107.0,3.0298976,A
1987-06-06,187.0,5.2952416,A
1987-06-07,176.0,4.9837568,A
1987-06-08,141.0,3.9926688,A
1987-06-09,106.0,3.0015808,A
1987-06-10,86.0,2.4352448,A
1987-06-11,74.0,2.0954432,A
1987-06-12,67.0,1.8972256,A
1987-06-13,130.0,3.681184,A
1987-06-14,398.0,11.2700864,A
1987-06-15,746.0,21.1243328,A
1987-06-16,762.0,21.577401599999998,A
1987-06-17,597.0,16.9051296,A
1987-06-18,526.0,14.8946368,A
1987-06-19,554.0,15.6875072,A
1987-06-20,687.0,19.4536416,A
1987-06-21,830.0,23.502944,A
1987-06-22,945.0,26.759376,A
1987-06-23,953.0,26.985910399999998,A
1987-06-24,929.0,26.3063072,A
1987-06-25,961.0,27.2124448,A
1987-06-26,1130.0,31.997984,A
1987-06-27,1340.0,37.944511999999996,A
1987-06-28,1320.0,37.378175999999996,A
1987-06-29,863.0,24.4373984,A
1987-06-30,408.0,11.5532544,A
1987-07-01,318.0,9.0047424,A
1987-07-02,333.0,9.4294944,A
1987-07-03,493.0,13.960182399999999,A
1987-07-04,654.0,18.5191872,A
1987-07-05,850.0,24.06928,A
1987-07-06,655.0,18.547504,A
1987-07-07,562.0,15.9140416,A
1987-07-08,568.0,16.0839424,A
1987-07-09,440.0,12.459392,A
1987-07-10,365.0,10.335632,A
1987-07-11,279.0,7.9003872,A
1987-07-12,225.0,6.37128,A
1987-07-13,188.0,5.3235584,A
1987-07-14,160.0,4.530688,A
1987-07-15,137.0,3.8794016,A
1987-07-16,118.0,3.3413824,A
1987-07-17,104.0,2.9449472,A
1987-07-18,92.0,2.6051456,A
1987-07-19,85.0,2.406928,A
1987-07-20,80.0,2.265344,A
1987-07-21,78.0,2.2087104,A
1987-07-22,82.0,2.3219776,A
1987-07-23,81.0,2.2936608,A
1987-07-24,77.0,2.1803936,A
1987-07-25,74.0,2.0954432,A
1987-07-26,68.0,1.9255423999999999,A
1987-07-27,72.0,2.0388096,A
1987-07-28,65.0,1.840592,A
1987-07-29,61.0,1.7273247999999999,A
1987-07-30,59.0,1.6706912,A
1987-07-31,56.0,1.5857408,A
1987-08-01,51.0,1.4441568,A
1987-08-02,50.0,1.41584,A
1987-08-03,55.0,1.557424,A
1987-08-04,78.0,2.2087104,A
1987-08-05,94.0,2.6617792,A
1987-08-06,77.0,2.1803936,A
1987-08-07,69.0,1.9538592,A
1987-08-08,61.0,1.7273247999999999,A
1987-08-09,59.0,1.6706912,A
1987-08-10,56.0,1.5857408,A
1987-08-11,51.0,1.4441568,A
1987-08-12,52.0,1.4724736,A
1987-08-13,75.0,2.12376,A
1987-08-14,100.0,2.83168,A
1987-08-15,118.0,3.3413824,A
1987-08-16,104.0,2.9449472,A
1987-08-17,85.0,2.406928,A
1987-08-18,73.0,2.0671264,A
1987-08-19,67.0,1.8972256,A
1987-08-20,62.0,1.7556416,A
1987-08-21,59.0,1.6706912,A
1987-08-22,55.0,1.557424,A
1987-08-23,51.0,1.4441568,A
1987-08-24,48.0,1.3592064,A
1987-08-25,43.0,1.2176224,A
1987-08-26,40.0,1.132672,A
1987-08-27,39.0,1.1043552,A
1987-08-28,37.0,1.0477216,A
1987-08-29,36.0,1.0194048,A
1987-08-30,36.0,1.0194048,A
1987-08-31,35.0,0.991088,A
1987-09-01,34.0,0.9627711999999999,A
1987-09-02,34.0,0.9627711999999999,A
1987-09-03,34.0,0.9627711999999999,A
1987-09-04,33.0,0.9344544,A
1987-09-05,33.0,0.9344544,A
1987-09-06,38.0,1.0760384,A
1987-09-07,40.0,1.132672,A
1987-09-08,42.0,1.1893056,A
1987-09-09,49.0,1.3875232,A
1987-09-10,51.0,1.4441568,A
1987-09-11,50.0,1.41584,A
1987-09-12,53.0,1.5007904,A
1987-09-13,56.0,1.5857408,A
1987-09-14,89.0,2.5201952,A
1987-09-15,130.0,3.681184,A
1987-09-16,98.0,2.7750464,A
1987-09-17,75.0,2.12376,A
1987-09-18,64.0,1.8122752,A
1987-09-19,57.0,1.6140576,A
1987-09-20,54.0,1.5291071999999999,A
1987-09-21,54.0,1.5291071999999999,A
1987-09-22,50.0,1.41584,A
1987-09-23,48.0,1.3592064,A
1987-09-24,48.0,1.3592064,A
1987-09-25,43.0,1.2176224,A
1987-09-26,40.0,1.132672,A
1987-09-27,38.0,1.0760384,A
1987-09-28,36.0,1.0194048,A
1987-09-29,35.0,0.991088,A
1987-09-30,35.0,0.991088,A
1987-10-01,34.0,0.9627711999999999,A
1987-10-02,33.0,0.9344544,A
1987-10-03,33.0,0.9344544,A
1987-10-04,32.0,0.9061376,A
1987-10-05,31.0,0.8778208,A
1987-10-06,30.0,0.849504,A
1987-10-07,29.0,0.8211872,A
1987-10-08,29.0,0.8211872,A
1987-10-09,28.0,0.7928704,A
1987-10-10,29.0,0.8211872,A
1987-10-11,29.0,0.8211872,A
1987-10-12,29.0,0.8211872,A
1987-10-13,29.0,0.8211872,A
1987-10-14,29.0,0.8211872,A
1987-10-15,28.0,0.7928704,A
1987-10-16,28.0,0.7928704,A
1987-10-17,29.0,0.8211872,A
1987-10-18,29.0,0.8211872,A
1987-10-19,29.0,0.8211872,A
1987-10-20,28.0,0.7928704,A
1987-10-21,28.0,0.7928704,A
1987-10-22,28.0,0.7928704,A
1987-10-23,29.0,0.8211872,A
1987-10-24,29.0,0.8211872,A
1987-10-25,30.0,0.849504,A
1987-10-26,31.0,0.8778208,A
1987-10-27,33.0,0.9344544,A
1987-10-28,33.0,0.9344544,A
1987-10-29,34.0,0.9627711999999999,A
1987-10-30,36.0,1.0194048,A
1987-10-31,38.0,1.0760384,A
1987-11-01,36.0,1.0194048,A
1987-11-02,34.0,0.9627711999999999,A
1987-11-03,34.0,0.9627711999999999,A
1987-11-04,39.0,1.1043552,A
1987-11-05,41.0,1.1609888,A
1987-11-06,39.0,1.1043552,A
1987-11-07,38.0,1.0760384,A
1987-11-08,39.0,1.1043552,A
1987-11-09,39.0,1.1043552,A
1987-11-10,41.0,1.1609888,A
1987-11-11,43.0,1.2176224,A
1987-11-12,49.0,1.3875232,A
1987-11-13,54.0,1.5291071999999999,A
1987-11-14,51.0,1.4441568,A
1987-11-15,49.0,1.3875232,A
1987-11-16,48.0,1.3592064,A
1987-11-17,132.0,3.7378176,A
1987-11-18,307.0,8.693257599999999,A
1987-11-19,405.0,11.468304,A
1987-11-20,281.0,7.9570208,A
1987-11-21,175.0,4.95544,A
1987-11-22,126.0,3.5679168,A
1987-11-23,104.0,2.9449472,A
1987-11-24,91.0,2.5768288,A
1987-11-25,84.0,2.3786112,A
1987-11-26,80.0,2.265344,A
1987-11-27,78.0,2.2087104,A
1987-11-28,80.0,2.265344,A
1987-11-29,83.0,2.3502944,A
1987-11-30,99.0,2.8033632,A
1987-12-01,106.0,3.0015808,A
1987-12-02,93.0,2.6334624,A
1987-12-03,84.0,2.3786112,A
1987-12-04,78.0,2.2087104,A
1987-12-05,75.0,2.12376,A
1987-12-06,73.0,2.0671264,A
1987-12-07,71.0,2.0104928,A
1987-12-08,69.0,1.9538592,A
1987-12-09,69.0,1.9538592,A
1987-12-10,69.0,1.9538592,A
1987-12-11,70.0,1.982176,A
1987-12-12,71.0,2.0104928,A
1987-12-13,69.0,1.9538592,A
1987-12-14,69.0,1.9538592,A
1987-12-15,79.0,2.2370272,A
1987-12-16,162.0,4.5873216,A
1987-12-17,275.0,7.78712,A
1987-12-18,209.0,5.9182112,A
1987-12-19,172.0,4.8704896,A
1987-12-20,153.0,4.3324704,A
1987-12-21,152.0,4.3041536,A
1987-12-22,219.0,6.2013792,A
1987-12-23,330.0,9.344543999999999,A
1987-12-24,321.0,9.0896928,A
1987-12-25,282.0,7.9853376,A
1987-12-26,251.0,7.1075168,A
1987-12-27,220.0,6.229696,A
1987-12-28,209.0,5.9182112,A
1987-12-29,230.0,6.5128639999999995,A
1987-12-30,243.0,6.8809824,A
1987-12-31,225.0,6.37128,A
1988-01-01,220.0,6.229696,A
1988-01-02,261.0,7.3906848,A
1988-01-03,363.0,10.278998399999999,A
1988-01-04,396.0,11.2134528,A
1988-01-05,380.0,10.760384,A
1988-01-06,346.0,9.7976128,A
1988-01-07,311.0,8.8065248,A
1988-01-08,336.0,9.5144448,A
1988-01-09,436.0,12.3461248,A
1988-01-10,466.0,13.1956288,A
1988-01-11,463.0,13.1106784,A
1988-01-12,416.0,11.7797888,A
1988-01-13,361.0,10.2223648,A
1988-01-14,313.0,8.8631584,A
1988-01-15,276.0,7.8154368,A
1988-01-16,252.0,7.1358336,A
1988-01-17,243.0,6.8809824,A
1988-01-18,307.0,8.693257599999999,A
1988-01-19,1040.0,29.449472,A
1988-01-20,1710.0,48.421728,A
1988-01-21,2280.0,64.562304,A
1988-01-22,2600.0,73.62368,A
1988-01-23,4250.0,120.3464,A
1988-01-24,4290.0,121.479072,A
1988-01-25,3390.0,95.993952,A
1988-01-26,2560.0,72.491008,A
1988-01-27,1890.0,53.518752,A
1988-01-28,1400.0,39.64352,A
1988-01-29,942.0,26.6744256,A
1988-01-30,703.0,19.9067104,A
1988-01-31,595.0,16.848496,A
1988-02-01,523.0,14.8096864,A
1988-02-02,476.0,13.4787968,A
1988-02-03,672.0,19.0288896,A
1988-02-04,754.0,21.3508672,A
1988-02-05,961.0,27.2124448,A
1988-02-06,1180.0,33.413824,A
1988-02-07,1310.0,37.095008,A
1988-02-08,1410.0,39.926688,A
1988-02-09,1370.0,38.794016,A
1988-02-10,1070.0,30.298976,A
1988-02-11,707.0,20.0199776,A
1988-02-12,548.0,15.5176064,A
1988-02-13,481.0,13.6203808,A
1988-02-14,439.0,12.4310752,A
1988-02-15,520.0,14.724736,A
1988-02-16,599.0,16.9617632,A
1988-02-17,574.0,16.2538432,A
1988-02-18,559.0,15.8290912,A
1988-02-19,1040.0,29.449472,A
1988-02-20,1030.0,29.166304,A
1988-02-21,964.0,27.2973952,A
1988-02-22,929.0,26.3063072,A
1988-02-23,954.0,27.0142272,A
1988-02-24,923.0,26.1364064,A
1988-02-25,780.0,22.087104,A
1988-02-26,610.0,17.273248,A
1988-02-27,485.0,13.733648,A
1988-02-28,431.0,12.2045408,A
1988-02-29,399.0,11.2984032,A
1988-03-01,374.0,10.5904832,A
1988-03-02,354.0,10.0241472,A
1988-03-03,494.0,13.9884992,A
1988-03-04,3050.0,86.36624,A
1988-03-05,3380.0,95.710784,A
1988-03-06,2530.0,71.641504,A
1988-03-07,2140.0,60.597952,A
1988-03-08,2860.0,80.986048,A
1988-03-09,2780.0,78.720704,A
1988-03-10,2190.0,62.013792,A
1988-03-11,1730.0,48.988064,A
1988-03-12,1380.0,39.077184,A
1988-03-13,1160.0,32.847488,A
1988-03-14,1110.0,31.431648,A
1988-03-15,1080.0,30.582144,A
1988-03-16,1010.0,28.599968,A
1988-03-17,898.0,25.4284864,A
1988-03-18,735.0,20.812848,A
1988-03-19,674.0,19.0855232,A
1988-03-20,656.0,18.5758208,A
1988-03-21,621.0,17.5847328,A
1988-03-22,612.0,17.3298816,A
1988-03-23,575.0,16.28216,A
1988-03-24,530.0,15.007904,A
1988-03-25,583.0,16.5086944,A
1988-03-26,1070.0,30.298976,A
1988-03-27,1340.0,37.944511999999996,A
1988-03-28,1310.0,37.095008,A
1988-03-29,1410.0,39.926688,A
1988-03-30,1860.0,52.669247999999996,A
1988-03-31,1970.0,55.784096,A
1988-04-01,1500.0,42.4752,A
1988-04-02,903.0,25.5700704,A
1988-04-03,685.0,19.397008,A
1988-04-04,663.0,18.7740384,A
1988-04-05,658.0,18.6324544,A
1988-04-06,631.0,17.8679008,A
1988-04-07,570.0,16.140576,A
1988-04-08,488.0,13.818598399999999,A
1988-04-09,420.0,11.893056,A
1988-04-10,377.0,10.6754336,A
1988-04-11,349.0,9.8825632,A
1988-04-12,339.0,9.5993952,A
1988-04-13,349.0,9.8825632,A
1988-04-14,359.0,10.1657312,A
1988-04-15,354.0,10.0241472,A
1988-04-16,327.0,9.2595936,A
1988-04-17,297.0,8.4100896,A
1988-04-18,285.0,8.070288,A
1988-04-19,431.0,12.2045408,A
1988-04-20,868.0,24.5789824,A
1988-04-21,880.0,24.918784,A
1988-04-22,863.0,24.4373984,A
1988-04-23,927.0,26.2496736,A
1988-04-24,890.0,25.201952,A
1988-04-25,825.0,23.36136,A
1988-04-26,863.0,24.4373984,A
1988-04-27,849.0,24.0409632,A
1988-04-28,726.0,20.557996799999998,A
1988-04-29,580.0,16.423744,A
1988-04-30,480.0,13.592064,A
1988-05-01,461.0,13.0540448,A
1988-05-02,457.0,12.9407776,A
1988-05-03,348.0,9.8542464,A
1988-05-04,306.0,8.6649408,A
1988-05-05,285.0,8.070288,A
1988-05-06,218.0,6.1730624,A
1988-05-07,183.0,5.1819744,A
1988-05-08,157.0,4.4457376,A
1988-05-09,137.0,3.8794016,A
1988-05-10,122.0,3.4546495999999998,A
1988-05-11,112.0,3.1714816,A
1988-05-12,105.0,2.973264,A
1988-05-13,97.0,2.7467296,A
1988-05-14,91.0,2.5768288,A
1988-05-15,88.0,2.4918784,A
1988-05-16,87.0,2.4635616,A
1988-05-17,81.0,2.2936608,A
1988-05-18,76.0,2.1520768,A
1988-05-19,69.0,1.9538592,A
1988-05-20,63.0,1.7839584,A
1988-05-21,58.0,1.6423744,A
1988-05-22,55.0,1.557424,A
1988-05-23,54.0,1.5291071999999999,A
1988-05-24,55.0,1.557424,A
1988-05-25,70.0,1.982176,A
1988-05-26,151.0,4.2758367999999995,A
1988-05-27,139.0,3.9360352,A
1988-05-28,100.0,2.83168,A
1988-05-29,79.0,2.2370272,A
1988-05-30,68.0,1.9255423999999999,A
1988-05-31,60.0,1.699008,A
1988-06-01,54.0,1.5291071999999999,A
1988-06-02,49.0,1.3875232,A
1988-06-03,47.0,1.3308896,A
1988-06-04,44.0,1.2459392,A
1988-06-05,41.0,1.1609888,A
1988-06-06,41.0,1.1609888,A
1988-06-07,41.0,1.1609888,A
1988-06-08,47.0,1.3308896,A
1988-06-09,54.0,1.5291071999999999,A
1988-06-10,57.0,1.6140576,A
1988-06-11,49.0,1.3875232,A
1988-06-12,44.0,1.2459392,A
1988-06-13,41.0,1.1609888,A
1988-06-14,39.0,1.1043552,A
1988-06-15,36.0,1.0194048,A
1988-06-16,34.0,0.9627711999999999,A
1988-06-17,33.0,0.9344544,A
1988-06-18,32.0,0.9061376,A
1988-06-19,34.0,0.9627711999999999,A
1988-06-20,41.0,1.1609888,A
1988-06-21,45.0,1.274256,A
1988-06-22,40.0,1.132672,A
1988-06-23,37.0,1.0477216,A
1988-06-24,34.0,0.9627711999999999,A
1988-06-25,33.0,0.9344544,A
1988-06-26,32.0,0.9061376,A
1988-06-27,32.0,0.9061376,A
1988-06-28,31.0,0.8778208,A
1988-06-29,29.0,0.8211872,A
1988-06-30,29.0,0.8211872,A
1988-07-01,34.0,0.9627711999999999,A
1988-07-02,50.0,1.41584,A
1988-07-03,92.0,2.6051456,A
1988-07-04,174.0,4.9271232,A
1988-07-05,240.0,6.796032,A
1988-07-06,290.0,8.211872,A
1988-07-07,234.0,6.6261312,A
1988-07-08,152.0,4.3041536,A
1988-07-09,99.0,2.8033632,A
1988-07-10,77.0,2.1803936,A
1988-07-11,73.0,2.0671264,A
1988-07-12,85.0,2.406928,A
1988-07-13,141.0,3.9926688,A
1988-07-14,162.0,4.5873216,A
1988-07-15,114.0,3.2281152,A
1988-07-16,86.0,2.4352448,A
1988-07-17,79.0,2.2370272,A
1988-07-18,68.0,1.9255423999999999,A
1988-07-19,61.0,1.7273247999999999,A
1988-07-20,57.0,1.6140576,A
1988-07-21,69.0,1.9538592,A
1988-07-22,100.0,2.83168,A
1988-07-23,144.0,4.0776192,A
1988-07-24,151.0,4.2758367999999995,A
1988-07-25,155.0,4.389104,A
1988-07-26,100.0,2.83168,A
1988-07-27,74.0,2.0954432,A
1988-07-28,62.0,1.7556416,A
1988-07-29,55.0,1.557424,A
1988-07-30,65.0,1.840592,A
1988-07-31,78.0,2.2087104,A
1988-08-01,59.0,1.6706912,A
1988-08-02,56.0,1.5857408,A
1988-08-03,52.0,1.4724736,A
1988-08-04,46.0,1.3025728,A
1988-08-05,43.0,1.2176224,A
1988-08-06,42.0,1.1893056,A
1988-08-07,42.0,1.1893056,A
1988-08-08,43.0,1.2176224,A
1988-08-09,44.0,1.2459392,A
1988-08-10,47.0,1.3308896,A
1988-08-11,48.0,1.3592064,A
1988-08-12,49.0,1.3875232,A
1988-08-13,43.0,1.2176224,A
1988-08-14,39.0,1.1043552,A
1988-08-15,39.0,1.1043552,A
1988-08-16,42.0,1.1893056,A
1988-08-17,38.0,1.0760384,A
1988-08-18,38.0,1.0760384,A
1988-08-19,37.0,1.0477216,A
1988-08-20,35.0,0.991088,A
1988-08-21,38.0,1.0760384,A
1988-08-22,36.0,1.0194048,A
1988-08-23,33.0,0.9344544,A
1988-08-24,32.0,0.9061376,A
1988-08-25,29.0,0.8211872,A
1988-08-26,33.0,0.9344544,A
1988-08-27,34.0,0.9627711999999999,A
1988-08-28,30.0,0.849504,A
1988-08-29,30.0,0.849504,A
1988-08-30,28.0,0.7928704,A
1988-08-31,27.0,0.7645535999999999,A
1988-09-01,27.0,0.7645535999999999,A
1988-09-02,28.0,0.7928704,A
1988-09-03,29.0,0.8211872,A
1988-09-04,49.0,1.3875232,A
1988-09-05,113.0,3.1997984,A
1988-09-06,156.0,4.4174208,A
1988-09-07,129.0,3.6528671999999998,A
1988-09-08,87.0,2.4635616,A
1988-09-09,67.0,1.8972256,A
1988-09-10,233.0,6.5978144,A
1988-09-11,403.0,11.4116704,A
1988-09-12,463.0,13.1106784,A
1988-09-13,330.0,9.344543999999999,A
1988-09-14,250.0,7.0792,A
1988-09-15,188.0,5.3235584,A
1988-09-16,205.0,5.804944,A
1988-09-17,350.0,9.91088,A
1988-09-18,358.0,10.137414399999999,A
1988-09-19,276.0,7.8154368,A
1988-09-20,225.0,6.37128,A
1988-09-21,190.0,5.380192,A
1988-09-22,164.0,4.6439552,A
1988-09-23,157.0,4.4457376,A
1988-09-24,136.0,3.8510847999999998,A
1988-09-25,140.0,3.964352,A
1988-09-26,154.0,4.3607872,A
1988-09-27,123.0,3.4829664,A
1988-09-28,105.0,2.973264,A
1988-09-29,96.0,2.7184128,A
1988-09-30,93.0,2.6334624,A
1988-10-01,100.0,2.83168,A
1988-10-02,336.0,9.5144448,A
1988-10-03,647.0,18.3209696,A
1988-10-04,689.0,19.5102752,A
1988-10-05,600.0,16.99008,A
1988-10-06,508.0,14.3849344,A
1988-10-07,406.0,11.4966208,A
1988-10-08,296.0,8.3817728,A
1988-10-09,222.0,6.2863296,A
1988-10-10,172.0,4.8704896,A
1988-10-11,143.0,4.0493024,A
1988-10-12,125.0,3.5396,A
1988-10-13,111.0,3.1431648,A
1988-10-14,101.0,2.8599968,A
1988-10-15,92.0,2.6051456,A
1988-10-16,86.0,2.4352448,A
1988-10-17,82.0,2.3219776,A
1988-10-18,78.0,2.2087104,A
1988-10-19,75.0,2.12376,A
1988-10-20,73.0,2.0671264,A
1988-10-21,133.0,3.7661344,A
1988-10-22,122.0,3.4546495999999998,A
1988-10-23,119.0,3.3696992,A
1988-10-24,109.0,3.0865312,A
1988-10-25,94.0,2.6617792,A
1988-10-26,85.0,2.406928,A
1988-10-27,79.0,2.2370272,A
1988-10-28,76.0,2.1520768,A
1988-10-29,74.0,2.0954432,A
1988-10-30,73.0,2.0671264,A
1988-10-31,73.0,2.0671264,A
1988-11-01,74.0,2.0954432,A
1988-11-02,75.0,2.12376,A
1988-11-03,88.0,2.4918784,A
1988-11-04,102.0,2.8883136,A
1988-11-05,193.0,5.4651423999999995,A
1988-11-06,245.0,6.937616,A
1988-11-07,253.0,7.1641504,A
1988-11-08,233.0,6.5978144,A
1988-11-09,236.0,6.6827648,A
1988-11-10,209.0,5.9182112,A
1988-11-11,186.0,5.2669248,A
1988-11-12,194.0,5.4934592,A
1988-11-13,208.0,5.8898944,A
1988-11-14,205.0,5.804944,A
1988-11-15,207.0,5.8615775999999995,A
1988-11-16,194.0,5.4934592,A
1988-11-17,224.0,6.3429632,A
1988-11-18,261.0,7.3906848,A
1988-11-19,270.0,7.645536,A
1988-11-20,269.0,7.6172192,A
1988-11-21,260.0,7.362368,A
1988-11-22,289.0,8.1835552,A
1988-11-23,307.0,8.693257599999999,A
1988-11-24,300.0,8.49504,A
1988-11-25,260.0,7.362368,A
1988-11-26,229.0,6.4845472,A
1988-11-27,212.0,6.0031616,A
1988-11-28,208.0,5.8898944,A
1988-11-29,198.0,5.6067264,A
1988-11-30,203.0,5.7483104,A
1988-12-01,237.0,6.7110816,A
1988-12-02,227.0,6.4279136,A
1988-12-03,192.0,5.4368256,A
1988-12-04,175.0,4.95544,A
1988-12-05,161.0,4.5590048,A
1988-12-06,151.0,4.2758367999999995,A
1988-12-07,143.0,4.0493024,A
1988-12-08,137.0,3.8794016,A
1988-12-09,135.0,3.822768,A
1988-12-10,132.0,3.7378176,A
1988-12-11,141.0,3.9926688,A
1988-12-12,160.0,4.530688,A
1988-12-13,174.0,4.9271232,A
1988-12-14,173.0,4.8988064,A
1988-12-15,167.0,4.7289056,A
1988-12-16,169.0,4.7855392,A
1988-12-17,178.0,5.0403904,A
1988-12-18,199.0,5.6350432,A
1988-12-19,197.0,5.5784096,A
1988-12-20,185.0,5.238608,A
1988-12-21,170.0,4.813856,A
1988-12-22,157.0,4.4457376,A
1988-12-23,151.0,4.2758367999999995,A
1988-12-24,146.0,4.1342528,A
1988-12-25,142.0,4.0209856,A
1988-12-26,137.0,3.8794016,A
1988-12-27,131.0,3.7095008,A
1988-12-28,131.0,3.7095008,A
1988-12-29,141.0,3.9926688,A
1988-12-30,154.0,4.3607872,A
1988-12-31,179.0,5.0687071999999995,A
1989-01-01,365.0,10.335632,A
1989-01-02,574.0,16.2538432,A
1989-01-03,605.0,17.131664,A
1989-01-04,642.0,18.1793856,A
1989-01-05,670.0,18.972255999999998,A
1989-01-06,592.0,16.7635456,A
1989-01-07,523.0,14.8096864,A
1989-01-08,418.0,11.8364224,A
1989-01-09,330.0,9.344543999999999,A
1989-01-10,294.0,8.3251392,A
1989-01-11,272.0,7.7021695999999995,A
1989-01-12,258.0,7.3057343999999995,A
1989-01-13,249.0,7.0508831999999995,A
1989-01-14,246.0,6.9659328,A
1989-01-15,273.0,7.7304864,A
1989-01-16,331.0,9.3728608,A
1989-01-17,324.0,9.1746432,A
1989-01-18,298.0,8.4384064,A
1989-01-19,275.0,7.78712,A
1989-01-20,263.0,7.4473184,A
1989-01-21,266.0,7.5322688,A
1989-01-22,266.0,7.5322688,A
1989-01-23,256.0,7.2491008,A
1989-01-24,247.0,6.9942496,A
1989-01-25,235.0,6.6544479999999995,A
1989-01-26,224.0,6.3429632,A
1989-01-27,217.0,6.1447456,A
1989-01-28,212.0,6.0031616,A
1989-01-29,209.0,5.9182112,A
1989-01-30,207.0,5.8615775999999995,A
1989-01-31,231.0,6.5411808,A
1989-02-01,260.0,7.362368,A
1989-02-02,277.0,7.8437536,A
1989-02-03,285.0,8.070288,A
1989-02-04,269.0,7.6172192,A
1989-02-05,252.0,7.1358336,A
1989-02-06,243.0,6.8809824,A
1989-02-07,241.0,6.8243488,A
1989-02-08,251.0,7.1075168,A
1989-02-09,250.0,7.0792,A
1989-02-10,239.0,6.7677152,A
1989-02-11,224.0,6.3429632,A
1989-02-12,208.0,5.8898944,A
1989-02-13,195.0,5.521776,A
1989-02-14,187.0,5.2952416,A
1989-02-15,183.0,5.1819744,A
1989-02-16,181.0,5.1253408,A
1989-02-17,179.0,5.0687071999999995,A
1989-02-18,176.0,4.9837568,A
1989-02-19,180.0,5.097024,A
1989-02-20,201.0,5.6916768,A
1989-02-21,970.0,27.467296,A
1989-02-22,1300.0,36.81184,A
1989-02-23,1190.0,33.696992,A
1989-02-24,1000.0,28.3168,A
1989-02-25,943.0,26.702742399999998,A
1989-02-26,943.0,26.702742399999998,A
1989-02-27,834.0,23.6162112,A
1989-02-28,618.0,17.4997824,A
1989-03-01,483.0,13.6770144,A
1989-03-02,530.0,15.007904,A
1989-03-03,869.0,24.6072992,A
1989-03-04,935.0,26.476208,A
1989-03-05,956.0,27.0708608,A
1989-03-06,984.0,27.8637312,A
1989-03-07,1020.0,28.883136,A
1989-03-08,998.0,28.2601664,A
1989-03-09,796.0,22.5401728,A
1989-03-10,606.0,17.1599808,A
1989-03-11,493.0,13.960182399999999,A
1989-03-12,418.0,11.8364224,A
1989-03-13,369.0,10.4488992,A
1989-03-14,336.0,9.5144448,A
1989-03-15,313.0,8.8631584,A
1989-03-16,296.0,8.3817728,A
1989-03-17,289.0,8.1835552,A
1989-03-18,301.0,8.5233568,A
1989-03-19,314.0,8.8914752,A
1989-03-20,288.0,8.1552384,A
1989-03-21,466.0,13.1956288,A
1989-03-22,658.0,18.6324544,A
1989-03-23,1820.0,51.536576,A
1989-03-24,1940.0,54.934592,A
1989-03-25,1780.0,50.403904,A
1989-03-26,1620.0,45.873216,A
1989-03-27,2030.0,57.483104,A
1989-03-28,2470.0,69.942496,A
1989-03-29,2090.0,59.182112,A
1989-03-30,2270.0,64.279136,A
1989-03-31,2060.0,58.332608,A
1989-04-01,1610.0,45.590047999999996,A
1989-04-02,1300.0,36.81184,A
1989-04-03,1280.0,36.245504,A
1989-04-04,1420.0,40.209856,A
1989-04-05,2160.0,61.164288,A
1989-04-06,2180.0,61.730624,A
1989-04-07,1850.0,52.38608,A
1989-04-08,1680.0,47.572224,A
1989-04-09,2310.0,65.411808,A
1989-04-10,3420.0,96.843456,A
1989-04-11,3660.0,103.639488,A
1989-04-12,2900.0,82.11872,A
1989-04-13,2620.0,74.190016,A
1989-04-14,2940.0,83.251392,A
1989-04-15,2840.0,80.419712,A
1989-04-16,2370.0,67.110816,A
1989-04-17,1820.0,51.536576,A
1989-04-18,1410.0,39.926688,A
1989-04-19,1070.0,30.298976,A
1989-04-20,887.0,25.1170016,A
1989-04-21,782.0,22.1437376,A
1989-04-22,652.0,18.4625536,A
1989-04-23,540.0,15.291072,A
1989-04-24,499.0,14.1300832,A
1989-04-25,450.0,12.74256,A
1989-04-26,384.0,10.8736512,A
1989-04-27,336.0,9.5144448,A
1989-04-28,303.0,8.5799904,A
1989-04-29,281.0,7.9570208,A
1989-04-30,271.0,7.6738528,A
1989-05-01,751.0,21.2659168,A
1989-05-02,1220.0,34.546496,A
1989-05-03,1130.0,31.997984,A
1989-05-04,999.0,28.288483199999998,A
1989-05-05,985.0,27.892048,A
1989-05-06,1030.0,29.166304,A
1989-05-07,924.0,26.1647232,A
1989-05-08,586.0,16.5936448,A
1989-05-09,363.0,10.278998399999999,A
1989-05-10,315.0,8.919792,A
1989-05-11,281.0,7.9570208,A
1989-05-12,259.0,7.3340512,A
1989-05-13,271.0,7.6738528,A
1989-05-14,280.0,7.928704,A
1989-05-15,280.0,7.928704,A
1989-05-16,256.0,7.2491008,A
1989-05-17,223.0,6.3146464,A
1989-05-18,197.0,5.5784096,A
1989-05-19,183.0,5.1819744,A
1989-05-20,224.0,6.3429632,A
1989-05-21,687.0,19.4536416,A
1989-05-22,393.0,11.1285024,A
1989-05-23,371.0,10.5055328,A
1989-05-24,491.0,13.9035488,A
1989-05-25,322.0,9.1180096,A
1989-05-26,324.0,9.1746432,A
1989-05-27,284.0,8.0419712,A
1989-05-28,233.0,6.5978144,A
1989-05-29,192.0,5.4368256,A
1989-05-30,161.0,4.5590048,A
1989-05-31,136.0,3.8510847999999998,A
1989-06-01,118.0,3.3413824,A
1989-06-02,106.0,3.0015808,A
1989-06-03,118.0,3.3413824,A
1989-06-04,277.0,7.8437536,A
1989-06-05,182.0,5.1536576,A
1989-06-06,167.0,4.7289056,A
1989-06-07,150.0,4.24752,A
1989-06-08,303.0,8.5799904,A
1989-06-09,706.0,19.9916608,A
1989-06-10,613.0,17.3581984,A
1989-06-11,557.0,15.7724576,A
1989-06-12,635.0,17.981168,A
1989-06-13,652.0,18.4625536,A
1989-06-14,673.0,19.0572064,A
1989-06-15,1830.0,51.819744,A
1989-06-16,4940.0,139.884992,A
1989-06-17,5540.0,156.875072,A
1989-06-18,4750.0,134.5048,A
1989-06-19,6760.0,191.421568,A
1989-06-20,6240.0,176.696832,A
1989-06-21,4730.0,133.938464,A
1989-06-22,3790.0,107.320672,A
1989-06-23,4540.0,128.558272,A
1989-06-24,4520.0,127.991936,A
1989-06-25,3570.0,101.090976,A
1989-06-26,2690.0,76.172192,A
1989-06-27,2300.0,65.12864,A
1989-06-28,1560.0,44.174208,A
1989-06-29,971.0,27.4956128,A
1989-06-30,908.0,25.7116544,A
1989-07-01,1100.0,31.14848,A
1989-07-02,1450.0,41.05936,A
1989-07-03,1240.0,35.112832,A
1989-07-04,1190.0,33.696992,A
1989-07-05,1650.0,46.72272,A
1989-07-06,2160.0,61.164288,A
1989-07-07,2260.0,63.995968,A
1989-07-08,2050.0,58.04944,A
1989-07-09,1920.0,54.368256,A
1989-07-10,1810.0,51.253408,A
1989-07-11,1590.0,45.023711999999996,A
1989-07-12,1020.0,28.883136,A
1989-07-13,652.0,18.4625536,A
1989-07-14,589.0,16.6785952,A
1989-07-15,802.0,22.7100736,A
1989-07-16,1140.0,32.281152,A
1989-07-17,1320.0,37.378175999999996,A
1989-07-18,1230.0,34.829664,A
1989-07-19,1160.0,32.847488,A
1989-07-20,1050.0,29.73264,A
1989-07-21,1260.0,35.679168,A
1989-07-22,1410.0,39.926688,A
1989-07-23,1410.0,39.926688,A
1989-07-24,1670.0,47.289056,A
1989-07-25,2350.0,66.54448,A
1989-07-26,2710.0,76.738528,A
1989-07-27,2810.0,79.570208,A
1989-07-28,2260.0,63.995968,A
1989-07-29,1630.0,46.156384,A
1989-07-30,1090.0,30.865312,A
1989-07-31,767.0,21.7189856,A
1989-08-01,515.0,14.583152,A
1989-08-02,448.0,12.6859264,A
1989-08-03,384.0,10.8736512,A
1989-08-04,388.0,10.9869184,A
1989-08-05,342.0,9.6843456,A
1989-08-06,301.0,8.5233568,A
1989-08-07,285.0,8.070288,A
1989-08-08,263.0,7.4473184,A
1989-08-09,235.0,6.6544479999999995,A
1989-08-10,210.0,5.946528,A
1989-08-11,192.0,5.4368256,A
1989-08-12,177.0,5.0120736,A
1989-08-13,173.0,4.8988064,A
1989-08-14,162.0,4.5873216,A
1989-08-15,166.0,4.7005888,A
1989-08-16,213.0,6.0314784,A
1989-08-17,241.0,6.8243488,A
1989-08-18,213.0,6.0314784,A
1989-08-19,189.0,5.3518752,A
1989-08-20,165.0,4.6722719999999995,A
1989-08-21,149.0,4.2192032,A
1989-08-22,131.0,3.7095008,A
1989-08-23,119.0,3.3696992,A
1989-08-24,110.0,3.114848,A
1989-08-25,101.0,2.8599968,A
1989-08-26,95.0,2.690096,A
1989-08-27,90.0,2.548512,A
1989-08-28,85.0,2.406928,A
1989-08-29,81.0,2.2936608,A
1989-08-30,78.0,2.2087104,A
1989-08-31,74.0,2.0954432,A
1989-09-01,70.0,1.982176,A
1989-09-02,68.0,1.9255423999999999,A
1989-09-03,71.0,2.0104928,A
1989-09-04,90.0,2.548512,A
1989-09-05,110.0,3.114848,A
1989-09-06,98.0,2.7750464,A
1989-09-07,88.0,2.4918784,A
1989-09-08,82.0,2.3219776,A
1989-09-09,75.0,2.12376,A
1989-09-10,73.0,2.0671264,A
1989-09-11,70.0,1.982176,A
1989-09-12,67.0,1.8972256,A
1989-09-13,63.0,1.7839584,A
1989-09-14,61.0,1.7273247999999999,A
1989-09-15,66.0,1.8689088,A
1989-09-16,72.0,2.0388096,A
1989-09-17,75.0,2.12376,A
1989-09-18,88.0,2.4918784,A
1989-09-19,82.0,2.3219776,A
1989-09-20,75.0,2.12376,A
1989-09-21,72.0,2.0388096,A
1989-09-22,67.0,1.8972256,A
1989-09-23,111.0,3.1431648,A
1989-09-24,94.0,2.6617792,A
1989-09-25,112.0,3.1714816,A
1989-09-26,185.0,5.238608,A
1989-09-27,257.0,7.2774176,A
1989-09-28,260.0,7.362368,A
1989-09-29,278.0,7.8720704,A
1989-09-30,297.0,8.4100896,A
1989-10-01,417.0,11.8081056,A
1989-10-02,540.0,15.291072,A
1989-10-03,521.0,14.753052799999999,A
1989-10-04,448.0,12.6859264,A
1989-10-05,436.0,12.3461248,A
1989-10-06,420.0,11.893056,A
1989-10-07,351.0,9.9391968,A
1989-10-08,263.0,7.4473184,A
1989-10-09,203.0,5.7483104,A
1989-10-10,169.0,4.7855392,A
1989-10-11,146.0,4.1342528,A
1989-10-12,130.0,3.681184,A
1989-10-13,122.0,3.4546495999999998,A
1989-10-14,120.0,3.398016,A
1989-10-15,130.0,3.681184,A
1989-10-16,171.0,4.8421728,A
1989-10-17,217.0,6.1447456,A
1989-10-18,339.0,9.5993952,A
1989-10-19,366.0,10.3639488,A
1989-10-20,329.0,9.3162272,A
1989-10-21,291.0,8.2401888,A
1989-10-22,250.0,7.0792,A
1989-10-23,215.0,6.088112,A
1989-10-24,188.0,5.3235584,A
1989-10-25,170.0,4.813856,A
1989-10-26,156.0,4.4174208,A
1989-10-27,143.0,4.0493024,A
1989-10-28,131.0,3.7095008,A
1989-10-29,124.0,3.5112832,A
1989-10-30,119.0,3.3696992,A
1989-10-31,114.0,3.2281152,A
1989-11-01,110.0,3.114848,A
1989-11-02,111.0,3.1431648,A
1989-11-03,117.0,3.3130656,A
1989-11-04,131.0,3.7095008,A
1989-11-05,131.0,3.7095008,A
1989-11-06,124.0,3.5112832,A
1989-11-07,128.0,3.6245504,A
1989-11-08,795.0,22.511855999999998,A
1989-11-09,1700.0,48.13856,A
1989-11-10,1650.0,46.72272,A
1989-11-11,1470.0,41.625696,A
1989-11-12,1450.0,41.05936,A
1989-11-13,1800.0,50.97024,A
1989-11-14,1940.0,54.934592,A
1989-11-15,1540.0,43.607872,A
1989-11-16,1150.0,32.56432,A
1989-11-17,833.0,23.5878944,A
1989-11-18,688.0,19.4819584,A
1989-11-19,627.0,17.7546336,A
1989-11-20,606.0,17.1599808,A
1989-11-21,547.0,15.4892896,A
1989-11-22,464.0,13.1389952,A
1989-11-23,511.0,14.469884799999999,A
1989-11-24,665.0,18.830672,A
1989-11-25,630.0,17.839584,A
1989-11-26,625.0,17.698,A
1989-11-27,635.0,17.981168,A
1989-11-28,592.0,16.7635456,A
1989-11-29,553.0,15.6591904,A
1989-11-30,522.0,14.7813696,A
1989-12-01,461.0,13.0540448,A
1989-12-02,423.0,11.9780064,A
1989-12-03,395.0,11.185136,A
1989-12-04,363.0,10.278998399999999,A
1989-12-05,339.0,9.5993952,A
1989-12-06,324.0,9.1746432,A
1989-12-07,317.0,8.9764256,A
1989-12-08,539.0,15.262755199999999,A
1989-12-09,949.0,26.8726432,A
1989-12-10,1040.0,29.449472,A
1989-12-11,1080.0,30.582144,A
1989-12-12,1240.0,35.112832,A
1989-12-13,1600.0,45.30688,A
1989-12-14,1760.0,49.837568,A
1989-12-15,1640.0,46.439552,A
1989-12-16,1450.0,41.05936,A
1989-12-17,1310.0,37.095008,A
1989-12-18,1240.0,35.112832,A
1989-12-19,1370.0,38.794016,A
1989-12-20,1830.0,51.819744,A
1989-12-21,1630.0,46.156384,A
1989-12-22,1310.0,37.095008,A
1989-12-23,1270.0,35.962336,A
1989-12-24,1350.0,38.22768,A
1989-12-25,1340.0,37.944511999999996,A
1989-12-26,1140.0,32.281152,A
1989-12-27,846.0,23.9560128,A
1989-12-28,695.0,19.680176,A
1989-12-29,637.0,18.037801599999998,A
1989-12-30,591.0,16.735228799999998,A
1989-12-31,2780.0,78.720704,A
1990-01-01,4000.0,113.2672,A
1990-01-02,2730.0,77.304864,A
1990-01-03,1930.0,54.651424,A
1990-01-04,2230.0,63.146464,A
1990-01-05,3190.0,90.330592,A
1990-01-06,3780.0,107.037504,A
1990-01-07,3790.0,107.320672,A
1990-01-08,3370.0,95.427616,A
1990-01-09,2830.0,80.136544,A
1990-01-10,2900.0,82.11872,A
1990-01-11,3460.0,97.976128,A
1990-01-12,3240.0,91.746432,A
1990-01-13,2530.0,71.641504,A
1990-01-14,1950.0,55.21776,A
1990-01-15,1540.0,43.607872,A
1990-01-16,1160.0,32.847488,A
1990-01-17,909.0,25.7399712,A
1990-01-18,835.0,23.644528,A
1990-01-19,914.0,25.8815552,A
1990-01-20,962.0,27.2407616,A
1990-01-21,1300.0,36.81184,A
1990-01-22,1570.0,44.457376,A
1990-01-23,1780.0,50.403904,A
1990-01-24,2050.0,58.04944,A
1990-01-25,2860.0,80.986048,A
1990-01-26,3320.0,94.011776,A
1990-01-27,2680.0,75.88902399999999,A
1990-01-28,2070.0,58.615776,A
1990-01-29,1790.0,50.687072,A
1990-01-30,1720.0,48.704896,A
1990-01-31,1590.0,45.023711999999996,A
1990-02-01,1360.0,38.510848,A
1990-02-02,1140.0,32.281152,A
1990-02-03,973.0,27.5522464,A
1990-02-04,870.0,24.635616,A
1990-02-05,799.0,22.6251232,A
1990-02-06,757.0,21.4358176,A
1990-02-07,760.0,21.520768,A
1990-02-08,775.0,21.94552,A
1990-02-09,754.0,21.3508672,A
1990-02-10,1020.0,28.883136,A
1990-02-11,1310.0,37.095008,A
1990-02-12,1240.0,35.112832,A
1990-02-13,1160.0,32.847488,A
1990-02-14,1210.0,34.263328,A
1990-02-15,1310.0,37.095008,A
1990-02-16,1750.0,49.5544,A
1990-02-17,2250.0,63.7128,A
1990-02-18,2140.0,60.597952,A
1990-02-19,2450.0,69.37616,A
1990-02-20,3480.0,98.542464,A
1990-02-21,3760.0,106.47116799999999,A
1990-02-22,3620.0,102.506816,A
1990-02-23,3900.0,110.43552,A
1990-02-24,3320.0,94.011776,A
1990-02-25,2620.0,74.190016,A
1990-02-26,2150.0,60.881119999999996,A
1990-02-27,1870.0,52.952416,A
1990-02-28,1560.0,44.174208,A
1990-03-01,1210.0,34.263328,A
1990-03-02,1020.0,28.883136,A
1990-03-03,1150.0,32.56432,A
1990-03-04,1100.0,31.14848,A
1990-03-05,1020.0,28.883136,A
1990-03-06,969.0,27.4389792,A
1990-03-07,927.0,26.2496736,A
1990-03-08,832.0,23.5595776,A
1990-03-09,729.0,20.6429472,A
1990-03-10,669.0,18.9439392,A
1990-03-11,632.0,17.8962176,A
1990-03-12,599.0,16.9617632,A
1990-03-13,574.0,16.2538432,A
1990-03-14,551.0,15.6025568,A
1990-03-15,587.0,16.6219616,A
1990-03-16,8310.0,235.31260799999998,A
1990-03-17,19200.0,543.68256,A
1990-03-18,23100.0,654.11808,A
1990-03-19,21200.0,600.31616,A
1990-03-20,11200.0,317.14816,A
1990-03-21,5680.0,160.839424,A
1990-03-22,3880.0,109.869184,A
1990-03-23,2910.0,82.401888,A
1990-03-24,2290.0,64.845472,A
1990-03-25,1870.0,52.952416,A
1990-03-26,1590.0,45.023711999999996,A
1990-03-27,1360.0,38.510848,A
1990-03-28,1200.0,33.98016,A
1990-03-29,1090.0,30.865312,A
1990-03-30,1060.0,30.015808,A
1990-03-31,1100.0,31.14848,A
1990-04-01,1140.0,32.281152,A
1990-04-02,1570.0,44.457376,A
1990-04-03,1530.0,43.324704,A
1990-04-04,1500.0,42.4752,A
1990-04-05,1530.0,43.324704,A
1990-04-06,1510.0,42.758368,A
1990-04-07,1520.0,43.041536,A
1990-04-08,1340.0,37.944511999999996,A
1990-04-09,1150.0,32.56432,A
1990-04-10,962.0,27.2407616,A
1990-04-11,976.0,27.637196799999998,A
1990-04-12,1080.0,30.582144,A
1990-04-13,1140.0,32.281152,A
1990-04-14,1130.0,31.997984,A
1990-04-15,1240.0,35.112832,A
1990-04-16,1230.0,34.829664,A
1990-04-17,1040.0,29.449472,A
1990-04-18,839.0,23.7577952,A
1990-04-19,767.0,21.7189856,A
1990-04-20,671.0,19.0005728,A
1990-04-21,590.0,16.706912,A
1990-04-22,536.0,15.1778048,A
1990-04-23,512.0,14.4982016,A
1990-04-24,486.0,13.7619648,A
1990-04-25,459.0,12.9974112,A
1990-04-26,427.0,12.0912736,A
1990-04-27,395.0,11.185136,A
1990-04-28,496.0,14.0451328,A
1990-04-29,698.0,19.7651264,A
1990-04-30,785.0,22.228688,A
1990-05-01,816.0,23.1065088,A
1990-05-02,776.0,21.9738368,A
1990-05-03,661.0,18.7174048,A
1990-05-04,511.0,14.469884799999999,A
1990-05-05,424.0,12.0063232,A
1990-05-06,403.0,11.4116704,A
1990-05-07,458.0,12.9690944,A
1990-05-08,402.0,11.3833536,A
1990-05-09,411.0,11.6382048,A
1990-05-10,663.0,18.7740384,A
1990-05-11,773.0,21.8888864,A
1990-05-12,737.0,20.8694816,A
1990-05-13,865.0,24.494032,A
1990-05-14,947.0,26.8160096,A
1990-05-15,884.0,25.032051199999998,A
1990-05-16,772.0,21.860569599999998,A
1990-05-17,721.0,20.4164128,A
1990-05-18,624.0,17.6696832,A
1990-05-19,472.0,13.3655296,A
1990-05-20,370.0,10.477216,A
1990-05-21,473.0,13.3938464,A
1990-05-22,878.0,24.8621504,A
1990-05-23,883.0,25.0037344,A
1990-05-24,752.0,21.2942336,A
1990-05-25,653.0,18.4908704,A
1990-05-26,536.0,15.1778048,A
1990-05-27,442.0,12.516025599999999,A
1990-05-28,933.0,26.4195744,A
1990-05-29,548.0,15.5176064,A
1990-05-30,372.0,10.5338496,A
1990-05-31,314.0,8.8914752,A
1990-06-01,292.0,8.2685056,A
1990-06-02,401.0,11.3550368,A
1990-06-03,346.0,9.7976128,A
1990-06-04,384.0,10.8736512,A
1990-06-05,396.0,11.2134528,A
1990-06-06,325.0,9.20296,A
1990-06-07,283.0,8.0136544,A
1990-06-08,247.0,6.9942496,A
1990-06-09,254.0,7.1924672,A
1990-06-10,492.0,13.9318656,A
1990-06-11,588.0,16.6502784,A
1990-06-12,426.0,12.0629568,A
1990-06-13,404.0,11.4399872,A
1990-06-14,309.0,8.7498912,A
1990-06-15,237.0,6.7110816,A
1990-06-16,210.0,5.946528,A
1990-06-17,297.0,8.4100896,A
1990-06-18,299.0,8.4667232,A
1990-06-19,233.0,6.5978144,A
1990-06-20,188.0,5.3235584,A
1990-06-21,160.0,4.530688,A
1990-06-22,140.0,3.964352,A
1990-06-23,130.0,3.681184,A
1990-06-24,149.0,4.2192032,A
1990-06-25,137.0,3.8794016,A
1990-06-26,120.0,3.398016,A
1990-06-27,109.0,3.0865312,A
1990-06-28,100.0,2.83168,A
1990-06-29,95.0,2.690096,A
1990-06-30,89.0,2.5201952,A
1990-07-01,85.0,2.406928,A
1990-07-02,82.0,2.3219776,A
1990-07-03,97.0,2.7467296,A
1990-07-04,92.0,2.6051456,A
1990-07-05,97.0,2.7467296,A
1990-07-06,108.0,3.0582143999999998,A
1990-07-07,94.0,2.6617792,A
1990-07-08,94.0,2.6617792,A
1990-07-09,108.0,3.0582143999999998,A
1990-07-10,132.0,3.7378176,A
1990-07-11,130.0,3.681184,A
1990-07-12,159.0,4.5023712,A
1990-07-13,211.0,5.9748448,A
1990-07-14,253.0,7.1641504,A
1990-07-15,263.0,7.4473184,A
1990-07-16,218.0,6.1730624,A
1990-07-17,164.0,4.6439552,A
1990-07-18,140.0,3.964352,A
1990-07-19,248.0,7.0225664,A
1990-07-20,364.0,10.3073152,A
1990-07-21,285.0,8.070288,A
1990-07-22,235.0,6.6544479999999995,A
1990-07-23,205.0,5.804944,A
1990-07-24,195.0,5.521776,A
1990-07-25,143.0,4.0493024,A
1990-07-26,133.0,3.7661344,A
1990-07-27,117.0,3.3130656,A
1990-07-28,104.0,2.9449472,A
1990-07-29,95.0,2.690096,A
1990-07-30,86.0,2.4352448,A
1990-07-31,81.0,2.2936608,A
1990-08-01,77.0,2.1803936,A
1990-08-02,73.0,2.0671264,A
1990-08-03,69.0,1.9538592,A
1990-08-04,69.0,1.9538592,A
1990-08-05,73.0,2.0671264,A
1990-08-06,72.0,2.0388096,A
1990-08-07,77.0,2.1803936,A
1990-08-08,93.0,2.6334624,A
1990-08-09,75.0,2.12376,A
1990-08-10,61.0,1.7273247999999999,A
1990-08-11,56.0,1.5857408,A
1990-08-12,51.0,1.4441568,A
1990-08-13,49.0,1.3875232,A
1990-08-14,48.0,1.3592064,A
1990-08-15,46.0,1.3025728,A
1990-08-16,44.0,1.2459392,A
1990-08-17,43.0,1.2176224,A
1990-08-18,44.0,1.2459392,A
1990-08-19,45.0,1.274256,A
1990-08-20,47.0,1.3308896,A
1990-08-21,64.0,1.8122752,A
1990-08-22,72.0,2.0388096,A
1990-08-23,70.0,1.982176,A
1990-08-24,67.0,1.8972256,A
1990-08-25,69.0,1.9538592,A
1990-08-26,60.0,1.699008,A
1990-08-27,52.0,1.4724736,A
1990-08-28,46.0,1.3025728,A
1990-08-29,43.0,1.2176224,A
1990-08-30,41.0,1.1609888,A
1990-08-31,41.0,1.1609888,A
1990-09-01,41.0,1.1609888,A
1990-09-02,40.0,1.132672,A
1990-09-03,43.0,1.2176224,A
1990-09-04,49.0,1.3875232,A
1990-09-05,45.0,1.274256,A
1990-09-06,40.0,1.132672,A
1990-09-07,36.0,1.0194048,A
1990-09-08,36.0,1.0194048,A
1990-09-09,35.0,0.991088,A
1990-09-10,35.0,0.991088,A
1990-09-11,34.0,0.9627711999999999,A
1990-09-12,34.0,0.9627711999999999,A
1990-09-13,34.0,0.9627711999999999,A
1990-09-14,33.0,0.9344544,A
1990-09-15,34.0,0.9627711999999999,A
1990-09-16,34.0,0.9627711999999999,A
1990-09-17,36.0,1.0194048,A
1990-09-18,36.0,1.0194048,A
1990-09-19,33.0,0.9344544,A
1990-09-20,32.0,0.9061376,A
1990-09-21,31.0,0.8778208,A
1990-09-22,31.0,0.8778208,A
1990-09-23,32.0,0.9061376,A
1990-09-24,31.0,0.8778208,A
1990-09-25,30.0,0.849504,A
1990-09-26,32.0,0.9061376,A
1990-09-27,32.0,0.9061376,A
1990-09-28,31.0,0.8778208,A
1990-09-29,31.0,0.8778208,A
1990-09-30,33.0,0.9344544,A
1990-10-01,32.0,0.9061376,A
1990-10-02,32.0,0.9061376,A
1990-10-03,32.0,0.9061376,A
1990-10-04,33.0,0.9344544,A
1990-10-05,35.0,0.991088,A
1990-10-06,33.0,0.9344544,A
1990-10-07,32.0,0.9061376,A
1990-10-08,34.0,0.9627711999999999,A
1990-10-09,34.0,0.9627711999999999,A
1990-10-10,32.0,0.9061376,A
1990-10-11,31.0,0.8778208,A
1990-10-12,30.0,0.849504,A
1990-10-13,30.0,0.849504,A
1990-10-14,29.0,0.8211872,A
1990-10-15,29.0,0.8211872,A
1990-10-16,29.0,0.8211872,A
1990-10-17,31.0,0.8778208,A
1990-10-18,39.0,1.1043552,A
1990-10-19,38.0,1.0760384,A
1990-10-20,55.0,1.557424,A
1990-10-21,65.0,1.840592,A
1990-10-22,73.0,2.0671264,A
1990-10-23,104.0,2.9449472,A
1990-10-24,253.0,7.1641504,A
1990-10-25,188.0,5.3235584,A
1990-10-26,108.0,3.0582143999999998,A
1990-10-27,83.0,2.3502944,A
1990-10-28,70.0,1.982176,A
1990-10-29,63.0,1.7839584,A
1990-10-30,59.0,1.6706912,A
1990-10-31,56.0,1.5857408,A
1990-11-01,54.0,1.5291071999999999,A
1990-11-02,54.0,1.5291071999999999,A
1990-11-03,53.0,1.5007904,A
1990-11-04,52.0,1.4724736,A
1990-11-05,53.0,1.5007904,A
1990-11-06,54.0,1.5291071999999999,A
1990-11-07,54.0,1.5291071999999999,A
1990-11-08,58.0,1.6423744,A
1990-11-09,67.0,1.8972256,A
1990-11-10,81.0,2.2936608,A
1990-11-11,134.0,3.7944512,A
1990-11-12,143.0,4.0493024,A
1990-11-13,107.0,3.0298976,A
1990-11-14,89.0,2.5201952,A
1990-11-15,79.0,2.2370272,A
1990-11-16,73.0,2.0671264,A
1990-11-17,69.0,1.9538592,A
1990-11-18,66.0,1.8689088,A
1990-11-19,65.0,1.840592,A
1990-11-20,65.0,1.840592,A
1990-11-21,65.0,1.840592,A
1990-11-22,66.0,1.8689088,A
1990-11-23,66.0,1.8689088,A
1990-11-24,67.0,1.8972256,A
1990-11-25,69.0,1.9538592,A
1990-11-26,70.0,1.982176,A
1990-11-27,69.0,1.9538592,A
1990-11-28,69.0,1.9538592,A
1990-11-29,79.0,2.2370272,A
1990-11-30,73.0,2.0671264,A
1990-12-01,72.0,2.0388096,A
1990-12-02,75.0,2.12376,A
1990-12-03,81.0,2.2936608,A
1990-12-04,94.0,2.6617792,A
1990-12-05,182.0,5.1536576,A
1990-12-06,177.0,5.0120736,A
1990-12-07,129.0,3.6528671999999998,A
1990-12-08,122.0,3.4546495999999998,A
1990-12-09,130.0,3.681184,A
1990-12-10,133.0,3.7661344,A
1990-12-11,117.0,3.3130656,A
1990-12-12,105.0,2.973264,A
1990-12-13,99.0,2.8033632,A
1990-12-14,95.0,2.690096,A
1990-12-15,92.0,2.6051456,A
1990-12-16,90.0,2.548512,A
1990-12-17,89.0,2.5201952,A
1990-12-18,89.0,2.5201952,A
1990-12-19,98.0,2.7750464,A
1990-12-20,130.0,3.681184,A
1990-12-21,145.0,4.105936,A
1990-12-22,128.0,3.6245504,A
1990-12-23,133.0,3.7661344,A
1990-12-24,201.0,5.6916768,A
1990-12-25,293.0,8.2968224,A
1990-12-26,272.0,7.7021695999999995,A
1990-12-27,204.0,5.7766272,A
1990-12-28,165.0,4.6722719999999995,A
1990-12-29,145.0,4.105936,A
1990-12-30,134.0,3.7944512,A
1990-12-31,129.0,3.6528671999999998,A
1991-01-01,157.0,4.4457376,A
1991-01-02,280.0,7.928704,A
1991-01-03,354.0,10.0241472,A
1991-01-04,333.0,9.4294944,A
1991-01-05,287.0,8.1269216,A
1991-01-06,249.0,7.0508831999999995,A
1991-01-07,247.0,6.9942496,A
1991-01-08,257.0,7.2774176,A
1991-01-09,271.0,7.6738528,A
1991-01-10,256.0,7.2491008,A
1991-01-11,377.0,10.6754336,A
1991-01-12,508.0,14.3849344,A
1991-01-13,503.0,14.2433504,A
1991-01-14,413.0,11.6948384,A
1991-01-15,355.0,10.052464,A
1991-01-16,328.0,9.2879104,A
1991-01-17,314.0,8.8914752,A
1991-01-18,285.0,8.070288,A
1991-01-19,271.0,7.6738528,A
1991-01-20,301.0,8.5233568,A
1991-01-21,324.0,9.1746432,A
1991-01-22,296.0,8.3817728,A
1991-01-23,266.0,7.5322688,A
1991-01-24,386.0,10.930284799999999,A
1991-01-25,662.0,18.7457216,A
1991-01-26,749.0,21.209283199999998,A
1991-01-27,696.0,19.7084928,A
1991-01-28,657.0,18.6041376,A
1991-01-29,681.0,19.2837408,A
1991-01-30,1430.0,40.493024,A
1991-01-31,1820.0,51.536576,A
1991-02-01,1620.0,45.873216,A
1991-02-02,1550.0,43.89104,A
1991-02-03,1660.0,47.005888,A
1991-02-04,2040.0,57.766272,A
1991-02-05,2040.0,57.766272,A
1991-02-06,1660.0,47.005888,A
1991-02-07,1280.0,36.245504,A
1991-02-08,773.0,21.8888864,A
1991-02-09,561.0,15.8857248,A
1991-02-10,485.0,13.733648,A
1991-02-11,433.0,12.2611744,A
1991-02-12,395.0,11.185136,A
1991-02-13,372.0,10.5338496,A
1991-02-14,375.0,10.6188,A
1991-02-15,365.0,10.335632,A
1991-02-16,341.0,9.6560288,A
1991-02-17,323.0,9.1463264,A
1991-02-18,321.0,9.0896928,A
1991-02-19,333.0,9.4294944,A
1991-02-20,362.0,10.2506816,A
1991-02-21,569.0,16.1122592,A
1991-02-22,802.0,22.7100736,A
1991-02-23,1180.0,33.413824,A
1991-02-24,1010.0,28.599968,A
1991-02-25,939.0,26.5894752,A
1991-02-26,933.0,26.4195744,A
1991-02-27,943.0,26.702742399999998,A
1991-02-28,851.0,24.097596799999998,A
1991-03-01,902.0,25.5417536,A
1991-03-02,2500.0,70.792,A
1991-03-03,2870.0,81.269216,A
1991-03-04,3080.0,87.215744,A
1991-03-05,3970.0,112.41769599999999,A
1991-03-06,4790.0,135.637472,A
1991-03-07,4260.0,120.62956799999999,A
1991-03-08,3400.0,96.27712,A
1991-03-09,2480.0,70.225664,A
1991-03-10,1840.0,52.102911999999996,A
1991-03-11,1410.0,39.926688,A
1991-03-12,949.0,26.8726432,A
1991-03-13,789.0,22.3419552,A
1991-03-14,751.0,21.2659168,A
1991-03-15,743.0,21.0393824,A
1991-03-16,721.0,20.4164128,A
1991-03-17,845.0,23.927696,A
1991-03-18,1010.0,28.599968,A
1991-03-19,967.0,27.3823456,A
1991-03-20,879.0,24.8904672,A
1991-03-21,864.0,24.465715199999998,A
1991-03-22,847.0,23.9843296,A
1991-03-23,769.0,21.7756192,A
1991-03-24,676.0,19.1421568,A
1991-03-25,589.0,16.6785952,A
1991-03-26,531.0,15.0362208,A
1991-03-27,494.0,13.9884992,A
1991-03-28,466.0,13.1956288,A
1991-03-29,461.0,13.0540448,A
1991-03-30,612.0,17.3298816,A
1991-03-31,862.0,24.4090816,A
1991-04-01,947.0,26.8160096,A
1991-04-02,1050.0,29.73264,A
1991-04-03,1210.0,34.263328,A
1991-04-04,1380.0,39.077184,A
1991-04-05,1360.0,38.510848,A
1991-04-06,962.0,27.2407616,A
1991-04-07,590.0,16.706912,A
1991-04-08,500.0,14.1584,A
1991-04-09,467.0,13.2239456,A
1991-04-10,496.0,14.0451328,A
1991-04-11,625.0,17.698,A
1991-04-12,661.0,18.7174048,A
1991-04-13,610.0,17.273248,A
1991-04-14,535.0,15.149488,A
1991-04-15,465.0,13.167311999999999,A
1991-04-16,415.0,11.751472,A
1991-04-17,423.0,11.9780064,A
1991-04-18,404.0,11.4399872,A
1991-04-19,370.0,10.477216,A
1991-04-20,339.0,9.5993952,A
1991-04-21,311.0,8.8065248,A
1991-04-22,282.0,7.9853376,A
1991-04-23,426.0,12.0629568,A
1991-04-24,583.0,16.5086944,A
1991-04-25,722.0,20.4447296,A
1991-04-26,707.0,20.0199776,A
1991-04-27,661.0,18.7174048,A
1991-04-28,558.0,15.8007744,A
1991-04-29,608.0,17.2166144,A
1991-04-30,761.0,21.5490848,A
1991-05-01,915.0,25.909872,A
1991-05-02,1110.0,31.431648,A
1991-05-03,1260.0,35.679168,A
1991-05-04,1440.0,40.776192,A
1991-05-05,1410.0,39.926688,A
1991-05-06,1330.0,37.661344,A
1991-05-07,998.0,28.2601664,A
1991-05-08,934.0,26.4478912,A
1991-05-09,968.0,27.4106624,A
1991-05-10,1030.0,29.166304,A
1991-05-11,1070.0,30.298976,A
1991-05-12,1020.0,28.883136,A
1991-05-13,1110.0,31.431648,A
1991-05-14,1170.0,33.130656,A
1991-05-15,1070.0,30.298976,A
1991-05-16,916.0,25.9381888,A
1991-05-17,995.0,28.175216,A
1991-05-18,893.0,25.2869024,A
1991-05-19,806.0,22.8233408,A
1991-05-20,742.0,21.0110656,A
1991-05-21,719.0,20.3597792,A
1991-05-22,738.0,20.8977984,A
1991-05-23,820.0,23.219776,A
1991-05-24,746.0,21.1243328,A
1991-05-25,532.0,15.0645376,A
1991-05-26,556.0,15.7441408,A
1991-05-27,891.0,25.2302688,A
1991-05-28,968.0,27.4106624,A
1991-05-29,1160.0,32.847488,A
1991-05-30,1040.0,29.449472,A
1991-05-31,945.0,26.759376,A
1991-06-01,855.0,24.210864,A
1991-06-02,693.0,19.623542399999998,A
1991-06-03,896.0,25.3718528,A
1991-06-04,609.0,17.2449312,A
1991-06-05,458.0,12.9690944,A
1991-06-06,378.0,10.7037504,A
1991-06-07,315.0,8.919792,A
1991-06-08,265.0,7.503952,A
1991-06-09,217.0,6.1447456,A
1991-06-10,177.0,5.0120736,A
1991-06-11,150.0,4.24752,A
1991-06-12,130.0,3.681184,A
1991-06-13,115.0,3.2564319999999998,A
1991-06-14,104.0,2.9449472,A
1991-06-15,95.0,2.690096,A
1991-06-16,89.0,2.5201952,A
1991-06-17,91.0,2.5768288,A
1991-06-18,113.0,3.1997984,A
1991-06-19,493.0,13.960182399999999,A
1991-06-20,708.0,20.0482944,A
1991-06-21,563.0,15.9423584,A
1991-06-22,415.0,11.751472,A
1991-06-23,369.0,10.4488992,A
1991-06-24,350.0,9.91088,A
1991-06-25,586.0,16.5936448,A
1991-06-26,1230.0,34.829664,A
1991-06-27,1380.0,39.077184,A
1991-06-28,1310.0,37.095008,A
1991-06-29,1330.0,37.661344,A
1991-06-30,1650.0,46.72272,A
1991-07-01,2300.0,65.12864,A
1991-07-02,2140.0,60.597952,A
1991-07-03,1490.0,42.192032,A
1991-07-04,810.0,22.936608,A
1991-07-05,712.0,20.1615616,A
1991-07-06,852.0,24.1259136,A
1991-07-07,790.0,22.370272,A
1991-07-08,668.0,18.9156224,A
1991-07-09,676.0,19.1421568,A
1991-07-10,786.0,22.2570048,A
1991-07-11,741.0,20.9827488,A
1991-07-12,616.0,17.4431488,A
1991-07-13,469.0,13.2805792,A
1991-07-14,375.0,10.6188,A
1991-07-15,479.0,13.5637472,A
1991-07-16,390.0,11.043552,A
1991-07-17,348.0,9.8542464,A
1991-07-18,325.0,9.20296,A
1991-07-19,294.0,8.3251392,A
1991-07-20,246.0,6.9659328,A
1991-07-21,211.0,5.9748448,A
1991-07-22,186.0,5.2669248,A
1991-07-23,224.0,6.3429632,A
1991-07-24,238.0,6.7393984,A
1991-07-25,252.0,7.1358336,A
1991-07-26,410.0,11.609888,A
1991-07-27,375.0,10.6188,A
1991-07-28,329.0,9.3162272,A
1991-07-29,308.0,8.7215744,A
1991-07-30,276.0,7.8154368,A
1991-07-31,262.0,7.4190016,A
1991-08-01,212.0,6.0031616,A
1991-08-02,183.0,5.1819744,A
1991-08-03,184.0,5.2102912,A
1991-08-04,216.0,6.1164287999999996,A
1991-08-05,186.0,5.2669248,A
1991-08-06,167.0,4.7289056,A
1991-08-07,150.0,4.24752,A
1991-08-08,141.0,3.9926688,A
1991-08-09,151.0,4.2758367999999995,A
1991-08-10,146.0,4.1342528,A
1991-08-11,127.0,3.5962336,A
1991-08-12,145.0,4.105936,A
1991-08-13,200.0,5.66336,A
1991-08-14,228.0,6.4562304,A
1991-08-15,249.0,7.0508831999999995,A
1991-08-16,273.0,7.7304864,A
1991-08-17,254.0,7.1924672,A
1991-08-18,213.0,6.0314784,A
1991-08-19,211.0,5.9748448,A
1991-08-20,352.0,9.9675136,A
1991-08-21,305.0,8.636624,A
1991-08-22,220.0,6.229696,A
1991-08-23,165.0,4.6722719999999995,A
1991-08-24,136.0,3.8510847999999998,A
1991-08-25,181.0,5.1253408,A
1991-08-26,208.0,5.8898944,A
1991-08-27,182.0,5.1536576,A
1991-08-28,165.0,4.6722719999999995,A
1991-08-29,145.0,4.105936,A
1991-08-30,136.0,3.8510847999999998,A
1991-08-31,193.0,5.4651423999999995,A
1991-09-01,301.0,8.5233568,A
1991-09-02,265.0,7.503952,A
1991-09-03,228.0,6.4562304,A
1991-09-04,185.0,5.238608,A
1991-09-05,149.0,4.2192032,A
1991-09-06,122.0,3.4546495999999998,A
1991-09-07,110.0,3.114848,A
1991-09-08,103.0,2.9166304,A
1991-09-09,95.0,2.690096,A
1991-09-10,92.0,2.6051456,A
1991-09-11,89.0,2.5201952,A
1991-09-12,92.0,2.6051456,A
1991-09-13,87.0,2.4635616,A
1991-09-14,81.0,2.2936608,A
1991-09-15,76.0,2.1520768,A
1991-09-16,72.0,2.0388096,A
1991-09-17,70.0,1.982176,A
1991-09-18,71.0,2.0104928,A
1991-09-19,68.0,1.9255423999999999,A
1991-09-20,112.0,3.1714816,A
1991-09-21,134.0,3.7944512,A
1991-09-22,99.0,2.8033632,A
1991-09-23,81.0,2.2936608,A
1991-09-24,73.0,2.0671264,A
1991-09-25,84.0,2.3786112,A
1991-09-26,99.0,2.8033632,A
1991-09-27,172.0,4.8704896,A
1991-09-28,157.0,4.4457376,A
1991-09-29,126.0,3.5679168,A
1991-09-30,108.0,3.0582143999999998,A
1991-10-01,93.0,2.6334624,A
1991-10-02,84.0,2.3786112,A
1991-10-03,79.0,2.2370272,A
1991-10-04,75.0,2.12376,A
1991-10-05,73.0,2.0671264,A
1991-10-06,70.0,1.982176,A
1991-10-07,69.0,1.9538592,A
1991-10-08,71.0,2.0104928,A
1991-10-09,68.0,1.9255423999999999,A
1991-10-10,65.0,1.840592,A
1991-10-11,64.0,1.8122752,A
1991-10-12,64.0,1.8122752,A
1991-10-13,63.0,1.7839584,A
1991-10-14,61.0,1.7273247999999999,A
1991-10-15,60.0,1.699008,A
1991-10-16,58.0,1.6423744,A
1991-10-17,71.0,2.0104928,A
1991-10-18,104.0,2.9449472,A
1991-10-19,88.0,2.4918784,A
1991-10-20,76.0,2.1520768,A
1991-10-21,71.0,2.0104928,A
1991-10-22,67.0,1.8972256,A
1991-10-23,65.0,1.840592,A
1991-10-24,65.0,1.840592,A
1991-10-25,64.0,1.8122752,A
1991-10-26,64.0,1.8122752,A
1991-10-27,63.0,1.7839584,A
1991-10-28,64.0,1.8122752,A
1991-10-29,63.0,1.7839584,A
1991-10-30,62.0,1.7556416,A
1991-10-31,63.0,1.7839584,A
1991-11-01,66.0,1.8689088,A
1991-11-02,71.0,2.0104928,A
1991-11-03,119.0,3.3696992,A
1991-11-04,125.0,3.5396,A
1991-11-05,103.0,2.9166304,A
1991-11-06,92.0,2.6051456,A
1991-11-07,86.0,2.4352448,A
1991-11-08,86.0,2.4352448,A
1991-11-09,86.0,2.4352448,A
1991-11-10,85.0,2.406928,A
1991-11-11,85.0,2.406928,A
1991-11-12,84.0,2.3786112,A
1991-11-13,84.0,2.3786112,A
1991-11-14,83.0,2.3502944,A
1991-11-15,84.0,2.3786112,A
1991-11-16,84.0,2.3786112,A
1991-11-17,85.0,2.406928,A
1991-11-18,84.0,2.3786112,A
1991-11-19,85.0,2.406928,A
1991-11-20,92.0,2.6051456,A
1991-11-21,214.0,6.0597952,A
1991-11-22,626.0,17.7263168,A
1991-11-23,842.0,23.8427456,A
1991-11-24,909.0,25.7399712,A
1991-11-25,898.0,25.4284864,A
1991-11-26,863.0,24.4373984,A
1991-11-27,863.0,24.4373984,A
1991-11-28,796.0,22.5401728,A
1991-11-29,597.0,16.9051296,A
1991-11-30,420.0,11.893056,A
1991-12-01,353.0,9.9958304,A
1991-12-02,324.0,9.1746432,A
1991-12-03,360.0,10.194048,A
1991-12-04,582.0,16.4803776,A
1991-12-05,754.0,21.3508672,A
1991-12-06,744.0,21.0676992,A
1991-12-07,723.0,20.4730464,A
1991-12-08,701.0,19.8500768,A
1991-12-09,637.0,18.037801599999998,A
1991-12-10,602.0,17.0467136,A
1991-12-11,583.0,16.5086944,A
1991-12-12,573.0,16.2255264,A
1991-12-13,541.0,15.3193888,A
1991-12-14,527.0,14.9229536,A
1991-12-15,525.0,14.86632,A
1991-12-16,534.0,15.1211712,A
1991-12-17,493.0,13.960182399999999,A
1991-12-18,446.0,12.6292928,A
1991-12-19,404.0,11.4399872,A
1991-12-20,366.0,10.3639488,A
1991-12-21,336.0,9.5144448,A
1991-12-22,318.0,9.0047424,A
1991-12-23,310.0,8.778208,A
1991-12-24,319.0,9.0330592,A
1991-12-25,328.0,9.2879104,A
1991-12-26,326.0,9.2312768,A
1991-12-27,324.0,9.1746432,A
1991-12-28,343.0,9.7126624,A
1991-12-29,413.0,11.6948384,A
1991-12-30,474.0,13.4221632,A
1991-12-31,486.0,13.7619648,A
1992-01-01,488.0,13.818598399999999,A
1992-01-02,469.0,13.2805792,A
1992-01-03,430.0,12.176224,A
1992-01-04,416.0,11.7797888,A
1992-01-05,467.0,13.2239456,A
1992-01-06,512.0,14.4982016,A
1992-01-07,501.0,14.1867168,A
1992-01-08,459.0,12.9974112,A
1992-01-09,452.0,12.7991936,A
1992-01-10,529.0,14.9795872,A
1992-01-11,557.0,15.7724576,A
1992-01-12,560.0,15.857408,A
1992-01-13,1500.0,42.4752,A
1992-01-14,2310.0,65.411808,A
1992-01-15,2680.0,75.88902399999999,A
1992-01-16,3230.0,91.463264,A
1992-01-17,4990.0,141.30083199999999,A
1992-01-18,4220.0,119.49689599999999,A
1992-01-19,3690.0,104.488992,A
1992-01-20,2930.0,82.96822399999999,A
1992-01-21,2220.0,62.863296,A
1992-01-22,1740.0,49.271232,A
1992-01-23,1760.0,49.837568,A
1992-01-24,1740.0,49.271232,A
1992-01-25,1670.0,47.289056,A
1992-01-26,1560.0,44.174208,A
1992-01-27,1560.0,44.174208,A
1992-01-28,2260.0,63.995968,A
1992-01-29,2390.0,67.67715199999999,A
1992-01-30,1860.0,52.669247999999996,A
1992-01-31,1610.0,45.590047999999996,A
1992-02-01,1380.0,39.077184,A
1992-02-02,1260.0,35.679168,A
1992-02-03,1190.0,33.696992,A
1992-02-04,1150.0,32.56432,A
1992-02-05,1290.0,36.528672,A
1992-02-06,1960.0,55.500928,A
1992-02-07,1880.0,53.235583999999996,A
1992-02-08,1770.0,50.120736,A
1992-02-09,1760.0,49.837568,A
1992-02-10,1930.0,54.651424,A
1992-02-11,1880.0,53.235583999999996,A
1992-02-12,1560.0,44.174208,A
1992-02-13,1150.0,32.56432,A
1992-02-14,894.0,25.3152192,A
1992-02-15,947.0,26.8160096,A
1992-02-16,1140.0,32.281152,A
1992-02-17,1480.0,41.908864,A
1992-02-18,1730.0,48.988064,A
1992-02-19,1920.0,54.368256,A
1992-02-20,2410.0,68.243488,A
1992-02-21,2600.0,73.62368,A
1992-02-22,2500.0,70.792,A
1992-02-23,2140.0,60.597952,A
1992-02-24,1810.0,51.253408,A
1992-02-25,1630.0,46.156384,A
1992-02-26,1450.0,41.05936,A
1992-02-27,1300.0,36.81184,A
1992-02-28,1280.0,36.245504,A
1992-02-29,1240.0,35.112832,A
1992-03-01,1170.0,33.130656,A
1992-03-02,1030.0,29.166304,A
1992-03-03,859.0,24.3241312,A
1992-03-04,749.0,21.209283199999998,A
1992-03-05,709.0,20.0766112,A
1992-03-06,1040.0,29.449472,A
1992-03-07,1300.0,36.81184,A
1992-03-08,1370.0,38.794016,A
1992-03-09,1460.0,41.342528,A
1992-03-10,2070.0,58.615776,A
1992-03-11,2510.0,71.075168,A
1992-03-12,2160.0,61.164288,A
1992-03-13,1760.0,49.837568,A
1992-03-14,1490.0,42.192032,A
1992-03-15,1340.0,37.944511999999996,A
1992-03-16,1190.0,33.696992,A
1992-03-17,997.0,28.2318496,A
1992-03-18,818.0,23.163142399999998,A
1992-03-19,991.0,28.0619488,A
1992-03-20,1050.0,29.73264,A
1992-03-21,994.0,28.1468992,A
1992-03-22,967.0,27.3823456,A
1992-03-23,1000.0,28.3168,A
1992-03-24,969.0,27.4389792,A
1992-03-25,894.0,25.3152192,A
1992-03-26,846.0,23.9560128,A
1992-03-27,866.0,24.5223488,A
1992-03-28,812.0,22.9932416,A
1992-03-29,767.0,21.7189856,A
1992-03-30,708.0,20.0482944,A
1992-03-31,675.0,19.11384,A
1992-04-01,678.0,19.1987904,A
1992-04-02,642.0,18.1793856,A
1992-04-03,597.0,16.9051296,A
1992-04-04,565.0,15.998992,A
1992-04-05,530.0,15.007904,A
1992-04-06,491.0,13.9035488,A
1992-04-07,471.0,13.3372128,A
1992-04-08,505.0,14.299984,A
1992-04-09,506.0,14.3283008,A
1992-04-10,477.0,13.5071136,A
1992-04-11,484.0,13.7053312,A
1992-04-12,473.0,13.3938464,A
1992-04-13,455.0,12.884144,A
1992-04-14,487.0,13.7902816,A
1992-04-15,480.0,13.592064,A
1992-04-16,417.0,11.8081056,A
1992-04-17,369.0,10.4488992,A
1992-04-18,337.0,9.5427616,A
1992-04-19,428.0,12.1195904,A
1992-04-20,875.0,24.7772,A
1992-04-21,1300.0,36.81184,A
1992-04-22,1390.0,39.360352,A
1992-04-23,1340.0,37.944511999999996,A
1992-04-24,1250.0,35.396,A
1992-04-25,1200.0,33.98016,A
1992-04-26,972.0,27.5239296,A
1992-04-27,597.0,16.9051296,A
1992-04-28,456.0,12.9124608,A
1992-04-29,402.0,11.3833536,A
1992-04-30,362.0,10.2506816,A
1992-05-01,334.0,9.4578112,A
1992-05-02,310.0,8.778208,A
1992-05-03,285.0,8.070288,A
1992-05-04,261.0,7.3906848,A
1992-05-05,238.0,6.7393984,A
1992-05-06,217.0,6.1447456,A
1992-05-07,202.0,5.7199936,A
1992-05-08,193.0,5.4651423999999995,A
1992-05-09,187.0,5.2952416,A
1992-05-10,179.0,5.0687071999999995,A
1992-05-11,167.0,4.7289056,A
1992-05-12,156.0,4.4174208,A
1992-05-13,146.0,4.1342528,A
1992-05-14,143.0,4.0493024,A
1992-05-15,146.0,4.1342528,A
1992-05-16,157.0,4.4457376,A
1992-05-17,164.0,4.6439552,A
1992-05-18,131.0,3.7095008,A
1992-05-19,117.0,3.3130656,A
1992-05-20,103.0,2.9166304,A
1992-05-21,93.0,2.6334624,A
1992-05-22,85.0,2.406928,A
1992-05-23,79.0,2.2370272,A
1992-05-24,73.0,2.0671264,A
1992-05-25,69.0,1.9538592,A
1992-05-26,65.0,1.840592,A
1992-05-27,64.0,1.8122752,A
1992-05-28,160.0,4.530688,A
1992-05-29,354.0,10.0241472,A
1992-05-30,474.0,13.4221632,A
1992-05-31,415.0,11.751472,A
1992-06-01,311.0,8.8065248,A
1992-06-02,245.0,6.937616,A
1992-06-03,195.0,5.521776,A
1992-06-04,250.0,7.0792,A
1992-06-05,266.0,7.5322688,A
1992-06-06,248.0,7.0225664,A
1992-06-07,185.0,5.238608,A
1992-06-08,163.0,4.6156384,A
1992-06-09,163.0,4.6156384,A
1992-06-10,174.0,4.9271232,A
1992-06-11,217.0,6.1447456,A
1992-06-12,424.0,12.0063232,A
1992-06-13,878.0,24.8621504,A
1992-06-14,1040.0,29.449472,A
1992-06-15,768.0,21.7473024,A
1992-06-16,546.0,15.4609728,A
1992-06-17,562.0,15.9140416,A
1992-06-18,470.0,13.308895999999999,A
1992-06-19,593.0,16.7918624,A
1992-06-20,876.0,24.8055168,A
1992-06-21,915.0,25.909872,A
1992-06-22,560.0,15.857408,A
1992-06-23,390.0,11.043552,A
1992-06-24,285.0,8.070288,A
1992-06-25,216.0,6.1164287999999996,A
1992-06-26,181.0,5.1253408,A
1992-06-27,223.0,6.3146464,A
1992-06-28,170.0,4.813856,A
1992-06-29,138.0,3.9077184,A
1992-06-30,128.0,3.6245504,A
1992-07-01,164.0,4.6439552,A
1992-07-02,424.0,12.0063232,A
1992-07-03,447.0,12.6576096,A
1992-07-04,456.0,12.9124608,A
1992-07-05,365.0,10.335632,A
1992-07-06,269.0,7.6172192,A
1992-07-07,203.0,5.7483104,A
1992-07-08,208.0,5.8898944,A
1992-07-09,151.0,4.2758367999999995,A
1992-07-10,123.0,3.4829664,A
1992-07-11,184.0,5.2102912,A
1992-07-12,133.0,3.7661344,A
1992-07-13,150.0,4.24752,A
1992-07-14,123.0,3.4829664,A
1992-07-15,108.0,3.0582143999999998,A
1992-07-16,200.0,5.66336,A
1992-07-17,395.0,11.185136,A
1992-07-18,487.0,13.7902816,A
1992-07-19,702.0,19.8783936,A
1992-07-20,397.0,11.2417696,A
1992-07-21,348.0,9.8542464,A
1992-07-22,227.0,6.4279136,A
1992-07-23,194.0,5.4934592,A
1992-07-24,177.0,5.0120736,A
1992-07-25,157.0,4.4457376,A
1992-07-26,141.0,3.9926688,A
1992-07-27,125.0,3.5396,A
1992-07-28,114.0,3.2281152,A
1992-07-29,108.0,3.0582143999999998,A
1992-07-30,108.0,3.0582143999999998,A
1992-07-31,96.0,2.7184128,A
1992-08-01,95.0,2.690096,A
1992-08-02,94.0,2.6617792,A
1992-08-03,90.0,2.548512,A
1992-08-04,87.0,2.4635616,A
1992-08-05,85.0,2.406928,A
1992-08-06,105.0,2.973264,A
1992-08-07,95.0,2.690096,A
1992-08-08,90.0,2.548512,A
1992-08-09,75.0,2.12376,A
1992-08-10,72.0,2.0388096,A
1992-08-11,67.0,1.8972256,A
1992-08-12,65.0,1.840592,A
1992-08-13,87.0,2.4635616,A
1992-08-14,84.0,2.3786112,A
1992-08-15,82.0,2.3219776,A
1992-08-16,99.0,2.8033632,A
1992-08-17,92.0,2.6051456,A
1992-08-18,100.0,2.83168,A
1992-08-19,107.0,3.0298976,A
1992-08-20,104.0,2.9449472,A
1992-08-21,118.0,3.3413824,A
1992-08-22,139.0,3.9360352,A
1992-08-23,153.0,4.3324704,A
1992-08-24,140.0,3.964352,A
1992-08-25,125.0,3.5396,A
1992-08-26,135.0,3.822768,A
1992-08-27,139.0,3.9360352,A
1992-08-28,131.0,3.7095008,A
1992-08-29,197.0,5.5784096,A
1992-08-30,222.0,6.2863296,A
1992-08-31,195.0,5.521776,A
1992-09-01,178.0,5.0403904,A
1992-09-02,137.0,3.8794016,A
1992-09-03,105.0,2.973264,A
1992-09-04,88.0,2.4918784,A
1992-09-05,79.0,2.2370272,A
1992-09-06,81.0,2.2936608,A
1992-09-07,88.0,2.4918784,A
1992-09-08,97.0,2.7467296,A
1992-09-09,148.0,4.1908864,A
1992-09-10,149.0,4.2192032,A
1992-09-11,164.0,4.6439552,A
1992-09-12,124.0,3.5112832,A
1992-09-13,97.0,2.7467296,A
1992-09-14,90.0,2.548512,A
1992-09-15,86.0,2.4352448,A
1992-09-16,78.0,2.2087104,A
1992-09-17,81.0,2.2936608,A
1992-09-18,69.0,1.9538592,A
1992-09-19,65.0,1.840592,A
1992-09-20,67.0,1.8972256,A
1992-09-21,64.0,1.8122752,A
1992-09-22,69.0,1.9538592,A
1992-09-23,67.0,1.8972256,A
1992-09-24,65.0,1.840592,A
1992-09-25,65.0,1.840592,A
1992-09-26,66.0,1.8689088,A
1992-09-27,72.0,2.0388096,A
1992-09-28,78.0,2.2087104,A
1992-09-29,89.0,2.5201952,A
1992-09-30,86.0,2.4352448,A
1992-10-01,77.0,2.1803936,A
1992-10-02,69.0,1.9538592,A
1992-10-03,68.0,1.9255423999999999,A
1992-10-04,90.0,2.548512,A
1992-10-05,164.0,4.6439552,A
1992-10-06,235.0,6.6544479999999995,A
1992-10-07,192.0,5.4368256,A
1992-10-08,170.0,4.813856,A
1992-10-09,139.0,3.9360352,A
1992-10-10,113.0,3.1997984,A
1992-10-11,181.0,5.1253408,A
1992-10-12,154.0,4.3607872,A
1992-10-13,124.0,3.5112832,A
1992-10-14,106.0,3.0015808,A
1992-10-15,93.0,2.6334624,A
1992-10-16,85.0,2.406928,A
1992-10-17,80.0,2.265344,A
1992-10-18,79.0,2.2370272,A
1992-10-19,86.0,2.4352448,A
1992-10-20,101.0,2.8599968,A
1992-10-21,94.0,2.6617792,A
1992-10-22,86.0,2.4352448,A
1992-10-23,79.0,2.2370272,A
1992-10-24,75.0,2.12376,A
1992-10-25,72.0,2.0388096,A
1992-10-26,70.0,1.982176,A
1992-10-27,68.0,1.9255423999999999,A
1992-10-28,71.0,2.0104928,A
1992-10-29,81.0,2.2936608,A
1992-10-30,97.0,2.7467296,A
1992-10-31,106.0,3.0015808,A
1992-11-01,99.0,2.8033632,A
1992-11-02,114.0,3.2281152,A
1992-11-03,134.0,3.7944512,A
1992-11-04,412.0,11.6665216,A
1992-11-05,728.0,20.6146304,A
1992-11-06,775.0,21.94552,A
1992-11-07,680.0,19.255424,A
1992-11-08,559.0,15.8290912,A
1992-11-09,508.0,14.3849344,A
1992-11-10,457.0,12.9407776,A
1992-11-11,366.0,10.3639488,A
1992-11-12,466.0,13.1956288,A
1992-11-13,891.0,25.2302688,A
1992-11-14,797.0,22.5684896,A
1992-11-15,639.0,18.0944352,A
1992-11-16,556.0,15.7441408,A
1992-11-17,486.0,13.7619648,A
1992-11-18,402.0,11.3833536,A
1992-11-19,332.0,9.4011776,A
1992-11-20,293.0,8.2968224,A
1992-11-21,291.0,8.2401888,A
1992-11-22,350.0,9.91088,A
1992-11-23,451.0,12.7708768,A
1992-11-24,918.0,25.9948224,A
1992-11-25,1910.0,54.085088,A
1992-11-26,2710.0,76.738528,A
1992-11-27,5620.0,159.140416,A
1992-11-28,11000.0,311.4848,A
1992-11-29,8030.0,227.383904,A
1992-11-30,4960.0,140.451328,A
1992-12-01,3380.0,95.710784,A
1992-12-02,2330.0,65.978144,A
1992-12-03,1690.0,47.855392,A
1992-12-04,1220.0,34.546496,A
1992-12-05,868.0,24.5789824,A
1992-12-06,745.0,21.096016,A
1992-12-07,706.0,19.9916608,A
1992-12-08,745.0,21.096016,A
1992-12-09,802.0,22.7100736,A
1992-12-10,854.0,24.1825472,A
1992-12-11,881.0,24.9471008,A
1992-12-12,880.0,24.918784,A
1992-12-13,861.0,24.380764799999998,A
1992-12-14,848.0,24.0126464,A
1992-12-15,788.0,22.3136384,A
1992-12-16,736.0,20.8411648,A
1992-12-17,2140.0,60.597952,A
1992-12-18,2780.0,78.720704,A
1992-12-19,2640.0,74.75635199999999,A
1992-12-20,3780.0,107.037504,A
1992-12-21,4540.0,128.558272,A
1992-12-22,3610.0,102.223648,A
1992-12-23,2710.0,76.738528,A
1992-12-24,2030.0,57.483104,A
1992-12-25,1580.0,44.740544,A
1992-12-26,1210.0,34.263328,A
1992-12-27,963.0,27.269078399999998,A
1992-12-28,831.0,23.5312608,A
1992-12-29,755.0,21.379184,A
1992-12-30,710.0,20.104928,A
1992-12-31,681.0,19.2837408,A
1993-01-01,656.0,18.5758208,A
1993-01-02,632.0,17.8962176,A
1993-01-03,609.0,17.2449312,A
1993-01-04,593.0,16.7918624,A
1993-01-05,625.0,17.698,A
1993-01-06,654.0,18.5191872,A
1993-01-07,747.0,21.1526496,A
1993-01-08,1100.0,31.14848,A
1993-01-09,1120.0,31.714816,A
1993-01-10,1090.0,30.865312,A
1993-01-11,1080.0,30.582144,A
1993-01-12,1270.0,35.962336,A
1993-01-13,1490.0,42.192032,A
1993-01-14,1360.0,38.510848,A
1993-01-15,1250.0,35.396,A
1993-01-16,1180.0,33.413824,A
1993-01-17,1150.0,32.56432,A
1993-01-18,1090.0,30.865312,A
1993-01-19,964.0,27.2973952,A
1993-01-20,890.0,25.201952,A
1993-01-21,1560.0,44.174208,A
1993-01-22,1800.0,50.97024,A
1993-01-23,1680.0,47.572224,A
1993-01-24,1550.0,43.89104,A
1993-01-25,1620.0,45.873216,A
1993-01-26,1790.0,50.687072,A
1993-01-27,1700.0,48.13856,A
1993-01-28,1410.0,39.926688,A
1993-01-29,1070.0,30.298976,A
1993-01-30,843.0,23.8710624,A
1993-01-31,742.0,21.0110656,A
1993-02-01,682.0,19.3120576,A
1993-02-02,639.0,18.0944352,A
1993-02-03,607.0,17.1882976,A
1993-02-04,581.0,16.452060799999998,A
1993-02-05,561.0,15.8857248,A
1993-02-06,558.0,15.8007744,A
1993-02-07,779.0,22.0587872,A
1993-02-08,949.0,26.8726432,A
1993-02-09,974.0,27.5805632,A
1993-02-10,963.0,27.269078399999998,A
1993-02-11,1080.0,30.582144,A
1993-02-12,1190.0,33.696992,A
1993-02-13,1120.0,31.714816,A
1993-02-14,1010.0,28.599968,A
1993-02-15,960.0,27.184128,A
1993-02-16,1700.0,48.13856,A
1993-02-17,2000.0,56.6336,A
1993-02-18,1640.0,46.439552,A
1993-02-19,1360.0,38.510848,A
1993-02-20,1340.0,37.944511999999996,A
1993-02-21,1430.0,40.493024,A
1993-02-22,1410.0,39.926688,A
1993-02-23,1210.0,34.263328,A
1993-02-24,927.0,26.2496736,A
1993-02-25,808.0,22.8799744,A
1993-02-26,1110.0,31.431648,A
1993-02-27,1090.0,30.865312,A
1993-02-28,1020.0,28.883136,A
1993-03-01,983.0,27.8354144,A
1993-03-02,1000.0,28.3168,A
1993-03-03,1330.0,37.661344,A
1993-03-04,1480.0,41.908864,A
1993-03-05,1400.0,39.64352,A
1993-03-06,1350.0,38.22768,A
1993-03-07,1420.0,40.209856,A
1993-03-08,1560.0,44.174208,A
1993-03-09,1550.0,43.89104,A
1993-03-10,1300.0,36.81184,A
1993-03-11,920.0,26.051455999999998,A
1993-03-12,735.0,20.812848,A
1993-03-13,1160.0,32.847488,A
1993-03-14,1310.0,37.095008,A
1993-03-15,1350.0,38.22768,A
1993-03-16,1360.0,38.510848,A
1993-03-17,1740.0,49.271232,A
1993-03-18,2160.0,61.164288,A
1993-03-19,2360.0,66.827648,A
1993-03-20,2400.0,67.96032,A
1993-03-21,2570.0,72.774176,A
1993-03-22,2540.0,71.924672,A
1993-03-23,2120.0,60.031616,A
1993-03-24,1750.0,49.5544,A
1993-03-25,1410.0,39.926688,A
1993-03-26,1150.0,32.56432,A
1993-03-27,1000.0,28.3168,A
1993-03-28,901.0,25.5134368,A
1993-03-29,831.0,23.5312608,A
1993-03-30,802.0,22.7100736,A
1993-03-31,1930.0,54.651424,A
1993-04-01,2550.0,72.20784,A
1993-04-02,2410.0,68.243488,A
1993-04-03,2150.0,60.881119999999996,A
1993-04-04,2700.0,76.45536,A
1993-04-05,2770.0,78.437536,A
1993-04-06,2210.0,62.580128,A
1993-04-07,1770.0,50.120736,A
1993-04-08,1420.0,40.209856,A
1993-04-09,1130.0,31.997984,A
1993-04-10,998.0,28.2601664,A
1993-04-11,915.0,25.909872,A
1993-04-12,833.0,23.5878944,A
1993-04-13,767.0,21.7189856,A
1993-04-14,707.0,20.0199776,A
1993-04-15,686.0,19.4253248,A
1993-04-16,723.0,20.4730464,A
1993-04-17,726.0,20.557996799999998,A
1993-04-18,662.0,18.7457216,A
1993-04-19,601.0,17.0183968,A
1993-04-20,539.0,15.262755199999999,A
1993-04-21,495.0,14.016816,A
1993-04-22,464.0,13.1389952,A
1993-04-23,433.0,12.2611744,A
1993-04-24,408.0,11.5532544,A
1993-04-25,389.0,11.0152352,A
1993-04-26,441.0,12.4877088,A
1993-04-27,550.0,15.57424,A
1993-04-28,503.0,14.2433504,A
1993-04-29,455.0,12.884144,A
1993-04-30,410.0,11.609888,A
1993-05-01,376.0,10.6471168,A
1993-05-02,364.0,10.3073152,A
1993-05-03,359.0,10.1657312,A
1993-05-04,430.0,12.176224,A
1993-05-05,458.0,12.9690944,A
1993-05-06,446.0,12.6292928,A
1993-05-07,437.0,12.374441599999999,A
1993-05-08,406.0,11.4966208,A
1993-05-09,341.0,9.6560288,A
1993-05-10,293.0,8.2968224,A
1993-05-11,260.0,7.362368,A
1993-05-12,262.0,7.4190016,A
1993-05-13,280.0,7.928704,A
1993-05-14,360.0,10.194048,A
1993-05-15,336.0,9.5144448,A
1993-05-16,300.0,8.49504,A
1993-05-17,275.0,7.78712,A
1993-05-18,240.0,6.796032,A
1993-05-19,214.0,6.0597952,A
1993-05-20,197.0,5.5784096,A
1993-05-21,182.0,5.1536576,A
1993-05-22,165.0,4.6722719999999995,A
1993-05-23,151.0,4.2758367999999995,A
1993-05-24,142.0,4.0209856,A
1993-05-25,136.0,3.8510847999999998,A
1993-05-26,144.0,4.0776192,A
1993-05-27,165.0,4.6722719999999995,A
1993-05-28,213.0,6.0314784,A
1993-05-29,197.0,5.5784096,A
1993-05-30,175.0,4.95544,A
1993-05-31,158.0,4.4740544,A
1993-06-01,140.0,3.964352,A
1993-06-02,204.0,5.7766272,A
1993-06-03,172.0,4.8704896,A
1993-06-04,128.0,3.6245504,A
1993-06-05,109.0,3.0865312,A
1993-06-06,97.0,2.7467296,A
1993-06-07,96.0,2.7184128,A
1993-06-08,86.0,2.4352448,A
1993-06-09,80.0,2.265344,A
1993-06-10,76.0,2.1520768,A
1993-06-11,72.0,2.0388096,A
1993-06-12,69.0,1.9538592,A
1993-06-13,91.0,2.5768288,A
1993-06-14,84.0,2.3786112,A
1993-06-15,85.0,2.406928,A
1993-06-16,97.0,2.7467296,A
1993-06-17,90.0,2.548512,A
1993-06-18,76.0,2.1520768,A
1993-06-19,66.0,1.8689088,A
1993-06-20,62.0,1.7556416,A
1993-06-21,59.0,1.6706912,A
1993-06-22,58.0,1.6423744,A
1993-06-23,56.0,1.5857408,A
1993-06-24,57.0,1.6140576,A
1993-06-25,59.0,1.6706912,A
1993-06-26,74.0,2.0954432,A
1993-06-27,87.0,2.4635616,A
1993-06-28,96.0,2.7184128,A
1993-06-29,130.0,3.681184,A
1993-06-30,223.0,6.3146464,A
1993-07-01,403.0,11.4116704,A
1993-07-02,526.0,14.8946368,A
1993-07-03,498.0,14.101766399999999,A
1993-07-04,438.0,12.4027584,A
1993-07-05,308.0,8.7215744,A
1993-07-06,218.0,6.1730624,A
1993-07-07,170.0,4.813856,A
1993-07-08,147.0,4.1625696,A
1993-07-09,125.0,3.5396,A
1993-07-10,154.0,4.3607872,A
1993-07-11,125.0,3.5396,A
1993-07-12,107.0,3.0298976,A
1993-07-13,93.0,2.6334624,A
1993-07-14,126.0,3.5679168,A
1993-07-15,121.0,3.4263328,A
1993-07-16,104.0,2.9449472,A
1993-07-17,89.0,2.5201952,A
1993-07-18,88.0,2.4918784,A
1993-07-19,105.0,2.973264,A
1993-07-20,83.0,2.3502944,A
1993-07-21,75.0,2.12376,A
1993-07-22,94.0,2.6617792,A
1993-07-23,107.0,3.0298976,A
1993-07-24,81.0,2.2936608,A
1993-07-25,76.0,2.1520768,A
1993-07-26,74.0,2.0954432,A
1993-07-27,73.0,2.0671264,A
1993-07-28,66.0,1.8689088,A
1993-07-29,63.0,1.7839584,A
1993-07-30,61.0,1.7273247999999999,A
1993-07-31,67.0,1.8972256,A
1993-08-01,65.0,1.840592,A
1993-08-02,57.0,1.6140576,A
1993-08-03,53.0,1.5007904,A
1993-08-04,49.0,1.3875232,A
1993-08-05,53.0,1.5007904,A
1993-08-06,73.0,2.0671264,A
1993-08-07,121.0,3.4263328,A
1993-08-08,176.0,4.9837568,A
1993-08-09,331.0,9.3728608,A
1993-08-10,361.0,10.2223648,A
1993-08-11,315.0,8.919792,A
1993-08-12,304.0,8.6083072,A
1993-08-13,242.0,6.8526656,A
1993-08-14,186.0,5.2669248,A
1993-08-15,148.0,4.1908864,A
1993-08-16,168.0,4.7572224,A
1993-08-17,185.0,5.238608,A
1993-08-18,152.0,4.3041536,A
1993-08-19,116.0,3.2847488,A
1993-08-20,96.0,2.7184128,A
1993-08-21,84.0,2.3786112,A
1993-08-22,76.0,2.1520768,A
1993-08-23,71.0,2.0104928,A
1993-08-24,66.0,1.8689088,A
1993-08-25,62.0,1.7556416,A
1993-08-26,63.0,1.7839584,A
1993-08-27,61.0,1.7273247999999999,A
1993-08-28,61.0,1.7273247999999999,A
1993-08-29,62.0,1.7556416,A
1993-08-30,62.0,1.7556416,A
1993-08-31,64.0,1.8122752,A
1993-09-01,65.0,1.840592,A
1993-09-02,80.0,2.265344,A
1993-09-03,113.0,3.1997984,A
1993-09-04,244.0,6.9092991999999995,A
1993-09-05,317.0,8.9764256,A
1993-09-06,220.0,6.229696,A
1993-09-07,489.0,13.8469152,A
1993-09-08,498.0,14.101766399999999,A
1993-09-09,410.0,11.609888,A
1993-09-10,367.0,10.3922656,A
1993-09-11,362.0,10.2506816,A
1993-09-12,273.0,7.7304864,A
1993-09-13,219.0,6.2013792,A
1993-09-14,212.0,6.0031616,A
1993-09-15,179.0,5.0687071999999995,A
1993-09-16,152.0,4.3041536,A
1993-09-17,129.0,3.6528671999999998,A
1993-09-18,116.0,3.2847488,A
1993-09-19,106.0,3.0015808,A
1993-09-20,97.0,2.7467296,A
1993-09-21,91.0,2.5768288,A
1993-09-22,91.0,2.5768288,A
1993-09-23,92.0,2.6051456,A
1993-09-24,83.0,2.3502944,A
1993-09-25,77.0,2.1803936,A
1993-09-26,73.0,2.0671264,A
1993-09-27,70.0,1.982176,A
1993-09-28,69.0,1.9538592,A
1993-09-29,67.0,1.8972256,A
1993-09-30,66.0,1.8689088,A
1993-10-01,63.0,1.7839584,A
1993-10-02,61.0,1.7273247999999999,A
1993-10-03,63.0,1.7839584,A
1993-10-04,59.0,1.6706912,A
1993-10-05,56.0,1.5857408,A
1993-10-06,54.0,1.5291071999999999,A
1993-10-07,53.0,1.5007904,A
1993-10-08,52.0,1.4724736,A
1993-10-09,51.0,1.4441568,A
1993-10-10,50.0,1.41584,A
1993-10-11,50.0,1.41584,A
1993-10-12,50.0,1.41584,A
1993-10-13,50.0,1.41584,A
1993-10-14,50.0,1.41584,A
1993-10-15,50.0,1.41584,A
1993-10-16,53.0,1.5007904,A
1993-10-17,54.0,1.5291071999999999,A
1993-10-18,54.0,1.5291071999999999,A
1993-10-19,58.0,1.6423744,A
1993-10-20,60.0,1.699008,A
1993-10-21,60.0,1.699008,A
1993-10-22,58.0,1.6423744,A
1993-10-23,57.0,1.6140576,A
1993-10-24,66.0,1.8689088,A
1993-10-25,69.0,1.9538592,A
1993-10-26,65.0,1.840592,A
1993-10-27,63.0,1.7839584,A
1993-10-28,60.0,1.699008,A
1993-10-29,66.0,1.8689088,A
1993-10-30,441.0,12.4877088,A
1993-10-31,835.0,23.644528,A
1993-11-01,870.0,24.635616,A
1993-11-02,578.0,16.3671104,A
1993-11-03,417.0,11.8081056,A
1993-11-04,311.0,8.8065248,A
1993-11-05,314.0,8.8914752,A
1993-11-06,608.0,17.2166144,A
1993-11-07,810.0,22.936608,A
1993-11-08,877.0,24.8338336,A
1993-11-09,890.0,25.201952,A
1993-11-10,911.0,25.7966048,A
1993-11-11,863.0,24.4373984,A
1993-11-12,568.0,16.0839424,A
1993-11-13,391.0,11.0718688,A
1993-11-14,328.0,9.2879104,A
1993-11-15,297.0,8.4100896,A
1993-11-16,278.0,7.8720704,A
1993-11-17,272.0,7.7021695999999995,A
1993-11-18,305.0,8.636624,A
1993-11-19,337.0,9.5427616,A
1993-11-20,364.0,10.3073152,A
1993-11-21,354.0,10.0241472,A
1993-11-22,310.0,8.778208,A
1993-11-23,277.0,7.8437536,A
1993-11-24,253.0,7.1641504,A
1993-11-25,237.0,6.7110816,A
1993-11-26,228.0,6.4562304,A
1993-11-27,228.0,6.4562304,A
1993-11-28,256.0,7.2491008,A
1993-11-29,280.0,7.928704,A
1993-11-30,291.0,8.2401888,A
1993-12-01,276.0,7.8154368,A
1993-12-02,257.0,7.2774176,A
1993-12-03,238.0,6.7393984,A
1993-12-04,233.0,6.5978144,A
1993-12-05,282.0,7.9853376,A
1993-12-06,373.0,10.5621664,A
1993-12-07,389.0,11.0152352,A
1993-12-08,377.0,10.6754336,A
1993-12-09,345.0,9.769296,A
1993-12-10,316.0,8.9481088,A
1993-12-11,338.0,9.5710784,A
1993-12-12,460.0,13.025727999999999,A
1993-12-13,535.0,15.149488,A
1993-12-14,689.0,19.5102752,A
1993-12-15,822.0,23.2764096,A
1993-12-16,857.0,24.2674976,A
1993-12-17,804.0,22.7667072,A
1993-12-18,763.0,21.6057184,A
1993-12-19,680.0,19.255424,A
1993-12-20,613.0,17.3581984,A
1993-12-21,660.0,18.689087999999998,A
1993-12-22,658.0,18.6324544,A
1993-12-23,702.0,19.8783936,A
1993-12-24,769.0,21.7756192,A
1993-12-25,752.0,21.2942336,A
1993-12-26,689.0,19.5102752,A
1993-12-27,654.0,18.5191872,A
1993-12-28,605.0,17.131664,A
1993-12-29,538.0,15.2344384,A
1993-12-30,474.0,13.4221632,A
1993-12-31,431.0,12.2045408,A
1994-01-01,401.0,11.3550368,A
1994-01-02,382.0,10.8170176,A
1994-01-03,375.0,10.6188,A
1994-01-04,403.0,11.4116704,A
1994-01-05,449.0,12.7142432,A
1994-01-06,446.0,12.6292928,A
1994-01-07,435.0,12.317808,A
1994-01-08,425.0,12.03464,A
1994-01-09,404.0,11.4399872,A
1994-01-10,376.0,10.6471168,A
1994-01-11,365.0,10.335632,A
1994-01-12,431.0,12.2045408,A
1994-01-13,553.0,15.6591904,A
1994-01-14,601.0,17.0183968,A
1994-01-15,642.0,18.1793856,A
1994-01-16,648.0,18.3492864,A
1994-01-17,669.0,18.9439392,A
1994-01-18,833.0,23.5878944,A
1994-01-19,790.0,22.370272,A
1994-01-20,727.0,20.5863136,A
1994-01-21,729.0,20.6429472,A
1994-01-22,698.0,19.7651264,A
1994-01-23,597.0,16.9051296,A
1994-01-24,508.0,14.3849344,A
1994-01-25,453.0,12.8275104,A
1994-01-26,423.0,11.9780064,A
1994-01-27,408.0,11.5532544,A
1994-01-28,782.0,22.1437376,A
1994-01-29,1010.0,28.599968,A
1994-01-30,1050.0,29.73264,A
1994-01-31,1060.0,30.015808,A
1994-02-01,1120.0,31.714816,A
1994-02-02,1250.0,35.396,A
1994-02-03,1390.0,39.360352,A
1994-02-04,1350.0,38.22768,A
1994-02-05,1190.0,33.696992,A
1994-02-06,1110.0,31.431648,A
1994-02-07,1130.0,31.997984,A
1994-02-08,1120.0,31.714816,A
1994-02-09,1160.0,32.847488,A
1994-02-10,1320.0,37.378175999999996,A
1994-02-11,1660.0,47.005888,A
1994-02-12,1690.0,47.855392,A
1994-02-13,1600.0,45.30688,A
1994-02-14,1420.0,40.209856,A
1994-02-15,1310.0,37.095008,A
1994-02-16,1330.0,37.661344,A
1994-02-17,1280.0,36.245504,A
1994-02-18,1090.0,30.865312,A
1994-02-19,803.0,22.7383904,A
1994-02-20,642.0,18.1793856,A
1994-02-21,583.0,16.5086944,A
1994-02-22,550.0,15.57424,A
1994-02-23,547.0,15.4892896,A
1994-02-24,699.0,19.7934432,A
1994-02-25,776.0,21.9738368,A
1994-02-26,773.0,21.8888864,A
1994-02-27,783.0,22.1720544,A
1994-02-28,783.0,22.1720544,A
1994-03-01,798.0,22.5968064,A
1994-03-02,1120.0,31.714816,A
1994-03-03,1100.0,31.14848,A
1994-03-04,995.0,28.175216,A
1994-03-05,978.0,27.6938304,A
1994-03-06,1010.0,28.599968,A
1994-03-07,977.0,27.6655136,A
1994-03-08,828.0,23.446310399999998,A
1994-03-09,711.0,20.1332448,A
1994-03-10,944.0,26.7310592,A
1994-03-11,878.0,24.8621504,A
1994-03-12,807.0,22.8516576,A
1994-03-13,800.0,22.65344,A
1994-03-14,777.0,22.0021536,A
1994-03-15,686.0,19.4253248,A
1994-03-16,596.0,16.8768128,A
1994-03-17,526.0,14.8946368,A
1994-03-18,481.0,13.6203808,A
1994-03-19,449.0,12.7142432,A
1994-03-20,426.0,12.0629568,A
1994-03-21,415.0,11.751472,A
1994-03-22,405.0,11.468304,A
1994-03-23,399.0,11.2984032,A
1994-03-24,461.0,13.0540448,A
1994-03-25,889.0,25.1736352,A
1994-03-26,968.0,27.4106624,A
1994-03-27,918.0,25.9948224,A
1994-03-28,964.0,27.2973952,A
1994-03-29,1180.0,33.413824,A
1994-03-30,1170.0,33.130656,A
1994-03-31,1080.0,30.582144,A
1994-04-01,1000.0,28.3168,A
1994-04-02,967.0,27.3823456,A
1994-04-03,893.0,25.2869024,A
1994-04-04,815.0,23.078192,A
1994-04-05,684.0,19.3686912,A
1994-04-06,584.0,16.5370112,A
1994-04-07,536.0,15.1778048,A
1994-04-08,509.0,14.4132512,A
1994-04-09,485.0,13.733648,A
1994-04-10,462.0,13.0823616,A
1994-04-11,454.0,12.8558272,A
1994-04-12,426.0,12.0629568,A
1994-04-13,526.0,14.8946368,A
1994-04-14,503.0,14.2433504,A
1994-04-15,514.0,14.5548352,A
1994-04-16,902.0,25.5417536,A
1994-04-17,800.0,22.65344,A
1994-04-18,696.0,19.7084928,A
1994-04-19,659.0,18.6607712,A
1994-04-20,607.0,17.1882976,A
1994-04-21,510.0,14.441568,A
1994-04-22,442.0,12.516025599999999,A
1994-04-23,429.0,12.1479072,A
1994-04-24,434.0,12.2894912,A
1994-04-25,374.0,10.5904832,A
1994-04-26,328.0,9.2879104,A
1994-04-27,295.0,8.353456,A
1994-04-28,274.0,7.7588032,A
1994-04-29,242.0,6.8526656,A
1994-04-30,213.0,6.0314784,A
1994-05-01,213.0,6.0314784,A
1994-05-02,206.0,5.8332608,A
1994-05-03,224.0,6.3429632,A
1994-05-04,554.0,15.6875072,A
1994-05-05,672.0,19.0288896,A
1994-05-06,518.0,14.6681024,A
1994-05-07,395.0,11.185136,A
1994-05-08,307.0,8.693257599999999,A
1994-05-09,266.0,7.5322688,A
1994-05-10,237.0,6.7110816,A
1994-05-11,227.0,6.4279136,A
1994-05-12,216.0,6.1164287999999996,A
1994-05-13,204.0,5.7766272,A
1994-05-14,188.0,5.3235584,A
1994-05-15,174.0,4.9271232,A
1994-05-16,158.0,4.4740544,A
1994-05-17,145.0,4.105936,A
1994-05-18,138.0,3.9077184,A
1994-05-19,126.0,3.5679168,A
1994-05-20,113.0,3.1997984,A
1994-05-21,103.0,2.9166304,A
1994-05-22,94.0,2.6617792,A
1994-05-23,88.0,2.4918784,A
1994-05-24,83.0,2.3502944,A
1994-05-25,78.0,2.2087104,A
1994-05-26,74.0,2.0954432,A
1994-05-27,71.0,2.0104928,A
1994-05-28,69.0,1.9538592,A
1994-05-29,68.0,1.9255423999999999,A
1994-05-30,75.0,2.12376,A
1994-05-31,71.0,2.0104928,A
1994-06-01,80.0,2.265344,A
1994-06-02,83.0,2.3502944,A
1994-06-03,147.0,4.1625696,A
1994-06-04,498.0,14.101766399999999,A
1994-06-05,409.0,11.581571199999999,A
1994-06-06,384.0,10.8736512,A
1994-06-07,310.0,8.778208,A
1994-06-08,303.0,8.5799904,A
1994-06-09,248.0,7.0225664,A
1994-06-10,238.0,6.7393984,A
1994-06-11,203.0,5.7483104,A
1994-06-12,228.0,6.4562304,A
1994-06-13,248.0,7.0225664,A
1994-06-14,240.0,6.796032,A
1994-06-15,183.0,5.1819744,A
1994-06-16,204.0,5.7766272,A
1994-06-17,234.0,6.6261312,A
1994-06-18,230.0,6.5128639999999995,A
1994-06-19,233.0,6.5978144,A
1994-06-20,240.0,6.796032,A
1994-06-21,269.0,7.6172192,A
1994-06-22,251.0,7.1075168,A
1994-06-23,226.0,6.3995968,A
1994-06-24,279.0,7.9003872,A
1994-06-25,569.0,16.1122592,A
1994-06-26,723.0,20.4730464,A
1994-06-27,782.0,22.1437376,A
1994-06-28,861.0,24.380764799999998,A
1994-06-29,1020.0,28.883136,A
1994-06-30,1320.0,37.378175999999996,A
1994-07-01,1500.0,42.4752,A
1994-07-02,1220.0,34.546496,A
1994-07-03,646.0,18.2926528,A
1994-07-04,752.0,21.2942336,A
1994-07-05,783.0,22.1720544,A
1994-07-06,2180.0,61.730624,A
1994-07-07,4630.0,131.106784,A
1994-07-08,5710.0,161.688928,A
1994-07-09,12600.0,356.79168,A
1994-07-10,15200.0,430.41536,A
1994-07-11,9430.0,267.027424,A
1994-07-12,5680.0,160.839424,A
1994-07-13,4110.0,116.382048,A
1994-07-14,3330.0,94.294944,A
1994-07-15,3170.0,89.764256,A
1994-07-16,3160.0,89.481088,A
1994-07-17,3050.0,86.36624,A
1994-07-18,2830.0,80.136544,A
1994-07-19,2450.0,69.37616,A
1994-07-20,2040.0,57.766272,A
1994-07-21,1740.0,49.271232,A
1994-07-22,1440.0,40.776192,A
1994-07-23,1380.0,39.077184,A
1994-07-24,1380.0,39.077184,A
1994-07-25,1270.0,35.962336,A
1994-07-26,1330.0,37.661344,A
1994-07-27,1350.0,38.22768,A
1994-07-28,1720.0,48.704896,A
1994-07-29,2020.0,57.199936,A
1994-07-30,1770.0,50.120736,A
1994-07-31,2150.0,60.881119999999996,A
1994-08-01,2360.0,66.827648,A
1994-08-02,1940.0,54.934592,A
1994-08-03,1630.0,46.156384,A
1994-08-04,1370.0,38.794016,A
1994-08-05,958.0,27.1274944,A
1994-08-06,729.0,20.6429472,A
1994-08-07,639.0,18.0944352,A
1994-08-08,556.0,15.7441408,A
1994-08-09,490.0,13.875232,A
1994-08-10,443.0,12.5443424,A
1994-08-11,404.0,11.4399872,A
1994-08-12,367.0,10.3922656,A
1994-08-13,337.0,9.5427616,A
1994-08-14,349.0,9.8825632,A
1994-08-15,348.0,9.8542464,A
1994-08-16,345.0,9.769296,A
1994-08-17,356.0,10.0807808,A
1994-08-18,352.0,9.9675136,A
1994-08-19,416.0,11.7797888,A
1994-08-20,836.0,23.6728448,A
1994-08-21,1070.0,30.298976,A
1994-08-22,1010.0,28.599968,A
1994-08-23,716.0,20.274828799999998,A
1994-08-24,788.0,22.3136384,A
1994-08-25,781.0,22.1154208,A
1994-08-26,619.0,17.5280992,A
1994-08-27,450.0,12.74256,A
1994-08-28,367.0,10.3922656,A
1994-08-29,315.0,8.919792,A
1994-08-30,284.0,8.0419712,A
1994-08-31,258.0,7.3057343999999995,A
1994-09-01,233.0,6.5978144,A
1994-09-02,209.0,5.9182112,A
1994-09-03,192.0,5.4368256,A
1994-09-04,180.0,5.097024,A
1994-09-05,171.0,4.8421728,A
1994-09-06,166.0,4.7005888,A
1994-09-07,163.0,4.6156384,A
1994-09-08,161.0,4.5590048,A
1994-09-09,197.0,5.5784096,A
1994-09-10,299.0,8.4667232,A
1994-09-11,313.0,8.8631584,A
1994-09-12,274.0,7.7588032,A
1994-09-13,233.0,6.5978144,A
1994-09-14,196.0,5.5500928,A
1994-09-15,168.0,4.7572224,A
1994-09-16,151.0,4.2758367999999995,A
1994-09-17,151.0,4.2758367999999995,A
1994-09-18,247.0,6.9942496,A
1994-09-19,333.0,9.4294944,A
1994-09-20,327.0,9.2595936,A
1994-09-21,313.0,8.8631584,A
1994-09-22,285.0,8.070288,A
1994-09-23,240.0,6.796032,A
1994-09-24,255.0,7.220784,A
1994-09-25,286.0,8.0986048,A
1994-09-26,275.0,7.78712,A
1994-09-27,255.0,7.220784,A
1994-09-28,223.0,6.3146464,A
1994-09-29,185.0,5.238608,A
1994-09-30,159.0,4.5023712,A
1994-10-01,141.0,3.9926688,A
1994-10-02,166.0,4.7005888,A
1994-10-03,238.0,6.7393984,A
1994-10-04,299.0,8.4667232,A
1994-10-05,293.0,8.2968224,A
1994-10-06,283.0,8.0136544,A
1994-10-07,263.0,7.4473184,A
1994-10-08,220.0,6.229696,A
1994-10-09,203.0,5.7483104,A
1994-10-10,251.0,7.1075168,A
1994-10-11,328.0,9.2879104,A
1994-10-12,463.0,13.1106784,A
1994-10-13,514.0,14.5548352,A
1994-10-14,501.0,14.1867168,A
1994-10-15,434.0,12.2894912,A
1994-10-16,379.0,10.7320672,A
1994-10-17,328.0,9.2879104,A
1994-10-18,288.0,8.1552384,A
1994-10-19,258.0,7.3057343999999995,A
1994-10-20,234.0,6.6261312,A
1994-10-21,217.0,6.1447456,A
1994-10-22,337.0,9.5427616,A
1994-10-23,603.0,17.0750304,A
1994-10-24,662.0,18.7457216,A
1994-10-25,586.0,16.5936448,A
1994-10-26,514.0,14.5548352,A
1994-10-27,447.0,12.6576096,A
1994-10-28,382.0,10.8170176,A
1994-10-29,317.0,8.9764256,A
1994-10-30,291.0,8.2401888,A
1994-10-31,315.0,8.919792,A
1994-11-01,366.0,10.3639488,A
1994-11-02,424.0,12.0063232,A
1994-11-03,407.0,11.5249376,A
1994-11-04,344.0,9.7409792,A
1994-11-05,303.0,8.5799904,A
1994-11-06,288.0,8.1552384,A
1994-11-07,276.0,7.8154368,A
1994-11-08,265.0,7.503952,A
1994-11-09,259.0,7.3340512,A
1994-11-10,260.0,7.362368,A
1994-11-11,292.0,8.2685056,A
1994-11-12,371.0,10.5055328,A
1994-11-13,358.0,10.137414399999999,A
1994-11-14,341.0,9.6560288,A
1994-11-15,314.0,8.8914752,A
1994-11-16,293.0,8.2968224,A
1994-11-17,276.0,7.8154368,A
1994-11-18,259.0,7.3340512,A
1994-11-19,244.0,6.9092991999999995,A
1994-11-20,233.0,6.5978144,A
1994-11-21,228.0,6.4562304,A
1994-11-22,225.0,6.37128,A
1994-11-23,221.0,6.2580127999999995,A
1994-11-24,215.0,6.088112,A
1994-11-25,210.0,5.946528,A
1994-11-26,210.0,5.946528,A
1994-11-27,221.0,6.2580127999999995,A
1994-11-28,265.0,7.503952,A
1994-11-29,550.0,15.57424,A
1994-11-30,881.0,24.9471008,A
1994-12-01,847.0,23.9843296,A
1994-12-02,743.0,21.0393824,A
1994-12-03,689.0,19.5102752,A
1994-12-04,707.0,20.0199776,A
1994-12-05,802.0,22.7100736,A
1994-12-06,814.0,23.0498752,A
1994-12-07,762.0,21.577401599999998,A
1994-12-08,746.0,21.1243328,A
1994-12-09,718.0,20.3314624,A
1994-12-10,654.0,18.5191872,A
1994-12-11,597.0,16.9051296,A
1994-12-12,625.0,17.698,A
1994-12-13,640.0,18.122752,A
1994-12-14,633.0,17.9245344,A
1994-12-15,598.0,16.9334464,A
1994-12-16,536.0,15.1778048,A
1994-12-17,476.0,13.4787968,A
1994-12-18,444.0,12.5726592,A
1994-12-19,431.0,12.2045408,A
1994-12-20,414.0,11.723155199999999,A
1994-12-21,397.0,11.2417696,A
1994-12-22,381.0,10.788700799999999,A
1994-12-23,368.0,10.4205824,A
1994-12-24,358.0,10.137414399999999,A
1994-12-25,358.0,10.137414399999999,A
1994-12-26,357.0,10.1090976,A
1994-12-27,346.0,9.7976128,A
1994-12-28,336.0,9.5144448,A
1994-12-29,327.0,9.2595936,A
1994-12-30,341.0,9.6560288,A
1994-12-31,367.0,10.3922656,A
1995-01-01,382.0,10.8170176,A
1995-01-02,399.0,11.2984032,A
1995-01-03,403.0,11.4116704,A
1995-01-04,382.0,10.8170176,A
1995-01-05,354.0,10.0241472,A
1995-01-06,363.0,10.278998399999999,A
1995-01-07,551.0,15.6025568,A
1995-01-08,577.0,16.3387936,A
1995-01-09,643.0,18.2077024,A
1995-01-10,706.0,19.9916608,A
1995-01-11,711.0,20.1332448,A
1995-01-12,634.0,17.9528512,A
1995-01-13,555.0,15.715824,A
1995-01-14,671.0,19.0005728,A
1995-01-15,689.0,19.5102752,A
1995-01-16,696.0,19.7084928,A
1995-01-17,746.0,21.1243328,A
1995-01-18,775.0,21.94552,A
1995-01-19,747.0,21.1526496,A
1995-01-20,707.0,20.0199776,A
1995-01-21,670.0,18.972255999999998,A
1995-01-22,668.0,18.9156224,A
1995-01-23,731.0,20.6995808,A
1995-01-24,756.0,21.4075008,A
1995-01-25,723.0,20.4730464,A
1995-01-26,681.0,19.2837408,A
1995-01-27,699.0,19.7934432,A
1995-01-28,1040.0,29.449472,A
1995-01-29,939.0,26.5894752,A
1995-01-30,796.0,22.5401728,A
1995-01-31,798.0,22.5968064,A
1995-02-01,836.0,23.6728448,A
1995-02-02,811.0,22.9649248,A
1995-02-03,746.0,21.1243328,A
1995-02-04,687.0,19.4536416,A
1995-02-05,598.0,16.9334464,A
1995-02-06,548.0,15.5176064,A
1995-02-07,512.0,14.4982016,A
1995-02-08,470.0,13.308895999999999,A
1995-02-09,434.0,12.2894912,A
1995-02-10,424.0,12.0063232,A
1995-02-11,1600.0,45.30688,A
1995-02-12,2420.0,68.526656,A
1995-02-13,1880.0,53.235583999999996,A
1995-02-14,1600.0,45.30688,A
1995-02-15,2090.0,59.182112,A
1995-02-16,2890.0,81.83555199999999,A
1995-02-17,3090.0,87.498912,A
1995-02-18,3330.0,94.294944,A
1995-02-19,2590.0,73.340512,A
1995-02-20,2360.0,66.827648,A
1995-02-21,3630.0,102.789984,A
1995-02-22,3760.0,106.47116799999999,A
1995-02-23,2930.0,82.96822399999999,A
1995-02-24,2190.0,62.013792,A
1995-02-25,1660.0,47.005888,A
1995-02-26,1190.0,33.696992,A
1995-02-27,877.0,24.8338336,A
1995-02-28,915.0,25.909872,A
1995-03-01,2070.0,58.615776,A
1995-03-02,2430.0,68.809824,A
1995-03-03,2110.0,59.748447999999996,A
1995-03-04,2060.0,58.332608,A
1995-03-05,2660.0,75.322688,A
1995-03-06,2410.0,68.243488,A
1995-03-07,1850.0,52.38608,A
1995-03-08,2610.0,73.906848,A
1995-03-09,3130.0,88.631584,A
1995-03-10,3120.0,88.348416,A
1995-03-11,4540.0,128.558272,A
1995-03-12,4200.0,118.93056,A
1995-03-13,3150.0,89.19792,A
1995-03-14,2280.0,64.562304,A
1995-03-15,1700.0,48.13856,A
1995-03-16,1310.0,37.095008,A
1995-03-17,1050.0,29.73264,A
1995-03-18,1040.0,29.449472,A
1995-03-19,1060.0,30.015808,A
1995-03-20,1050.0,29.73264,A
1995-03-21,1010.0,28.599968,A
1995-03-22,1000.0,28.3168,A
1995-03-23,955.0,27.042544,A
1995-03-24,854.0,24.1825472,A
1995-03-25,743.0,21.0393824,A
1995-03-26,654.0,18.5191872,A
1995-03-27,598.0,16.9334464,A
1995-03-28,572.0,16.1972096,A
1995-03-29,574.0,16.2538432,A
1995-03-30,559.0,15.8290912,A
1995-03-31,591.0,16.735228799999998,A
1995-04-01,575.0,16.28216,A
1995-04-02,560.0,15.857408,A
1995-04-03,537.0,15.2061216,A
1995-04-04,507.0,14.3566176,A
1995-04-05,475.0,13.45048,A
1995-04-06,448.0,12.6859264,A
1995-04-07,434.0,12.2894912,A
1995-04-08,425.0,12.03464,A
1995-04-09,411.0,11.6382048,A
1995-04-10,394.0,11.1568192,A
1995-04-11,519.0,14.6964192,A
1995-04-12,1020.0,28.883136,A
1995-04-13,1090.0,30.865312,A
1995-04-14,1020.0,28.883136,A
1995-04-15,957.0,27.0991776,A
1995-04-16,866.0,24.5223488,A
1995-04-17,694.0,19.6518592,A
1995-04-18,523.0,14.8096864,A
1995-04-19,441.0,12.4877088,A
1995-04-20,398.0,11.2700864,A
1995-04-21,803.0,22.7383904,A
1995-04-22,970.0,27.467296,A
1995-04-23,867.0,24.5506656,A
1995-04-24,943.0,26.702742399999998,A
1995-04-25,939.0,26.5894752,A
1995-04-26,815.0,23.078192,A
1995-04-27,636.0,18.0094848,A
1995-04-28,502.0,14.2150336,A
1995-04-29,434.0,12.2894912,A
1995-04-30,383.0,10.8453344,A
1995-05-01,344.0,9.7409792,A
1995-05-02,319.0,9.0330592,A
1995-05-03,298.0,8.4384064,A
1995-05-04,286.0,8.0986048,A
1995-05-05,278.0,7.8720704,A
1995-05-06,267.0,7.5605856,A
1995-05-07,249.0,7.0508831999999995,A
1995-05-08,230.0,6.5128639999999995,A
1995-05-09,215.0,6.088112,A
1995-05-10,447.0,12.6576096,A
1995-05-11,529.0,14.9795872,A
1995-05-12,471.0,13.3372128,A
1995-05-13,404.0,11.4399872,A
1995-05-14,345.0,9.769296,A
1995-05-15,296.0,8.3817728,A
1995-05-16,257.0,7.2774176,A
1995-05-17,221.0,6.2580127999999995,A
1995-05-18,193.0,5.4651423999999995,A
1995-05-19,173.0,4.8988064,A
1995-05-20,158.0,4.4740544,A
1995-05-21,145.0,4.105936,A
1995-05-22,134.0,3.7944512,A
1995-05-23,124.0,3.5112832,A
1995-05-24,115.0,3.2564319999999998,A
1995-05-25,108.0,3.0582143999999998,A
1995-05-26,100.0,2.83168,A
1995-05-27,95.0,2.690096,A
1995-05-28,99.0,2.8033632,A
1995-05-29,103.0,2.9166304,A
1995-05-30,89.0,2.5201952,A
1995-05-31,104.0,2.9449472,A
1995-06-01,210.0,5.946528,A
1995-06-02,316.0,8.9481088,A
1995-06-03,375.0,10.6188,A
1995-06-04,307.0,8.693257599999999,A
1995-06-05,239.0,6.7677152,A
1995-06-06,195.0,5.521776,A
1995-06-07,164.0,4.6439552,A
1995-06-08,166.0,4.7005888,A
1995-06-09,147.0,4.1625696,A
1995-06-10,130.0,3.681184,A
1995-06-11,122.0,3.4546495999999998,A
1995-06-12,147.0,4.1625696,A
1995-06-13,137.0,3.8794016,A
1995-06-14,105.0,2.973264,A
1995-06-15,92.0,2.6051456,A
1995-06-16,83.0,2.3502944,A
1995-06-17,75.0,2.12376,A
1995-06-18,70.0,1.982176,A
1995-06-19,67.0,1.8972256,A
1995-06-20,64.0,1.8122752,A
1995-06-21,61.0,1.7273247999999999,A
1995-06-22,59.0,1.6706912,A
1995-06-23,59.0,1.6706912,A
1995-06-24,59.0,1.6706912,A
1995-06-25,65.0,1.840592,A
1995-06-26,84.0,2.3786112,A
1995-06-27,78.0,2.2087104,A
1995-06-28,70.0,1.982176,A
1995-06-29,65.0,1.840592,A
1995-06-30,60.0,1.699008,A
1995-07-01,60.0,1.699008,A
1995-07-02,78.0,2.2087104,A
1995-07-03,148.0,4.1908864,A
1995-07-04,99.0,2.8033632,A
1995-07-05,90.0,2.548512,A
1995-07-06,77.0,2.1803936,A
1995-07-07,70.0,1.982176,A
1995-07-08,64.0,1.8122752,A
1995-07-09,57.0,1.6140576,A
1995-07-10,54.0,1.5291071999999999,A
1995-07-11,52.0,1.4724736,A
1995-07-12,51.0,1.4441568,A
1995-07-13,65.0,1.840592,A
1995-07-14,64.0,1.8122752,A
1995-07-15,56.0,1.5857408,A
1995-07-16,49.0,1.3875232,A
1995-07-17,49.0,1.3875232,A
1995-07-18,52.0,1.4724736,A
1995-07-19,54.0,1.5291071999999999,A
1995-07-20,56.0,1.5857408,A
1995-07-21,55.0,1.557424,A
1995-07-22,89.0,2.5201952,A
1995-07-23,104.0,2.9449472,A
1995-07-24,64.0,1.8122752,A
1995-07-25,64.0,1.8122752,A
1995-07-26,89.0,2.5201952,A
1995-07-27,89.0,2.5201952,A
1995-07-28,151.0,4.2758367999999995,A
1995-07-29,157.0,4.4457376,A
1995-07-30,124.0,3.5112832,A
1995-07-31,105.0,2.973264,A
1995-08-01,84.0,2.3786112,A
1995-08-02,71.0,2.0104928,A
1995-08-03,78.0,2.2087104,A
1995-08-04,135.0,3.822768,A
1995-08-05,202.0,5.7199936,A
1995-08-06,318.0,9.0047424,A
1995-08-07,228.0,6.4562304,A
1995-08-08,151.0,4.2758367999999995,A
1995-08-09,118.0,3.3413824,A
1995-08-10,99.0,2.8033632,A
1995-08-11,90.0,2.548512,A
1995-08-12,83.0,2.3502944,A
1995-08-13,77.0,2.1803936,A
1995-08-14,76.0,2.1520768,A
1995-08-15,70.0,1.982176,A
1995-08-16,64.0,1.8122752,A
1995-08-17,61.0,1.7273247999999999,A
1995-08-18,58.0,1.6423744,A
1995-08-19,56.0,1.5857408,A
1995-08-20,82.0,2.3219776,A
1995-08-21,71.0,2.0104928,A
1995-08-22,124.0,3.5112832,A
1995-08-23,303.0,8.5799904,A
1995-08-24,214.0,6.0597952,A
1995-08-25,127.0,3.5962336,A
1995-08-26,98.0,2.7750464,A
1995-08-27,86.0,2.4352448,A
1995-08-28,80.0,2.265344,A
1995-08-29,75.0,2.12376,A
1995-08-30,68.0,1.9255423999999999,A
1995-08-31,61.0,1.7273247999999999,A
1995-09-01,56.0,1.5857408,A
1995-09-02,52.0,1.4724736,A
1995-09-03,49.0,1.3875232,A
1995-09-04,46.0,1.3025728,A
1995-09-05,44.0,1.2459392,A
1995-09-06,41.0,1.1609888,A
1995-09-07,39.0,1.1043552,A
1995-09-08,39.0,1.1043552,A
1995-09-09,38.0,1.0760384,A
1995-09-10,39.0,1.1043552,A
1995-09-11,37.0,1.0477216,A
1995-09-12,37.0,1.0477216,A
1995-09-13,36.0,1.0194048,A
1995-09-14,37.0,1.0477216,A
1995-09-15,43.0,1.2176224,A
1995-09-16,62.0,1.7556416,A
1995-09-17,79.0,2.2370272,A
1995-09-18,64.0,1.8122752,A
1995-09-19,56.0,1.5857408,A
1995-09-20,51.0,1.4441568,A
1995-09-21,48.0,1.3592064,A
1995-09-22,46.0,1.3025728,A
1995-09-23,44.0,1.2459392,A
1995-09-24,46.0,1.3025728,A
1995-09-25,124.0,3.5112832,A
1995-09-26,134.0,3.7944512,A
1995-09-27,91.0,2.5768288,A
1995-09-28,74.0,2.0954432,A
1995-09-29,63.0,1.7839584,A
1995-09-30,56.0,1.5857408,A
1995-10-01,51.0,1.4441568,A
1995-10-02,50.0,1.41584,A
1995-10-03,160.0,4.530688,A
1995-10-04,1460.0,41.342528,A
1995-10-05,3140.0,88.914752,A
1995-10-06,3810.0,107.887008,A
1995-10-07,4400.0,124.59392,A
1995-10-08,6350.0,179.81168,A
1995-10-09,5610.0,158.857248,A
1995-10-10,4050.0,114.68304,A
1995-10-11,2870.0,81.269216,A
1995-10-12,1980.0,56.067264,A
1995-10-13,1460.0,41.342528,A
1995-10-14,1130.0,31.997984,A
1995-10-15,874.0,24.748883199999998,A
1995-10-16,723.0,20.4730464,A
1995-10-17,685.0,19.397008,A
1995-10-18,679.0,19.2271072,A
1995-10-19,682.0,19.3120576,A
1995-10-20,694.0,19.6518592,A
1995-10-21,617.0,17.4714656,A
1995-10-22,455.0,12.884144,A
1995-10-23,371.0,10.5055328,A
1995-10-24,320.0,9.061376,A
1995-10-25,290.0,8.211872,A
1995-10-26,266.0,7.5322688,A
1995-10-27,247.0,6.9942496,A
1995-10-28,378.0,10.7037504,A
1995-10-29,509.0,14.4132512,A
1995-10-30,492.0,13.9318656,A
1995-10-31,437.0,12.374441599999999,A
1995-11-01,432.0,12.232857599999999,A
1995-11-02,468.0,13.2522624,A
1995-11-03,774.0,21.9172032,A
1995-11-04,934.0,26.4478912,A
1995-11-05,818.0,23.163142399999998,A
1995-11-06,708.0,20.0482944,A
1995-11-07,847.0,23.9843296,A
1995-11-08,1110.0,31.431648,A
1995-11-09,891.0,25.2302688,A
1995-11-10,839.0,23.7577952,A
1995-11-11,1090.0,30.865312,A
1995-11-12,1150.0,32.56432,A
1995-11-13,1020.0,28.883136,A
1995-11-14,923.0,26.1364064,A
1995-11-15,896.0,25.3718528,A
1995-11-16,942.0,26.6744256,A
1995-11-17,1020.0,28.883136,A
1995-11-18,1030.0,29.166304,A
1995-11-19,909.0,25.7399712,A
1995-11-20,775.0,21.94552,A
1995-11-21,624.0,17.6696832,A
1995-11-22,496.0,14.0451328,A
1995-11-23,436.0,12.3461248,A
1995-11-24,521.0,14.753052799999999,A
1995-11-25,537.0,15.2061216,A
1995-11-26,501.0,14.1867168,A
1995-11-27,462.0,13.0823616,A
1995-11-28,437.0,12.374441599999999,A
1995-11-29,419.0,11.8647392,A
1995-11-30,397.0,11.2417696,A
1995-12-01,371.0,10.5055328,A
1995-12-02,350.0,9.91088,A
1995-12-03,333.0,9.4294944,A
1995-12-04,324.0,9.1746432,A
1995-12-05,316.0,8.9481088,A
1995-12-06,341.0,9.6560288,A
1995-12-07,1040.0,29.449472,A
1995-12-08,724.0,20.5013632,A
1995-12-09,694.0,19.6518592,A
1995-12-10,677.0,19.1704736,A
1995-12-11,683.0,19.340374399999998,A
1995-12-12,687.0,19.4536416,A
1995-12-13,674.0,19.0855232,A
1995-12-14,653.0,18.4908704,A
1995-12-15,621.0,17.5847328,A
1995-12-16,571.0,16.1688928,A
1995-12-17,515.0,14.583152,A
1995-12-18,791.0,22.3985888,A
1995-12-19,3340.0,94.578112,A
1995-12-20,3490.0,98.825632,A
1995-12-21,3670.0,103.922656,A
1995-12-22,5150.0,145.83152,A
1995-12-23,4630.0,131.106784,A
1995-12-24,3520.0,99.675136,A
1995-12-25,2550.0,72.20784,A
1995-12-26,1850.0,52.38608,A
1995-12-27,1440.0,40.776192,A
1995-12-28,1140.0,32.281152,A
1995-12-29,890.0,25.201952,A
1995-12-30,726.0,20.557996799999998,A
1995-12-31,674.0,19.0855232,A
1996-01-01,1080.0,30.582144,A
1996-01-02,1370.0,38.794016,A
1996-01-03,1330.0,37.661344,A
1996-01-04,1300.0,36.81184,A
1996-01-05,1470.0,41.625696,A
1996-01-06,1920.0,54.368256,A
1996-01-07,2090.0,59.182112,A
1996-01-08,1780.0,50.403904,A
1996-01-09,1480.0,41.908864,A
1996-01-10,1270.0,35.962336,A
1996-01-11,1100.0,31.14848,A
1996-01-12,997.0,28.2318496,A
1996-01-13,919.0,26.0231392,A
1996-01-14,853.0,24.1542304,A
1996-01-15,789.0,22.3419552,A
1996-01-16,744.0,21.0676992,A
1996-01-17,716.0,20.274828799999998,A
1996-01-18,723.0,20.4730464,A
1996-01-19,897.0,25.400169599999998,A
1996-01-20,881.0,24.9471008,A
1996-01-21,831.0,23.5312608,A
1996-01-22,798.0,22.5968064,A
1996-01-23,810.0,22.936608,A
1996-01-24,936.0,26.5045248,A
1996-01-25,1020.0,28.883136,A
1996-01-26,1030.0,29.166304,A
1996-01-27,2540.0,71.924672,A
1996-01-28,3260.0,92.312768,A
1996-01-29,2560.0,72.491008,A
1996-01-30,3680.0,104.20582399999999,A
1996-01-31,4530.0,128.275104,A
1996-02-01,3680.0,104.20582399999999,A
1996-02-02,3540.0,100.241472,A
1996-02-03,4550.0,128.84144,A
1996-02-04,4200.0,118.93056,A
1996-02-05,4430.0,125.443424,A
1996-02-06,5040.0,142.716672,A
1996-02-07,4080.0,115.532544,A
1996-02-08,3140.0,88.914752,A
1996-02-09,2420.0,68.526656,A
1996-02-10,1890.0,53.518752,A
1996-02-11,1570.0,44.457376,A
1996-02-12,1340.0,37.944511999999996,A
1996-02-13,1160.0,32.847488,A
1996-02-14,1030.0,29.166304,A
1996-02-15,959.0,27.1558112,A
1996-02-16,971.0,27.4956128,A
1996-02-17,915.0,25.909872,A
1996-02-18,841.0,23.814428799999998,A
1996-02-19,828.0,23.446310399999998,A
1996-02-20,1460.0,41.342528,A
1996-02-21,1600.0,45.30688,A
1996-02-22,1570.0,44.457376,A
1996-02-23,1540.0,43.607872,A
1996-02-24,1780.0,50.403904,A
1996-02-25,2000.0,56.6336,A
1996-02-26,1780.0,50.403904,A
1996-02-27,1520.0,43.041536,A
1996-02-28,1350.0,38.22768,A
1996-02-29,1230.0,34.829664,A
1996-03-01,1110.0,31.431648,A
1996-03-02,1050.0,29.73264,A
1996-03-03,1040.0,29.449472,A
1996-03-04,1080.0,30.582144,A
1996-03-05,1130.0,31.997984,A
1996-03-06,1270.0,35.962336,A
1996-03-07,1610.0,45.590047999999996,A
1996-03-08,1500.0,42.4752,A
1996-03-09,1250.0,35.396,A
1996-03-10,1120.0,31.714816,A
1996-03-11,1140.0,32.281152,A
1996-03-12,1210.0,34.263328,A
1996-03-13,1270.0,35.962336,A
1996-03-14,1270.0,35.962336,A
1996-03-15,1160.0,32.847488,A
1996-03-16,955.0,27.042544,A
1996-03-17,1510.0,42.758368,A
1996-03-18,2290.0,64.845472,A
1996-03-19,2000.0,56.6336,A
1996-03-20,1570.0,44.457376,A
1996-03-21,1450.0,41.05936,A
1996-03-22,1520.0,43.041536,A
1996-03-23,1610.0,45.590047999999996,A
1996-03-24,1510.0,42.758368,A
1996-03-25,1440.0,40.776192,A
1996-03-26,1440.0,40.776192,A
1996-03-27,1470.0,41.625696,A
1996-03-28,1930.0,54.651424,A
1996-03-29,1890.0,53.518752,A
1996-03-30,2730.0,77.304864,A
1996-03-31,5040.0,142.716672,A
1996-04-01,4680.0,132.522624,A
1996-04-02,3940.0,111.568192,A
1996-04-03,3850.0,109.01968,A
1996-04-04,3430.0,97.12662399999999,A
1996-04-05,2830.0,80.136544,A
1996-04-06,2440.0,69.092992,A
1996-04-07,2110.0,59.748447999999996,A
1996-04-08,1740.0,49.271232,A
1996-04-09,1480.0,41.908864,A
1996-04-10,1310.0,37.095008,A
1996-04-11,1200.0,33.98016,A
1996-04-12,1110.0,31.431648,A
1996-04-13,1040.0,29.449472,A
1996-04-14,963.0,27.269078399999998,A
1996-04-15,2000.0,56.6336,A
1996-04-16,2150.0,60.881119999999996,A
1996-04-17,1760.0,49.837568,A
1996-04-18,1560.0,44.174208,A
1996-04-19,1580.0,44.740544,A
1996-04-20,1700.0,48.13856,A
1996-04-21,1620.0,45.873216,A
1996-04-22,1390.0,39.360352,A
1996-04-23,1140.0,32.281152,A
1996-04-24,960.0,27.184128,A
1996-04-25,795.0,22.511855999999998,A
1996-04-26,720.0,20.388096,A
1996-04-27,678.0,19.1987904,A
1996-04-28,761.0,21.5490848,A
1996-04-29,824.0,23.3330432,A
1996-04-30,1250.0,35.396,A
1996-05-01,1270.0,35.962336,A
1996-05-02,1160.0,32.847488,A
1996-05-03,1110.0,31.431648,A
1996-05-04,1080.0,30.582144,A
1996-05-05,1050.0,29.73264,A
1996-05-06,883.0,25.0037344,A
1996-05-07,658.0,18.6324544,A
1996-05-08,540.0,15.291072,A
1996-05-09,480.0,13.592064,A
1996-05-10,439.0,12.4310752,A
1996-05-11,416.0,11.7797888,A
1996-05-12,420.0,11.893056,A
1996-05-13,447.0,12.6576096,A
1996-05-14,440.0,12.459392,A
1996-05-15,391.0,11.0718688,A
1996-05-16,348.0,9.8542464,A
1996-05-17,323.0,9.1463264,A
1996-05-18,306.0,8.6649408,A
1996-05-19,291.0,8.2401888,A
1996-05-20,273.0,7.7304864,A
1996-05-21,252.0,7.1358336,A
1996-05-22,231.0,6.5411808,A
1996-05-23,208.0,5.8898944,A
1996-05-24,192.0,5.4368256,A
1996-05-25,252.0,7.1358336,A
1996-05-26,416.0,11.7797888,A
1996-05-27,326.0,9.2312768,A
1996-05-28,348.0,9.8542464,A
1996-05-29,671.0,19.0005728,A
1996-05-30,727.0,20.5863136,A
1996-05-31,735.0,20.812848,A
1996-06-01,784.0,22.2003712,A
1996-06-02,924.0,26.1647232,A
1996-06-03,975.0,27.60888,A
1996-06-04,804.0,22.7667072,A
1996-06-05,548.0,15.5176064,A
1996-06-06,391.0,11.0718688,A
1996-06-07,332.0,9.4011776,A
1996-06-08,523.0,14.8096864,A
1996-06-09,685.0,19.397008,A
1996-06-10,613.0,17.3581984,A
1996-06-11,497.0,14.0734496,A
1996-06-12,426.0,12.0629568,A
1996-06-13,359.0,10.1657312,A
1996-06-14,307.0,8.693257599999999,A
1996-06-15,261.0,7.3906848,A
1996-06-16,226.0,6.3995968,A
1996-06-17,207.0,5.8615775999999995,A
1996-06-18,188.0,5.3235584,A
1996-06-19,174.0,4.9271232,A
1996-06-20,174.0,4.9271232,A
1996-06-21,191.0,5.4085088,A
1996-06-22,186.0,5.2669248,A
1996-06-23,174.0,4.9271232,A
1996-06-24,157.0,4.4457376,A
1996-06-25,138.0,3.9077184,A
1996-06-26,119.0,3.3696992,A
1996-06-27,107.0,3.0298976,A
1996-06-28,98.0,2.7750464,A
1996-06-29,92.0,2.6051456,A
1996-06-30,86.0,2.4352448,A
1996-07-01,82.0,2.3219776,A
1996-07-02,78.0,2.2087104,A
1996-07-03,74.0,2.0954432,A
1996-07-04,70.0,1.982176,A
1996-07-05,67.0,1.8972256,A
1996-07-06,70.0,1.982176,A
1996-07-07,71.0,2.0104928,A
1996-07-08,74.0,2.0954432,A
1996-07-09,80.0,2.265344,A
1996-07-10,96.0,2.7184128,A
1996-07-11,143.0,4.0493024,A
1996-07-12,131.0,3.7095008,A
1996-07-13,103.0,2.9166304,A
1996-07-14,95.0,2.690096,A
1996-07-15,88.0,2.4918784,A
1996-07-16,148.0,4.1908864,A
1996-07-17,286.0,8.0986048,A
1996-07-18,250.0,7.0792,A
1996-07-19,218.0,6.1730624,A
1996-07-20,194.0,5.4934592,A
1996-07-21,164.0,4.6439552,A
1996-07-22,142.0,4.0209856,A
1996-07-23,119.0,3.3696992,A
1996-07-24,107.0,3.0298976,A
1996-07-25,105.0,2.973264,A
1996-07-26,163.0,4.6156384,A
1996-07-27,225.0,6.37128,A
1996-07-28,238.0,6.7393984,A
1996-07-29,250.0,7.0792,A
1996-07-30,246.0,6.9659328,A
1996-07-31,206.0,5.8332608,A
1996-08-01,174.0,4.9271232,A
1996-08-02,188.0,5.3235584,A
1996-08-03,191.0,5.4085088,A
1996-08-04,170.0,4.813856,A
1996-08-05,162.0,4.5873216,A
1996-08-06,144.0,4.0776192,A
1996-08-07,134.0,3.7944512,A
1996-08-08,147.0,4.1625696,A
1996-08-09,141.0,3.9926688,A
1996-08-10,169.0,4.7855392,A
1996-08-11,356.0,10.0807808,A
1996-08-12,535.0,15.149488,A
1996-08-13,526.0,14.8946368,A
1996-08-14,314.0,8.8914752,A
1996-08-15,211.0,5.9748448,A
1996-08-16,164.0,4.6439552,A
1996-08-17,137.0,3.8794016,A
1996-08-18,118.0,3.3413824,A
1996-08-19,104.0,2.9449472,A
1996-08-20,92.0,2.6051456,A
1996-08-21,84.0,2.3786112,A
1996-08-22,75.0,2.12376,A
1996-08-23,68.0,1.9255423999999999,A
1996-08-24,65.0,1.840592,A
1996-08-25,62.0,1.7556416,A
1996-08-26,70.0,1.982176,A
1996-08-27,80.0,2.265344,A
1996-08-28,78.0,2.2087104,A
1996-08-29,95.0,2.690096,A
1996-08-30,97.0,2.7467296,A
1996-08-31,153.0,4.3324704,A
1996-09-01,445.0,12.600976,A
1996-09-02,558.0,15.8007744,A
1996-09-03,538.0,15.2344384,A
1996-09-04,746.0,21.1243328,A
1996-09-05,853.0,24.1542304,A
1996-09-06,1090.0,30.865312,A
1996-09-07,2000.0,56.6336,A
1996-09-08,2250.0,63.7128,A
1996-09-09,1720.0,48.704896,A
1996-09-10,1100.0,31.14848,A
1996-09-11,544.0,15.404339199999999,A
1996-09-12,394.0,11.1568192,A
1996-09-13,333.0,9.4294944,A
1996-09-14,333.0,9.4294944,A
1996-09-15,310.0,8.778208,A
1996-09-16,269.0,7.6172192,A
1996-09-17,234.0,6.6261312,A
1996-09-18,217.0,6.1447456,A
1996-09-19,269.0,7.6172192,A
1996-09-20,281.0,7.9570208,A
1996-09-21,249.0,7.0508831999999995,A
1996-09-22,221.0,6.2580127999999995,A
1996-09-23,189.0,5.3518752,A
1996-09-24,172.0,4.8704896,A
1996-09-25,156.0,4.4174208,A
1996-09-26,140.0,3.964352,A
1996-09-27,132.0,3.7378176,A
1996-09-28,139.0,3.9360352,A
1996-09-29,188.0,5.3235584,A
1996-09-30,296.0,8.3817728,A
1996-10-01,277.0,7.8437536,A
1996-10-02,269.0,7.6172192,A
1996-10-03,283.0,8.0136544,A
1996-10-04,276.0,7.8154368,A
1996-10-05,248.0,7.0225664,A
1996-10-06,221.0,6.2580127999999995,A
1996-10-07,198.0,5.6067264,A
1996-10-08,187.0,5.2952416,A
1996-10-09,212.0,6.0031616,A
1996-10-10,226.0,6.3995968,A
1996-10-11,201.0,5.6916768,A
1996-10-12,183.0,5.1819744,A
1996-10-13,163.0,4.6156384,A
1996-10-14,147.0,4.1625696,A
1996-10-15,134.0,3.7944512,A
1996-10-16,125.0,3.5396,A
1996-10-17,119.0,3.3696992,A
1996-10-18,115.0,3.2564319999999998,A
1996-10-19,110.0,3.114848,A
1996-10-20,107.0,3.0298976,A
1996-10-21,103.0,2.9166304,A
1996-10-22,99.0,2.8033632,A
1996-10-23,98.0,2.7750464,A
1996-10-24,97.0,2.7467296,A
1996-10-25,96.0,2.7184128,A
1996-10-26,97.0,2.7467296,A
1996-10-27,96.0,2.7184128,A
1996-10-28,96.0,2.7184128,A
1996-10-29,98.0,2.7750464,A
1996-10-30,97.0,2.7467296,A
1996-10-31,97.0,2.7467296,A
1996-11-01,97.0,2.7467296,A
1996-11-02,100.0,2.83168,A
1996-11-03,108.0,3.0582143999999998,A
1996-11-04,142.0,4.0209856,A
1996-11-05,157.0,4.4457376,A
1996-11-06,145.0,4.105936,A
1996-11-07,141.0,3.9926688,A
1996-11-08,189.0,5.3518752,A
1996-11-09,289.0,8.1835552,A
1996-11-10,356.0,10.0807808,A
1996-11-11,353.0,9.9958304,A
1996-11-12,321.0,9.0896928,A
1996-11-13,284.0,8.0419712,A
1996-11-14,245.0,6.937616,A
1996-11-15,206.0,5.8332608,A
1996-11-16,178.0,5.0403904,A
1996-11-17,161.0,4.5590048,A
1996-11-18,150.0,4.24752,A
1996-11-19,149.0,4.2192032,A
1996-11-20,168.0,4.7572224,A
1996-11-21,206.0,5.8332608,A
1996-11-22,202.0,5.7199936,A
1996-11-23,191.0,5.4085088,A
1996-11-24,177.0,5.0120736,A
1996-11-25,172.0,4.8704896,A
1996-11-26,212.0,6.0031616,A
1996-11-27,287.0,8.1269216,A
1996-11-28,294.0,8.3251392,A
1996-11-29,268.0,7.5889024,A
1996-11-30,246.0,6.9659328,A
1996-12-01,280.0,7.928704,A
1996-12-02,365.0,10.335632,A
1996-12-03,401.0,11.3550368,A
1996-12-04,403.0,11.4116704,A
1996-12-05,406.0,11.4966208,A
1996-12-06,396.0,11.2134528,A
1996-12-07,361.0,10.2223648,A
1996-12-08,333.0,9.4294944,A
1996-12-09,294.0,8.3251392,A
1996-12-10,253.0,7.1641504,A
1996-12-11,222.0,6.2863296,A
1996-12-12,203.0,5.7483104,A
1996-12-13,200.0,5.66336,A
1996-12-14,245.0,6.937616,A
1996-12-15,259.0,7.3340512,A
1996-12-16,236.0,6.6827648,A
1996-12-17,251.0,7.1075168,A
1996-12-18,283.0,8.0136544,A
1996-12-19,324.0,9.1746432,A
1996-12-20,355.0,10.052464,A
1996-12-21,347.0,9.8259296,A
1996-12-22,333.0,9.4294944,A
1996-12-23,314.0,8.8914752,A
1996-12-24,289.0,8.1835552,A
1996-12-25,272.0,7.7021695999999995,A
1996-12-26,271.0,7.6738528,A
1996-12-27,271.0,7.6738528,A
1996-12-28,263.0,7.4473184,A
1996-12-29,261.0,7.3906848,A
1996-12-30,250.0,7.0792,A
1996-12-31,242.0,6.8526656,A
1997-01-01,243.0,6.8809824,A
1997-01-02,275.0,7.78712,A
1997-01-03,288.0,8.1552384,A
1997-01-04,270.0,7.645536,A
1997-01-05,268.0,7.5889024,A
1997-01-06,278.0,7.8720704,A
1997-01-07,328.0,9.2879104,A
1997-01-08,475.0,13.45048,A
1997-01-09,678.0,19.1987904,A
1997-01-10,803.0,22.7383904,A
1997-01-11,849.0,24.0409632,A
1997-01-12,897.0,25.400169599999998,A
1997-01-13,951.0,26.9292768,A
1997-01-14,987.0,27.9486816,A
1997-01-15,970.0,27.467296,A
1997-01-16,914.0,25.8815552,A
1997-01-17,831.0,23.5312608,A
1997-01-18,780.0,22.087104,A
1997-01-19,759.0,21.4924512,A
1997-01-20,780.0,22.087104,A
1997-01-21,810.0,22.936608,A
1997-01-22,747.0,21.1526496,A
1997-01-23,636.0,18.0094848,A
1997-01-24,647.0,18.3209696,A
1997-01-25,832.0,23.5595776,A
1997-01-26,850.0,24.06928,A
1997-01-27,840.0,23.786112,A
1997-01-28,916.0,25.9381888,A
1997-01-29,1050.0,29.73264,A
1997-01-30,1200.0,33.98016,A
1997-01-31,1230.0,34.829664,A
1997-02-01,1130.0,31.997984,A
1997-02-02,1020.0,28.883136,A
1997-02-03,890.0,25.201952,A
1997-02-04,751.0,21.2659168,A
1997-02-05,661.0,18.7174048,A
1997-02-06,569.0,16.1122592,A
1997-02-07,501.0,14.1867168,A
1997-02-08,461.0,13.0540448,A
1997-02-09,454.0,12.8558272,A
1997-02-10,451.0,12.7708768,A
1997-02-11,437.0,12.374441599999999,A
1997-02-12,424.0,12.0063232,A
1997-02-13,434.0,12.2894912,A
1997-02-14,750.0,21.2376,A
1997-02-15,1570.0,44.457376,A
1997-02-16,1560.0,44.174208,A
1997-02-17,1510.0,42.758368,A
1997-02-18,2130.0,60.314783999999996,A
1997-02-19,3490.0,98.825632,A
1997-02-20,3070.0,86.932576,A
1997-02-21,2380.0,67.393984,A
1997-02-22,2240.0,63.429632,A
1997-02-23,1930.0,54.651424,A
1997-02-24,1650.0,46.72272,A
1997-02-25,1740.0,49.271232,A
1997-02-26,2360.0,66.827648,A
1997-02-27,2390.0,67.67715199999999,A
1997-02-28,2050.0,58.04944,A
1997-03-01,1820.0,51.536576,A
1997-03-02,1650.0,46.72272,A
1997-03-03,1500.0,42.4752,A
1997-03-04,1340.0,37.944511999999996,A
1997-03-05,1240.0,35.112832,A
1997-03-06,1180.0,33.413824,A
1997-03-07,1070.0,30.298976,A
1997-03-08,939.0,26.5894752,A
1997-03-09,773.0,21.8888864,A
1997-03-10,636.0,18.0094848,A
1997-03-11,564.0,15.9706752,A
1997-03-12,522.0,14.7813696,A
1997-03-13,503.0,14.2433504,A
1997-03-14,892.0,25.2585856,A
1997-03-15,948.0,26.8443264,A
1997-03-16,903.0,25.5700704,A
1997-03-17,868.0,24.5789824,A
1997-03-18,844.0,23.8993792,A
1997-03-19,772.0,21.860569599999998,A
1997-03-20,714.0,20.2181952,A
1997-03-21,683.0,19.340374399999998,A
1997-03-22,606.0,17.1599808,A
1997-03-23,564.0,15.9706752,A
1997-03-24,529.0,14.9795872,A
1997-03-25,469.0,13.2805792,A
1997-03-26,407.0,11.5249376,A
1997-03-27,366.0,10.3639488,A
1997-03-28,342.0,9.6843456,A
1997-03-29,337.0,9.5427616,A
1997-03-30,353.0,9.9958304,A
1997-03-31,360.0,10.194048,A
1997-04-01,450.0,12.74256,A
1997-04-02,488.0,13.818598399999999,A
1997-04-03,479.0,13.5637472,A
1997-04-04,437.0,12.374441599999999,A
1997-04-05,399.0,11.2984032,A
1997-04-06,418.0,11.8364224,A
1997-04-07,432.0,12.232857599999999,A
1997-04-08,414.0,11.723155199999999,A
1997-04-09,374.0,10.5904832,A
1997-04-10,338.0,9.5710784,A
1997-04-11,297.0,8.4100896,A
1997-04-12,306.0,8.6649408,A
1997-04-13,328.0,9.2879104,A
1997-04-14,363.0,10.278998399999999,A
1997-04-15,333.0,9.4294944,A
1997-04-16,300.0,8.49504,A
1997-04-17,260.0,7.362368,A
1997-04-18,218.0,6.1730624,A
1997-04-19,189.0,5.3518752,A
1997-04-20,168.0,4.7572224,A
1997-04-21,155.0,4.389104,A
1997-04-22,144.0,4.0776192,A
1997-04-23,166.0,4.7005888,A
1997-04-24,208.0,5.8898944,A
1997-04-25,298.0,8.4384064,A
1997-04-26,415.0,11.751472,A
1997-04-27,932.0,26.3912576,A
1997-04-28,2740.0,77.588032,A
1997-04-29,2690.0,76.172192,A
1997-04-30,2390.0,67.67715199999999,A
1997-05-01,3750.0,106.188,A
1997-05-02,4140.0,117.231552,A
1997-05-03,3220.0,91.18009599999999,A
1997-05-04,2360.0,66.827648,A
1997-05-05,1710.0,48.421728,A
1997-05-06,1220.0,34.546496,A
1997-05-07,865.0,24.494032,A
1997-05-08,680.0,19.255424,A
1997-05-09,552.0,15.6308736,A
1997-05-10,448.0,12.6859264,A
1997-05-11,368.0,10.4205824,A
1997-05-12,316.0,8.9481088,A
1997-05-13,286.0,8.0986048,A
1997-05-14,267.0,7.5605856,A
1997-05-15,250.0,7.0792,A
1997-05-16,221.0,6.2580127999999995,A
1997-05-17,195.0,5.521776,A
1997-05-18,174.0,4.9271232,A
1997-05-19,159.0,4.5023712,A
1997-05-20,188.0,5.3235584,A
1997-05-21,213.0,6.0314784,A
1997-05-22,217.0,6.1447456,A
1997-05-23,188.0,5.3235584,A
1997-05-24,222.0,6.2863296,A
1997-05-25,259.0,7.3340512,A
1997-05-26,252.0,7.1358336,A
1997-05-27,243.0,6.8809824,A
1997-05-28,457.0,12.9407776,A
1997-05-29,1270.0,35.962336,A
1997-05-30,1250.0,35.396,A
1997-05-31,1010.0,28.599968,A
1997-06-01,960.0,27.184128,A
1997-06-02,862.0,24.4090816,A
1997-06-03,707.0,20.0199776,A
1997-06-04,573.0,16.2255264,A
1997-06-05,491.0,13.9035488,A
1997-06-06,465.0,13.167311999999999,A
1997-06-07,403.0,11.4116704,A
1997-06-08,326.0,9.2312768,A
1997-06-09,276.0,7.8154368,A
1997-06-10,240.0,6.796032,A
1997-06-11,216.0,6.1164287999999996,A
1997-06-12,194.0,5.4934592,A
1997-06-13,200.0,5.66336,A
1997-06-14,227.0,6.4279136,A
1997-06-15,164.0,4.6439552,A
1997-06-16,160.0,4.530688,A
1997-06-17,323.0,9.1463264,A
1997-06-18,945.0,26.759376,A
1997-06-19,874.0,24.748883199999998,A
1997-06-20,640.0,18.122752,A
1997-06-21,670.0,18.972255999999998,A
1997-06-22,716.0,20.274828799999998,A
1997-06-23,508.0,14.3849344,A
1997-06-24,473.0,13.3938464,A
1997-06-25,556.0,15.7441408,A
1997-06-26,549.0,15.545923199999999,A
1997-06-27,489.0,13.8469152,A
1997-06-28,493.0,13.960182399999999,A
1997-06-29,434.0,12.2894912,A
1997-06-30,685.0,19.397008,A
1997-07-01,693.0,19.623542399999998,A
1997-07-02,467.0,13.2239456,A
1997-07-03,439.0,12.4310752,A
1997-07-04,459.0,12.9974112,A
1997-07-05,440.0,12.459392,A
1997-07-06,359.0,10.1657312,A
1997-07-07,348.0,9.8542464,A
1997-07-08,555.0,15.715824,A
1997-07-09,489.0,13.8469152,A
1997-07-10,488.0,13.818598399999999,A
1997-07-11,433.0,12.2611744,A
1997-07-12,411.0,11.6382048,A
1997-07-13,423.0,11.9780064,A
1997-07-14,392.0,11.1001856,A
1997-07-15,270.0,7.645536,A
1997-07-16,190.0,5.380192,A
1997-07-17,159.0,4.5023712,A
1997-07-18,149.0,4.2192032,A
1997-07-19,153.0,4.3324704,A
1997-07-20,200.0,5.66336,A
1997-07-21,192.0,5.4368256,A
1997-07-22,166.0,4.7005888,A
1997-07-23,158.0,4.4740544,A
1997-07-24,158.0,4.4740544,A
1997-07-25,156.0,4.4174208,A
1997-07-26,184.0,5.2102912,A
1997-07-27,229.0,6.4845472,A
1997-07-28,259.0,7.3340512,A
1997-07-29,352.0,9.9675136,A
1997-07-30,427.0,12.0912736,A
1997-07-31,467.0,13.2239456,A
1997-08-01,437.0,12.374441599999999,A
1997-08-02,305.0,8.636624,A
1997-08-03,243.0,6.8809824,A
1997-08-04,197.0,5.5784096,A
1997-08-05,175.0,4.95544,A
1997-08-06,157.0,4.4457376,A
1997-08-07,141.0,3.9926688,A
1997-08-08,126.0,3.5679168,A
1997-08-09,127.0,3.5962336,A
1997-08-10,146.0,4.1342528,A
1997-08-11,165.0,4.6722719999999995,A
1997-08-12,168.0,4.7572224,A
1997-08-13,160.0,4.530688,A
1997-08-14,142.0,4.0209856,A
1997-08-15,125.0,3.5396,A
1997-08-16,121.0,3.4263328,A
1997-08-17,130.0,3.681184,A
1997-08-18,129.0,3.6528671999999998,A
1997-08-19,123.0,3.4829664,A
1997-08-20,123.0,3.4829664,A
1997-08-21,111.0,3.1431648,A
1997-08-22,103.0,2.9166304,A
1997-08-23,103.0,2.9166304,A
1997-08-24,93.0,2.6334624,A
1997-08-25,83.0,2.3502944,A
1997-08-26,75.0,2.12376,A
1997-08-27,69.0,1.9538592,A
1997-08-28,66.0,1.8689088,A
1997-08-29,61.0,1.7273247999999999,A:e
1997-08-30,57.0,1.6140576,A:e
1997-08-31,53.0,1.5007904,A:e
1997-09-01,49.0,1.3875232,A:e
1997-09-02,47.0,1.3308896,A:e
1997-09-03,45.0,1.274256,A:e
1997-09-04,45.0,1.274256,A
1997-09-05,44.0,1.2459392,A
1997-09-06,41.0,1.1609888,A
1997-09-07,40.0,1.132672,A
1997-09-08,41.0,1.1609888,A
1997-09-09,40.0,1.132672,A
1997-09-10,40.0,1.132672,A
1997-09-11,40.0,1.132672,A
1997-09-12,41.0,1.1609888,A
1997-09-13,53.0,1.5007904,A
1997-09-14,55.0,1.557424,A
1997-09-15,48.0,1.3592064,A
1997-09-16,44.0,1.2459392,A
1997-09-17,41.0,1.1609888,A
1997-09-18,40.0,1.132672,A
1997-09-19,39.0,1.1043552,A
1997-09-20,37.0,1.0477216,A
1997-09-21,36.0,1.0194048,A
1997-09-22,36.0,1.0194048,A
1997-09-23,36.0,1.0194048,A
1997-09-24,36.0,1.0194048,A
1997-09-25,40.0,1.132672,A
1997-09-26,49.0,1.3875232,A
1997-09-27,135.0,3.822768,A
1997-09-28,152.0,4.3041536,A
1997-09-29,113.0,3.1997984,A
1997-09-30,92.0,2.6051456,A
1997-10-01,78.0,2.2087104,A
1997-10-02,68.0,1.9255423999999999,A
1997-10-03,60.0,1.699008,A
1997-10-04,55.0,1.557424,A
1997-10-05,52.0,1.4724736,A
1997-10-06,50.0,1.41584,A
1997-10-07,48.0,1.3592064,A:e
1997-10-08,47.0,1.3308896,A:e
1997-10-09,46.0,1.3025728,A:e
1997-10-10,46.0,1.3025728,A:e
1997-10-11,45.0,1.274256,A:e
1997-10-12,44.0,1.2459392,A:e
1997-10-13,43.0,1.2176224,A:e
1997-10-14,42.0,1.1893056,A:e
1997-10-15,41.0,1.1609888,A
1997-10-16,41.0,1.1609888,A
1997-10-17,41.0,1.1609888,A
1997-10-18,42.0,1.1893056,A
1997-10-19,41.0,1.1609888,A
1997-10-20,41.0,1.1609888,A
1997-10-21,41.0,1.1609888,A
1997-10-22,41.0,1.1609888,A
1997-10-23,40.0,1.132672,A
1997-10-24,53.0,1.5007904,A
1997-10-25,92.0,2.6051456,A
1997-10-26,399.0,11.2984032,A
1997-10-27,845.0,23.927696,A
1997-10-28,1080.0,30.582144,A
1997-10-29,1100.0,31.14848,A
1997-10-30,555.0,15.715824,A
1997-10-31,306.0,8.6649408,A
1997-11-01,249.0,7.0508831999999995,A
1997-11-02,414.0,11.723155199999999,A
1997-11-03,790.0,22.370272,A
1997-11-04,693.0,19.623542399999998,A
1997-11-05,437.0,12.374441599999999,A
1997-11-06,328.0,9.2879104,A
1997-11-07,270.0,7.645536,A
1997-11-08,239.0,6.7677152,A
1997-11-09,214.0,6.0597952,A
1997-11-10,192.0,5.4368256,A
1997-11-11,175.0,4.95544,A
1997-11-12,213.0,6.0314784,A
1997-11-13,711.0,20.1332448,A
1997-11-14,1180.0,33.413824,A
1997-11-15,1170.0,33.130656,A
1997-11-16,1070.0,30.298976,A
1997-11-17,973.0,27.5522464,A
1997-11-18,881.0,24.9471008,A
1997-11-19,702.0,19.8783936,A
1997-11-20,503.0,14.2433504,A
1997-11-21,388.0,10.9869184,A
1997-11-22,368.0,10.4205824,A
1997-11-23,511.0,14.469884799999999,A
1997-11-24,684.0,19.3686912,A
1997-11-25,816.0,23.1065088,A
1997-11-26,950.0,26.90096,A
1997-11-27,1090.0,30.865312,A
1997-11-28,1210.0,34.263328,A
1997-11-29,1710.0,48.421728,A
1997-11-30,3230.0,91.463264,A
1997-12-01,3220.0,91.18009599999999,A
1997-12-02,2310.0,65.411808,A
1997-12-03,2170.0,61.447456,A
1997-12-04,2990.0,84.667232,A
1997-12-05,2870.0,81.269216,A
1997-12-06,2320.0,65.694976,A
1997-12-07,1820.0,51.536576,A
1997-12-08,1490.0,42.192032,A
1997-12-09,1260.0,35.679168,A
1997-12-10,1170.0,33.130656,A
1997-12-11,1050.0,29.73264,A
1997-12-12,1010.0,28.599968,A
1997-12-13,955.0,27.042544,A
1997-12-14,931.0,26.3629408,A
1997-12-15,930.0,26.334623999999998,A
1997-12-16,925.0,26.19304,A
1997-12-17,909.0,25.7399712,A
1997-12-18,882.0,24.9754176,A
1997-12-19,849.0,24.0409632,A
1997-12-20,791.0,22.3985888,A
1997-12-21,723.0,20.4730464,A
1997-12-22,674.0,19.0855232,A
1997-12-23,658.0,18.6324544,A
1997-12-24,1660.0,47.005888,A
1997-12-25,2400.0,67.96032,A
1997-12-26,2510.0,71.075168,A
1997-12-27,4790.0,135.637472,A
1997-12-28,5820.0,164.803776,A
1997-12-29,4450.0,126.00976,A
1997-12-30,3190.0,90.330592,A
1997-12-31,2300.0,65.12864,A
1998-01-01,1760.0,49.837568,A
1998-01-02,1450.0,41.05936,A
1998-01-03,1200.0,33.98016,A
1998-01-04,986.0,27.920364799999998,A
1998-01-05,860.0,24.352448,A
1998-01-06,1080.0,30.582144,A
1998-01-07,1380.0,39.077184,A
1998-01-08,2100.0,59.46528,A
1998-01-09,2230.0,63.146464,A
1998-01-10,2640.0,74.75635199999999,A
1998-01-11,3980.0,112.700864,A
1998-01-12,3490.0,98.825632,A
1998-01-13,2610.0,73.906848,A
1998-01-14,2040.0,57.766272,A
1998-01-15,1790.0,50.687072,A
1998-01-16,1740.0,49.271232,A
1998-01-17,1500.0,42.4752,A
1998-01-18,1300.0,36.81184,A
1998-01-19,1250.0,35.396,A
1998-01-20,1280.0,36.245504,A
1998-01-21,1330.0,37.661344,A
1998-01-22,1410.0,39.926688,A
1998-01-23,1810.0,51.253408,A
1998-01-24,1760.0,49.837568,A
1998-01-25,1610.0,45.590047999999996,A
1998-01-26,1520.0,43.041536,A
1998-01-27,1640.0,46.439552,A
1998-01-28,1700.0,48.13856,A
1998-01-29,1550.0,43.89104,A
1998-01-30,1360.0,38.510848,A
1998-01-31,1210.0,34.263328,A
1998-02-01,1080.0,30.582144,A
1998-02-02,986.0,27.920364799999998,A
1998-02-03,1660.0,47.005888,A
1998-02-04,2430.0,68.809824,A
1998-02-05,2270.0,64.279136,A
1998-02-06,2820.0,79.853376,A
1998-02-07,4590.0,129.974112,A
1998-02-08,3950.0,111.85136,A
1998-02-09,2900.0,82.11872,A
1998-02-10,2170.0,61.447456,A
1998-02-11,1740.0,49.271232,A
1998-02-12,1490.0,42.192032,A
1998-02-13,1270.0,35.962336,A
1998-02-14,1100.0,31.14848,A
1998-02-15,995.0,28.175216,A
1998-02-16,1120.0,31.714816,A
1998-02-17,1920.0,54.368256,A
1998-02-18,2200.0,62.29696,A
1998-02-19,1970.0,55.784096,A
1998-02-20,2420.0,68.526656,A
1998-02-21,3280.0,92.879104,A
1998-02-22,2930.0,82.96822399999999,A
1998-02-23,2550.0,72.20784,A
1998-02-24,2130.0,60.314783999999996,A
1998-02-25,1790.0,50.687072,A
1998-02-26,1580.0,44.740544,A
1998-02-27,1730.0,48.988064,A
1998-02-28,1850.0,52.38608,A
1998-03-01,1710.0,48.421728,A
1998-03-02,1510.0,42.758368,A
1998-03-03,1410.0,39.926688,A
1998-03-04,1390.0,39.360352,A
1998-03-05,1360.0,38.510848,A
1998-03-06,1350.0,38.22768,A
1998-03-07,1550.0,43.89104,A
1998-03-08,8170.0,231.348256,A
1998-03-09,9670.0,273.823456,A
1998-03-10,13900.0,393.60352,A
1998-03-11,14800.0,419.08864,A
1998-03-12,8980.0,254.284864,A
1998-03-13,5250.0,148.6632,A
1998-03-14,3640.0,103.073152,A
1998-03-15,2670.0,75.605856,A
1998-03-16,2160.0,61.164288,A
1998-03-17,1840.0,52.102911999999996,A
1998-03-18,1620.0,45.873216,A
1998-03-19,1520.0,43.041536,A
1998-03-20,1420.0,40.209856,A
1998-03-21,1350.0,38.22768,A
1998-03-22,1300.0,36.81184,A
1998-03-23,1240.0,35.112832,A
1998-03-24,1170.0,33.130656,A
1998-03-25,1090.0,30.865312,A
1998-03-26,999.0,28.288483199999998,A
1998-03-27,914.0,25.8815552,A
1998-03-28,846.0,23.9560128,A
1998-03-29,801.0,22.6817568,A
1998-03-30,768.0,21.7473024,A
1998-03-31,736.0,20.8411648,A
1998-04-01,835.0,23.644528,A
1998-04-02,1000.0,28.3168,A
1998-04-03,1070.0,30.298976,A
1998-04-04,1060.0,30.015808,A
1998-04-05,988.0,27.9769984,A
1998-04-06,902.0,25.5417536,A
1998-04-07,818.0,23.163142399999998,A
1998-04-08,861.0,24.380764799999998,A
1998-04-09,1100.0,31.14848,A
1998-04-10,993.0,28.1185824,A
1998-04-11,989.0,28.0053152,A
1998-04-12,933.0,26.4195744,A
1998-04-13,845.0,23.927696,A
1998-04-14,763.0,21.6057184,A
1998-04-15,683.0,19.340374399999998,A
1998-04-16,628.0,17.7829504,A
1998-04-17,592.0,16.7635456,A
1998-04-18,721.0,20.4164128,A
1998-04-19,773.0,21.8888864,A
1998-04-20,973.0,27.5522464,A
1998-04-21,1040.0,29.449472,A
1998-04-22,1020.0,28.883136,A
1998-04-23,995.0,28.175216,A
1998-04-24,991.0,28.0619488,A
1998-04-25,967.0,27.3823456,A
1998-04-26,802.0,22.7100736,A
1998-04-27,623.0,17.6413664,A
1998-04-28,520.0,14.724736,A
1998-04-29,439.0,12.4310752,A
1998-04-30,388.0,10.9869184,A
1998-05-01,371.0,10.5055328,A
1998-05-02,358.0,10.137414399999999,A
1998-05-03,333.0,9.4294944,A
1998-05-04,425.0,12.03464,A
1998-05-05,596.0,16.8768128,A
1998-05-06,630.0,17.839584,A
1998-05-07,571.0,16.1688928,A
1998-05-08,493.0,13.960182399999999,A
1998-05-09,418.0,11.8364224,A
1998-05-10,412.0,11.6665216,A
1998-05-11,394.0,11.1568192,A
1998-05-12,337.0,9.5427616,A
1998-05-13,282.0,7.9853376,A
1998-05-14,242.0,6.8526656,A
1998-05-15,214.0,6.0597952,A
1998-05-16,193.0,5.4651423999999995,A
1998-05-17,178.0,5.0403904,A
1998-05-18,163.0,4.6156384,A
1998-05-19,153.0,4.3324704,A
1998-05-20,140.0,3.964352,A
1998-05-21,130.0,3.681184,A
1998-05-22,123.0,3.4829664,A
1998-05-23,117.0,3.3130656,A
1998-05-24,111.0,3.1431648,A
1998-05-25,106.0,3.0015808,A
1998-05-26,102.0,2.8883136,A
1998-05-27,99.0,2.8033632,A
1998-05-28,95.0,2.690096,A
1998-05-29,93.0,2.6334624,A
1998-05-30,92.0,2.6051456,A
1998-05-31,100.0,2.83168,A
1998-06-01,92.0,2.6051456,A
1998-06-02,90.0,2.548512,A
1998-06-03,88.0,2.4918784,A
1998-06-04,82.0,2.3219776,A
1998-06-05,75.0,2.12376,A
1998-06-06,91.0,2.5768288,A
1998-06-07,120.0,3.398016,A
1998-06-08,203.0,5.7483104,A
1998-06-09,180.0,5.097024,A
1998-06-10,133.0,3.7661344,A
1998-06-11,106.0,3.0015808,A
1998-06-12,94.0,2.6617792,A
1998-06-13,87.0,2.4635616,A
1998-06-14,80.0,2.265344,A
1998-06-15,75.0,2.12376,A
1998-06-16,70.0,1.982176,A
1998-06-17,64.0,1.8122752,A
1998-06-18,61.0,1.7273247999999999,A
1998-06-19,58.0,1.6423744,A
1998-06-20,67.0,1.8972256,A
1998-06-21,72.0,2.0388096,A
1998-06-22,84.0,2.3786112,A
1998-06-23,91.0,2.5768288,A
1998-06-24,85.0,2.406928,A
1998-06-25,72.0,2.0388096,A
1998-06-26,78.0,2.2087104,A
1998-06-27,76.0,2.1520768,A
1998-06-28,80.0,2.265344,A
1998-06-29,80.0,2.265344,A
1998-06-30,68.0,1.9255423999999999,A
1998-07-01,58.0,1.6423744,A
1998-07-02,53.0,1.5007904,A
1998-07-03,51.0,1.4441568,A
1998-07-04,58.0,1.6423744,A
1998-07-05,66.0,1.8689088,A
1998-07-06,86.0,2.4352448,A
1998-07-07,88.0,2.4918784,A
1998-07-08,75.0,2.12376,A
1998-07-09,67.0,1.8972256,A
1998-07-10,131.0,3.7095008,A
1998-07-11,76.0,2.1520768,A
1998-07-12,112.0,3.1714816,A
1998-07-13,96.0,2.7184128,A
1998-07-14,163.0,4.6156384,A
1998-07-15,356.0,10.0807808,A
1998-07-16,199.0,5.6350432,A
1998-07-17,139.0,3.9360352,A
1998-07-18,132.0,3.7378176,A
1998-07-19,113.0,3.1997984,A
1998-07-20,94.0,2.6617792,A
1998-07-21,82.0,2.3219776,A
1998-07-22,73.0,2.0671264,A
1998-07-23,71.0,2.0104928,A
1998-07-24,71.0,2.0104928,A
1998-07-25,67.0,1.8972256,A
1998-07-26,63.0,1.7839584,A
1998-07-27,82.0,2.3219776,A
1998-07-28,102.0,2.8883136,A
1998-07-29,118.0,3.3413824,A
1998-07-30,163.0,4.6156384,A
1998-07-31,210.0,5.946528,A
1998-08-01,143.0,4.0493024,A
1998-08-02,150.0,4.24752,A
1998-08-03,144.0,4.0776192,A
1998-08-04,135.0,3.822768,A
1998-08-05,114.0,3.2281152,A
1998-08-06,92.0,2.6051456,A
1998-08-07,78.0,2.2087104,A
1998-08-08,71.0,2.0104928,A
1998-08-09,67.0,1.8972256,A
1998-08-10,77.0,2.1803936,A
1998-08-11,118.0,3.3413824,A
1998-08-12,127.0,3.5962336,A
1998-08-13,99.0,2.8033632,A
1998-08-14,103.0,2.9166304,A
1998-08-15,112.0,3.1714816,A
1998-08-16,111.0,3.1431648,A
1998-08-17,139.0,3.9360352,A
1998-08-18,141.0,3.9926688,A
1998-08-19,132.0,3.7378176,A
1998-08-20,115.0,3.2564319999999998,A
1998-08-21,97.0,2.7467296,A
1998-08-22,83.0,2.3502944,A
1998-08-23,73.0,2.0671264,A
1998-08-24,67.0,1.8972256,A
1998-08-25,63.0,1.7839584,A
1998-08-26,59.0,1.6706912,A
1998-08-27,53.0,1.5007904,A:e
1998-08-28,47.0,1.3308896,A:e
1998-08-29,44.0,1.2459392,A:e
1998-08-30,42.0,1.1893056,A:e
1998-08-31,40.0,1.132672,A:e
1998-09-01,39.0,1.1043552,A
1998-09-02,39.0,1.1043552,A
1998-09-03,58.0,1.6423744,A
1998-09-04,67.0,1.8972256,A
1998-09-05,83.0,2.3502944,A
1998-09-06,88.0,2.4918784,A
1998-09-07,82.0,2.3219776,A
1998-09-08,70.0,1.982176,A
1998-09-09,61.0,1.7273247999999999,A
1998-09-10,55.0,1.557424,A
1998-09-11,51.0,1.4441568,A
1998-09-12,49.0,1.3875232,A
1998-09-13,47.0,1.3308896,A
1998-09-14,47.0,1.3308896,A
1998-09-15,46.0,1.3025728,A
1998-09-16,46.0,1.3025728,A
1998-09-17,44.0,1.2459392,A
1998-09-18,45.0,1.274256,A
1998-09-19,50.0,1.41584,A
1998-09-20,64.0,1.8122752,A
1998-09-21,97.0,2.7467296,A
1998-09-22,270.0,7.645536,A
1998-09-23,391.0,11.0718688,A
1998-09-24,231.0,6.5411808,A
1998-09-25,135.0,3.822768,A
1998-09-26,101.0,2.8599968,A
1998-09-27,86.0,2.4352448,A
1998-09-28,211.0,5.9748448,A
1998-09-29,4420.0,125.160256,A
1998-09-30,7370.0,208.694816,A
1998-10-01,5110.0,144.698848,A
1998-10-02,5220.0,147.813696,A
1998-10-03,6110.0,173.015648,A
1998-10-04,4570.0,129.40777599999998,A
1998-10-05,3290.0,93.162272,A
1998-10-06,2370.0,67.110816,A
1998-10-07,1940.0,54.934592,A
1998-10-08,1550.0,43.89104,A
1998-10-09,1000.0,28.3168,A
1998-10-10,789.0,22.3419552,A
1998-10-11,696.0,19.7084928,A
1998-10-12,651.0,18.4342368,A
1998-10-13,561.0,15.8857248,A
1998-10-14,468.0,13.2522624,A
1998-10-15,392.0,11.1001856,A
1998-10-16,341.0,9.6560288,A
1998-10-17,302.0,8.551673599999999,A
1998-10-18,274.0,7.7588032,A
1998-10-19,251.0,7.1075168,A
1998-10-20,235.0,6.6544479999999995,A
1998-10-21,220.0,6.229696,A
1998-10-22,205.0,5.804944,A
1998-10-23,187.0,5.2952416,A
1998-10-24,173.0,4.8988064,A
1998-10-25,164.0,4.6439552,A
1998-10-26,158.0,4.4740544,A
1998-10-27,152.0,4.3041536,A
1998-10-28,148.0,4.1908864,A
1998-10-29,143.0,4.0493024,A
1998-10-30,141.0,3.9926688,A
1998-10-31,138.0,3.9077184,A
1998-11-01,134.0,3.7944512,A
1998-11-02,131.0,3.7095008,A
1998-11-03,132.0,3.7378176,A
1998-11-04,136.0,3.8510847999999998,A
1998-11-05,129.0,3.6528671999999998,A
1998-11-06,125.0,3.5396,A
1998-11-07,123.0,3.4829664,A
1998-11-08,123.0,3.4829664,A
1998-11-09,126.0,3.5679168,A
1998-11-10,129.0,3.6528671999999998,A
1998-11-11,163.0,4.6156384,A
1998-11-12,211.0,5.9748448,A
1998-11-13,227.0,6.4279136,A
1998-11-14,207.0,5.8615775999999995,A
1998-11-15,235.0,6.6544479999999995,A
1998-11-16,312.0,8.8348416,A
1998-11-17,380.0,10.760384,A
1998-11-18,372.0,10.5338496,A
1998-11-19,324.0,9.1746432,A
1998-11-20,287.0,8.1269216,A
1998-11-21,264.0,7.4756352,A
1998-11-22,232.0,6.5694976,A
1998-11-23,223.0,6.3146464,A
1998-11-24,260.0,7.362368,A
1998-11-25,313.0,8.8631584,A
1998-11-26,292.0,8.2685056,A
1998-11-27,258.0,7.3057343999999995,A
1998-11-28,240.0,6.796032,A
1998-11-29,219.0,6.2013792,A
1998-11-30,203.0,5.7483104,A
1998-12-01,191.0,5.4085088,A
1998-12-02,182.0,5.1536576,A
1998-12-03,177.0,5.0120736,A
1998-12-04,172.0,4.8704896,A
1998-12-05,169.0,4.7855392,A
1998-12-06,167.0,4.7289056,A
1998-12-07,170.0,4.813856,A
1998-12-08,195.0,5.521776,A
1998-12-09,226.0,6.3995968,A
1998-12-10,223.0,6.3146464,A
1998-12-11,206.0,5.8332608,A
1998-12-12,193.0,5.4651423999999995,A
1998-12-13,212.0,6.0031616,A
1998-12-14,241.0,6.8243488,A
1998-12-15,241.0,6.8243488,A
1998-12-16,217.0,6.1447456,A
1998-12-17,200.0,5.66336,A
1998-12-18,187.0,5.2952416,A
1998-12-19,177.0,5.0120736,A
1998-12-20,172.0,4.8704896,A
1998-12-21,170.0,4.813856,A
1998-12-22,172.0,4.8704896,A
1998-12-23,171.0,4.8421728,A
1998-12-24,170.0,4.813856,A
1998-12-25,186.0,5.2669248,A
1998-12-26,222.0,6.2863296,A
1998-12-27,243.0,6.8809824,A
1998-12-28,244.0,6.9092991999999995,A
1998-12-29,238.0,6.7393984,A
1998-12-30,226.0,6.3995968,A
1998-12-31,210.0,5.946528,A
1999-01-01,193.0,5.4651423999999995,A
1999-01-02,302.0,8.551673599999999,A
1999-01-03,618.0,17.4997824,A
1999-01-04,683.0,19.340374399999998,A
1999-01-05,571.0,16.1688928,A
1999-01-06,481.0,13.6203808,A
1999-01-07,449.0,12.7142432,A
1999-01-08,409.0,11.581571199999999,A
1999-01-09,471.0,13.3372128,A
1999-01-10,597.0,16.9051296,A
1999-01-11,587.0,16.6219616,A
1999-01-12,521.0,14.753052799999999,A
1999-01-13,465.0,13.167311999999999,A
1999-01-14,419.0,11.8647392,A
1999-01-15,379.0,10.7320672,A
1999-01-16,344.0,9.7409792,A
1999-01-17,313.0,8.8631584,A
1999-01-18,295.0,8.353456,A
1999-01-19,276.0,7.8154368,A
1999-01-20,258.0,7.3057343999999995,A
1999-01-21,245.0,6.937616,A
1999-01-22,236.0,6.6827648,A
1999-01-23,733.0,20.7562144,A
1999-01-24,1050.0,29.73264,A
1999-01-25,980.0,27.750464,A
1999-01-26,915.0,25.909872,A
1999-01-27,925.0,26.19304,A
1999-01-28,983.0,27.8354144,A
1999-01-29,1010.0,28.599968,A
1999-01-30,915.0,25.909872,A
1999-01-31,792.0,22.4269056,A
1999-02-01,882.0,24.9754176,A
1999-02-02,951.0,26.9292768,A
1999-02-03,992.0,28.0902656,A
1999-02-04,1070.0,30.298976,A
1999-02-05,1150.0,32.56432,A
1999-02-06,1230.0,34.829664,A
1999-02-07,1170.0,33.130656,A
1999-02-08,991.0,28.0619488,A
1999-02-09,784.0,22.2003712,A
1999-02-10,639.0,18.0944352,A
1999-02-11,550.0,15.57424,A
1999-02-12,493.0,13.960182399999999,A
1999-02-13,464.0,13.1389952,A
1999-02-14,441.0,12.4877088,A
1999-02-15,404.0,11.4399872,A
1999-02-16,370.0,10.477216,A
1999-02-17,350.0,9.91088,A
1999-02-18,392.0,11.1001856,A
1999-02-19,494.0,13.9884992,A
1999-02-20,518.0,14.6681024,A
1999-02-21,510.0,14.441568,A
1999-02-22,480.0,13.592064,A
1999-02-23,424.0,12.0063232,A
1999-02-24,375.0,10.6188,A
1999-02-25,345.0,9.769296,A
1999-02-26,332.0,9.4011776,A
1999-02-27,320.0,9.061376,A
1999-02-28,346.0,9.7976128,A
1999-03-01,366.0,10.3639488,A
1999-03-02,367.0,10.3922656,A
1999-03-03,396.0,11.2134528,A
1999-03-04,446.0,12.6292928,A
1999-03-05,441.0,12.4877088,A
1999-03-06,431.0,12.2045408,A
1999-03-07,521.0,14.753052799999999,A
1999-03-08,533.0,15.0928544,A
1999-03-09,573.0,16.2255264,A
1999-03-10,702.0,19.8783936,A
1999-03-11,685.0,19.397008,A
1999-03-12,626.0,17.7263168,A
1999-03-13,674.0,19.0855232,A
1999-03-14,3320.0,94.011776,A
1999-03-15,3240.0,91.746432,A
1999-03-16,2370.0,67.110816,A
1999-03-17,3200.0,90.61376,A
1999-03-18,4400.0,124.59392,A
1999-03-19,3360.0,95.144448,A
1999-03-20,2400.0,67.96032,A
1999-03-21,1750.0,49.5544,A
1999-03-22,1210.0,34.263328,A
1999-03-23,801.0,22.6817568,A
1999-03-24,667.0,18.8873056,A
1999-03-25,605.0,17.131664,A
1999-03-26,557.0,15.7724576,A
1999-03-27,520.0,14.724736,A
1999-03-28,497.0,14.0734496,A
1999-03-29,481.0,13.6203808,A
1999-03-30,459.0,12.9974112,A
1999-03-31,448.0,12.6859264,A
1999-04-01,511.0,14.469884799999999,A
1999-04-02,541.0,15.3193888,A
1999-04-03,531.0,15.0362208,A
1999-04-04,509.0,14.4132512,A
1999-04-05,480.0,13.592064,A
1999-04-06,433.0,12.2611744,A
1999-04-07,391.0,11.0718688,A
1999-04-08,368.0,10.4205824,A
1999-04-09,341.0,9.6560288,A
1999-04-10,312.0,8.8348416,A
1999-04-11,290.0,8.211872,A
1999-04-12,263.0,7.4473184,A
1999-04-13,236.0,6.6827648,A
1999-04-14,213.0,6.0314784,A
1999-04-15,195.0,5.521776,A
1999-04-16,300.0,8.49504,A
1999-04-17,632.0,17.8962176,A
1999-04-18,753.0,21.3225504,A
1999-04-19,828.0,23.446310399999998,A
1999-04-20,870.0,24.635616,A
1999-04-21,728.0,20.6146304,A
1999-04-22,418.0,11.8364224,A
1999-04-23,286.0,8.0986048,A
1999-04-24,233.0,6.5978144,A
1999-04-25,207.0,5.8615775999999995,A
1999-04-26,190.0,5.380192,A
1999-04-27,183.0,5.1819744,A
1999-04-28,194.0,5.4934592,A
1999-04-29,216.0,6.1164287999999996,A
1999-04-30,214.0,6.0597952,A
1999-05-01,197.0,5.5784096,A
1999-05-02,186.0,5.2669248,A
1999-05-03,170.0,4.813856,A
1999-05-04,154.0,4.3607872,A
1999-05-05,144.0,4.0776192,A
1999-05-06,422.0,11.9496896,A
1999-05-07,1310.0,37.095008,A
1999-05-08,1810.0,51.253408,A
1999-05-09,2090.0,59.182112,A
1999-05-10,2350.0,66.54448,A
1999-05-11,2280.0,64.562304,A
1999-05-12,1830.0,51.819744,A
1999-05-13,1100.0,31.14848,A
1999-05-14,577.0,16.3387936,A
1999-05-15,410.0,11.609888,A
1999-05-16,339.0,9.5993952,A
1999-05-17,283.0,8.0136544,A
1999-05-18,244.0,6.9092991999999995,A
1999-05-19,252.0,7.1358336,A
1999-05-20,250.0,7.0792,A
1999-05-21,240.0,6.796032,A
1999-05-22,197.0,5.5784096,A
1999-05-23,169.0,4.7855392,A
1999-05-24,152.0,4.3041536,A
1999-05-25,141.0,3.9926688,A
1999-05-26,143.0,4.0493024,A
1999-05-27,165.0,4.6722719999999995,A
1999-05-28,173.0,4.8988064,A
1999-05-29,179.0,5.0687071999999995,A
1999-05-30,165.0,4.6722719999999995,A
1999-05-31,157.0,4.4457376,A
1999-06-01,177.0,5.0120736,A
1999-06-02,237.0,6.7110816,A
1999-06-03,178.0,5.0403904,A
1999-06-04,143.0,4.0493024,A
1999-06-05,124.0,3.5112832,A
1999-06-06,125.0,3.5396,A
1999-06-07,125.0,3.5396,A
1999-06-08,115.0,3.2564319999999998,A
1999-06-09,105.0,2.973264,A
1999-06-10,112.0,3.1714816,A
1999-06-11,109.0,3.0865312,A
1999-06-12,101.0,2.8599968,A
1999-06-13,127.0,3.5962336,A
1999-06-14,170.0,4.813856,A
1999-06-15,175.0,4.95544,A
1999-06-16,198.0,5.6067264,A
1999-06-17,432.0,12.232857599999999,A
1999-06-18,543.0,15.3760224,A
1999-06-19,315.0,8.919792,A
1999-06-20,240.0,6.796032,A
1999-06-21,219.0,6.2013792,A
1999-06-22,209.0,5.9182112,A
1999-06-23,167.0,4.7289056,A
1999-06-24,264.0,7.4756352,A
1999-06-25,401.0,11.3550368,A
1999-06-26,535.0,15.149488,A
1999-06-27,1520.0,43.041536,A
1999-06-28,2930.0,82.96822399999999,A
1999-06-29,2500.0,70.792,A
1999-06-30,4290.0,121.479072,A
1999-07-01,6390.0,180.944352,A
1999-07-02,4470.0,126.57609599999999,A
1999-07-03,3010.0,85.233568,A
1999-07-04,2030.0,57.483104,A
1999-07-05,1410.0,39.926688,A
1999-07-06,840.0,23.786112,A
1999-07-07,546.0,15.4609728,A
1999-07-08,511.0,14.469884799999999,A
1999-07-09,620.0,17.556416,A
1999-07-10,524.0,14.8380032,A
1999-07-11,416.0,11.7797888,A
1999-07-12,563.0,15.9423584,A
1999-07-13,802.0,22.7100736,A
1999-07-14,741.0,20.9827488,A
1999-07-15,797.0,22.5684896,A
1999-07-16,955.0,27.042544,A
1999-07-17,1210.0,34.263328,A
1999-07-18,769.0,21.7756192,A
1999-07-19,830.0,23.502944,A
1999-07-20,973.0,27.5522464,A
1999-07-21,1120.0,31.714816,A
1999-07-22,928.0,26.2779904,A
1999-07-23,702.0,19.8783936,A
1999-07-24,920.0,26.051455999999998,A
1999-07-25,714.0,20.2181952,A
1999-07-26,654.0,18.5191872,A
1999-07-27,431.0,12.2045408,A
1999-07-28,361.0,10.2223648,A
1999-07-29,290.0,8.211872,A
1999-07-30,276.0,7.8154368,A
1999-07-31,242.0,6.8526656,A
1999-08-01,199.0,5.6350432,A
1999-08-02,169.0,4.7855392,A
1999-08-03,147.0,4.1625696,A
1999-08-04,133.0,3.7661344,A
1999-08-05,120.0,3.398016,A
1999-08-06,110.0,3.114848,A
1999-08-07,103.0,2.9166304,A
1999-08-08,103.0,2.9166304,A
1999-08-09,123.0,3.4829664,A
1999-08-10,127.0,3.5962336,A
1999-08-11,436.0,12.3461248,A
1999-08-12,472.0,13.3655296,A
1999-08-13,397.0,11.2417696,A
1999-08-14,467.0,13.2239456,A
1999-08-15,357.0,10.1090976,A
1999-08-16,206.0,5.8332608,A
1999-08-17,145.0,4.105936,A
1999-08-18,124.0,3.5112832,A
1999-08-19,115.0,3.2564319999999998,A
1999-08-20,101.0,2.8599968,A
1999-08-21,96.0,2.7184128,A
1999-08-22,92.0,2.6051456,A
1999-08-23,93.0,2.6334624,A
1999-08-24,88.0,2.4918784,A
1999-08-25,84.0,2.3786112,A
1999-08-26,119.0,3.3696992,A
1999-08-27,168.0,4.7572224,A
1999-08-28,149.0,4.2192032,A
1999-08-29,114.0,3.2281152,A
1999-08-30,97.0,2.7467296,A
1999-08-31,84.0,2.3786112,A
1999-09-01,78.0,2.2087104,A
1999-09-02,78.0,2.2087104,A
1999-09-03,80.0,2.265344,A
1999-09-04,75.0,2.12376,A
1999-09-05,72.0,2.0388096,A
1999-09-06,70.0,1.982176,A
1999-09-07,70.0,1.982176,A
1999-09-08,100.0,2.83168,A
1999-09-09,111.0,3.1431648,A
1999-09-10,87.0,2.4635616,A
1999-09-11,76.0,2.1520768,A
1999-09-12,68.0,1.9255423999999999,A
1999-09-13,64.0,1.8122752,A
1999-09-14,60.0,1.699008,A
1999-09-15,56.0,1.5857408,A
1999-09-16,54.0,1.5291071999999999,A
1999-09-17,51.0,1.4441568,A
1999-09-18,50.0,1.41584,A
1999-09-19,49.0,1.3875232,A
1999-09-20,49.0,1.3875232,A
1999-09-21,51.0,1.4441568,A
1999-09-22,62.0,1.7556416,A
1999-09-23,75.0,2.12376,A
1999-09-24,72.0,2.0388096,A
1999-09-25,63.0,1.7839584,A
1999-09-26,58.0,1.6423744,A
1999-09-27,56.0,1.5857408,A
1999-09-28,56.0,1.5857408,A
1999-09-29,56.0,1.5857408,A
1999-09-30,60.0,1.699008,A
1999-10-01,66.0,1.8689088,A
1999-10-02,64.0,1.8122752,A
1999-10-03,61.0,1.7273247999999999,A
1999-10-04,59.0,1.6706912,A
1999-10-05,60.0,1.699008,A
1999-10-06,58.0,1.6423744,A
1999-10-07,65.0,1.840592,A
1999-10-08,65.0,1.840592,A
1999-10-09,63.0,1.7839584,A
1999-10-10,102.0,2.8883136,A
1999-10-11,261.0,7.3906848,A
1999-10-12,442.0,12.516025599999999,A
1999-10-13,339.0,9.5993952,A
1999-10-14,251.0,7.1075168,A
1999-10-15,224.0,6.3429632,A
1999-10-16,205.0,5.804944,A
1999-10-17,193.0,5.4651423999999995,A
1999-10-18,156.0,4.4174208,A
1999-10-19,124.0,3.5112832,A
1999-10-20,108.0,3.0582143999999998,A
1999-10-21,101.0,2.8599968,A
1999-10-22,98.0,2.7750464,A
1999-10-23,97.0,2.7467296,A
1999-10-24,92.0,2.6051456,A
1999-10-25,86.0,2.4352448,A
1999-10-26,83.0,2.3502944,A
1999-10-27,80.0,2.265344,A
1999-10-28,78.0,2.2087104,A
1999-10-29,77.0,2.1803936,A
1999-10-30,75.0,2.12376,A
1999-10-31,73.0,2.0671264,A
1999-11-01,83.0,2.3502944,A
1999-11-02,134.0,3.7944512,A
1999-11-03,261.0,7.3906848,A
1999-11-04,247.0,6.9942496,A
1999-11-05,196.0,5.5500928,A
1999-11-06,183.0,5.1819744,A
1999-11-07,158.0,4.4740544,A
1999-11-08,134.0,3.7944512,A
1999-11-09,119.0,3.3696992,A
1999-11-10,110.0,3.114848,A
1999-11-11,104.0,2.9449472,A
1999-11-12,99.0,2.8033632,A
1999-11-13,96.0,2.7184128,A
1999-11-14,93.0,2.6334624,A
1999-11-15,91.0,2.5768288,A
1999-11-16,89.0,2.5201952,A
1999-11-17,87.0,2.4635616,A
1999-11-18,85.0,2.406928,A
1999-11-19,85.0,2.406928,A
1999-11-20,86.0,2.4352448,A
1999-11-21,90.0,2.548512,A
1999-11-22,95.0,2.690096,A
1999-11-23,101.0,2.8599968,A
1999-11-24,102.0,2.8883136,A
1999-11-25,99.0,2.8033632,A
1999-11-26,99.0,2.8033632,A
1999-11-27,101.0,2.8599968,A
1999-11-28,100.0,2.83168,A
1999-11-29,99.0,2.8033632,A
1999-11-30,97.0,2.7467296,A
1999-12-01,97.0,2.7467296,A
1999-12-02,95.0,2.690096,A
1999-12-03,92.0,2.6051456,A
1999-12-04,92.0,2.6051456,A
1999-12-05,93.0,2.6334624,A
1999-12-06,95.0,2.690096,A
1999-12-07,98.0,2.7750464,A
1999-12-08,111.0,3.1431648,A
1999-12-09,116.0,3.2847488,A
1999-12-10,115.0,3.2564319999999998,A
1999-12-11,126.0,3.5679168,A
1999-12-12,127.0,3.5962336,A
1999-12-13,134.0,3.7944512,A
1999-12-14,177.0,5.0120736,A
1999-12-15,239.0,6.7677152,A
1999-12-16,215.0,6.088112,A
1999-12-17,188.0,5.3235584,A
1999-12-18,167.0,4.7289056,A
1999-12-19,284.0,8.0419712,A
1999-12-20,426.0,12.0629568,A
1999-12-21,522.0,14.7813696,A
1999-12-22,641.0,18.1510688,A
1999-12-23,662.0,18.7457216,A
1999-12-24,588.0,16.6502784,A
1999-12-25,511.0,14.469884799999999,A
1999-12-26,435.0,12.317808,A
1999-12-27,347.0,9.8259296,A
1999-12-28,269.0,7.6172192,A
1999-12-29,229.0,6.4845472,A
1999-12-30,208.0,5.8898944,A
1999-12-31,193.0,5.4651423999999995,A
2000-01-01,184.0,5.2102912,A
2000-01-02,179.0,5.0687071999999995,A
2000-01-03,176.0,4.9837568,A
2000-01-04,178.0,5.0403904,A
2000-01-05,206.0,5.8332608,A
2000-01-06,241.0,6.8243488,A
2000-01-07,225.0,6.37128,A
2000-01-08,208.0,5.8898944,A
2000-01-09,200.0,5.66336,A
2000-01-10,294.0,8.3251392,A
2000-01-11,635.0,17.981168,A
2000-01-12,650.0,18.40592,A
2000-01-13,616.0,17.4431488,A
2000-01-14,592.0,16.7635456,A
2000-01-15,524.0,14.8380032,A
2000-01-16,429.0,12.1479072,A
2000-01-17,338.0,9.5710784,A
2000-01-18,294.0,8.3251392,A
2000-01-19,279.0,7.9003872,A
2000-01-20,273.0,7.7304864,A
2000-01-21,260.0,7.362368,A
2000-01-22,244.0,6.9092991999999995,A
2000-01-23,250.0,7.0792,A
2000-01-24,399.0,11.2984032,A
2000-01-25,557.0,15.7724576,A
2000-01-26,603.0,17.0750304,A
2000-01-27,622.0,17.6130496,A
2000-01-28,621.0,17.5847328,A
2000-01-29,622.0,17.6130496,A
2000-01-30,598.0,16.9334464,A
2000-01-31,523.0,14.8096864,A
2000-02-01,483.0,13.6770144,A
2000-02-02,457.0,12.9407776,A
2000-02-03,425.0,12.03464,A
2000-02-04,384.0,10.8736512,A
2000-02-05,344.0,9.7409792,A
2000-02-06,308.0,8.7215744,A
2000-02-07,282.0,7.9853376,A
2000-02-08,263.0,7.4473184,A
2000-02-09,251.0,7.1075168,A
2000-02-10,241.0,6.8243488,A
2000-02-11,233.0,6.5978144,A
2000-02-12,228.0,6.4562304,A
2000-02-13,228.0,6.4562304,A
2000-02-14,309.0,8.7498912,A
2000-02-15,291.0,8.2401888,A
2000-02-16,261.0,7.3906848,A
2000-02-17,268.0,7.5889024,A
2000-02-18,261.0,7.3906848,A
2000-02-19,240.0,6.796032,A
2000-02-20,224.0,6.3429632,A
2000-02-21,213.0,6.0314784,A
2000-02-22,203.0,5.7483104,A
2000-02-23,195.0,5.521776,A
2000-02-24,189.0,5.3518752,A
2000-02-25,183.0,5.1819744,A
2000-02-26,177.0,5.0120736,A
2000-02-27,196.0,5.5500928,A
2000-02-28,290.0,8.211872,A
2000-02-29,375.0,10.6188,A
2000-03-01,364.0,10.3073152,A
2000-03-02,344.0,9.7409792,A
2000-03-03,304.0,8.6083072,A
2000-03-04,275.0,7.78712,A
2000-03-05,285.0,8.070288,A
2000-03-06,436.0,12.3461248,A
2000-03-07,581.0,16.452060799999998,A
2000-03-08,627.0,17.7546336,A
2000-03-09,581.0,16.452060799999998,A
2000-03-10,383.0,10.8453344,A
2000-03-11,291.0,8.2401888,A
2000-03-12,337.0,9.5427616,A
2000-03-13,492.0,13.9318656,A
2000-03-14,490.0,13.875232,A
2000-03-15,434.0,12.2894912,A
2000-03-16,372.0,10.5338496,A
2000-03-17,376.0,10.6471168,A
2000-03-18,429.0,12.1479072,A
2000-03-19,620.0,17.556416,A
2000-03-20,1300.0,36.81184,A
2000-03-21,1330.0,37.661344,A
2000-03-22,1340.0,37.944511999999996,A
2000-03-23,1350.0,38.22768,A
2000-03-24,1490.0,42.192032,A
2000-03-25,1640.0,46.439552,A
2000-03-26,1450.0,41.05936,A
2000-03-27,1000.0,28.3168,A
2000-03-28,679.0,19.2271072,A
2000-03-29,558.0,15.8007744,A
2000-03-30,501.0,14.1867168,A
2000-03-31,685.0,19.397008,A
2000-04-01,550.0,15.57424,A
2000-04-02,461.0,13.0540448,A
2000-04-03,432.0,12.232857599999999,A
2000-04-04,427.0,12.0912736,A
2000-04-05,425.0,12.03464,A
2000-04-06,404.0,11.4399872,A
2000-04-07,380.0,10.760384,A
2000-04-08,346.0,9.7976128,A
2000-04-09,292.0,8.2685056,A
2000-04-10,254.0,7.1924672,A
2000-04-11,225.0,6.37128,A
2000-04-12,206.0,5.8332608,A
2000-04-13,191.0,5.4085088,A
2000-04-14,208.0,5.8898944,A
2000-04-15,276.0,7.8154368,A
2000-04-16,368.0,10.4205824,A
2000-04-17,343.0,9.7126624,A
2000-04-18,317.0,8.9764256,A
2000-04-19,271.0,7.6738528,A
2000-04-20,220.0,6.229696,A
2000-04-21,182.0,5.1536576,A
2000-04-22,158.0,4.4740544,A
2000-04-23,143.0,4.0493024,A
2000-04-24,132.0,3.7378176,A
2000-04-25,135.0,3.822768,A
2000-04-26,166.0,4.7005888,A
2000-04-27,159.0,4.5023712,A
2000-04-28,140.0,3.964352,A
2000-04-29,128.0,3.6245504,A
2000-04-30,128.0,3.6245504,A
2000-05-01,124.0,3.5112832,A
2000-05-02,115.0,3.2564319999999998,A
2000-05-03,105.0,2.973264,A
2000-05-04,99.0,2.8033632,A
2000-05-05,95.0,2.690096,A
2000-05-06,86.0,2.4352448,A
2000-05-07,80.0,2.265344,A
2000-05-08,75.0,2.12376,A
2000-05-09,71.0,2.0104928,A
2000-05-10,67.0,1.8972256,A
2000-05-11,62.0,1.7556416,A
2000-05-12,58.0,1.6423744,A
2000-05-13,56.0,1.5857408,A
2000-05-14,60.0,1.699008,A
2000-05-15,52.0,1.4724736,A
2000-05-16,48.0,1.3592064,A
2000-05-17,46.0,1.3025728,A
2000-05-18,43.0,1.2176224,A
2000-05-19,41.0,1.1609888,A
2000-05-20,39.0,1.1043552,A
2000-05-21,38.0,1.0760384,A
2000-05-22,38.0,1.0760384,A
2000-05-23,38.0,1.0760384,A
2000-05-24,37.0,1.0477216,A
2000-05-25,37.0,1.0477216,A
2000-05-26,36.0,1.0194048,A
2000-05-27,34.0,0.9627711999999999,A
2000-05-28,33.0,0.9344544,A
2000-05-29,33.0,0.9344544,A
2000-05-30,32.0,0.9061376,A
2000-05-31,30.0,0.849504,A
2000-06-01,29.0,0.8211872,A
2000-06-02,28.0,0.7928704,A
2000-06-03,27.0,0.7645535999999999,A
2000-06-04,27.0,0.7645535999999999,A
2000-06-05,26.0,0.7362368,A
2000-06-06,26.0,0.7362368,A
2000-06-07,24.0,0.6796032,A
2000-06-08,24.0,0.6796032,A
2000-06-09,23.0,0.6512864,A
2000-06-10,24.0,0.6796032,A
2000-06-11,23.0,0.6512864,A
2000-06-12,22.0,0.6229696,A
2000-06-13,22.0,0.6229696,A
2000-06-14,21.0,0.5946528,A
2000-06-15,24.0,0.6796032,A
2000-06-16,27.0,0.7645535999999999,A
2000-06-17,28.0,0.7928704,A
2000-06-18,29.0,0.8211872,A
2000-06-19,44.0,1.2459392,A
2000-06-20,49.0,1.3875232,A
2000-06-21,41.0,1.1609888,A
2000-06-22,36.0,1.0194048,A
2000-06-23,33.0,0.9344544,A
2000-06-24,30.0,0.849504,A
2000-06-25,28.0,0.7928704,A
2000-06-26,29.0,0.8211872,A
2000-06-27,38.0,1.0760384,A
2000-06-28,57.0,1.6140576,A
2000-06-29,64.0,1.8122752,A
2000-06-30,64.0,1.8122752,A
2000-07-01,59.0,1.6706912,A
2000-07-02,54.0,1.5291071999999999,A
2000-07-03,48.0,1.3592064,A
2000-07-04,42.0,1.1893056,A
2000-07-05,38.0,1.0760384,A
2000-07-06,35.0,0.991088,A
2000-07-07,32.0,0.9061376,A
2000-07-08,30.0,0.849504,A
2000-07-09,28.0,0.7928704,A
2000-07-10,28.0,0.7928704,A
2000-07-11,29.0,0.8211872,A
2000-07-12,27.0,0.7645535999999999,A
2000-07-13,26.0,0.7362368,A
2000-07-14,27.0,0.7645535999999999,A
2000-07-15,25.0,0.70792,A
2000-07-16,25.0,0.70792,A
2000-07-17,25.0,0.70792,A
2000-07-18,24.0,0.6796032,A
2000-07-19,24.0,0.6796032,A
2000-07-20,24.0,0.6796032,A
2000-07-21,26.0,0.7362368,A
2000-07-22,30.0,0.849504,A
2000-07-23,29.0,0.8211872,A
2000-07-24,25.0,0.70792,A
2000-07-25,29.0,0.8211872,A
2000-07-26,28.0,0.7928704,A
2000-07-27,29.0,0.8211872,A
2000-07-28,38.0,1.0760384,A
2000-07-29,35.0,0.991088,A
2000-07-30,43.0,1.2176224,A
2000-07-31,36.0,1.0194048,A
2000-08-01,31.0,0.8778208,A
2000-08-02,34.0,0.9627711999999999,A
2000-08-03,42.0,1.1893056,A
2000-08-04,37.0,1.0477216,A
2000-08-05,31.0,0.8778208,A
2000-08-06,30.0,0.849504,A
2000-08-07,28.0,0.7928704,A
2000-08-08,26.0,0.7362368,A
2000-08-09,23.0,0.6512864,A
2000-08-10,24.0,0.6796032,A
2000-08-11,28.0,0.7928704,A
2000-08-12,32.0,0.9061376,A
2000-08-13,34.0,0.9627711999999999,A
2000-08-14,31.0,0.8778208,A
2000-08-15,26.0,0.7362368,A
2000-08-16,23.0,0.6512864,A
2000-08-17,21.0,0.5946528,A
2000-08-18,19.0,0.5380192,A
2000-08-19,18.0,0.5097024,A
2000-08-20,17.0,0.48138559999999997,A
2000-08-21,17.0,0.48138559999999997,A
2000-08-22,17.0,0.48138559999999997,A
2000-08-23,17.0,0.48138559999999997,A
2000-08-24,16.0,0.4530688,A
2000-08-25,16.0,0.4530688,A
2000-08-26,15.0,0.424752,A
2000-08-27,15.0,0.424752,A
2000-08-28,15.0,0.424752,A
2000-08-29,15.0,0.424752,A
2000-08-30,15.0,0.424752,A
2000-08-31,14.0,0.3964352,A
2000-09-01,31.0,0.8778208,A
2000-09-02,24.0,0.6796032,A
2000-09-03,25.0,0.70792,A
2000-09-04,24.0,0.6796032,A
2000-09-05,24.0,0.6796032,A
2000-09-06,27.0,0.7645535999999999,A
2000-09-07,32.0,0.9061376,A
2000-09-08,43.0,1.2176224,A
2000-09-09,62.0,1.7556416,A
2000-09-10,55.0,1.557424,A
2000-09-11,47.0,1.3308896,A
2000-09-12,40.0,1.132672,A
2000-09-13,34.0,0.9627711999999999,A
2000-09-14,31.0,0.8778208,A
2000-09-15,28.0,0.7928704,A
2000-09-16,25.0,0.70792,A
2000-09-17,27.0,0.7645535999999999,A
2000-09-18,28.0,0.7928704,A
2000-09-19,24.0,0.6796032,A
2000-09-20,23.0,0.6512864,A
2000-09-21,23.0,0.6512864,A
2000-09-22,23.0,0.6512864,A
2000-09-23,23.0,0.6512864,A
2000-09-24,23.0,0.6512864,A
2000-09-25,38.0,1.0760384,A
2000-09-26,67.0,1.8972256,A
2000-09-27,58.0,1.6423744,A
2000-09-28,49.0,1.3875232,A
2000-09-29,43.0,1.2176224,A
2000-09-30,36.0,1.0194048,A
2000-10-01,31.0,0.8778208,A
2000-10-02,28.0,0.7928704,A
2000-10-03,26.0,0.7362368,A
2000-10-04,24.0,0.6796032,A
2000-10-05,22.0,0.6229696,A
2000-10-06,24.0,0.6796032,A
2000-10-07,24.0,0.6796032,A
2000-10-08,24.0,0.6796032,A
2000-10-09,23.0,0.6512864,A
2000-10-10,23.0,0.6512864,A
2000-10-11,23.0,0.6512864,A
2000-10-12,23.0,0.6512864,A
2000-10-13,22.0,0.6229696,A
2000-10-14,21.0,0.5946528,A
2000-10-15,21.0,0.5946528,A
2000-10-16,21.0,0.5946528,A
2000-10-17,21.0,0.5946528,A
2000-10-18,21.0,0.5946528,A
2000-10-19,21.0,0.5946528,A
2000-10-20,20.0,0.566336,A
2000-10-21,20.0,0.566336,A
2000-10-22,20.0,0.566336,A
2000-10-23,20.0,0.566336,A
2000-10-24,20.0,0.566336,A
2000-10-25,19.0,0.5380192,A
2000-10-26,19.0,0.5380192,A
2000-10-27,19.0,0.5380192,A
2000-10-28,20.0,0.566336,A
2000-10-29,20.0,0.566336,A
2000-10-30,20.0,0.566336,A
2000-10-31,20.0,0.566336,A
2000-11-01,20.0,0.566336,A
2000-11-02,20.0,0.566336,A
2000-11-03,20.0,0.566336,A
2000-11-04,21.0,0.5946528,A
2000-11-05,21.0,0.5946528,A
2000-11-06,21.0,0.5946528,A
2000-11-07,24.0,0.6796032,A
2000-11-08,27.0,0.7645535999999999,A
2000-11-09,44.0,1.2459392,A
2000-11-10,84.0,2.3786112,A
2000-11-11,129.0,3.6528671999999998,A
2000-11-12,110.0,3.114848,A
2000-11-13,84.0,2.3786112,A
2000-11-14,67.0,1.8972256,A
2000-11-15,56.0,1.5857408,A
2000-11-16,51.0,1.4441568,A
2000-11-17,53.0,1.5007904,A
2000-11-18,62.0,1.7556416,A
2000-11-19,94.0,2.6617792,A
2000-11-20,99.0,2.8033632,A
2000-11-21,107.0,3.0298976,A
2000-11-22,101.0,2.8599968,A
2000-11-23,83.0,2.3502944,A
2000-11-24,74.0,2.0954432,A
2000-11-25,86.0,2.4352448,A
2000-11-26,118.0,3.3413824,A
2000-11-27,151.0,4.2758367999999995,A
2000-11-28,121.0,3.4263328,A
2000-11-29,95.0,2.690096,A
2000-11-30,83.0,2.3502944,A
2000-12-01,80.0,2.265344,A
2000-12-02,74.0,2.0954432,A
2000-12-03,65.0,1.840592,A
2000-12-04,61.0,1.7273247999999999,A
2000-12-05,58.0,1.6423744,A
2000-12-06,54.0,1.5291071999999999,A
2000-12-07,52.0,1.4724736,A
2000-12-08,50.0,1.41584,A
2000-12-09,50.0,1.41584,A
2000-12-10,50.0,1.41584,A
2000-12-11,50.0,1.41584,A
2000-12-12,51.0,1.4441568,A
2000-12-13,50.0,1.41584,A
2000-12-14,79.0,2.2370272,A
2000-12-15,109.0,3.0865312,A
2000-12-16,213.0,6.0314784,A
2000-12-17,205.0,5.804944,A
2000-12-18,222.0,6.2863296,A
2000-12-19,203.0,5.7483104,A
2000-12-20,172.0,4.8704896,A
2000-12-21,172.0,4.8704896,A
2000-12-22,166.0,4.7005888,A
2000-12-23,159.0,4.5023712,A
2000-12-24,159.0,4.5023712,A
2000-12-25,143.0,4.0493024,A
2000-12-26,131.0,3.7095008,A
2000-12-27,123.0,3.4829664,A
2000-12-28,322.0,9.1180096,A
2000-12-29,770.0,21.803936,A
2000-12-30,935.0,26.476208,A
2000-12-31,1000.0,28.3168,A
2001-01-01,1070.0,30.298976,A
2001-01-02,1280.0,36.245504,A
2001-01-03,1580.0,44.740544,A
2001-01-04,1500.0,42.4752,A
2001-01-05,1040.0,29.449472,A
2001-01-06,601.0,17.0183968,A
2001-01-07,455.0,12.884144,A
2001-01-08,392.0,11.1001856,A
2001-01-09,363.0,10.278998399999999,A
2001-01-10,351.0,9.9391968,A
2001-01-11,334.0,9.4578112,A
2001-01-12,326.0,9.2312768,A
2001-01-13,316.0,8.9481088,A
2001-01-14,301.0,8.5233568,A
2001-01-15,288.0,8.1552384,A
2001-01-16,310.0,8.778208,A
2001-01-17,410.0,11.609888,A
2001-01-18,475.0,13.45048,A
2001-01-19,547.0,15.4892896,A
2001-01-20,814.0,23.0498752,A
2001-01-21,925.0,26.19304,A
2001-01-22,933.0,26.4195744,A
2001-01-23,953.0,26.985910399999998,A
2001-01-24,1000.0,28.3168,A
2001-01-25,957.0,27.0991776,A
2001-01-26,688.0,19.4819584,A
2001-01-27,513.0,14.5265184,A
2001-01-28,422.0,11.9496896,A
2001-01-29,377.0,10.6754336,A
2001-01-30,618.0,17.4997824,A
2001-01-31,783.0,22.1720544,A
2001-02-01,795.0,22.511855999999998,A
2001-02-02,804.0,22.7667072,A
2001-02-03,840.0,23.786112,A
2001-02-04,845.0,23.927696,A
2001-02-05,724.0,20.5013632,A
2001-02-06,562.0,15.9140416,A
2001-02-07,442.0,12.516025599999999,A
2001-02-08,380.0,10.760384,A
2001-02-09,345.0,9.769296,A
2001-02-10,421.0,11.9213728,A
2001-02-11,493.0,13.960182399999999,A
2001-02-12,521.0,14.753052799999999,A
2001-02-13,522.0,14.7813696,A
2001-02-14,497.0,14.0734496,A
2001-02-15,439.0,12.4310752,A
2001-02-16,403.0,11.4116704,A
2001-02-17,393.0,11.1285024,A
2001-02-18,375.0,10.6188,A
2001-02-19,351.0,9.9391968,A
2001-02-20,323.0,9.1463264,A
2001-02-21,304.0,8.6083072,A
2001-02-22,315.0,8.919792,A
2001-02-23,320.0,9.061376,A
2001-02-24,290.0,8.211872,A
2001-02-25,324.0,9.1746432,A
2001-02-26,507.0,14.3566176,A
2001-02-27,468.0,13.2522624,A
2001-02-28,564.0,15.9706752,A
2001-03-01,534.0,15.1211712,A
2001-03-02,558.0,15.8007744,A
2001-03-03,2190.0,62.013792,A
2001-03-04,5380.0,152.344384,A
2001-03-05,9280.0,262.779904,A
2001-03-06,15900.0,450.23712,A
2001-03-07,10400.0,294.49472,A
2001-03-08,5620.0,159.140416,A
2001-03-09,3660.0,103.639488,A
2001-03-10,2560.0,72.491008,A
2001-03-11,1880.0,53.235583999999996,A
2001-03-12,2080.0,58.898944,A
2001-03-13,3190.0,90.330592,A
2001-03-14,2720.0,77.021696,A
2001-03-15,2360.0,66.827648,A
2001-03-16,2820.0,79.853376,A
2001-03-17,3390.0,95.993952,A
2001-03-18,3010.0,85.233568,A
2001-03-19,3040.0,86.083072,A
2001-03-20,4520.0,127.991936,A
2001-03-21,4620.0,130.823616,A
2001-03-22,4890.0,138.469152,A
2001-03-23,6150.0,174.14831999999998,A
2001-03-24,4800.0,135.92064,A
2001-03-25,3670.0,103.922656,A
2001-03-26,2770.0,78.437536,A
2001-03-27,2120.0,60.031616,A
2001-03-28,1700.0,48.13856,A
2001-03-29,1500.0,42.4752,A
2001-03-30,1440.0,40.776192,A
2001-03-31,1380.0,39.077184,A
2001-04-01,1350.0,38.22768,A
2001-04-02,1360.0,38.510848,A
2001-04-03,1440.0,40.776192,A
2001-04-04,2020.0,57.199936,A
2001-04-05,2650.0,75.03952,A
2001-04-06,3790.0,107.320672,A
2001-04-07,4640.0,131.389952,A
2001-04-08,4010.0,113.55036799999999,A
2001-04-09,3090.0,87.498912,A
2001-04-10,2370.0,67.110816,A
2001-04-11,1810.0,51.253408,A
2001-04-12,1410.0,39.926688,A
2001-04-13,1040.0,29.449472,A
2001-04-14,823.0,23.3047264,A
2001-04-15,716.0,20.274828799999998,A
2001-04-16,651.0,18.4342368,A
2001-04-17,625.0,17.698,A
2001-04-18,564.0,15.9706752,A
2001-04-19,519.0,14.6964192,A
2001-04-20,466.0,13.1956288,A
2001-04-21,420.0,11.893056,A
2001-04-22,381.0,10.788700799999999,A
2001-04-23,353.0,9.9958304,A
2001-04-24,325.0,9.20296,A
2001-04-25,323.0,9.1463264,A
2001-04-26,400.0,11.32672,A
2001-04-27,386.0,10.930284799999999,A
2001-04-28,350.0,9.91088,A
2001-04-29,304.0,8.6083072,A
2001-04-30,260.0,7.362368,A
2001-05-01,229.0,6.4845472,A
2001-05-02,207.0,5.8615775999999995,A
2001-05-03,190.0,5.380192,A
2001-05-04,175.0,4.95544,A
2001-05-05,160.0,4.530688,A
2001-05-06,148.0,4.1908864,A
2001-05-07,137.0,3.8794016,A
2001-05-08,128.0,3.6245504,A
2001-05-09,122.0,3.4546495999999998,A
2001-05-10,118.0,3.3413824,A
2001-05-11,119.0,3.3696992,A
2001-05-12,115.0,3.2564319999999998,A
2001-05-13,116.0,3.2847488,A
2001-05-14,116.0,3.2847488,A
2001-05-15,108.0,3.0582143999999998,A
2001-05-16,100.0,2.83168,A
2001-05-17,92.0,2.6051456,A
2001-05-18,83.0,2.3502944,A
2001-05-19,76.0,2.1520768,A
2001-05-20,74.0,2.0954432,A
2001-05-21,71.0,2.0104928,A
2001-05-22,75.0,2.12376,A
2001-05-23,85.0,2.406928,A
2001-05-24,122.0,3.4546495999999998,A
2001-05-25,131.0,3.7095008,A
2001-05-26,114.0,3.2281152,A
2001-05-27,103.0,2.9166304,A
2001-05-28,92.0,2.6051456,A
2001-05-29,100.0,2.83168,A
2001-05-30,90.0,2.548512,A
2001-05-31,87.0,2.4635616,A
2001-06-01,93.0,2.6334624,A
2001-06-02,79.0,2.2370272,A
2001-06-03,70.0,1.982176,A
2001-06-04,65.0,1.840592,A
2001-06-05,60.0,1.699008,A
2001-06-06,56.0,1.5857408,A
2001-06-07,54.0,1.5291071999999999,A
2001-06-08,57.0,1.6140576,A
2001-06-09,80.0,2.265344,A
2001-06-10,278.0,7.8720704,A
2001-06-11,670.0,18.972255999999998,A
2001-06-12,2300.0,65.12864,A
2001-06-13,2400.0,67.96032,A
2001-06-14,1940.0,54.934592,A
2001-06-15,1870.0,52.952416,A
2001-06-16,1580.0,44.740544,A
2001-06-17,1150.0,32.56432,A
2001-06-18,908.0,25.7116544,A
2001-06-19,695.0,19.680176,A
2001-06-20,742.0,21.0110656,A
2001-06-21,651.0,18.4342368,A
2001-06-22,391.0,11.0718688,A
2001-06-23,359.0,10.1657312,A
2001-06-24,494.0,13.9884992,A
2001-06-25,582.0,16.4803776,A
2001-06-26,635.0,17.981168,A
2001-06-27,524.0,14.8380032,A
2001-06-28,332.0,9.4011776,A
2001-06-29,259.0,7.3340512,A
2001-06-30,381.0,10.788700799999999,A
2001-07-01,289.0,8.1835552,A
2001-07-02,297.0,8.4100896,A
2001-07-03,406.0,11.4966208,A
2001-07-04,385.0,10.901968,A
2001-07-05,341.0,9.6560288,A
2001-07-06,290.0,8.211872,A
2001-07-07,245.0,6.937616,A
2001-07-08,193.0,5.4651423999999995,A
2001-07-09,168.0,4.7572224,A
2001-07-10,140.0,3.964352,A
2001-07-11,121.0,3.4263328,A
2001-07-12,107.0,3.0298976,A
2001-07-13,104.0,2.9449472,A
2001-07-14,156.0,4.4174208,A
2001-07-15,166.0,4.7005888,A
2001-07-16,157.0,4.4457376,A
2001-07-17,116.0,3.2847488,A
2001-07-18,94.0,2.6617792,A
2001-07-19,82.0,2.3219776,A
2001-07-20,71.0,2.0104928,A
2001-07-21,69.0,1.9538592,A
2001-07-22,66.0,1.8689088,A
2001-07-23,62.0,1.7556416,A
2001-07-24,59.0,1.6706912,A
2001-07-25,67.0,1.8972256,A
2001-07-26,94.0,2.6617792,A
2001-07-27,68.0,1.9255423999999999,A
2001-07-28,67.0,1.8972256,A
2001-07-29,71.0,2.0104928,A
2001-07-30,83.0,2.3502944,A
2001-07-31,73.0,2.0671264,A
2001-08-01,62.0,1.7556416,A
2001-08-02,61.0,1.7273247999999999,A
2001-08-03,53.0,1.5007904,A
2001-08-04,48.0,1.3592064,A
2001-08-05,46.0,1.3025728,A
2001-08-06,178.0,5.0403904,A
2001-08-07,646.0,18.2926528,A
2001-08-08,948.0,26.8443264,A
2001-08-09,976.0,27.637196799999998,A
2001-08-10,983.0,27.8354144,A
2001-08-11,723.0,20.4730464,A
2001-08-12,490.0,13.875232,A
2001-08-13,381.0,10.788700799999999,A
2001-08-14,355.0,10.052464,A
2001-08-15,309.0,8.7498912,A
2001-08-16,251.0,7.1075168,A
2001-08-17,224.0,6.3429632,A
2001-08-18,315.0,8.919792,A
2001-08-19,707.0,20.0199776,A
2001-08-20,378.0,10.7037504,A
2001-08-21,259.0,7.3340512,A
2001-08-22,194.0,5.4934592,A
2001-08-23,150.0,4.24752,A
2001-08-24,123.0,3.4829664,A
2001-08-25,106.0,3.0015808,A
2001-08-26,94.0,2.6617792,A
2001-08-27,85.0,2.406928,A
2001-08-28,78.0,2.2087104,A
2001-08-29,72.0,2.0388096,A
2001-08-30,68.0,1.9255423999999999,A
2001-08-31,69.0,1.9538592,A
2001-09-01,84.0,2.3786112,A
2001-09-02,129.0,3.6528671999999998,A
2001-09-03,351.0,9.9391968,A
2001-09-04,243.0,6.8809824,A
2001-09-05,235.0,6.6544479999999995,A
2001-09-06,389.0,11.0152352,A
2001-09-07,316.0,8.9481088,A
2001-09-08,214.0,6.0597952,A
2001-09-09,161.0,4.5590048,A
2001-09-10,130.0,3.681184,A
2001-09-11,110.0,3.114848,A
2001-09-12,96.0,2.7184128,A
2001-09-13,87.0,2.4635616,A
2001-09-14,80.0,2.265344,A
2001-09-15,73.0,2.0671264,A
2001-09-16,67.0,1.8972256,A
2001-09-17,62.0,1.7556416,A
2001-09-18,58.0,1.6423744,A
2001-09-19,56.0,1.5857408,A
2001-09-20,56.0,1.5857408,A
2001-09-21,57.0,1.6140576,A
2001-09-22,55.0,1.557424,A
2001-09-23,52.0,1.4724736,A
2001-09-24,50.0,1.41584,A
2001-09-25,49.0,1.3875232,A
2001-09-26,49.0,1.3875232,A
2001-09-27,47.0,1.3308896,A
2001-09-28,45.0,1.274256,A
2001-09-29,44.0,1.2459392,A
2001-09-30,42.0,1.1893056,A
2001-10-01,41.0,1.1609888,A
2001-10-02,39.0,1.1043552,A
2001-10-03,38.0,1.0760384,A
2001-10-04,37.0,1.0477216,A
2001-10-05,37.0,1.0477216,A
2001-10-06,37.0,1.0477216,A
2001-10-07,39.0,1.1043552,A
2001-10-08,43.0,1.2176224,A
2001-10-09,45.0,1.274256,A
2001-10-10,43.0,1.2176224,A
2001-10-11,40.0,1.132672,A
2001-10-12,38.0,1.0760384,A
2001-10-13,39.0,1.1043552,A
2001-10-14,71.0,2.0104928,A
2001-10-15,138.0,3.9077184,A
2001-10-16,149.0,4.2192032,A
2001-10-17,104.0,2.9449472,A
2001-10-18,81.0,2.2936608,A
2001-10-19,67.0,1.8972256,A
2001-10-20,60.0,1.699008,A
2001-10-21,55.0,1.557424,A
2001-10-22,52.0,1.4724736,A
2001-10-23,51.0,1.4441568,A
2001-10-24,49.0,1.3875232,A
2001-10-25,48.0,1.3592064,A
2001-10-26,46.0,1.3025728,A
2001-10-27,45.0,1.274256,A
2001-10-28,43.0,1.2176224,A
2001-10-29,42.0,1.1893056,A
2001-10-30,42.0,1.1893056,A
2001-10-31,42.0,1.1893056,A
2001-11-01,44.0,1.2459392,A
2001-11-02,46.0,1.3025728,A
2001-11-03,46.0,1.3025728,A
2001-11-04,46.0,1.3025728,A
2001-11-05,50.0,1.41584,A
2001-11-06,50.0,1.41584,A
2001-11-07,48.0,1.3592064,A
2001-11-08,47.0,1.3308896,A
2001-11-09,44.0,1.2459392,A
2001-11-10,44.0,1.2459392,A
2001-11-11,45.0,1.274256,A
2001-11-12,47.0,1.3308896,A
2001-11-13,48.0,1.3592064,A
2001-11-14,48.0,1.3592064,A
2001-11-15,48.0,1.3592064,A
2001-11-16,46.0,1.3025728,A
2001-11-17,46.0,1.3025728,A
2001-11-18,46.0,1.3025728,A
2001-11-19,46.0,1.3025728,A
2001-11-20,47.0,1.3308896,A
2001-11-21,47.0,1.3308896,A
2001-11-22,49.0,1.3875232,A
2001-11-23,54.0,1.5291071999999999,A
2001-11-24,74.0,2.0954432,A
2001-11-25,330.0,9.344543999999999,A
2001-11-26,743.0,21.0393824,A
2001-11-27,867.0,24.5506656,A
2001-11-28,925.0,26.19304,A
2001-11-29,953.0,26.985910399999998,A
2001-11-30,933.0,26.4195744,A
2001-12-01,648.0,18.3492864,A
2001-12-02,409.0,11.581571199999999,A
2001-12-03,313.0,8.8631584,A
2001-12-04,261.0,7.3906848,A
2001-12-05,214.0,6.0597952,A
2001-12-06,183.0,5.1819744,A
2001-12-07,166.0,4.7005888,A
2001-12-08,152.0,4.3041536,A
2001-12-09,143.0,4.0493024,A
2001-12-10,140.0,3.964352,A
2001-12-11,152.0,4.3041536,A
2001-12-12,185.0,5.238608,A
2001-12-13,181.0,5.1253408,A
2001-12-14,200.0,5.66336,A
2001-12-15,313.0,8.8631584,A
2001-12-16,376.0,10.6471168,A
2001-12-17,334.0,9.4578112,A
2001-12-18,339.0,9.5993952,A
2001-12-19,436.0,12.3461248,A
2001-12-20,455.0,12.884144,A
2001-12-21,437.0,12.374441599999999,A
2001-12-22,356.0,10.0807808,A
2001-12-23,286.0,8.0986048,A
2001-12-24,243.0,6.8809824,A
2001-12-25,227.0,6.4279136,A
2001-12-26,204.0,5.7766272,A
2001-12-27,184.0,5.2102912,A
2001-12-28,169.0,4.7855392,A
2001-12-29,157.0,4.4457376,A
2001-12-30,147.0,4.1625696,A
2001-12-31,140.0,3.964352,A
2002-01-01,133.0,3.7661344,A
2002-01-02,134.0,3.7944512,A
2002-01-03,153.0,4.3324704,A
2002-01-04,181.0,5.1253408,A
2002-01-05,183.0,5.1819744,A
2002-01-06,186.0,5.2669248,A
2002-01-07,214.0,6.0597952,A
2002-01-08,234.0,6.6261312,A
2002-01-09,220.0,6.229696,A
2002-01-10,205.0,5.804944,A
2002-01-11,186.0,5.2669248,A
2002-01-12,181.0,5.1253408,A
2002-01-13,231.0,6.5411808,A
2002-01-14,322.0,9.1180096,A
2002-01-15,358.0,10.137414399999999,A
2002-01-16,354.0,10.0241472,A
2002-01-17,301.0,8.5233568,A
2002-01-18,248.0,7.0225664,A
2002-01-19,222.0,6.2863296,A
2002-01-20,294.0,8.3251392,A
2002-01-21,513.0,14.5265184,A
2002-01-22,582.0,16.4803776,A
2002-01-23,630.0,17.839584,A
2002-01-24,616.0,17.4431488,A
2002-01-25,584.0,16.5370112,A
2002-01-26,570.0,16.140576,A
2002-01-27,503.0,14.2433504,A
2002-01-28,471.0,13.3372128,A
2002-01-29,445.0,12.600976,A
2002-01-30,422.0,11.9496896,A
2002-01-31,396.0,11.2134528,A
2002-02-01,368.0,10.4205824,A
2002-02-02,348.0,9.8542464,A
2002-02-03,332.0,9.4011776,A
2002-02-04,309.0,8.7498912,A
2002-02-05,288.0,8.1552384,A
2002-02-06,493.0,13.960182399999999,A
2002-02-07,1100.0,31.14848,A
2002-02-08,1170.0,33.130656,A
2002-02-09,1160.0,32.847488,A
2002-02-10,1220.0,34.546496,A
2002-02-11,1340.0,37.944511999999996,A
2002-02-12,1470.0,41.625696,A
2002-02-13,1390.0,39.360352,A
2002-02-14,1030.0,29.166304,A
2002-02-15,653.0,18.4908704,A
2002-02-16,535.0,15.149488,A
2002-02-17,475.0,13.45048,A
2002-02-18,430.0,12.176224,A
2002-02-19,397.0,11.2417696,A
2002-02-20,420.0,11.893056,A
2002-02-21,550.0,15.57424,A
2002-02-22,599.0,16.9617632,A
2002-02-23,575.0,16.28216,A
2002-02-24,532.0,15.0645376,A
2002-02-25,464.0,13.1389952,A
2002-02-26,404.0,11.4399872,A
2002-02-27,367.0,10.3922656,A
2002-02-28,351.0,9.9391968,A
2002-03-01,310.0,8.778208,A
2002-03-02,624.0,17.6696832,A
2002-03-03,906.0,25.6550208,A
2002-03-04,946.0,26.7876928,A
2002-03-05,979.0,27.7221472,A
2002-03-06,1030.0,29.166304,A
2002-03-07,1060.0,30.015808,A
2002-03-08,973.0,27.5522464,A
2002-03-09,836.0,23.6728448,A
2002-03-10,710.0,20.104928,A
2002-03-11,722.0,20.4447296,A
2002-03-12,819.0,23.1914592,A
2002-03-13,1200.0,33.98016,A
2002-03-14,1200.0,33.98016,A
2002-03-15,1150.0,32.56432,A
2002-03-16,1170.0,33.130656,A
2002-03-17,1200.0,33.98016,A
2002-03-18,1120.0,31.714816,A
2002-03-19,923.0,26.1364064,A
2002-03-20,712.0,20.1615616,A
2002-03-21,1090.0,30.865312,A
2002-03-22,1470.0,41.625696,A
2002-03-23,1590.0,45.023711999999996,A
2002-03-24,1700.0,48.13856,A
2002-03-25,1960.0,55.500928,A
2002-03-26,2070.0,58.615776,A
2002-03-27,1770.0,50.120736,A
2002-03-28,1350.0,38.22768,A
2002-03-29,934.0,26.4478912,A
2002-03-30,774.0,21.9172032,A
2002-03-31,691.0,19.5669088,A
2002-04-01,712.0,20.1615616,A
2002-04-02,770.0,21.803936,A
2002-04-03,783.0,22.1720544,A
2002-04-04,761.0,21.5490848,A
2002-04-05,673.0,19.0572064,A
2002-04-06,569.0,16.1122592,A
2002-04-07,481.0,13.6203808,A
2002-04-08,422.0,11.9496896,A
2002-04-09,738.0,20.8977984,A
2002-04-10,945.0,26.759376,A
2002-04-11,932.0,26.3912576,A
2002-04-12,907.0,25.683337599999998,A
2002-04-13,874.0,24.748883199999998,A
2002-04-14,856.0,24.2391808,A
2002-04-15,820.0,23.219776,A
2002-04-16,814.0,23.0498752,A
2002-04-17,793.0,22.4552224,A
2002-04-18,718.0,20.3314624,A
2002-04-19,637.0,18.037801599999998,A
2002-04-20,496.0,14.0451328,A
2002-04-21,390.0,11.043552,A
2002-04-22,328.0,9.2879104,A
2002-04-23,284.0,8.0419712,A
2002-04-24,254.0,7.1924672,A
2002-04-25,229.0,6.4845472,A
2002-04-26,208.0,5.8898944,A
2002-04-27,191.0,5.4085088,A
2002-04-28,177.0,5.0120736,A
2002-04-29,167.0,4.7289056,A
2002-04-30,154.0,4.3607872,A
2002-05-01,144.0,4.0776192,A
2002-05-02,186.0,5.2669248,A
2002-05-03,260.0,7.362368,A
2002-05-04,211.0,5.9748448,A
2002-05-05,212.0,6.0031616,A
2002-05-06,173.0,4.8988064,A
2002-05-07,142.0,4.0209856,A
2002-05-08,125.0,3.5396,A
2002-05-09,112.0,3.1714816,A
2002-05-10,102.0,2.8883136,A
2002-05-11,94.0,2.6617792,A
2002-05-12,88.0,2.4918784,A
2002-05-13,83.0,2.3502944,A
2002-05-14,79.0,2.2370272,A
2002-05-15,73.0,2.0671264,A
2002-05-16,70.0,1.982176,A
2002-05-17,67.0,1.8972256,A
2002-05-18,71.0,2.0104928,A
2002-05-19,116.0,3.2847488,A
2002-05-20,229.0,6.4845472,A
2002-05-21,171.0,4.8421728,A
2002-05-22,132.0,3.7378176,A
2002-05-23,117.0,3.3130656,A
2002-05-24,103.0,2.9166304,A
2002-05-25,91.0,2.5768288,A
2002-05-26,82.0,2.3219776,A
2002-05-27,73.0,2.0671264,A
2002-05-28,69.0,1.9538592,A
2002-05-29,91.0,2.5768288,A
2002-05-30,95.0,2.690096,A
2002-05-31,175.0,4.95544,A
2002-06-01,219.0,6.2013792,A
2002-06-02,250.0,7.0792,A
2002-06-03,171.0,4.8421728,A
2002-06-04,125.0,3.5396,A
2002-06-05,104.0,2.9449472,A
2002-06-06,99.0,2.8033632,A
2002-06-07,127.0,3.5962336,A
2002-06-08,140.0,3.964352,A
2002-06-09,113.0,3.1997984,A
2002-06-10,100.0,2.83168,A
2002-06-11,92.0,2.6051456,A
2002-06-12,83.0,2.3502944,A
2002-06-13,76.0,2.1520768,A
2002-06-14,71.0,2.0104928,A
2002-06-15,68.0,1.9255423999999999,A
2002-06-16,62.0,1.7556416,A
2002-06-17,60.0,1.699008,A
2002-06-18,57.0,1.6140576,A
2002-06-19,54.0,1.5291071999999999,A
2002-06-20,53.0,1.5007904,A
2002-06-21,54.0,1.5291071999999999,A
2002-06-22,53.0,1.5007904,A
2002-06-23,53.0,1.5007904,A
2002-06-24,53.0,1.5007904,A
2002-06-25,58.0,1.6423744,A
2002-06-26,103.0,2.9166304,A
2002-06-27,182.0,5.1536576,A
2002-06-28,211.0,5.9748448,A
2002-06-29,154.0,4.3607872,A
2002-06-30,185.0,5.238608,A
2002-07-01,229.0,6.4845472,A
2002-07-02,215.0,6.088112,A
2002-07-03,155.0,4.389104,A
2002-07-04,117.0,3.3130656,A
2002-07-05,119.0,3.3696992,A
2002-07-06,184.0,5.2102912,A
2002-07-07,169.0,4.7855392,A
2002-07-08,128.0,3.6245504,A
2002-07-09,103.0,2.9166304,A
2002-07-10,102.0,2.8883136,A
2002-07-11,108.0,3.0582143999999998,A
2002-07-12,89.0,2.5201952,A
2002-07-13,77.0,2.1803936,A
2002-07-14,68.0,1.9255423999999999,A
2002-07-15,63.0,1.7839584,A
2002-07-16,61.0,1.7273247999999999,A
2002-07-17,58.0,1.6423744,A
2002-07-18,52.0,1.4724736,A
2002-07-19,49.0,1.3875232,A
2002-07-20,53.0,1.5007904,A
2002-07-21,51.0,1.4441568,A
2002-07-22,43.0,1.2176224,A
2002-07-23,42.0,1.1893056,A
2002-07-24,58.0,1.6423744,A
2002-07-25,216.0,6.1164287999999996,A
2002-07-26,280.0,7.928704,A
2002-07-27,262.0,7.4190016,A
2002-07-28,292.0,8.2685056,A
2002-07-29,180.0,5.097024,A
2002-07-30,233.0,6.5978144,A
2002-07-31,258.0,7.3057343999999995,A
2002-08-01,187.0,5.2952416,A
2002-08-02,187.0,5.2952416,A
2002-08-03,161.0,4.5590048,A
2002-08-04,142.0,4.0209856,A
2002-08-05,132.0,3.7378176,A
2002-08-06,107.0,3.0298976,A
2002-08-07,88.0,2.4918784,A
2002-08-08,76.0,2.1520768,A
2002-08-09,67.0,1.8972256,A
2002-08-10,61.0,1.7273247999999999,A
2002-08-11,55.0,1.557424,A
2002-08-12,49.0,1.3875232,A
2002-08-13,47.0,1.3308896,A
2002-08-14,44.0,1.2459392,A
2002-08-15,46.0,1.3025728,A
2002-08-16,69.0,1.9538592,A
2002-08-17,75.0,2.12376,A
2002-08-18,72.0,2.0388096,A
2002-08-19,76.0,2.1520768,A
2002-08-20,85.0,2.406928,A
2002-08-21,109.0,3.0865312,A
2002-08-22,151.0,4.2758367999999995,A
2002-08-23,118.0,3.3413824,A
2002-08-24,94.0,2.6617792,A
2002-08-25,78.0,2.2087104,A
2002-08-26,67.0,1.8972256,A
2002-08-27,61.0,1.7273247999999999,A
2002-08-28,55.0,1.557424,A
2002-08-29,56.0,1.5857408,A
2002-08-30,69.0,1.9538592,A
2002-08-31,57.0,1.6140576,A
2002-09-01,54.0,1.5291071999999999,A
2002-09-02,53.0,1.5007904,A
2002-09-03,52.0,1.4724736,A
2002-09-04,51.0,1.4441568,A
2002-09-05,50.0,1.41584,A
2002-09-06,47.0,1.3308896,A
2002-09-07,45.0,1.274256,A
2002-09-08,42.0,1.1893056,A
2002-09-09,40.0,1.132672,A
2002-09-10,39.0,1.1043552,A
2002-09-11,38.0,1.0760384,A
2002-09-12,36.0,1.0194048,A
2002-09-13,36.0,1.0194048,A
2002-09-14,38.0,1.0760384,A
2002-09-15,40.0,1.132672,A
2002-09-16,40.0,1.132672,A
2002-09-17,39.0,1.1043552,A
2002-09-18,42.0,1.1893056,A
2002-09-19,43.0,1.2176224,A
2002-09-20,43.0,1.2176224,A
2002-09-21,48.0,1.3592064,A
2002-09-22,44.0,1.2459392,A
2002-09-23,54.0,1.5291071999999999,A
2002-09-24,63.0,1.7839584,A
2002-09-25,87.0,2.4635616,A
2002-09-26,128.0,3.6245504,A
2002-09-27,215.0,6.088112,A
2002-09-28,290.0,8.211872,A
2002-09-29,203.0,5.7483104,A
2002-09-30,136.0,3.8510847999999998,A
2002-10-01,108.0,3.0582143999999998,A
2002-10-02,90.0,2.548512,A
2002-10-03,80.0,2.265344,A
2002-10-04,75.0,2.12376,A
2002-10-05,73.0,2.0671264,A
2002-10-06,73.0,2.0671264,A
2002-10-07,93.0,2.6334624,A
2002-10-08,90.0,2.548512,A
2002-10-09,76.0,2.1520768,A
2002-10-10,70.0,1.982176,A
2002-10-11,67.0,1.8972256,A
2002-10-12,64.0,1.8122752,A
2002-10-13,81.0,2.2936608,A
2002-10-14,75.0,2.12376,A
2002-10-15,159.0,4.5023712,A
2002-10-16,388.0,10.9869184,A
2002-10-17,394.0,11.1568192,A
2002-10-18,217.0,6.1447456,A
2002-10-19,143.0,4.0493024,A
2002-10-20,142.0,4.0209856,A
2002-10-21,398.0,11.2700864,A
2002-10-22,197.0,5.5784096,A
2002-10-23,179.0,5.0687071999999995,A
2002-10-24,158.0,4.4740544,A
2002-10-25,148.0,4.1908864,A
2002-10-26,390.0,11.043552,A
2002-10-27,1120.0,31.714816,A
2002-10-28,1160.0,32.847488,A
2002-10-29,910.0,25.768288,A
2002-10-30,897.0,25.400169599999998,A
2002-10-31,750.0,21.2376,A
2002-11-01,485.0,13.733648,A
2002-11-02,352.0,9.9675136,A
2002-11-03,281.0,7.9570208,A
2002-11-04,255.0,7.220784,A
2002-11-05,328.0,9.2879104,A
2002-11-06,597.0,16.9051296,A
2002-11-07,516.0,14.611468799999999,A
2002-11-08,407.0,11.5249376,A
2002-11-09,330.0,9.344543999999999,A
2002-11-10,285.0,8.070288,A
2002-11-11,309.0,8.7498912,A
2002-11-12,1210.0,34.263328,A
2002-11-13,1310.0,37.095008,A
2002-11-14,1180.0,33.413824,A
2002-11-15,1010.0,28.599968,A
2002-11-16,1060.0,30.015808,A
2002-11-17,1060.0,30.015808,A
2002-11-18,892.0,25.2585856,A
2002-11-19,758.0,21.4641344,A
2002-11-20,687.0,19.4536416,A
2002-11-21,595.0,16.848496,A
2002-11-22,525.0,14.86632,A
2002-11-23,472.0,13.3655296,A
2002-11-24,422.0,11.9496896,A
2002-11-25,385.0,10.901968,A
2002-11-26,356.0,10.0807808,A
2002-11-27,331.0,9.3728608,A
2002-11-28,310.0,8.778208,A
2002-11-29,295.0,8.353456,A
2002-11-30,281.0,7.9570208,A
2002-12-01,271.0,7.6738528,A
2002-12-02,265.0,7.503952,A
2002-12-03,259.0,7.3340512,A
2002-12-04,254.0,7.1924672,A
2002-12-05,314.0,8.8914752,A
2002-12-06,408.0,11.5532544,A
2002-12-07,422.0,11.9496896,A
2002-12-08,368.0,10.4205824,A
2002-12-09,342.0,9.6843456,A
2002-12-10,326.0,9.2312768,A
2002-12-11,383.0,10.8453344,A
2002-12-12,454.0,12.8558272,A
2002-12-13,503.0,14.2433504,A
2002-12-14,532.0,15.0645376,A
2002-12-15,510.0,14.441568,A
2002-12-16,464.0,13.1389952,A
2002-12-17,421.0,11.9213728,A
2002-12-18,376.0,10.6471168,A
2002-12-19,369.0,10.4488992,A
2002-12-20,792.0,22.4269056,A
2002-12-21,870.0,24.635616,A
2002-12-22,810.0,22.936608,A
2002-12-23,786.0,22.2570048,A
2002-12-24,2150.0,60.881119999999996,A
2002-12-25,3370.0,95.427616,A
2002-12-26,2860.0,80.986048,A
2002-12-27,2120.0,60.031616,A
2002-12-28,2000.0,56.6336,A
2002-12-29,2220.0,62.863296,A
2002-12-30,1980.0,56.067264,A
2002-12-31,1810.0,51.253408,A
2003-01-01,2090.0,59.182112,A
2003-01-02,1700.0,48.13856,A
2003-01-03,1420.0,40.209856,A
2003-01-04,1270.0,35.962336,A
2003-01-05,1260.0,35.679168,A
2003-01-06,1230.0,34.829664,A
2003-01-07,995.0,28.175216,A
2003-01-08,760.0,21.520768,A
2003-01-09,661.0,18.7174048,A
2003-01-10,607.0,17.1882976,A
2003-01-11,567.0,16.0556256,A
2003-01-12,530.0,15.007904,A
2003-01-13,499.0,14.1300832,A
2003-01-14,474.0,13.4221632,A
2003-01-15,454.0,12.8558272,A
2003-01-16,441.0,12.4877088,A
2003-01-17,432.0,12.232857599999999,A
2003-01-18,433.0,12.2611744,A
2003-01-19,423.0,11.9780064,A
2003-01-20,411.0,11.6382048,A
2003-01-21,410.0,11.609888,A
2003-01-22,410.0,11.609888,A
2003-01-23,398.0,11.2700864,A
2003-01-24,382.0,10.8170176,A
2003-01-25,369.0,10.4488992,A
2003-01-26,364.0,10.3073152,A
2003-01-27,359.0,10.1657312,A
2003-01-28,348.0,9.8542464,A
2003-01-29,341.0,9.6560288,A
2003-01-30,364.0,10.3073152,A
2003-01-31,401.0,11.3550368,A
2003-02-01,426.0,12.0629568,A
2003-02-02,410.0,11.609888,A
2003-02-03,394.0,11.1568192,A
2003-02-04,381.0,10.788700799999999,A
2003-02-05,379.0,10.7320672,A
2003-02-06,382.0,10.8170176,A
2003-02-07,436.0,12.3461248,A
2003-02-08,481.0,13.6203808,A
2003-02-09,497.0,14.0734496,A
2003-02-10,517.0,14.6397856,A
2003-02-11,504.0,14.2716672,A
2003-02-12,473.0,13.3938464,A
2003-02-13,426.0,12.0629568,A
2003-02-14,392.0,11.1001856,A
2003-02-15,373.0,10.5621664,A
2003-02-16,680.0,19.255424,A
2003-02-17,896.0,25.3718528,A
2003-02-18,845.0,23.927696,A
2003-02-19,841.0,23.814428799999998,A
2003-02-20,867.0,24.5506656,A
2003-02-21,889.0,25.1736352,A
2003-02-22,1330.0,37.661344,A
2003-02-23,1310.0,37.095008,A
2003-02-24,1100.0,31.14848,A
2003-02-25,1030.0,29.166304,A
2003-02-26,1110.0,31.431648,A
2003-02-27,1730.0,48.988064,A
2003-02-28,1620.0,45.873216,A
2003-03-01,1380.0,39.077184,A
2003-03-02,1190.0,33.696992,A
2003-03-03,1130.0,31.997984,A
2003-03-04,1120.0,31.714816,A
2003-03-05,999.0,28.288483199999998,A
2003-03-06,868.0,24.5789824,A
2003-03-07,1470.0,41.625696,A
2003-03-08,1800.0,50.97024,A
2003-03-09,1760.0,49.837568,A
2003-03-10,1910.0,54.085088,A
2003-03-11,2820.0,79.853376,A
2003-03-12,2930.0,82.96822399999999,A
2003-03-13,2390.0,67.67715199999999,A
2003-03-14,2270.0,64.279136,A
2003-03-15,2530.0,71.641504,A
2003-03-16,2010.0,56.916768,A
2003-03-17,1750.0,49.5544,A
2003-03-18,2310.0,65.411808,A
2003-03-19,2600.0,73.62368,A
2003-03-20,2390.0,67.67715199999999,A
2003-03-21,2130.0,60.314783999999996,A
2003-03-22,1860.0,52.669247999999996,A
2003-03-23,1570.0,44.457376,A
2003-03-24,1220.0,34.546496,A
2003-03-25,927.0,26.2496736,A
2003-03-26,762.0,21.577401599999998,A
2003-03-27,685.0,19.397008,A
2003-03-28,636.0,18.0094848,A
2003-03-29,612.0,17.3298816,A
2003-03-30,627.0,17.7546336,A
2003-03-31,665.0,18.830672,A
2003-04-01,649.0,18.3776032,A
2003-04-02,627.0,17.7546336,A
2003-04-03,594.0,16.8201792,A
2003-04-04,548.0,15.5176064,A
2003-04-05,509.0,14.4132512,A
2003-04-06,488.0,13.818598399999999,A
2003-04-07,839.0,23.7577952,A
2003-04-08,2290.0,64.845472,A
2003-04-09,2650.0,75.03952,A
2003-04-10,2330.0,65.978144,A
2003-04-11,2430.0,68.809824,A
2003-04-12,2990.0,84.667232,A
2003-04-13,2790.0,79.003872,A
2003-04-14,2190.0,62.013792,A
2003-04-15,1580.0,44.740544,A
2003-04-16,1020.0,28.883136,A
2003-04-17,715.0,20.246512,A
2003-04-18,612.0,17.3298816,A
2003-04-19,556.0,15.7441408,A
2003-04-20,516.0,14.611468799999999,A
2003-04-21,480.0,13.592064,A
2003-04-22,510.0,14.441568,A
2003-04-23,476.0,13.4787968,A
2003-04-24,441.0,12.4877088,A
2003-04-25,1550.0,43.89104,A
2003-04-26,2450.0,69.37616,A
2003-04-27,2160.0,61.164288,A
2003-04-28,1820.0,51.536576,A
2003-04-29,2640.0,74.75635199999999,A
2003-04-30,3490.0,98.825632,A
2003-05-01,2740.0,77.588032,A
2003-05-02,1890.0,53.518752,A
2003-05-03,1170.0,33.130656,A
2003-05-04,875.0,24.7772,A
2003-05-05,728.0,20.6146304,A
2003-05-06,627.0,17.7546336,A
2003-05-07,554.0,15.6875072,A
2003-05-08,479.0,13.5637472,A
2003-05-09,417.0,11.8081056,A
2003-05-10,370.0,10.477216,A
2003-05-11,329.0,9.3162272,A
2003-05-12,299.0,8.4667232,A
2003-05-13,280.0,7.928704,A
2003-05-14,271.0,7.6738528,A
2003-05-15,274.0,7.7588032,A
2003-05-16,302.0,8.551673599999999,A
2003-05-17,326.0,9.2312768,A
2003-05-18,532.0,15.0645376,A
2003-05-19,853.0,24.1542304,A
2003-05-20,854.0,24.1825472,A
2003-05-21,793.0,22.4552224,A
2003-05-22,1390.0,39.360352,A
2003-05-23,1550.0,43.89104,A
2003-05-24,1230.0,34.829664,A
2003-05-25,1010.0,28.599968,A
2003-05-26,968.0,27.4106624,A
2003-05-27,984.0,27.8637312,A
2003-05-28,944.0,26.7310592,A
2003-05-29,746.0,21.1243328,A
2003-05-30,559.0,15.8290912,A
2003-05-31,449.0,12.7142432,A
2003-06-01,365.0,10.335632,A
2003-06-02,301.0,8.5233568,A
2003-06-03,290.0,8.211872,A
2003-06-04,403.0,11.4116704,A
2003-06-05,555.0,15.715824,A
2003-06-06,731.0,20.6995808,A
2003-06-07,1640.0,46.439552,A
2003-06-08,2410.0,68.243488,A
2003-06-09,1910.0,54.085088,A
2003-06-10,1510.0,42.758368,A
2003-06-11,1480.0,41.908864,A
2003-06-12,2000.0,56.6336,A
2003-06-13,2210.0,62.580128,A
2003-06-14,2090.0,59.182112,A
2003-06-15,1990.0,56.350432,A
2003-06-16,1470.0,41.625696,A
2003-06-17,1260.0,35.679168,A
2003-06-18,2380.0,67.393984,A
2003-06-19,4380.0,124.027584,A
2003-06-20,3640.0,103.073152,A
2003-06-21,3860.0,109.302848,A
2003-06-22,4740.0,134.221632,A
2003-06-23,3690.0,104.488992,A
2003-06-24,2630.0,74.473184,A
2003-06-25,1830.0,51.819744,A
2003-06-26,1160.0,32.847488,A
2003-06-27,725.0,20.52968,A
2003-06-28,636.0,18.0094848,A
2003-06-29,641.0,18.1510688,A
2003-06-30,748.0,21.1809664,A
2003-07-01,1620.0,45.873216,A
2003-07-02,2150.0,60.881119999999996,A
2003-07-03,2140.0,60.597952,A
2003-07-04,2820.0,79.853376,A
2003-07-05,4240.0,120.063232,A
2003-07-06,3450.0,97.69296,A
2003-07-07,2680.0,75.88902399999999,A
2003-07-08,2680.0,75.88902399999999,A
2003-07-09,2510.0,71.075168,A
2003-07-10,1980.0,56.067264,A
2003-07-11,1980.0,56.067264,A
2003-07-12,1750.0,49.5544,A
2003-07-13,1150.0,32.56432,A
2003-07-14,1440.0,40.776192,A
2003-07-15,2080.0,58.898944,A
2003-07-16,2190.0,62.013792,A
2003-07-17,2170.0,61.447456,A
2003-07-18,2340.0,66.261312,A
2003-07-19,2130.0,60.314783999999996,A
2003-07-20,1890.0,53.518752,A
2003-07-21,1500.0,42.4752,A
2003-07-22,1240.0,35.112832,A
2003-07-23,1350.0,38.22768,A
2003-07-24,1480.0,41.908864,A
2003-07-25,1210.0,34.263328,A
2003-07-26,973.0,27.5522464,A
2003-07-27,911.0,25.7966048,A
2003-07-28,879.0,24.8904672,A
2003-07-29,837.0,23.7011616,A
2003-07-30,889.0,25.1736352,A
2003-07-31,871.0,24.6639328,A
2003-08-01,925.0,26.19304,A
2003-08-02,1130.0,31.997984,A
2003-08-03,1190.0,33.696992,A
2003-08-04,1180.0,33.413824,A
2003-08-05,1110.0,31.431648,A
2003-08-06,1270.0,35.962336,A
2003-08-07,2050.0,58.04944,A
2003-08-08,2550.0,72.20784,A
2003-08-09,2830.0,80.136544,A
2003-08-10,2800.0,79.28704,A
2003-08-11,2250.0,63.7128,A
2003-08-12,1710.0,48.421728,A
2003-08-13,1240.0,35.112832,A
2003-08-14,1010.0,28.599968,A
2003-08-15,1090.0,30.865312,A
2003-08-16,1100.0,31.14848,A
2003-08-17,1160.0,32.847488,A
2003-08-18,1230.0,34.829664,A
2003-08-19,1290.0,36.528672,A
2003-08-20,1180.0,33.413824,A
2003-08-21,906.0,25.6550208,A
2003-08-22,875.0,24.7772,A
2003-08-23,852.0,24.1259136,A
2003-08-24,820.0,23.219776,A
2003-08-25,716.0,20.274828799999998,A
2003-08-26,623.0,17.6413664,A
2003-08-27,653.0,18.4908704,A
2003-08-28,745.0,21.096016,A
2003-08-29,675.0,19.11384,A
2003-08-30,847.0,23.9843296,A
2003-08-31,995.0,28.175216,A
2003-09-01,821.0,23.2480928,A
2003-09-02,643.0,18.2077024,A
2003-09-03,540.0,15.291072,A
2003-09-04,502.0,14.2150336,A
2003-09-05,573.0,16.2255264,A
2003-09-06,810.0,22.936608,A
2003-09-07,1330.0,37.661344,A
2003-09-08,1290.0,36.528672,A
2003-09-09,1370.0,38.794016,A
2003-09-10,1300.0,36.81184,A
2003-09-11,1170.0,33.130656,A
2003-09-12,834.0,23.6162112,A
2003-09-13,601.0,17.0183968,A
2003-09-14,574.0,16.2538432,A
2003-09-15,739.0,20.926115199999998,A
2003-09-16,565.0,15.998992,A
2003-09-17,487.0,13.7902816,A
2003-09-18,444.0,12.5726592,A
2003-09-19,402.0,11.3833536,A
2003-09-20,368.0,10.4205824,A
2003-09-21,329.0,9.3162272,A
2003-09-22,377.0,10.6754336,A
2003-09-23,1150.0,32.56432,A
2003-09-24,996.0,28.203532799999998,A
2003-09-25,870.0,24.635616,A
2003-09-26,823.0,23.3047264,A
2003-09-27,751.0,21.2659168,A
2003-09-28,669.0,18.9439392,A
2003-09-29,516.0,14.611468799999999,A
2003-09-30,401.0,11.3550368,A
2003-10-01,371.0,10.5055328,A
2003-10-02,371.0,10.5055328,A
2003-10-03,349.0,9.8825632,A
2003-10-04,306.0,8.6649408,A
2003-10-05,279.0,7.9003872,A
2003-10-06,262.0,7.4190016,A
2003-10-07,256.0,7.2491008,A
2003-10-08,259.0,7.3340512,A
2003-10-09,263.0,7.4473184,A
2003-10-10,268.0,7.5889024,A
2003-10-11,332.0,9.4011776,A
2003-10-12,458.0,12.9690944,A
2003-10-13,441.0,12.4877088,A
2003-10-14,445.0,12.600976,A
2003-10-15,438.0,12.4027584,A
2003-10-16,393.0,11.1285024,A
2003-10-17,321.0,9.0896928,A
2003-10-18,283.0,8.0136544,A
2003-10-19,264.0,7.4756352,A
2003-10-20,247.0,6.9942496,A
2003-10-21,230.0,6.5128639999999995,A
2003-10-22,222.0,6.2863296,A
2003-10-23,213.0,6.0314784,A
2003-10-24,202.0,5.7199936,A
2003-10-25,191.0,5.4085088,A
2003-10-26,196.0,5.5500928,A
2003-10-27,270.0,7.645536,A
2003-10-28,360.0,10.194048,A
2003-10-29,313.0,8.8631584,A
2003-10-30,297.0,8.4100896,A
2003-10-31,275.0,7.78712,A
2003-11-01,244.0,6.9092991999999995,A
2003-11-02,226.0,6.3995968,A
2003-11-03,216.0,6.1164287999999996,A
2003-11-04,205.0,5.804944,A
2003-11-05,200.0,5.66336,A
2003-11-06,201.0,5.6916768,A
2003-11-07,204.0,5.7766272,A
2003-11-08,203.0,5.7483104,A
2003-11-09,202.0,5.7199936,A
2003-11-10,198.0,5.6067264,A
2003-11-11,195.0,5.521776,A
2003-11-12,196.0,5.5500928,A
2003-11-13,191.0,5.4085088,A
2003-11-14,183.0,5.1819744,A
2003-11-15,172.0,4.8704896,A
2003-11-16,167.0,4.7289056,A
2003-11-17,167.0,4.7289056,A
2003-11-18,177.0,5.0120736,A
2003-11-19,304.0,8.6083072,A
2003-11-20,500.0,14.1584,A
2003-11-21,485.0,13.733648,A
2003-11-22,407.0,11.5249376,A
2003-11-23,349.0,9.8825632,A
2003-11-24,338.0,9.5710784,A
2003-11-25,386.0,10.930284799999999,A
2003-11-26,385.0,10.901968,A
2003-11-27,335.0,9.486127999999999,A
2003-11-28,429.0,12.1479072,A
2003-11-29,690.0,19.538592,A
2003-11-30,821.0,23.2480928,A
2003-12-01,842.0,23.8427456,A
2003-12-02,824.0,23.3330432,A
2003-12-03,693.0,19.623542399999998,A
2003-12-04,591.0,16.735228799999998,A
2003-12-05,570.0,16.140576,A
2003-12-06,539.0,15.262755199999999,A
2003-12-07,494.0,13.9884992,A
2003-12-08,453.0,12.8275104,A
2003-12-09,412.0,11.6665216,A
2003-12-10,655.0,18.547504,A
2003-12-11,857.0,24.2674976,A
2003-12-12,849.0,24.0409632,A
2003-12-13,845.0,23.927696,A
2003-12-14,1080.0,30.582144,A
2003-12-15,1020.0,28.883136,A
2003-12-16,877.0,24.8338336,A
2003-12-17,792.0,22.4269056,A
2003-12-18,743.0,21.0393824,A
2003-12-19,700.0,19.82176,A
2003-12-20,652.0,18.4625536,A
2003-12-21,584.0,16.5370112,A
2003-12-22,518.0,14.6681024,A
2003-12-23,487.0,13.7902816,A
2003-12-24,659.0,18.6607712,A
2003-12-25,776.0,21.9738368,A
2003-12-26,811.0,22.9649248,A
2003-12-27,838.0,23.7294784,A
2003-12-28,799.0,22.6251232,A
2003-12-29,697.0,19.7368096,A
2003-12-30,694.0,19.6518592,A
2003-12-31,670.0,18.972255999999998,A
2004-01-01,612.0,17.3298816,A
2004-01-02,579.0,16.3954272,A
2004-01-03,541.0,15.3193888,A
2004-01-04,503.0,14.2433504,A
2004-01-05,473.0,13.3938464,A
2004-01-06,457.0,12.9407776,A
2004-01-07,436.0,12.3461248,A
2004-01-08,415.0,11.751472,A
2004-01-09,426.0,12.0629568,A
2004-01-10,468.0,13.2522624,A
2004-01-11,472.0,13.3655296,A
2004-01-12,460.0,13.025727999999999,A
2004-01-13,447.0,12.6576096,A
2004-01-14,428.0,12.1195904,A
2004-01-15,397.0,11.2417696,A
2004-01-16,376.0,10.6471168,A
2004-01-17,363.0,10.278998399999999,A
2004-01-18,443.0,12.5443424,A
2004-01-19,569.0,16.1122592,A
2004-01-20,602.0,17.0467136,A
2004-01-21,617.0,17.4714656,A
2004-01-22,567.0,16.0556256,A
2004-01-23,493.0,13.960182399999999,A
2004-01-24,420.0,11.893056,A
2004-01-25,388.0,10.9869184,A
2004-01-26,1490.0,42.192032,A
2004-01-27,1840.0,52.102911999999996,A
2004-01-28,1530.0,43.324704,A
2004-01-29,1290.0,36.528672,A
2004-01-30,1260.0,35.679168,A
2004-01-31,1300.0,36.81184,A
2004-02-01,1250.0,35.396,A
2004-02-02,986.0,27.920364799999998,A
2004-02-03,678.0,19.1987904,A
2004-02-04,563.0,15.9423584,A
2004-02-05,509.0,14.4132512,A
2004-02-06,781.0,22.1154208,A
2004-02-07,1280.0,36.245504,A
2004-02-08,1190.0,33.696992,A
2004-02-09,1060.0,30.015808,A
2004-02-10,1090.0,30.865312,A
2004-02-11,1140.0,32.281152,A
2004-02-12,1630.0,46.156384,A
2004-02-13,1730.0,48.988064,A
2004-02-14,1770.0,50.120736,A
2004-02-15,1740.0,49.271232,A
2004-02-16,1790.0,50.687072,A
2004-02-17,2000.0,56.6336,A
2004-02-18,1950.0,55.21776,A
2004-02-19,1710.0,48.421728,A
2004-02-20,1410.0,39.926688,A
2004-02-21,956.0,27.0708608,A
2004-02-22,759.0,21.4924512,A
2004-02-23,840.0,23.786112,A
2004-02-24,1450.0,41.05936,A
2004-02-25,1580.0,44.740544,A
2004-02-26,2070.0,58.615776,A
2004-02-27,2160.0,61.164288,A
2004-02-28,2250.0,63.7128,A
2004-02-29,2950.0,83.53456,A
2004-03-01,3340.0,94.578112,A
2004-03-02,2600.0,73.62368,A
2004-03-03,1940.0,54.934592,A
2004-03-04,1470.0,41.625696,A
2004-03-05,1020.0,28.883136,A
2004-03-06,831.0,23.5312608,A
2004-03-07,770.0,21.803936,A
2004-03-08,720.0,20.388096,A
2004-03-09,663.0,18.7740384,A
2004-03-10,608.0,17.2166144,A
2004-03-11,558.0,15.8007744,A
2004-03-12,519.0,14.6964192,A
2004-03-13,492.0,13.9318656,A
2004-03-14,474.0,13.4221632,A
2004-03-15,467.0,13.2239456,A
2004-03-16,477.0,13.5071136,A
2004-03-17,495.0,14.016816,A
2004-03-18,487.0,13.7902816,A
2004-03-19,463.0,13.1106784,A
2004-03-20,443.0,12.5443424,A
2004-03-21,420.0,11.893056,A
2004-03-22,394.0,11.1568192,A
2004-03-23,368.0,10.4205824,A
2004-03-24,352.0,9.9675136,A
2004-03-25,340.0,9.627712,A
2004-03-26,334.0,9.4578112,A
2004-03-27,329.0,9.3162272,A
2004-03-28,326.0,9.2312768,A
2004-03-29,323.0,9.1463264,A
2004-03-30,320.0,9.061376,A
2004-03-31,323.0,9.1463264,A
2004-04-01,321.0,9.0896928,A
2004-04-02,303.0,8.5799904,A
2004-04-03,293.0,8.2968224,A
2004-04-04,282.0,7.9853376,A
2004-04-05,275.0,7.78712,A
2004-04-06,260.0,7.362368,A
2004-04-07,251.0,7.1075168,A
2004-04-08,250.0,7.0792,A
2004-04-09,274.0,7.7588032,A
2004-04-10,273.0,7.7304864,A
2004-04-11,248.0,7.0225664,A
2004-04-12,245.0,6.937616,A
2004-04-13,258.0,7.3057343999999995,A
2004-04-14,284.0,8.0419712,A
2004-04-15,281.0,7.9570208,A
2004-04-16,261.0,7.3906848,A
2004-04-17,241.0,6.8243488,A
2004-04-18,219.0,6.2013792,A
2004-04-19,204.0,5.7766272,A
2004-04-20,192.0,5.4368256,A
2004-04-21,183.0,5.1819744,A
2004-04-22,175.0,4.95544,A
2004-04-23,169.0,4.7855392,A
2004-04-24,163.0,4.6156384,A
2004-04-25,155.0,4.389104,A
2004-04-26,154.0,4.3607872,A
2004-04-27,166.0,4.7005888,A
2004-04-28,180.0,5.097024,A
2004-04-29,170.0,4.813856,A
2004-04-30,225.0,6.37128,A
2004-05-01,405.0,11.468304,A
2004-05-02,628.0,17.7829504,A
2004-05-03,690.0,19.538592,A
2004-05-04,696.0,19.7084928,A
2004-05-05,607.0,17.1882976,A
2004-05-06,470.0,13.308895999999999,A
2004-05-07,336.0,9.5144448,A
2004-05-08,253.0,7.1641504,A
2004-05-09,214.0,6.0597952,A
2004-05-10,186.0,5.2669248,A
2004-05-11,180.0,5.097024,A
2004-05-12,199.0,5.6350432,A
2004-05-13,204.0,5.7766272,A
2004-05-14,291.0,8.2401888,A
2004-05-15,400.0,11.32672,A
2004-05-16,374.0,10.5904832,A
2004-05-17,347.0,9.8259296,A
2004-05-18,296.0,8.3817728,A
2004-05-19,242.0,6.8526656,A
2004-05-20,202.0,5.7199936,A
2004-05-21,222.0,6.2863296,A
2004-05-22,259.0,7.3340512,A
2004-05-23,320.0,9.061376,A
2004-05-24,263.0,7.4473184,A
2004-05-25,191.0,5.4085088,A
2004-05-26,179.0,5.0687071999999995,A
2004-05-27,169.0,4.7855392,A
2004-05-28,141.0,3.9926688,A
2004-05-29,122.0,3.4546495999999998,A
2004-05-30,111.0,3.1431648,A
2004-05-31,103.0,2.9166304,A
2004-06-01,107.0,3.0298976,A
2004-06-02,120.0,3.398016,A
2004-06-03,192.0,5.4368256,A
2004-06-04,250.0,7.0792,A
2004-06-05,229.0,6.4845472,A
2004-06-06,201.0,5.6916768,A
2004-06-07,180.0,5.097024,A
2004-06-08,184.0,5.2102912,A
2004-06-09,175.0,4.95544,A
2004-06-10,143.0,4.0493024,A
2004-06-11,132.0,3.7378176,A
2004-06-12,119.0,3.3696992,A
2004-06-13,110.0,3.114848,A
2004-06-14,107.0,3.0298976,A
2004-06-15,243.0,6.8809824,A
2004-06-16,600.0,16.99008,A
2004-06-17,645.0,18.264336,A
2004-06-18,586.0,16.5936448,A:e
2004-06-19,635.0,17.981168,A:e
2004-06-20,355.0,10.052464,A:e
2004-06-21,230.0,6.5128639999999995,A:e
2004-06-22,185.0,5.238608,A
2004-06-23,359.0,10.1657312,A
2004-06-24,389.0,11.0152352,A
2004-06-25,479.0,13.5637472,A
2004-06-26,647.0,18.3209696,A
2004-06-27,1190.0,33.696992,A
2004-06-28,1070.0,30.298976,A
2004-06-29,739.0,20.926115199999998,A
2004-06-30,632.0,17.8962176,A
2004-07-01,1770.0,50.120736,A
2004-07-02,559.0,15.8290912,A
2004-07-03,412.0,11.6665216,A
2004-07-04,341.0,9.6560288,A
2004-07-05,271.0,7.6738528,A
2004-07-06,228.0,6.4562304,A
2004-07-07,209.0,5.9182112,A
2004-07-08,392.0,11.1001856,A
2004-07-09,581.0,16.452060799999998,A
2004-07-10,479.0,13.5637472,A
2004-07-11,323.0,9.1463264,A
2004-07-12,232.0,6.5694976,A
2004-07-13,188.0,5.3235584,A
2004-07-14,207.0,5.8615775999999995,A
2004-07-15,247.0,6.9942496,A
2004-07-16,206.0,5.8332608,A
2004-07-17,209.0,5.9182112,A
2004-07-18,367.0,10.3922656,A
2004-07-19,361.0,10.2223648,A
2004-07-20,221.0,6.2580127999999995,A
2004-07-21,157.0,4.4457376,A
2004-07-22,125.0,3.5396,A
2004-07-23,114.0,3.2281152,A:e
2004-07-24,100.0,2.83168,A:e
2004-07-25,95.0,2.690096,A:e
2004-07-26,82.0,2.3219776,A:e
2004-07-27,78.0,2.2087104,A
2004-07-28,75.0,2.12376,A
2004-07-29,81.0,2.2936608,A
2004-07-30,153.0,4.3324704,A
2004-07-31,127.0,3.5962336,A
2004-08-01,106.0,3.0015808,A
2004-08-02,90.0,2.548512,A
2004-08-03,82.0,2.3219776,A
2004-08-04,75.0,2.12376,A
2004-08-05,71.0,2.0104928,A
2004-08-06,66.0,1.8689088,A
2004-08-07,61.0,1.7273247999999999,A
2004-08-08,57.0,1.6140576,A
2004-08-09,59.0,1.6706912,A
2004-08-10,104.0,2.9449472,A
2004-08-11,567.0,16.0556256,A
2004-08-12,673.0,19.0572064,A
2004-08-13,546.0,15.4609728,A
2004-08-14,446.0,12.6292928,A
2004-08-15,301.0,8.5233568,A
2004-08-16,200.0,5.66336,A
2004-08-17,151.0,4.2758367999999995,A
2004-08-18,128.0,3.6245504,A
2004-08-19,111.0,3.1431648,A
2004-08-20,101.0,2.8599968,A
2004-08-21,112.0,3.1714816,A
2004-08-22,156.0,4.4174208,A
2004-08-23,224.0,6.3429632,A
2004-08-24,241.0,6.8243488,A
2004-08-25,299.0,8.4667232,A
2004-08-26,727.0,20.5863136,A
2004-08-27,424.0,12.0063232,A
2004-08-28,226.0,6.3995968,A
2004-08-29,166.0,4.7005888,A
2004-08-30,149.0,4.2192032,A
2004-08-31,188.0,5.3235584,A
2004-09-01,281.0,7.9570208,A
2004-09-02,338.0,9.5710784,A
2004-09-03,586.0,16.5936448,A
2004-09-04,700.0,19.82176,A
2004-09-05,660.0,18.689087999999998,A
2004-09-06,647.0,18.3209696,A
2004-09-07,571.0,16.1688928,A
2004-09-08,526.0,14.8946368,A
2004-09-09,476.0,13.4787968,A
2004-09-10,417.0,11.8081056,A
2004-09-11,348.0,9.8542464,A
2004-09-12,279.0,7.9003872,A
2004-09-13,264.0,7.4756352,A
2004-09-14,275.0,7.78712,A
2004-09-15,245.0,6.937616,A
2004-09-16,2290.0,64.845472,A
2004-09-17,4440.0,125.726592,A
2004-09-18,4520.0,127.991936,A
2004-09-19,4320.0,122.328576,A
2004-09-20,3840.0,108.736512,A
2004-09-21,3150.0,89.19792,A
2004-09-22,2370.0,67.110816,A
2004-09-23,1660.0,47.005888,A
2004-09-24,896.0,25.3718528,A
2004-09-25,539.0,15.262755199999999,A
2004-09-26,436.0,12.3461248,A
2004-09-27,375.0,10.6188,A
2004-09-28,332.0,9.4011776,A
2004-09-29,301.0,8.5233568,A
2004-09-30,279.0,7.9003872,A
2004-10-01,258.0,7.3057343999999995,A
2004-10-02,241.0,6.8243488,A
2004-10-03,227.0,6.4279136,A
2004-10-04,214.0,6.0597952,A
2004-10-05,201.0,5.6916768,A
2004-10-06,189.0,5.3518752,A
2004-10-07,180.0,5.097024,A
2004-10-08,172.0,4.8704896,A
2004-10-09,166.0,4.7005888,A
2004-10-10,168.0,4.7572224,A
2004-10-11,184.0,5.2102912,A
2004-10-12,202.0,5.7199936,A
2004-10-13,209.0,5.9182112,A
2004-10-14,195.0,5.521776,A
2004-10-15,181.0,5.1253408,A
2004-10-16,168.0,4.7572224,A
2004-10-17,160.0,4.530688,A
2004-10-18,153.0,4.3324704,A
2004-10-19,154.0,4.3607872,A
2004-10-20,303.0,8.5799904,A
2004-10-21,458.0,12.9690944,A
2004-10-22,560.0,15.857408,A
2004-10-23,474.0,13.4221632,A
2004-10-24,415.0,11.751472,A
2004-10-25,495.0,14.016816,A
2004-10-26,579.0,16.3954272,A
2004-10-27,554.0,15.6875072,A
2004-10-28,463.0,13.1106784,A
2004-10-29,379.0,10.7320672,A
2004-10-30,319.0,9.0330592,A
2004-10-31,274.0,7.7588032,A
2004-11-01,242.0,6.8526656,A
2004-11-02,221.0,6.2580127999999995,A
2004-11-03,208.0,5.8898944,A
2004-11-04,367.0,10.3922656,A
2004-11-05,508.0,14.3849344,A
2004-11-06,543.0,15.3760224,A
2004-11-07,516.0,14.611468799999999,A
2004-11-08,452.0,12.7991936,A
2004-11-09,364.0,10.3073152,A
2004-11-10,296.0,8.3817728,A
2004-11-11,267.0,7.5605856,A
2004-11-12,319.0,9.0330592,A
2004-11-13,381.0,10.788700799999999,A
2004-11-14,394.0,11.1568192,A
2004-11-15,379.0,10.7320672,A
2004-11-16,352.0,9.9675136,A
2004-11-17,316.0,8.9481088,A
2004-11-18,284.0,8.0419712,A
2004-11-19,259.0,7.3340512,A
2004-11-20,293.0,8.2968224,A:e
2004-11-21,340.0,9.627712,A:e
2004-11-22,373.0,10.5621664,A:e
2004-11-23,378.0,10.7037504,A:e
2004-11-24,761.0,21.5490848,A:e
2004-11-25,1500.0,42.4752,A:e
2004-11-26,1280.0,36.245504,A:e
2004-11-27,1310.0,37.095008,A:e
2004-11-28,1510.0,42.758368,A:e
2004-11-29,1710.0,48.421728,A:e
2004-11-30,1350.0,38.22768,A:e
2004-12-01,1100.0,31.14848,A:e
2004-12-02,959.0,27.1558112,A
2004-12-03,905.0,25.626704,A
2004-12-04,723.0,20.4730464,A
2004-12-05,647.0,18.3209696,A
2004-12-06,818.0,23.163142399999998,A
2004-12-07,832.0,23.5595776,A
2004-12-08,800.0,22.65344,A
2004-12-09,897.0,25.400169599999998,A
2004-12-10,1120.0,31.714816,A
2004-12-11,1010.0,28.599968,A
2004-12-12,829.0,23.4746272,A
2004-12-13,762.0,21.577401599999998,A
2004-12-14,680.0,19.255424,A
2004-12-15,587.0,16.6219616,A
2004-12-16,507.0,14.3566176,A
2004-12-17,455.0,12.884144,A
2004-12-18,426.0,12.0629568,A
2004-12-19,406.0,11.4966208,A
2004-12-20,389.0,11.0152352,A
2004-12-21,377.0,10.6754336,A
2004-12-22,371.0,10.5055328,A
2004-12-23,698.0,19.7651264,A
2004-12-24,802.0,22.7100736,A
2004-12-25,771.0,21.8322528,A
2004-12-26,780.0,22.087104,A
2004-12-27,769.0,21.7756192,A
2004-12-28,684.0,19.3686912,A
2004-12-29,592.0,16.7635456,A
2004-12-30,510.0,14.441568,A
2004-12-31,463.0,13.1106784,A
2005-01-01,449.0,12.7142432,A
2005-01-02,413.0,11.6948384,A
2005-01-03,393.0,11.1285024,A
2005-01-04,382.0,10.8170176,A
2005-01-05,370.0,10.477216,A
2005-01-06,361.0,10.2223648,A
2005-01-07,354.0,10.0241472,A
2005-01-08,383.0,10.8453344,A
2005-01-09,432.0,12.232857599999999,A
2005-01-10,427.0,12.0912736,A
2005-01-11,413.0,11.6948384,A
2005-01-12,401.0,11.3550368,A
2005-01-13,395.0,11.185136,A
2005-01-14,608.0,17.2166144,A:e
2005-01-15,702.0,19.8783936,A:e
2005-01-16,807.0,22.8516576,A:e
2005-01-17,853.0,24.1542304,A:e
2005-01-18,763.0,21.6057184,A:e
2005-01-19,673.0,19.0572064,A:e
2005-01-20,532.0,15.0645376,A:e
2005-01-21,467.0,13.2239456,A:e
2005-01-22,445.0,12.600976,A:e
2005-01-23,427.0,12.0912736,A:e
2005-01-24,402.0,11.3833536,A:e
2005-01-25,380.0,10.760384,A:e
2005-01-26,366.0,10.3639488,A:e
2005-01-27,348.0,9.8542464,A:e
2005-01-28,326.0,9.2312768,A:e
2005-01-29,396.0,11.2134528,A
2005-01-30,404.0,11.4399872,A
2005-01-31,510.0,14.441568,A:e
2005-02-01,593.0,16.7918624,A:e
2005-02-02,713.0,20.1898784,A:e
2005-02-03,803.0,22.7383904,A:e
2005-02-04,765.0,21.662352,A:e
2005-02-05,784.0,22.2003712,A:e
2005-02-06,840.0,23.786112,A:e
2005-02-07,934.0,26.4478912,A:e
2005-02-08,803.0,22.7383904,A:e
2005-02-09,658.0,18.6324544,A
2005-02-10,753.0,21.3225504,A:e
2005-02-11,740.0,20.954432,A:e
2005-02-12,784.0,22.2003712,A:e
2005-02-13,815.0,23.078192,A:e
2005-02-14,828.0,23.446310399999998,A:e
2005-02-15,701.0,19.8500768,A
2005-02-16,710.0,20.104928,A
2005-02-17,628.0,17.7829504,A:e
2005-02-18,578.0,16.3671104,A:e
2005-02-19,503.0,14.2433504,A:e
2005-02-20,447.0,12.6576096,A:e
2005-02-21,459.0,12.9974112,A:e
2005-02-22,390.0,11.043552,A:e
2005-02-23,403.0,11.4116704,A:e
2005-02-24,422.0,11.9496896,A:e
2005-02-25,483.0,13.6770144,A:e
2005-02-26,496.0,14.0451328,A
2005-02-27,488.0,13.818598399999999,A
2005-02-28,495.0,14.016816,A
2005-03-01,522.0,14.7813696,A:e
2005-03-02,578.0,16.3671104,A:e
2005-03-03,547.0,15.4892896,A:e
2005-03-04,565.0,15.998992,A
2005-03-05,465.0,13.167311999999999,A:e
2005-03-06,428.0,12.1195904,A:e
2005-03-07,403.0,11.4116704,A:e
2005-03-08,384.0,10.8736512,A:e
2005-03-09,372.0,10.5338496,A:e
2005-03-10,378.0,10.7037504,A:e
2005-03-11,359.0,10.1657312,A:e
2005-03-12,340.0,9.627712,A
2005-03-13,327.0,9.2595936,A
2005-03-14,318.0,9.0047424,A
2005-03-15,314.0,8.8914752,A
2005-03-16,352.0,9.9675136,A
2005-03-17,389.0,11.0152352,A
2005-03-18,495.0,14.016816,A
2005-03-19,550.0,15.57424,A
2005-03-20,579.0,16.3954272,A
2005-03-21,557.0,15.7724576,A
2005-03-22,465.0,13.167311999999999,A
2005-03-23,457.0,12.9407776,A
2005-03-24,427.0,12.0912736,A
2005-03-25,418.0,11.8364224,A
2005-03-26,418.0,11.8364224,A
2005-03-27,718.0,20.3314624,A
2005-03-28,1230.0,34.829664,A
2005-03-29,1290.0,36.528672,A
2005-03-30,2510.0,71.075168,A
2005-03-31,5760.0,163.104768,A
2005-04-01,5750.0,162.8216,A
2005-04-02,5470.0,154.892896,A
2005-04-03,4320.0,122.328576,A
2005-04-04,6110.0,173.015648,A
2005-04-05,5560.0,157.441408,A
2005-04-06,4020.0,113.833536,A
2005-04-07,3760.0,106.47116799999999,A
2005-04-08,3200.0,90.61376,A
2005-04-09,2570.0,72.774176,A
2005-04-10,2950.0,83.53456,A
2005-04-11,3480.0,98.542464,A
2005-04-12,2920.0,82.685056,A
2005-04-13,2420.0,68.526656,A
2005-04-14,1880.0,53.235583999999996,A
2005-04-15,1510.0,42.758368,A
2005-04-16,1260.0,35.679168,A
2005-04-17,1090.0,30.865312,A
2005-04-18,905.0,25.626704,A
2005-04-19,754.0,21.3508672,A
2005-04-20,666.0,18.8589888,A
2005-04-21,611.0,17.3015648,A
2005-04-22,689.0,19.5102752,A:e
2005-04-23,859.0,24.3241312,A:e
2005-04-24,967.0,27.3823456,A
2005-04-25,991.0,28.0619488,A
2005-04-26,1030.0,29.166304,A
2005-04-27,958.0,27.1274944,A
2005-04-28,862.0,24.4090816,A
2005-04-29,804.0,22.7667072,A
2005-04-30,871.0,24.6639328,A
2005-05-01,1180.0,33.413824,A
2005-05-02,1130.0,31.997984,A
2005-05-03,1040.0,29.449472,A
2005-05-04,979.0,27.7221472,A
2005-05-05,857.0,24.2674976,A
2005-05-06,717.0,20.3031456,A
2005-05-07,594.0,16.8201792,A
2005-05-08,503.0,14.2433504,A
2005-05-09,455.0,12.884144,A
2005-05-10,408.0,11.5532544,A
2005-05-11,368.0,10.4205824,A
2005-05-12,337.0,9.5427616,A
2005-05-13,311.0,8.8065248,A:e
2005-05-14,290.0,8.211872,A
2005-05-15,288.0,8.1552384,A
2005-05-16,257.0,7.2774176,A
2005-05-17,232.0,6.5694976,A
2005-05-18,213.0,6.0314784,A
2005-05-19,197.0,5.5784096,A
2005-05-20,181.0,5.1253408,A
2005-05-21,174.0,4.9271232,A
2005-05-22,163.0,4.6156384,A
2005-05-23,153.0,4.3324704,A
2005-05-24,143.0,4.0493024,A
2005-05-25,132.0,3.7378176,A
2005-05-26,123.0,3.4829664,A
2005-05-27,115.0,3.2564319999999998,A
2005-05-28,109.0,3.0865312,A
2005-05-29,102.0,2.8883136,A
2005-05-30,98.0,2.7750464,A
2005-05-31,111.0,3.1431648,A
2005-06-01,232.0,6.5694976,A
2005-06-02,525.0,14.86632,A
2005-06-03,786.0,22.2570048,A
2005-06-04,499.0,14.1300832,A
2005-06-05,390.0,11.043552,A
2005-06-06,296.0,8.3817728,A
2005-06-07,395.0,11.185136,A:e
2005-06-08,506.0,14.3283008,A:e
2005-06-09,655.0,18.547504,A:e
2005-06-10,791.0,22.3985888,A
2005-06-11,654.0,18.5191872,A
2005-06-12,879.0,24.8904672,A
2005-06-13,807.0,22.8516576,A
2005-06-14,595.0,16.848496,A
2005-06-15,446.0,12.6292928,A
2005-06-16,372.0,10.5338496,A
2005-06-17,316.0,8.9481088,A
2005-06-18,249.0,7.0508831999999995,A
2005-06-19,201.0,5.6916768,A
2005-06-20,164.0,4.6439552,A
2005-06-21,140.0,3.964352,A
2005-06-22,124.0,3.5112832,A
2005-06-23,112.0,3.1714816,A
2005-06-24,102.0,2.8883136,A
2005-06-25,94.0,2.6617792,A
2005-06-26,88.0,2.4918784,A
2005-06-27,84.0,2.3786112,A
2005-06-28,82.0,2.3219776,A
2005-06-29,123.0,3.4829664,A
2005-06-30,180.0,5.097024,A
2005-07-01,250.0,7.0792,A
2005-07-02,161.0,4.5590048,A
2005-07-03,219.0,6.2013792,A
2005-07-04,384.0,10.8736512,A
2005-07-05,570.0,16.140576,A
2005-07-06,605.0,17.131664,A
2005-07-07,687.0,19.4536416,A
2005-07-08,674.0,19.0855232,A
2005-07-09,615.0,17.414832,A
2005-07-10,661.0,18.7174048,A
2005-07-11,946.0,26.7876928,A
2005-07-12,996.0,28.203532799999998,A
2005-07-13,1180.0,33.413824,A
2005-07-14,1390.0,39.360352,A
2005-07-15,1530.0,43.324704,A
2005-07-16,2010.0,56.916768,A
2005-07-17,1830.0,51.819744,A
2005-07-18,1920.0,54.368256,A
2005-07-19,1710.0,48.421728,A
2005-07-20,1640.0,46.439552,A
2005-07-21,1380.0,39.077184,A
2005-07-22,1020.0,28.883136,A
2005-07-23,780.0,22.087104,A
2005-07-24,548.0,15.5176064,A
2005-07-25,428.0,12.1195904,A
2005-07-26,359.0,10.1657312,A
2005-07-27,301.0,8.5233568,A
2005-07-28,260.0,7.362368,A
2005-07-29,244.0,6.9092991999999995,A
2005-07-30,248.0,7.0225664,A
2005-07-31,268.0,7.5889024,A
2005-08-01,265.0,7.503952,A
2005-08-02,292.0,8.2685056,A
2005-08-03,356.0,10.0807808,A
2005-08-04,470.0,13.308895999999999,A
2005-08-05,1380.0,39.077184,A
2005-08-06,1020.0,28.883136,A
2005-08-07,624.0,17.6696832,A
2005-08-08,597.0,16.9051296,A
2005-08-09,555.0,15.715824,A
2005-08-10,583.0,16.5086944,A
2005-08-11,660.0,18.689087999999998,A
2005-08-12,1470.0,41.625696,A
2005-08-13,1450.0,41.05936,A
2005-08-14,1320.0,37.378175999999996,A
2005-08-15,749.0,21.209283199999998,A:e
2005-08-16,783.0,22.1720544,A:e
2005-08-17,929.0,26.3063072,A:e
2005-08-18,1410.0,39.926688,A:e
2005-08-19,1270.0,35.962336,A
2005-08-20,1280.0,36.245504,A:e
2005-08-21,1330.0,37.661344,A
2005-08-22,1220.0,34.546496,A
2005-08-23,1130.0,31.997984,A
2005-08-24,853.0,24.1542304,A
2005-08-25,545.0,15.432656,A
2005-08-26,445.0,12.600976,A
2005-08-27,366.0,10.3639488,A
2005-08-28,316.0,8.9481088,A
2005-08-29,283.0,8.0136544,A
2005-08-30,492.0,13.9318656,A
2005-08-31,691.0,19.5669088,A
2005-09-01,793.0,22.4552224,A
2005-09-02,676.0,19.1421568,A
2005-09-03,615.0,17.414832,A
2005-09-04,549.0,15.545923199999999,A
2005-09-05,451.0,12.7708768,A
2005-09-06,341.0,9.6560288,A
2005-09-07,262.0,7.4190016,A
2005-09-08,216.0,6.1164287999999996,A
2005-09-09,188.0,5.3235584,A
2005-09-10,167.0,4.7289056,A
2005-09-11,152.0,4.3041536,A
2005-09-12,141.0,3.9926688,A
2005-09-13,132.0,3.7378176,A
2005-09-14,125.0,3.5396,A
2005-09-15,119.0,3.3696992,A
2005-09-16,114.0,3.2281152,A
2005-09-17,111.0,3.1431648,A
2005-09-18,108.0,3.0582143999999998,A
2005-09-19,104.0,2.9449472,A
2005-09-20,102.0,2.8883136,A
2005-09-21,99.0,2.8033632,A
2005-09-22,97.0,2.7467296,A
2005-09-23,104.0,2.9449472,A
2005-09-24,100.0,2.83168,A
2005-09-25,123.0,3.4829664,A
2005-09-26,254.0,7.1924672,A
2005-09-27,384.0,10.8736512,A
2005-09-28,452.0,12.7991936,A
2005-09-29,325.0,9.20296,A
2005-09-30,240.0,6.796032,A
2005-10-01,200.0,5.66336,A
2005-10-02,172.0,4.8704896,A
2005-10-03,154.0,4.3607872,A
2005-10-04,141.0,3.9926688,A
2005-10-05,130.0,3.681184,A
2005-10-06,127.0,3.5962336,A
2005-10-07,154.0,4.3607872,A
2005-10-08,199.0,5.6350432,A
2005-10-09,229.0,6.4845472,A
2005-10-10,243.0,6.8809824,A
2005-10-11,256.0,7.2491008,A
2005-10-12,229.0,6.4845472,A
2005-10-13,190.0,5.380192,A
2005-10-14,165.0,4.6722719999999995,A
2005-10-15,149.0,4.2192032,A
2005-10-16,136.0,3.8510847999999998,A
2005-10-17,126.0,3.5679168,A
2005-10-18,118.0,3.3413824,A
2005-10-19,112.0,3.1714816,A
2005-10-20,112.0,3.1714816,A
2005-10-21,112.0,3.1714816,A
2005-10-22,101.0,2.8599968,A
2005-10-23,98.0,2.7750464,A
2005-10-24,95.0,2.690096,A
2005-10-25,91.0,2.5768288,A
2005-10-26,89.0,2.5201952,A
2005-10-27,87.0,2.4635616,A
2005-10-28,87.0,2.4635616,A
2005-10-29,88.0,2.4918784,A
2005-10-30,88.0,2.4918784,A
2005-10-31,88.0,2.4918784,A
2005-11-01,91.0,2.5768288,A
2005-11-02,99.0,2.8033632,A
2005-11-03,113.0,3.1997984,A
2005-11-04,121.0,3.4263328,A
2005-11-05,114.0,3.2281152,A
2005-11-06,108.0,3.0582143999999998,A
2005-11-07,110.0,3.114848,A
2005-11-08,112.0,3.1714816,A
2005-11-09,109.0,3.0865312,A
2005-11-10,105.0,2.973264,A
2005-11-11,101.0,2.8599968,A
2005-11-12,98.0,2.7750464,A
2005-11-13,98.0,2.7750464,A
2005-11-14,97.0,2.7467296,A
2005-11-15,97.0,2.7467296,A
2005-11-16,106.0,3.0015808,A
2005-11-17,111.0,3.1431648,A
2005-11-18,119.0,3.3696992,A
2005-11-19,123.0,3.4829664,A
2005-11-20,115.0,3.2564319999999998,A
2005-11-21,116.0,3.2847488,A
2005-11-22,123.0,3.4829664,A
2005-11-23,136.0,3.8510847999999998,A
2005-11-24,144.0,4.0776192,A
2005-11-25,140.0,3.964352,A
2005-11-26,135.0,3.822768,A
2005-11-27,144.0,4.0776192,A
2005-11-28,302.0,8.551673599999999,A
2005-11-29,608.0,17.2166144,A
2005-11-30,721.0,20.4164128,A
2005-12-01,598.0,16.9334464,A
2005-12-02,476.0,13.4787968,A
2005-12-03,382.0,10.8170176,A
2005-12-04,306.0,8.6649408,A
2005-12-05,485.0,13.733648,A
2005-12-06,616.0,17.4431488,A
2005-12-07,537.0,15.2061216,A
2005-12-08,438.0,12.4027584,A
2005-12-09,380.0,10.760384,A
2005-12-10,334.0,9.4578112,A
2005-12-11,297.0,8.4100896,A
2005-12-12,267.0,7.5605856,A
2005-12-13,245.0,6.937616,A
2005-12-14,229.0,6.4845472,A
2005-12-15,370.0,10.477216,A
2005-12-16,518.0,14.6681024,A
2005-12-17,509.0,14.4132512,A
2005-12-18,438.0,12.4027584,A
2005-12-19,397.0,11.2417696,A
2005-12-20,351.0,9.9391968,A
2005-12-21,308.0,8.7215744,A
2005-12-22,276.0,7.8154368,A
2005-12-23,254.0,7.1924672,A
2005-12-24,242.0,6.8526656,A
2005-12-25,320.0,9.061376,A
2005-12-26,481.0,13.6203808,A
2005-12-27,514.0,14.5548352,A
2005-12-28,491.0,13.9035488,A
2005-12-29,438.0,12.4027584,A
2005-12-30,375.0,10.6188,A
2005-12-31,337.0,9.5427616,A
2006-01-01,314.0,8.8914752,A
2006-01-02,347.0,9.8259296,A
2006-01-03,516.0,14.611468799999999,A
2006-01-04,608.0,17.2166144,A
2006-01-05,588.0,16.6502784,A
2006-01-06,541.0,15.3193888,A
2006-01-07,501.0,14.1867168,A
2006-01-08,435.0,12.317808,A
2006-01-09,351.0,9.9391968,A
2006-01-10,305.0,8.636624,A
2006-01-11,288.0,8.1552384,A
2006-01-12,277.0,7.8437536,A
2006-01-13,298.0,8.4384064,A
2006-01-14,527.0,14.9229536,A
2006-01-15,694.0,19.6518592,A
2006-01-16,634.0,17.9528512,A
2006-01-17,654.0,18.5191872,A
2006-01-18,982.0,27.8070976,A
2006-01-19,1000.0,28.3168,A
2006-01-20,951.0,26.9292768,A
2006-01-21,909.0,25.7399712,A
2006-01-22,838.0,23.7294784,A
2006-01-23,729.0,20.6429472,A
2006-01-24,809.0,22.9082912,A
2006-01-25,718.0,20.3314624,A
2006-01-26,557.0,15.7724576,A
2006-01-27,479.0,13.5637472,A
2006-01-28,418.0,11.8364224,A
2006-01-29,387.0,10.9586016,A
2006-01-30,430.0,12.176224,A
2006-01-31,492.0,13.9318656,A
2006-02-01,478.0,13.5354304,A
2006-02-02,546.0,15.4609728,A
2006-02-03,674.0,19.0855232,A
2006-02-04,648.0,18.3492864,A
2006-02-05,603.0,17.0750304,A
2006-02-06,549.0,15.545923199999999,A
2006-02-07,564.0,15.9706752,A
2006-02-08,583.0,16.5086944,A
2006-02-09,572.0,16.1972096,A
2006-02-10,580.0,16.423744,A
2006-02-11,635.0,17.981168,A
2006-02-12,692.0,19.5952256,A
2006-02-13,670.0,18.972255999999998,A
2006-02-14,633.0,17.9245344,A
2006-02-15,581.0,16.452060799999998,A
2006-02-16,512.0,14.4982016,A
2006-02-17,469.0,13.2805792,A
2006-02-18,426.0,12.0629568,A
2006-02-19,484.0,13.7053312,A
2006-02-20,483.0,13.6770144,A
2006-02-21,449.0,12.7142432,A
2006-02-22,428.0,12.1195904,A
2006-02-23,406.0,11.4966208,A
2006-02-24,382.0,10.8170176,A
2006-02-25,440.0,12.459392,A
2006-02-26,1150.0,32.56432,A
2006-02-27,1220.0,34.546496,A
2006-02-28,1160.0,32.847488,A
2006-03-01,1180.0,33.413824,A
2006-03-02,1330.0,37.661344,A
2006-03-03,1550.0,43.89104,A
2006-03-04,1520.0,43.041536,A
2006-03-05,1140.0,32.281152,A
2006-03-06,670.0,18.972255999999998,A
2006-03-07,520.0,14.724736,A
2006-03-08,457.0,12.9407776,A
2006-03-09,420.0,11.893056,A
2006-03-10,606.0,17.1599808,A
2006-03-11,787.0,22.2853216,A
2006-03-12,772.0,21.860569599999998,A
2006-03-13,785.0,22.228688,A
2006-03-14,825.0,23.36136,A
2006-03-15,768.0,21.7473024,A
2006-03-16,663.0,18.7740384,A
2006-03-17,552.0,15.6308736,A
2006-03-18,469.0,13.2805792,A
2006-03-19,415.0,11.751472,A
2006-03-20,381.0,10.788700799999999,A
2006-03-21,364.0,10.3073152,A
2006-03-22,415.0,11.751472,A
2006-03-23,560.0,15.857408,A
2006-03-24,652.0,18.4625536,A
2006-03-25,659.0,18.6607712,A
2006-03-26,607.0,17.1882976,A
2006-03-27,535.0,15.149488,A
2006-03-28,413.0,11.6948384,A
2006-03-29,347.0,9.8259296,A
2006-03-30,318.0,9.0047424,A
2006-03-31,300.0,8.49504,A
2006-04-01,283.0,8.0136544,A
2006-04-02,270.0,7.645536,A
2006-04-03,258.0,7.3057343999999995,A
2006-04-04,244.0,6.9092991999999995,A
2006-04-05,229.0,6.4845472,A
2006-04-06,212.0,6.0031616,A
2006-04-07,197.0,5.5784096,A
2006-04-08,212.0,6.0031616,A
2006-04-09,327.0,9.2595936,A
2006-04-10,369.0,10.4488992,A
2006-04-11,522.0,14.7813696,A
2006-04-12,563.0,15.9423584,A
2006-04-13,511.0,14.469884799999999,A
2006-04-14,366.0,10.3639488,A
2006-04-15,256.0,7.2491008,A
2006-04-16,210.0,5.946528,A
2006-04-17,183.0,5.1819744,A
2006-04-18,164.0,4.6439552,A
2006-04-19,152.0,4.3041536,A
2006-04-20,140.0,3.964352,A
2006-04-21,142.0,4.0209856,A
2006-04-22,177.0,5.0120736,A
2006-04-23,207.0,5.8615775999999995,A
2006-04-24,335.0,9.486127999999999,A
2006-04-25,279.0,7.9003872,A
2006-04-26,212.0,6.0031616,A
2006-04-27,190.0,5.380192,A
2006-04-28,177.0,5.0120736,A
2006-04-29,155.0,4.389104,A
2006-04-30,138.0,3.9077184,A
2006-05-01,127.0,3.5962336,A
2006-05-02,120.0,3.398016,A
2006-05-03,116.0,3.2847488,A
2006-05-04,110.0,3.114848,A
2006-05-05,105.0,2.973264,A
2006-05-06,97.0,2.7467296,A
2006-05-07,105.0,2.973264,A
2006-05-08,148.0,4.1908864,A
2006-05-09,252.0,7.1358336,A
2006-05-10,526.0,14.8946368,A
2006-05-11,976.0,27.637196799999998,A
2006-05-12,1130.0,31.997984,A
2006-05-13,1170.0,33.130656,A
2006-05-14,1820.0,51.536576,A
2006-05-15,2750.0,77.8712,A
2006-05-16,2260.0,63.995968,A
2006-05-17,1510.0,42.758368,A
2006-05-18,901.0,25.5134368,A
2006-05-19,504.0,14.2716672,A
2006-05-20,349.0,9.8825632,A
2006-05-21,265.0,7.503952,A
2006-05-22,214.0,6.0597952,A
2006-05-23,179.0,5.0687071999999995,A
2006-05-24,154.0,4.3607872,A
2006-05-25,143.0,4.0493024,A
2006-05-26,130.0,3.681184,A
2006-05-27,115.0,3.2564319999999998,A
2006-05-28,107.0,3.0298976,A
2006-05-29,100.0,2.83168,A
2006-05-30,92.0,2.6051456,A
2006-05-31,85.0,2.406928,A
2006-06-01,83.0,2.3502944,A
2006-06-02,76.0,2.1520768,A
2006-06-03,71.0,2.0104928,A
2006-06-04,70.0,1.982176,A
2006-06-05,90.0,2.548512,A
2006-06-06,78.0,2.2087104,A
2006-06-07,67.0,1.8972256,A
2006-06-08,61.0,1.7273247999999999,A
2006-06-09,58.0,1.6423744,A
2006-06-10,54.0,1.5291071999999999,A
2006-06-11,51.0,1.4441568,A
2006-06-12,49.0,1.3875232,A
2006-06-13,47.0,1.3308896,A
2006-06-14,46.0,1.3025728,A
2006-06-15,45.0,1.274256,A
2006-06-16,46.0,1.3025728,A
2006-06-17,46.0,1.3025728,A
2006-06-18,43.0,1.2176224,A
2006-06-19,41.0,1.1609888,A
2006-06-20,40.0,1.132672,A
2006-06-21,39.0,1.1043552,A
2006-06-22,38.0,1.0760384,A
2006-06-23,37.0,1.0477216,A
2006-06-24,38.0,1.0760384,A
2006-06-25,41.0,1.1609888,A
2006-06-26,48.0,1.3592064,A
2006-06-27,45.0,1.274256,A
2006-06-28,43.0,1.2176224,A
2006-06-29,42.0,1.1893056,A
2006-06-30,40.0,1.132672,A
2006-07-01,37.0,1.0477216,A
2006-07-02,35.0,0.991088,A
2006-07-03,34.0,0.9627711999999999,A
2006-07-04,33.0,0.9344544,A
2006-07-05,32.0,0.9061376,A
2006-07-06,31.0,0.8778208,A
2006-07-07,32.0,0.9061376,A
2006-07-08,35.0,0.991088,A
2006-07-09,35.0,0.991088,A
2006-07-10,32.0,0.9061376,A
2006-07-11,31.0,0.8778208,A
2006-07-12,30.0,0.849504,A
2006-07-13,30.0,0.849504,A
2006-07-14,29.0,0.8211872,A
2006-07-15,28.0,0.7928704,A
2006-07-16,28.0,0.7928704,A
2006-07-17,28.0,0.7928704,A
2006-07-18,30.0,0.849504,A
2006-07-19,32.0,0.9061376,A
2006-07-20,29.0,0.8211872,A
2006-07-21,28.0,0.7928704,A
2006-07-22,30.0,0.849504,A
2006-07-23,37.0,1.0477216,A
2006-07-24,118.0,3.3413824,A
2006-07-25,71.0,2.0104928,A
2006-07-26,56.0,1.5857408,A
2006-07-27,48.0,1.3592064,A
2006-07-28,43.0,1.2176224,A
2006-07-29,40.0,1.132672,A
2006-07-30,39.0,1.1043552,A
2006-07-31,38.0,1.0760384,A
2006-08-01,36.0,1.0194048,A
2006-08-02,35.0,0.991088,A
2006-08-03,33.0,0.9344544,A
2006-08-04,33.0,0.9344544,A
2006-08-05,35.0,0.991088,A
2006-08-06,34.0,0.9627711999999999,A
2006-08-07,32.0,0.9061376,A
2006-08-08,30.0,0.849504,A
2006-08-09,30.0,0.849504,A
2006-08-10,30.0,0.849504,A
2006-08-11,33.0,0.9344544,A
2006-08-12,31.0,0.8778208,A
2006-08-13,31.0,0.8778208,A
2006-08-14,36.0,1.0194048,A
2006-08-15,39.0,1.1043552,A
2006-08-16,47.0,1.3308896,A
2006-08-17,45.0,1.274256,A
2006-08-18,46.0,1.3025728,A
2006-08-19,50.0,1.41584,A
2006-08-20,46.0,1.3025728,A
2006-08-21,41.0,1.1609888,A
2006-08-22,38.0,1.0760384,A
2006-08-23,38.0,1.0760384,A
2006-08-24,36.0,1.0194048,A
2006-08-25,36.0,1.0194048,A
2006-08-26,38.0,1.0760384,A
2006-08-27,39.0,1.1043552,A
2006-08-28,38.0,1.0760384,A
2006-08-29,36.0,1.0194048,A
2006-08-30,43.0,1.2176224,A
2006-08-31,74.0,2.0954432,A
2006-09-01,108.0,3.0582143999999998,A
2006-09-02,120.0,3.398016,A
2006-09-03,82.0,2.3219776,A
2006-09-04,61.0,1.7273247999999999,A
2006-09-05,50.0,1.41584,A
2006-09-06,44.0,1.2459392,A
2006-09-07,41.0,1.1609888,A
2006-09-08,40.0,1.132672,A
2006-09-09,39.0,1.1043552,A
2006-09-10,38.0,1.0760384,A
2006-09-11,37.0,1.0477216,A
2006-09-12,36.0,1.0194048,A
2006-09-13,36.0,1.0194048,A
2006-09-14,35.0,0.991088,A
2006-09-15,34.0,0.9627711999999999,A
2006-09-16,34.0,0.9627711999999999,A
2006-09-17,36.0,1.0194048,A
2006-09-18,37.0,1.0477216,A
2006-09-19,48.0,1.3592064,A
2006-09-20,52.0,1.4724736,A
2006-09-21,93.0,2.6334624,A
2006-09-22,81.0,2.2936608,A
2006-09-23,61.0,1.7273247999999999,A
2006-09-24,52.0,1.4724736,A
2006-09-25,50.0,1.41584,A
2006-09-26,59.0,1.6706912,A
2006-09-27,70.0,1.982176,A
2006-09-28,63.0,1.7839584,A
2006-09-29,53.0,1.5007904,A
2006-09-30,47.0,1.3308896,A
2006-10-01,42.0,1.1893056,A
2006-10-02,39.0,1.1043552,A
2006-10-03,36.0,1.0194048,A
2006-10-04,34.0,0.9627711999999999,A
2006-10-05,34.0,0.9627711999999999,A
2006-10-06,33.0,0.9344544,A
2006-10-07,31.0,0.8778208,A
2006-10-08,30.0,0.849504,A
2006-10-09,30.0,0.849504,A
2006-10-10,29.0,0.8211872,A
2006-10-11,29.0,0.8211872,A
2006-10-12,32.0,0.9061376,A
2006-10-13,32.0,0.9061376,A
2006-10-14,38.0,1.0760384,A
2006-10-15,39.0,1.1043552,A
2006-10-16,36.0,1.0194048,A
2006-10-17,36.0,1.0194048,A
2006-10-18,49.0,1.3875232,A
2006-10-19,99.0,2.8033632,A
2006-10-20,130.0,3.681184,A
2006-10-21,93.0,2.6334624,A
2006-10-22,75.0,2.12376,A
2006-10-23,65.0,1.840592,A
2006-10-24,62.0,1.7556416,A
2006-10-25,61.0,1.7273247999999999,A
2006-10-26,55.0,1.557424,A
2006-10-27,56.0,1.5857408,A
2006-10-28,80.0,2.265344,A
2006-10-29,274.0,7.7588032,A
2006-10-30,270.0,7.645536,A
2006-10-31,186.0,5.2669248,A
2006-11-01,140.0,3.964352,A
2006-11-02,109.0,3.0865312,A
2006-11-03,92.0,2.6051456,A
2006-11-04,81.0,2.2936608,A
2006-11-05,72.0,2.0388096,A
2006-11-06,67.0,1.8972256,A
2006-11-07,69.0,1.9538592,A
2006-11-08,75.0,2.12376,A
2006-11-09,98.0,2.7750464,A
2006-11-10,102.0,2.8883136,A
2006-11-11,90.0,2.548512,A
2006-11-12,81.0,2.2936608,A
2006-11-13,77.0,2.1803936,A
2006-11-14,75.0,2.12376,A
2006-11-15,454.0,12.8558272,A
2006-11-16,1020.0,28.883136,A
2006-11-17,1070.0,30.298976,A
2006-11-18,1040.0,29.449472,A
2006-11-19,907.0,25.683337599999998,A
2006-11-20,815.0,23.078192,A
2006-11-21,601.0,17.0183968,A
2006-11-22,412.0,11.6665216,A
2006-11-23,311.0,8.8065248,A
2006-11-24,261.0,7.3906848,A
2006-11-25,225.0,6.37128,A
2006-11-26,200.0,5.66336,A
2006-11-27,181.0,5.1253408,A
2006-11-28,166.0,4.7005888,A
2006-11-29,158.0,4.4740544,A
2006-11-30,152.0,4.3041536,A
2006-12-01,146.0,4.1342528,A
2006-12-02,144.0,4.0776192,A
2006-12-03,142.0,4.0209856,A
2006-12-04,135.0,3.822768,A
2006-12-05,130.0,3.681184,A
2006-12-06,124.0,3.5112832,A
2006-12-07,119.0,3.3696992,A
2006-12-08,115.0,3.2564319999999998,A
2006-12-09,117.0,3.3130656,A
2006-12-10,110.0,3.114848,A
2006-12-11,107.0,3.0298976,A
2006-12-12,107.0,3.0298976,A:e
2006-12-13,108.0,3.0582143999999998,A
2006-12-14,111.0,3.1431648,A
2006-12-15,117.0,3.3130656,A
2006-12-16,120.0,3.398016,A
2006-12-17,118.0,3.3413824,A
2006-12-18,117.0,3.3130656,A
2006-12-19,114.0,3.2281152,A
2006-12-20,112.0,3.1714816,A
2006-12-21,111.0,3.1431648,A
2006-12-22,143.0,4.0493024,A
2006-12-23,225.0,6.37128,A
2006-12-24,297.0,8.4100896,A
2006-12-25,334.0,9.4578112,A
2006-12-26,412.0,11.6665216,A
2006-12-27,412.0,11.6665216,A
2006-12-28,388.0,10.9869184,A
2006-12-29,345.0,9.769296,A
2006-12-30,287.0,8.1269216,A
2006-12-31,286.0,8.0986048,A
2007-01-01,359.0,10.1657312,A
2007-01-02,417.0,11.8081056,A
2007-01-03,383.0,10.8453344,A
2007-01-04,372.0,10.5338496,A
2007-01-05,404.0,11.4399872,A
2007-01-06,575.0,16.28216,A
2007-01-07,735.0,20.812848,A
2007-01-08,929.0,26.3063072,A
2007-01-09,947.0,26.8160096,A
2007-01-10,968.0,27.4106624,A
2007-01-11,979.0,27.7221472,A
2007-01-12,978.0,27.6938304,A
2007-01-13,800.0,22.65344,A
2007-01-14,549.0,15.545923199999999,A
2007-01-15,443.0,12.5443424,A
2007-01-16,390.0,11.043552,A
2007-01-17,356.0,10.0807808,A
2007-01-18,331.0,9.3728608,A
2007-01-19,313.0,8.8631584,A
2007-01-20,299.0,8.4667232,A
2007-01-21,287.0,8.1269216,A
2007-01-22,447.0,12.6576096,A
2007-01-23,621.0,17.5847328,A
2007-01-24,652.0,18.4625536,A
2007-01-25,651.0,18.4342368,A
2007-01-26,630.0,17.839584,A
2007-01-27,533.0,15.0928544,A
2007-01-28,472.0,13.3655296,A
2007-01-29,435.0,12.317808,A
2007-01-30,408.0,11.5532544,A
2007-01-31,379.0,10.7320672,A
2007-02-01,381.0,10.788700799999999,A
2007-02-02,419.0,11.8647392,A
2007-02-03,445.0,12.600976,A
2007-02-04,471.0,13.3372128,A
2007-02-05,468.0,13.2522624,A
2007-02-06,416.0,11.7797888,A
2007-02-07,365.0,10.335632,A
2007-02-08,329.0,9.3162272,A
2007-02-09,305.0,8.636624,A
2007-02-10,291.0,8.2401888,A
2007-02-11,282.0,7.9853376,A
2007-02-12,273.0,7.7304864,A
2007-02-13,311.0,8.8065248,A
2007-02-14,454.0,12.8558272,A
2007-02-15,575.0,16.28216,A
2007-02-16,622.0,17.6130496,A
2007-02-17,667.0,18.8873056,A
2007-02-18,639.0,18.0944352,A
2007-02-19,557.0,15.7724576,A
2007-02-20,504.0,14.2716672,A
2007-02-21,417.0,11.8081056,A
2007-02-22,368.0,10.4205824,A
2007-02-23,355.0,10.052464,A
2007-02-24,335.0,9.486127999999999,A
2007-02-25,357.0,10.1090976,A
2007-02-26,413.0,11.6948384,A
2007-02-27,410.0,11.609888,A
2007-02-28,386.0,10.930284799999999,A
2007-03-01,387.0,10.9586016,A
2007-03-02,652.0,18.4625536,A
2007-03-03,796.0,22.5401728,A
2007-03-04,828.0,23.446310399999998,A
2007-03-05,930.0,26.334623999999998,A
2007-03-06,1050.0,29.73264,A
2007-03-07,1120.0,31.714816,A
2007-03-08,1000.0,28.3168,A
2007-03-09,725.0,20.52968,A
2007-03-10,486.0,13.7619648,A
2007-03-11,407.0,11.5249376,A
2007-03-12,366.0,10.3639488,A
2007-03-13,337.0,9.5427616,A
2007-03-14,314.0,8.8914752,A
2007-03-15,296.0,8.3817728,A
2007-03-16,305.0,8.636624,A
2007-03-17,340.0,9.627712,A
2007-03-18,336.0,9.5144448,A
2007-03-19,332.0,9.4011776,A
2007-03-20,328.0,9.2879104,A
2007-03-21,321.0,9.0896928,A
2007-03-22,285.0,8.070288,A
2007-03-23,250.0,7.0792,A
2007-03-24,230.0,6.5128639999999995,A
2007-03-25,215.0,6.088112,A
2007-03-26,203.0,5.7483104,A
2007-03-27,192.0,5.4368256,A
2007-03-28,181.0,5.1253408,A
2007-03-29,171.0,4.8421728,A
2007-03-30,162.0,4.5873216,A
2007-03-31,154.0,4.3607872,A
2007-04-01,168.0,4.7572224,A
2007-04-02,527.0,14.9229536,A
2007-04-03,759.0,21.4924512,A
2007-04-04,743.0,21.0393824,A
2007-04-05,630.0,17.839584,A
2007-04-06,587.0,16.6219616,A
2007-04-07,521.0,14.753052799999999,A
2007-04-08,429.0,12.1479072,A
2007-04-09,341.0,9.6560288,A
2007-04-10,282.0,7.9853376,A
2007-04-11,241.0,6.8243488,A
2007-04-12,216.0,6.1164287999999996,A
2007-04-13,198.0,5.6067264,A
2007-04-14,296.0,8.3817728,A
2007-04-15,1610.0,45.590047999999996,A
2007-04-16,1290.0,36.528672,A
2007-04-17,1200.0,33.98016,A
2007-04-18,1270.0,35.962336,A
2007-04-19,1800.0,50.97024,A
2007-04-20,2170.0,61.447456,A
2007-04-21,1730.0,48.988064,A
2007-04-22,1080.0,30.582144,A
2007-04-23,526.0,14.8946368,A
2007-04-24,376.0,10.6471168,A
2007-04-25,306.0,8.6649408,A
2007-04-26,273.0,7.7304864,A
2007-04-27,265.0,7.503952,A
2007-04-28,259.0,7.3340512,A
2007-04-29,267.0,7.5605856,A
2007-04-30,238.0,6.7393984,A
2007-05-01,203.0,5.7483104,A
2007-05-02,171.0,4.8421728,A
2007-05-03,146.0,4.1342528,A
2007-05-04,127.0,3.5962336,A
2007-05-05,114.0,3.2281152,A
2007-05-06,105.0,2.973264,A
2007-05-07,96.0,2.7184128,A
2007-05-08,88.0,2.4918784,A
2007-05-09,81.0,2.2936608,A
2007-05-10,75.0,2.12376,A
2007-05-11,70.0,1.982176,A
2007-05-12,67.0,1.8972256,A
2007-05-13,111.0,3.1431648,A
2007-05-14,113.0,3.1997984,A
2007-05-15,90.0,2.548512,A
2007-05-16,90.0,2.548512,A
2007-05-17,72.0,2.0388096,A
2007-05-18,63.0,1.7839584,A
2007-05-19,58.0,1.6423744,A
2007-05-20,56.0,1.5857408,A
2007-05-21,53.0,1.5007904,A
2007-05-22,51.0,1.4441568,A
2007-05-23,49.0,1.3875232,A
2007-05-24,46.0,1.3025728,A
2007-05-25,44.0,1.2459392,A
2007-05-26,42.0,1.1893056,A
2007-05-27,39.0,1.1043552,A
2007-05-28,38.0,1.0760384,A
2007-05-29,37.0,1.0477216,A
2007-05-30,36.0,1.0194048,A
2007-05-31,35.0,0.991088,A
2007-06-01,34.0,0.9627711999999999,A
2007-06-02,33.0,0.9344544,A
2007-06-03,32.0,0.9061376,A
2007-06-04,32.0,0.9061376,A
2007-06-05,31.0,0.8778208,A
2007-06-06,31.0,0.8778208,A
2007-06-07,30.0,0.849504,A
2007-06-08,30.0,0.849504,A
2007-06-09,30.0,0.849504,A
2007-06-10,29.0,0.8211872,A
2007-06-11,28.0,0.7928704,A
2007-06-12,29.0,0.8211872,A
2007-06-13,30.0,0.849504,A
2007-06-14,29.0,0.8211872,A
2007-06-15,29.0,0.8211872,A
2007-06-16,28.0,0.7928704,A
2007-06-17,27.0,0.7645535999999999,A
2007-06-18,26.0,0.7362368,A
2007-06-19,27.0,0.7645535999999999,A
2007-06-20,36.0,1.0194048,A
2007-06-21,59.0,1.6706912,A
2007-06-22,80.0,2.265344,A
2007-06-23,60.0,1.699008,A
2007-06-24,48.0,1.3592064,A
2007-06-25,41.0,1.1609888,A
2007-06-26,37.0,1.0477216,A
2007-06-27,34.0,0.9627711999999999,A
2007-06-28,31.0,0.8778208,A
2007-06-29,29.0,0.8211872,A
2007-06-30,30.0,0.849504,A
2007-07-01,31.0,0.8778208,A
2007-07-02,45.0,1.274256,A
2007-07-03,39.0,1.1043552,A
2007-07-04,53.0,1.5007904,A
2007-07-05,74.0,2.0954432,A
2007-07-06,79.0,2.2370272,A
2007-07-07,61.0,1.7273247999999999,A
2007-07-08,64.0,1.8122752,A
2007-07-09,66.0,1.8689088,A
2007-07-10,151.0,4.2758367999999995,A
2007-07-11,142.0,4.0209856,A
2007-07-12,92.0,2.6051456,A
2007-07-13,80.0,2.265344,A
2007-07-14,72.0,2.0388096,A
2007-07-15,61.0,1.7273247999999999,A
2007-07-16,53.0,1.5007904,A
2007-07-17,48.0,1.3592064,A
2007-07-18,44.0,1.2459392,A
2007-07-19,41.0,1.1609888,A
2007-07-20,38.0,1.0760384,A
2007-07-21,37.0,1.0477216,A
2007-07-22,35.0,0.991088,A
2007-07-23,32.0,0.9061376,A
2007-07-24,31.0,0.8778208,A
2007-07-25,30.0,0.849504,A
2007-07-26,29.0,0.8211872,A
2007-07-27,28.0,0.7928704,A
2007-07-28,27.0,0.7645535999999999,A
2007-07-29,26.0,0.7362368,A
2007-07-30,25.0,0.70792,A
2007-07-31,28.0,0.7928704,A
2007-08-01,34.0,0.9627711999999999,A
2007-08-02,26.0,0.7362368,A
2007-08-03,24.0,0.6796032,A
2007-08-04,27.0,0.7645535999999999,A
2007-08-05,26.0,0.7362368,A
2007-08-06,25.0,0.70792,A
2007-08-07,23.0,0.6512864,A
2007-08-08,22.0,0.6229696,A
2007-08-09,21.0,0.5946528,A
2007-08-10,21.0,0.5946528,A
2007-08-11,20.0,0.566336,A
2007-08-12,19.0,0.5380192,A
2007-08-13,19.0,0.5380192,A
2007-08-14,18.0,0.5097024,A
2007-08-15,17.0,0.48138559999999997,A
2007-08-16,17.0,0.48138559999999997,A
2007-08-17,16.0,0.4530688,A
2007-08-18,18.0,0.5097024,A
2007-08-19,17.0,0.48138559999999997,A
2007-08-20,17.0,0.48138559999999997,A
2007-08-21,17.0,0.48138559999999997,A
2007-08-22,23.0,0.6512864,A
2007-08-23,22.0,0.6229696,A
2007-08-24,21.0,0.5946528,A
2007-08-25,20.0,0.566336,A
2007-08-26,21.0,0.5946528,A
2007-08-27,21.0,0.5946528,A
2007-08-28,26.0,0.7362368,A
2007-08-29,36.0,1.0194048,A
2007-08-30,28.0,0.7928704,A
2007-08-31,58.0,1.6423744,A
2007-09-01,39.0,1.1043552,A
2007-09-02,33.0,0.9344544,A
2007-09-03,30.0,0.849504,A
2007-09-04,29.0,0.8211872,A
2007-09-05,29.0,0.8211872,A
2007-09-06,27.0,0.7645535999999999,A
2007-09-07,25.0,0.70792,A
2007-09-08,23.0,0.6512864,A
2007-09-09,22.0,0.6229696,A
2007-09-10,20.0,0.566336,A
2007-09-11,19.0,0.5380192,A
2007-09-12,19.0,0.5380192,A
2007-09-13,20.0,0.566336,A
2007-09-14,21.0,0.5946528,A
2007-09-15,22.0,0.6229696,A
2007-09-16,20.0,0.566336,A
2007-09-17,20.0,0.566336,A
2007-09-18,24.0,0.6796032,A
2007-09-19,23.0,0.6512864,A
2007-09-20,20.0,0.566336,A
2007-09-21,20.0,0.566336,A
2007-09-22,23.0,0.6512864,A
2007-09-23,23.0,0.6512864,A
2007-09-24,23.0,0.6512864,A
2007-09-25,31.0,0.8778208,A
2007-09-26,34.0,0.9627711999999999,A
2007-09-27,30.0,0.849504,A
2007-09-28,26.0,0.7362368,A
2007-09-29,23.0,0.6512864,A
2007-09-30,21.0,0.5946528,A
2007-10-01,20.0,0.566336,A
2007-10-02,19.0,0.5380192,A
2007-10-03,19.0,0.5380192,A
2007-10-04,19.0,0.5380192,A
2007-10-05,21.0,0.5946528,A
2007-10-06,20.0,0.566336,A
2007-10-07,19.0,0.5380192,A
2007-10-08,19.0,0.5380192,A
2007-10-09,19.0,0.5380192,A
2007-10-10,19.0,0.5380192,A
2007-10-11,18.0,0.5097024,A
2007-10-12,17.0,0.48138559999999997,A
2007-10-13,17.0,0.48138559999999997,A
2007-10-14,17.0,0.48138559999999997,A
2007-10-15,17.0,0.48138559999999997,A
2007-10-16,17.0,0.48138559999999997,A
2007-10-17,17.0,0.48138559999999997,A
2007-10-18,19.0,0.5380192,A
2007-10-19,41.0,1.1609888,A
2007-10-20,50.0,1.41584,A
2007-10-21,85.0,2.406928,A
2007-10-22,84.0,2.3786112,A
2007-10-23,72.0,2.0388096,A
2007-10-24,64.0,1.8122752,A
2007-10-25,91.0,2.5768288,A
2007-10-26,101.0,2.8599968,A
2007-10-27,73.0,2.0671264,A
2007-10-28,59.0,1.6706912,A
2007-10-29,51.0,1.4441568,A
2007-10-30,44.0,1.2459392,A
2007-10-31,40.0,1.132672,A
2007-11-01,37.0,1.0477216,A
2007-11-02,35.0,0.991088,A
2007-11-03,34.0,0.9627711999999999,A
2007-11-04,32.0,0.9061376,A
2007-11-05,31.0,0.8778208,A
2007-11-06,30.0,0.849504,A
2007-11-07,29.0,0.8211872,A
2007-11-08,28.0,0.7928704,A
2007-11-09,28.0,0.7928704,A
2007-11-10,28.0,0.7928704,A
2007-11-11,28.0,0.7928704,A
2007-11-12,29.0,0.8211872,A
2007-11-13,28.0,0.7928704,A
2007-11-14,28.0,0.7928704,A
2007-11-15,31.0,0.8778208,A
2007-11-16,31.0,0.8778208,A
2007-11-17,32.0,0.9061376,A
2007-11-18,34.0,0.9627711999999999,A
2007-11-19,37.0,1.0477216,A
2007-11-20,36.0,1.0194048,A
2007-11-21,36.0,1.0194048,A
2007-11-22,39.0,1.1043552,A
2007-11-23,41.0,1.1609888,A
2007-11-24,50.0,1.41584,A
2007-11-25,69.0,1.9538592,A
2007-11-26,206.0,5.8332608,A
2007-11-27,245.0,6.937616,A
2007-11-28,407.0,11.5249376,A
2007-11-29,281.0,7.9570208,A
2007-11-30,170.0,4.813856,A
2007-12-01,123.0,3.4829664,A
2007-12-02,101.0,2.8599968,A
2007-12-03,89.0,2.5201952,A
2007-12-04,80.0,2.265344,A
2007-12-05,74.0,2.0954432,A
2007-12-06,69.0,1.9538592,A
2007-12-07,66.0,1.8689088,A
2007-12-08,63.0,1.7839584,A
2007-12-09,61.0,1.7273247999999999,A
2007-12-10,60.0,1.699008,A
2007-12-11,59.0,1.6706912,A
2007-12-12,60.0,1.699008,A
2007-12-13,60.0,1.699008,A
2007-12-14,65.0,1.840592,A
2007-12-15,91.0,2.5768288,A
2007-12-16,174.0,4.9271232,A
2007-12-17,330.0,9.344543999999999,A
2007-12-18,298.0,8.4384064,A
2007-12-19,204.0,5.7766272,A
2007-12-20,158.0,4.4740544,A
2007-12-21,150.0,4.24752,A
2007-12-22,129.0,3.6528671999999998,A
2007-12-23,118.0,3.3413824,A
2007-12-24,108.0,3.0582143999999998,A
2007-12-25,104.0,2.9449472,A
2007-12-26,104.0,2.9449472,A
2007-12-27,107.0,3.0298976,A
2007-12-28,125.0,3.5396,A
2007-12-29,199.0,5.6350432,A
2007-12-30,963.0,27.269078399999998,A
2007-12-31,1220.0,34.546496,A
2008-01-01,1110.0,31.431648,A
2008-01-02,970.0,27.467296,A
2008-01-03,830.0,23.502944,A
2008-01-04,667.0,18.8873056,A
2008-01-05,497.0,14.0734496,A
2008-01-06,384.0,10.8736512,A
2008-01-07,322.0,9.1180096,A
2008-01-08,288.0,8.1552384,A
2008-01-09,268.0,7.5889024,A
2008-01-10,256.0,7.2491008,A
2008-01-11,278.0,7.8720704,A
2008-01-12,688.0,19.4819584,A
2008-01-13,920.0,26.051455999999998,A
2008-01-14,999.0,28.288483199999998,A
2008-01-15,1030.0,29.166304,A
2008-01-16,918.0,25.9948224,A
2008-01-17,752.0,21.2942336,A
2008-01-18,743.0,21.0393824,A
2008-01-19,884.0,25.032051199999998,A
2008-01-20,1030.0,29.166304,A
2008-01-21,1010.0,28.599968,A
2008-01-22,979.0,27.7221472,A
2008-01-23,950.0,26.90096,A
2008-01-24,897.0,25.400169599999998,A
2008-01-25,739.0,20.926115199999998,A
2008-01-26,612.0,17.3298816,A
2008-01-27,578.0,16.3671104,A
2008-01-28,584.0,16.5370112,A
2008-01-29,573.0,16.2255264,A
2008-01-30,586.0,16.5936448,A
2008-01-31,563.0,15.9423584,A
2008-02-01,1350.0,38.22768,A
2008-02-02,1210.0,34.263328,A
2008-02-03,1110.0,31.431648,A
2008-02-04,1090.0,30.865312,A
2008-02-05,1150.0,32.56432,A
2008-02-06,1270.0,35.962336,A
2008-02-07,1300.0,36.81184,A
2008-02-08,1100.0,31.14848,A
2008-02-09,936.0,26.5045248,A
2008-02-10,880.0,24.918784,A
2008-02-11,822.0,23.2764096,A
2008-02-12,700.0,19.82176,A
2008-02-13,631.0,17.8679008,A
2008-02-14,599.0,16.9617632,A
2008-02-15,626.0,17.7263168,A
2008-02-16,640.0,18.122752,A
2008-02-17,666.0,18.8589888,A
2008-02-18,1020.0,28.883136,A
2008-02-19,981.0,27.7787808,A
2008-02-20,912.0,25.8249216,A
2008-02-21,901.0,25.5134368,A
2008-02-22,937.0,26.5328416,A
2008-02-23,1020.0,28.883136,A
2008-02-24,974.0,27.5805632,A
2008-02-25,951.0,26.9292768,A
2008-02-26,1000.0,28.3168,A
2008-02-27,1140.0,32.281152,A
2008-02-28,1150.0,32.56432,A
2008-02-29,1050.0,29.73264,A
2008-03-01,904.0,25.5983872,A
2008-03-02,754.0,21.3508672,A
2008-03-03,625.0,17.698,A
2008-03-04,645.0,18.264336,A
2008-03-05,791.0,22.3985888,A
2008-03-06,791.0,22.3985888,A
2008-03-07,925.0,26.19304,A
2008-03-08,1160.0,32.847488,A
2008-03-09,1190.0,33.696992,A
2008-03-10,1160.0,32.847488,A
2008-03-11,1110.0,31.431648,A
2008-03-12,1110.0,31.431648,A
2008-03-13,1030.0,29.166304,A
2008-03-14,841.0,23.814428799999998,A
2008-03-15,662.0,18.7457216,A
2008-03-16,541.0,15.3193888,A
2008-03-17,490.0,13.875232,A
2008-03-18,447.0,12.6576096,A
2008-03-19,425.0,12.03464,A
2008-03-20,498.0,14.101766399999999,A
2008-03-21,560.0,15.857408,A
2008-03-22,617.0,17.4714656,A
2008-03-23,633.0,17.9245344,A
2008-03-24,565.0,15.998992,A
2008-03-25,476.0,13.4787968,A
2008-03-26,395.0,11.185136,A
2008-03-27,356.0,10.0807808,A
2008-03-28,325.0,9.20296,A
2008-03-29,302.0,8.551673599999999,A
2008-03-30,290.0,8.211872,A
2008-03-31,280.0,7.928704,A
2008-04-01,272.0,7.7021695999999995,A
2008-04-02,269.0,7.6172192,A
2008-04-03,283.0,8.0136544,A
2008-04-04,305.0,8.636624,A
2008-04-05,975.0,27.60888,A
2008-04-06,1390.0,39.360352,A
2008-04-07,1190.0,33.696992,A
2008-04-08,1080.0,30.582144,A
2008-04-09,1090.0,30.865312,A
2008-04-10,1150.0,32.56432,A
2008-04-11,1090.0,30.865312,A
2008-04-12,1020.0,28.883136,A
2008-04-13,823.0,23.3047264,A
2008-04-14,548.0,15.5176064,A
2008-04-15,449.0,12.7142432,A
2008-04-16,397.0,11.2417696,A
2008-04-17,349.0,9.8825632,A
2008-04-18,309.0,8.7498912,A
2008-04-19,397.0,11.2417696,A
2008-04-20,437.0,12.374441599999999,A
2008-04-21,410.0,11.609888,A
2008-04-22,366.0,10.3639488,A
2008-04-23,322.0,9.1180096,A
2008-04-24,271.0,7.6738528,A
2008-04-25,224.0,6.3429632,A
2008-04-26,208.0,5.8898944,A
2008-04-27,186.0,5.2669248,A
2008-04-28,171.0,4.8421728,A
2008-04-29,156.0,4.4174208,A
2008-04-30,144.0,4.0776192,A
2008-05-01,136.0,3.8510847999999998,A
2008-05-02,123.0,3.4829664,A
2008-05-03,118.0,3.3413824,A
2008-05-04,126.0,3.5679168,A
2008-05-05,127.0,3.5962336,A
2008-05-06,123.0,3.4829664,A
2008-05-07,109.0,3.0865312,A
2008-05-08,100.0,2.83168,A
2008-05-09,93.0,2.6334624,A
2008-05-10,83.0,2.3502944,A
2008-05-11,76.0,2.1520768,A
2008-05-12,69.0,1.9538592,A
2008-05-13,64.0,1.8122752,A
2008-05-14,59.0,1.6706912,A
2008-05-15,61.0,1.7273247999999999,A
2008-05-16,73.0,2.0671264,A
2008-05-17,83.0,2.3502944,A
2008-05-18,90.0,2.548512,A
2008-05-19,80.0,2.265344,A
2008-05-20,69.0,1.9538592,A
2008-05-21,62.0,1.7556416,A
2008-05-22,57.0,1.6140576,A
2008-05-23,54.0,1.5291071999999999,A
2008-05-24,51.0,1.4441568,A
2008-05-25,51.0,1.4441568,A
2008-05-26,48.0,1.3592064,A
2008-05-27,46.0,1.3025728,A
2008-05-28,43.0,1.2176224,A
2008-05-29,42.0,1.1893056,A
2008-05-30,41.0,1.1609888,A
2008-05-31,40.0,1.132672,A
2008-06-01,38.0,1.0760384,A
2008-06-02,37.0,1.0477216,A
2008-06-03,36.0,1.0194048,A
2008-06-04,35.0,0.991088,A
2008-06-05,32.0,0.9061376,A
2008-06-06,31.0,0.8778208,A
2008-06-07,30.0,0.849504,A
2008-06-08,29.0,0.8211872,A
2008-06-09,28.0,0.7928704,A
2008-06-10,29.0,0.8211872,A
2008-06-11,28.0,0.7928704,A
2008-06-12,28.0,0.7928704,A
2008-06-13,34.0,0.9627711999999999,A
2008-06-14,45.0,1.274256,A
2008-06-15,49.0,1.3875232,A
2008-06-16,53.0,1.5007904,A
2008-06-17,61.0,1.7273247999999999,A
2008-06-18,56.0,1.5857408,A
2008-06-19,45.0,1.274256,A
2008-06-20,38.0,1.0760384,A
2008-06-21,34.0,0.9627711999999999,A
2008-06-22,31.0,0.8778208,A
2008-06-23,30.0,0.849504,A
2008-06-24,40.0,1.132672,A
2008-06-25,34.0,0.9627711999999999,A
2008-06-26,30.0,0.849504,A
2008-06-27,29.0,0.8211872,A
2008-06-28,29.0,0.8211872,A
2008-06-29,31.0,0.8778208,A
2008-06-30,34.0,0.9627711999999999,A
2008-07-01,32.0,0.9061376,A
2008-07-02,28.0,0.7928704,A
2008-07-03,29.0,0.8211872,A
2008-07-04,31.0,0.8778208,A
2008-07-05,31.0,0.8778208,A
2008-07-06,29.0,0.8211872,A
2008-07-07,32.0,0.9061376,A
2008-07-08,39.0,1.1043552,A
2008-07-09,37.0,1.0477216,A
2008-07-10,35.0,0.991088,A
2008-07-11,33.0,0.9344544,A
2008-07-12,34.0,0.9627711999999999,A
2008-07-13,43.0,1.2176224,A
2008-07-14,51.0,1.4441568,A
2008-07-15,62.0,1.7556416,A
2008-07-16,60.0,1.699008,A
2008-07-17,55.0,1.557424,A
2008-07-18,46.0,1.3025728,A
2008-07-19,38.0,1.0760384,A
2008-07-20,33.0,0.9344544,A
2008-07-21,30.0,0.849504,A
2008-07-22,28.0,0.7928704,A
2008-07-23,27.0,0.7645535999999999,A
2008-07-24,30.0,0.849504,A
2008-07-25,56.0,1.5857408,A
2008-07-26,86.0,2.4352448,A
2008-07-27,99.0,2.8033632,A
2008-07-28,96.0,2.7184128,A
2008-07-29,62.0,1.7556416,A
2008-07-30,48.0,1.3592064,A
2008-07-31,40.0,1.132672,A
2008-08-01,36.0,1.0194048,A
2008-08-02,35.0,0.991088,A
2008-08-03,46.0,1.3025728,A
2008-08-04,39.0,1.1043552,A
2008-08-05,36.0,1.0194048,A
2008-08-06,32.0,0.9061376,A
2008-08-07,30.0,0.849504,A
2008-08-08,30.0,0.849504,A
2008-08-09,27.0,0.7645535999999999,A
2008-08-10,25.0,0.70792,A
2008-08-11,24.0,0.6796032,A
2008-08-12,26.0,0.7362368,A
2008-08-13,49.0,1.3875232,A
2008-08-14,56.0,1.5857408,A
2008-08-15,55.0,1.557424,A
2008-08-16,109.0,3.0865312,A
2008-08-17,166.0,4.7005888,A
2008-08-18,142.0,4.0209856,A
2008-08-19,108.0,3.0582143999999998,A
2008-08-20,81.0,2.2936608,A
2008-08-21,66.0,1.8689088,A
2008-08-22,57.0,1.6140576,A
2008-08-23,112.0,3.1714816,A
2008-08-24,647.0,18.3209696,A
2008-08-25,1010.0,28.599968,A
2008-08-26,1460.0,41.342528,A
2008-08-27,2240.0,63.429632,A
2008-08-28,5940.0,168.201792,A
2008-08-29,5800.0,164.23744,A
2008-08-30,3950.0,111.85136,A
2008-08-31,2590.0,73.340512,A
2008-09-01,1820.0,51.536576,A
2008-09-02,1290.0,36.528672,A
2008-09-03,726.0,20.557996799999998,A
2008-09-04,464.0,13.1389952,A
2008-09-05,365.0,10.335632,A
2008-09-06,306.0,8.6649408,A
2008-09-07,294.0,8.3251392,A
2008-09-08,247.0,6.9942496,A
2008-09-09,291.0,8.2401888,A
2008-09-10,273.0,7.7304864,A
2008-09-11,207.0,5.8615775999999995,A
2008-09-12,169.0,4.7855392,A
2008-09-13,149.0,4.2192032,A
2008-09-14,137.0,3.8794016,A
2008-09-15,130.0,3.681184,A
2008-09-16,117.0,3.3130656,A
2008-09-17,104.0,2.9449472,A
2008-09-18,94.0,2.6617792,A
2008-09-19,89.0,2.5201952,A
2008-09-20,85.0,2.406928,A
2008-09-21,83.0,2.3502944,A
2008-09-22,78.0,2.2087104,A
2008-09-23,73.0,2.0671264,A
2008-09-24,68.0,1.9255423999999999,A
2008-09-25,63.0,1.7839584,A
2008-09-26,58.0,1.6423744,A
2008-09-27,53.0,1.5007904,A
2008-09-28,50.0,1.41584,A
2008-09-29,48.0,1.3592064,A
2008-09-30,45.0,1.274256,A
2008-10-01,42.0,1.1893056,A
2008-10-02,40.0,1.132672,A
2008-10-03,39.0,1.1043552,A
2008-10-04,37.0,1.0477216,A
2008-10-05,36.0,1.0194048,A
2008-10-06,35.0,0.991088,A
2008-10-07,34.0,0.9627711999999999,A
2008-10-08,37.0,1.0477216,A
2008-10-09,41.0,1.1609888,A
2008-10-10,49.0,1.3875232,A
2008-10-11,85.0,2.406928,A:e
2008-10-12,113.0,3.1997984,A
2008-10-13,133.0,3.7661344,A
2008-10-14,121.0,3.4263328,A
2008-10-15,98.0,2.7750464,A
2008-10-16,81.0,2.2936608,A
2008-10-17,70.0,1.982176,A
2008-10-18,66.0,1.8689088,A
2008-10-19,63.0,1.7839584,A
2008-10-20,63.0,1.7839584,A
2008-10-21,61.0,1.7273247999999999,A
2008-10-22,57.0,1.6140576,A
2008-10-23,55.0,1.557424,A
2008-10-24,72.0,2.0388096,A
2008-10-25,106.0,3.0015808,A
2008-10-26,238.0,6.7393984,A
2008-10-27,239.0,6.7677152,A
2008-10-28,221.0,6.2580127999999995,A
2008-10-29,188.0,5.3235584,A
2008-10-30,150.0,4.24752,A
2008-10-31,113.0,3.1997984,A
2008-11-01,94.0,2.6617792,A
2008-11-02,83.0,2.3502944,A
2008-11-03,75.0,2.12376,A
2008-11-04,71.0,2.0104928,A
2008-11-05,69.0,1.9538592,A
2008-11-06,67.0,1.8972256,A
2008-11-07,64.0,1.8122752,A
2008-11-08,65.0,1.840592,A
2008-11-09,70.0,1.982176,A
2008-11-10,88.0,2.4918784,A
2008-11-11,88.0,2.4918784,A
2008-11-12,83.0,2.3502944,A
2008-11-13,79.0,2.2370272,A
2008-11-14,77.0,2.1803936,A
2008-11-15,74.0,2.0954432,A
2008-11-16,76.0,2.1520768,A
2008-11-17,89.0,2.5201952,A
2008-11-18,90.0,2.548512,A
2008-11-19,92.0,2.6051456,A
2008-11-20,94.0,2.6617792,A
2008-11-21,89.0,2.5201952,A
2008-11-22,82.0,2.3219776,A
2008-11-23,78.0,2.2087104,A
2008-11-24,77.0,2.1803936,A
2008-11-25,76.0,2.1520768,A
2008-11-26,80.0,2.265344,A
2008-11-27,93.0,2.6334624,A
2008-11-28,120.0,3.398016,A
2008-11-29,488.0,13.818598399999999,A
2008-11-30,911.0,25.7966048,A
2008-12-01,791.0,22.3985888,A
2008-12-02,653.0,18.4908704,A
2008-12-03,571.0,16.1688928,A
2008-12-04,504.0,14.2716672,A
2008-12-05,430.0,12.176224,A
2008-12-06,351.0,9.9391968,A
2008-12-07,284.0,8.0419712,A
2008-12-08,243.0,6.8809824,A
2008-12-09,215.0,6.088112,A
2008-12-10,839.0,23.7577952,A
2008-12-11,2090.0,59.182112,A
2008-12-12,2100.0,59.46528,A
2008-12-13,1720.0,48.704896,A
2008-12-14,1620.0,45.873216,A
2008-12-15,2610.0,73.906848,A
2008-12-16,2800.0,79.28704,A
2008-12-17,2130.0,60.314783999999996,A
2008-12-18,1570.0,44.457376,A
2008-12-19,1080.0,30.582144,A
2008-12-20,682.0,19.3120576,A
2008-12-21,551.0,15.6025568,A
2008-12-22,494.0,13.9884992,A
2008-12-23,447.0,12.6576096,A
2008-12-24,411.0,11.6382048,A
2008-12-25,393.0,11.1285024,A
2008-12-26,510.0,14.441568,A
2008-12-27,666.0,18.8589888,A
2008-12-28,770.0,21.803936,A
2008-12-29,855.0,24.210864,A
2008-12-30,856.0,24.2391808,A
2008-12-31,763.0,21.6057184,A
2009-01-01,592.0,16.7635456,A
2009-01-02,486.0,13.7619648,A
2009-01-03,448.0,12.6859264,A
2009-01-04,662.0,18.7457216,A
2009-01-05,817.0,23.1348256,A
2009-01-06,785.0,22.228688,A
2009-01-07,978.0,27.6938304,A
2009-01-08,1120.0,31.714816,A
2009-01-09,1080.0,30.582144,A
2009-01-10,1020.0,28.883136,A
2009-01-11,1030.0,29.166304,A
2009-01-12,1060.0,30.015808,A
2009-01-13,984.0,27.8637312,A
2009-01-14,846.0,23.9560128,A
2009-01-15,723.0,20.4730464,A
2009-01-16,615.0,17.414832,A
2009-01-17,542.0,15.3477056,A
2009-01-18,481.0,13.6203808,A
2009-01-19,461.0,13.0540448,A
2009-01-20,465.0,13.167311999999999,A
2009-01-21,466.0,13.1956288,A
2009-01-22,455.0,12.884144,A
2009-01-23,429.0,12.1479072,A
2009-01-24,397.0,11.2417696,A
2009-01-25,376.0,10.6471168,A
2009-01-26,364.0,10.3073152,A
2009-01-27,355.0,10.052464,A
2009-01-28,352.0,9.9675136,A
2009-01-29,363.0,10.278998399999999,A
2009-01-30,372.0,10.5338496,A
2009-01-31,369.0,10.4488992,A
2009-02-01,361.0,10.2223648,A
2009-02-02,340.0,9.627712,A
2009-02-03,347.0,9.8259296,A
2009-02-04,341.0,9.6560288,A
2009-02-05,328.0,9.2879104,A
2009-02-06,322.0,9.1180096,A
2009-02-07,309.0,8.7498912,A
2009-02-08,292.0,8.2685056,A
2009-02-09,279.0,7.9003872,A
2009-02-10,271.0,7.6738528,A
2009-02-11,268.0,7.5889024,A
2009-02-12,313.0,8.8631584,A
2009-02-13,344.0,9.7409792,A
2009-02-14,335.0,9.486127999999999,A
2009-02-15,389.0,11.0152352,A
2009-02-16,429.0,12.1479072,A
2009-02-17,430.0,12.176224,A
2009-02-18,395.0,11.185136,A
2009-02-19,350.0,9.91088,A
2009-02-20,320.0,9.061376,A
2009-02-21,300.0,8.49504,A
2009-02-22,294.0,8.3251392,A
2009-02-23,288.0,8.1552384,A
2009-02-24,272.0,7.7021695999999995,A
2009-02-25,249.0,7.0508831999999995,A
2009-02-26,232.0,6.5694976,A
2009-02-27,222.0,6.2863296,A
2009-02-28,224.0,6.3429632,A
2009-03-01,261.0,7.3906848,A
2009-03-02,317.0,8.9764256,A
2009-03-03,350.0,9.91088,A
2009-03-04,375.0,10.6188,A
2009-03-05,361.0,10.2223648,A
2009-03-06,321.0,9.0896928,A
2009-03-07,278.0,7.8720704,A
2009-03-08,252.0,7.1358336,A
2009-03-09,240.0,6.796032,A
2009-03-10,230.0,6.5128639999999995,A
2009-03-11,219.0,6.2013792,A
2009-03-12,209.0,5.9182112,A
2009-03-13,199.0,5.6350432,A
2009-03-14,191.0,5.4085088,A
2009-03-15,541.0,15.3193888,A
2009-03-16,1590.0,45.023711999999996,A
2009-03-17,2090.0,59.182112,A
2009-03-18,2210.0,62.580128,A
2009-03-19,4490.0,127.142432,A
2009-03-20,4390.0,124.310752,A
2009-03-21,3130.0,88.631584,A
2009-03-22,2190.0,62.013792,A
2009-03-23,1580.0,44.740544,A
2009-03-24,1040.0,29.449472,A
2009-03-25,654.0,18.5191872,A
2009-03-26,553.0,15.6591904,A
2009-03-27,920.0,26.051455999999998,A
2009-03-28,1950.0,55.21776,A
2009-03-29,2920.0,82.685056,A
2009-03-30,5090.0,144.132512,A
2009-03-31,8140.0,230.498752,A
2009-04-01,7270.0,205.863136,A
2009-04-02,4630.0,131.106784,A
2009-04-03,3560.0,100.807808,A
2009-04-04,2850.0,80.70288,A
2009-04-05,2990.0,84.667232,A
2009-04-06,3010.0,85.233568,A
2009-04-07,2610.0,73.906848,A
2009-04-08,2050.0,58.04944,A
2009-04-09,1600.0,45.30688,A
2009-04-10,1260.0,35.679168,A
2009-04-11,935.0,26.476208,A
2009-04-12,762.0,21.577401599999998,A
2009-04-13,1140.0,32.281152,A
2009-04-14,1530.0,43.324704,A
2009-04-15,1530.0,43.324704,A
2009-04-16,1670.0,47.289056,A
2009-04-17,2250.0,63.7128,A:e
2009-04-18,2220.0,62.863296,A
2009-04-19,1790.0,50.687072,A
2009-04-20,1410.0,39.926688,A
2009-04-21,921.0,26.0797728,A
2009-04-22,640.0,18.122752,A
2009-04-23,555.0,15.715824,A
2009-04-24,492.0,13.9318656,A
2009-04-25,429.0,12.1479072,A
2009-04-26,375.0,10.6188,A
2009-04-27,333.0,9.4294944,A
2009-04-28,301.0,8.5233568,A
2009-04-29,269.0,7.6172192,A
2009-04-30,241.0,6.8243488,A
2009-05-01,217.0,6.1447456,A
2009-05-02,199.0,5.6350432,A
2009-05-03,185.0,5.238608,A
2009-05-04,286.0,8.0986048,A
2009-05-05,615.0,17.414832,A
2009-05-06,670.0,18.972255999999998,A
2009-05-07,618.0,17.4997824,A
2009-05-08,1190.0,33.696992,A
2009-05-09,1120.0,31.714816,A
2009-05-10,799.0,22.6251232,A
2009-05-11,700.0,19.82176,A
2009-05-12,901.0,25.5134368,A
2009-05-13,1130.0,31.997984,A
2009-05-14,1170.0,33.130656,A
2009-05-15,680.0,19.255424,A
2009-05-16,435.0,12.317808,A
2009-05-17,505.0,14.299984,A
2009-05-18,669.0,18.9439392,A
2009-05-19,725.0,20.52968,A
2009-05-20,675.0,19.11384,A
2009-05-21,599.0,16.9617632,A
2009-05-22,600.0,16.99008,A
2009-05-23,854.0,24.1825472,A
2009-05-24,1120.0,31.714816,A
2009-05-25,1120.0,31.714816,A
2009-05-26,1050.0,29.73264,A
2009-05-27,1320.0,37.378175999999996,A
2009-05-28,1510.0,42.758368,A
2009-05-29,1460.0,41.342528,A
2009-05-30,1450.0,41.05936,A
2009-05-31,1540.0,43.607872,A
2009-06-01,1590.0,45.023711999999996,A
2009-06-02,1260.0,35.679168,A
2009-06-03,649.0,18.3776032,A
2009-06-04,456.0,12.9124608,A
2009-06-05,746.0,21.1243328,A
2009-06-06,1080.0,30.582144,A
2009-06-07,1150.0,32.56432,A
2009-06-08,1140.0,32.281152,A
2009-06-09,1050.0,29.73264,A
2009-06-10,958.0,27.1274944,A
2009-06-11,773.0,21.8888864,A
2009-06-12,489.0,13.8469152,A
2009-06-13,375.0,10.6188,A
2009-06-14,306.0,8.6649408,A
2009-06-15,278.0,7.8720704,A
2009-06-16,270.0,7.645536,A
2009-06-17,286.0,8.0986048,A
2009-06-18,306.0,8.6649408,A
2009-06-19,278.0,7.8720704,A
2009-06-20,217.0,6.1447456,A
2009-06-21,175.0,4.95544,A
2009-06-22,150.0,4.24752,A
2009-06-23,129.0,3.6528671999999998,A
2009-06-24,113.0,3.1997984,A
2009-06-25,102.0,2.8883136,A
2009-06-26,91.0,2.5768288,A
2009-06-27,84.0,2.3786112,A
2009-06-28,77.0,2.1803936,A
2009-06-29,73.0,2.0671264,A
2009-06-30,68.0,1.9255423999999999,A
2009-07-01,62.0,1.7556416,A
2009-07-02,58.0,1.6423744,A
2009-07-03,54.0,1.5291071999999999,A
2009-07-04,52.0,1.4724736,A
2009-07-05,50.0,1.41584,A
2009-07-06,81.0,2.2936608,A
2009-07-07,251.0,7.1075168,A
2009-07-08,588.0,16.6502784,A
2009-07-09,592.0,16.7635456,A
2009-07-10,630.0,17.839584,A
2009-07-11,590.0,16.706912,A
2009-07-12,424.0,12.0063232,A
2009-07-13,300.0,8.49504,A
2009-07-14,222.0,6.2863296,A
2009-07-15,177.0,5.0120736,A
2009-07-16,150.0,4.24752,A
2009-07-17,141.0,3.9926688,A
2009-07-18,137.0,3.8794016,A
2009-07-19,148.0,4.1908864,A
2009-07-20,189.0,5.3518752,A
2009-07-21,180.0,5.097024,A
2009-07-22,135.0,3.822768,A
2009-07-23,110.0,3.114848,A
2009-07-24,105.0,2.973264,A
2009-07-25,85.0,2.406928,A
2009-07-26,77.0,2.1803936,A
2009-07-27,71.0,2.0104928,A
2009-07-28,70.0,1.982176,A
2009-07-29,107.0,3.0298976,A
2009-07-30,143.0,4.0493024,A
2009-07-31,244.0,6.9092991999999995,A:e
2009-08-01,293.0,8.2968224,A:e
2009-08-02,360.0,10.194048,A:e
2009-08-03,396.0,11.2134528,A:e
2009-08-04,481.0,13.6203808,A:e
2009-08-05,476.0,13.4787968,A:e
2009-08-06,318.0,9.0047424,A
2009-08-07,262.0,7.4190016,A
2009-08-08,183.0,5.1819744,A
2009-08-09,141.0,3.9926688,A
2009-08-10,122.0,3.4546495999999998,A
2009-08-11,96.0,2.7184128,A
2009-08-12,108.0,3.0582143999999998,A
2009-08-13,166.0,4.7005888,A
2009-08-14,122.0,3.4546495999999998,A
2009-08-15,115.0,3.2564319999999998,A
2009-08-16,112.0,3.1714816,A
2009-08-17,102.0,2.8883136,A
2009-08-18,103.0,2.9166304,A
2009-08-19,168.0,4.7572224,A
2009-08-20,207.0,5.8615775999999995,A
2009-08-21,251.0,7.1075168,A
2009-08-22,214.0,6.0597952,A
2009-08-23,326.0,9.2312768,A
2009-08-24,270.0,7.645536,A
2009-08-25,174.0,4.9271232,A
2009-08-26,123.0,3.4829664,A
2009-08-27,226.0,6.3995968,A
2009-08-28,834.0,23.6162112,A
2009-08-29,571.0,16.1688928,A
2009-08-30,349.0,9.8825632,A
2009-08-31,300.0,8.49504,A
2009-09-01,345.0,9.769296,A
2009-09-02,318.0,9.0047424,A
2009-09-03,320.0,9.061376,A
2009-09-04,335.0,9.486127999999999,A
2009-09-05,404.0,11.4399872,A
2009-09-06,365.0,10.335632,A
2009-09-07,264.0,7.4756352,A
2009-09-08,205.0,5.804944,A
2009-09-09,162.0,4.5873216,A
2009-09-10,138.0,3.9077184,A
2009-09-11,247.0,6.9942496,A
2009-09-12,297.0,8.4100896,A
2009-09-13,188.0,5.3235584,A
2009-09-14,231.0,6.5411808,A
2009-09-15,497.0,14.0734496,A
2009-09-16,513.0,14.5265184,A
2009-09-17,593.0,16.7918624,A
2009-09-18,688.0,19.4819584,A
2009-09-19,754.0,21.3508672,A
2009-09-20,874.0,24.748883199999998,A
2009-09-21,1010.0,28.599968,A
2009-09-22,972.0,27.5239296,A
2009-09-23,634.0,17.9528512,A
2009-09-24,509.0,14.4132512,A
2009-09-25,455.0,12.884144,A
2009-09-26,363.0,10.278998399999999,A
2009-09-27,310.0,8.778208,A
2009-09-28,281.0,7.9570208,A
2009-09-29,247.0,6.9942496,A
2009-09-30,217.0,6.1447456,A
2009-10-01,199.0,5.6350432,A
2009-10-02,178.0,5.0403904,A
2009-10-03,160.0,4.530688,A
2009-10-04,148.0,4.1908864,A
2009-10-05,162.0,4.5873216,A
2009-10-06,169.0,4.7855392,A
2009-10-07,189.0,5.3518752,A
2009-10-08,203.0,5.7483104,A
2009-10-09,223.0,6.3146464,A
2009-10-10,221.0,6.2580127999999995,A
2009-10-11,191.0,5.4085088,A
2009-10-12,169.0,4.7855392,A
2009-10-13,164.0,4.6439552,A
2009-10-14,163.0,4.6156384,A
2009-10-15,167.0,4.7289056,A
2009-10-16,199.0,5.6350432,A
2009-10-17,176.0,4.9837568,A
2009-10-18,163.0,4.6156384,A
2009-10-19,153.0,4.3324704,A
2009-10-20,156.0,4.4174208,A
2009-10-21,154.0,4.3607872,A
2009-10-22,142.0,4.0209856,A
2009-10-23,132.0,3.7378176,A
2009-10-24,128.0,3.6245504,A
2009-10-25,124.0,3.5112832,A
2009-10-26,120.0,3.398016,A
2009-10-27,251.0,7.1075168,A
2009-10-28,504.0,14.2716672,A
2009-10-29,516.0,14.611468799999999,A
2009-10-30,478.0,13.5354304,A
2009-10-31,444.0,12.5726592,A
2009-11-01,406.0,11.4966208,A
2009-11-02,345.0,9.769296,A
2009-11-03,280.0,7.928704,A
2009-11-04,243.0,6.8809824,A
2009-11-05,217.0,6.1447456,A
2009-11-06,194.0,5.4934592,A
2009-11-07,178.0,5.0403904,A
2009-11-08,164.0,4.6439552,A
2009-11-09,158.0,4.4740544,A
2009-11-10,1720.0,48.704896,A
2009-11-11,2590.0,73.340512,A
2009-11-12,2150.0,60.881119999999996,A
2009-11-13,2350.0,66.54448,A
2009-11-14,4210.0,119.213728,A
2009-11-15,3770.0,106.754336,A
2009-11-16,2780.0,78.720704,A
2009-11-17,1950.0,55.21776,A
2009-11-18,1290.0,36.528672,A
2009-11-19,730.0,20.671264,A
2009-11-20,567.0,16.0556256,A
2009-11-21,500.0,14.1584,A
2009-11-22,513.0,14.5265184,A
2009-11-23,634.0,17.9528512,A
2009-11-24,705.0,19.963344,A
2009-11-25,717.0,20.3031456,A
2009-11-26,689.0,19.5102752,A
2009-11-27,598.0,16.9334464,A
2009-11-28,516.0,14.611468799999999,A
2009-11-29,453.0,12.8275104,A
2009-11-30,417.0,11.8081056,A
2009-12-01,400.0,11.32672,A
2009-12-02,699.0,19.7934432,A
2009-12-03,1570.0,44.457376,A
2009-12-04,1550.0,43.89104,A
2009-12-05,1530.0,43.324704,A
2009-12-06,2370.0,67.110816,A
2009-12-07,3020.0,85.516736,A
2009-12-08,2540.0,71.924672,A
2009-12-09,1960.0,55.500928,A
2009-12-10,1470.0,41.625696,A
2009-12-11,1100.0,31.14848,A
2009-12-12,1090.0,30.865312,A
2009-12-13,3320.0,94.011776,A
2009-12-14,4070.0,115.249376,A
2009-12-15,6400.0,181.22752,A
2009-12-16,9240.0,261.647232,A
2009-12-17,11300.0,319.97983999999997,A
2009-12-18,8790.0,248.904672,A
2009-12-19,6150.0,174.14831999999998,A
2009-12-20,4810.0,136.203808,A
2009-12-21,5050.0,142.99984,A
2009-12-22,4400.0,124.59392,A
2009-12-23,3570.0,101.090976,A
2009-12-24,2900.0,82.11872,A
2009-12-25,3090.0,87.498912,A
2009-12-26,2910.0,82.401888,A
2009-12-27,2470.0,69.942496,A
2009-12-28,2620.0,74.190016,A
2009-12-29,3140.0,88.914752,A
2009-12-30,2740.0,77.588032,A
2009-12-31,2400.0,67.96032,A
2010-01-01,2030.0,57.483104,A
2010-01-02,1670.0,47.289056,A
2010-01-03,1380.0,39.077184,A
2010-01-04,1210.0,34.263328,A
2010-01-05,1090.0,30.865312,A
2010-01-06,987.0,27.9486816,A
2010-01-07,896.0,25.3718528,A
2010-01-08,847.0,23.9843296,A
2010-01-09,804.0,22.7667072,A
2010-01-10,760.0,21.520768,A
2010-01-11,723.0,20.4730464,A
2010-01-12,694.0,19.6518592,A
2010-01-13,667.0,18.8873056,A
2010-01-14,645.0,18.264336,A
2010-01-15,624.0,17.6696832,A
2010-01-16,763.0,21.6057184,A
2010-01-17,1410.0,39.926688,A
2010-01-18,1410.0,39.926688,A
2010-01-19,1350.0,38.22768,A
2010-01-20,1420.0,40.209856,A
2010-01-21,3390.0,95.993952,A
2010-01-22,4560.0,129.124608,A
2010-01-23,6050.0,171.31664,A
2010-01-24,6180.0,174.997824,A
2010-01-25,5170.0,146.397856,A
2010-01-26,4090.0,115.815712,A
2010-01-27,3810.0,107.887008,A
2010-01-28,3960.0,112.134528,A
2010-01-29,3400.0,96.27712,A
2010-01-30,4040.0,114.399872,A
2010-01-31,3850.0,109.01968,A
2010-02-01,3120.0,88.348416,A
2010-02-02,3110.0,88.065248,A
2010-02-03,3220.0,91.18009599999999,A
2010-02-04,2730.0,77.304864,A
2010-02-05,2950.0,83.53456,A
2010-02-06,3240.0,91.746432,A
2010-02-07,2800.0,79.28704,A
2010-02-08,3010.0,85.233568,A
2010-02-09,3600.0,101.94048,A
2010-02-10,3110.0,88.065248,A
2010-02-11,2530.0,71.641504,A
2010-02-12,2110.0,59.748447999999996,A
2010-02-13,1920.0,54.368256,A
2010-02-14,1780.0,50.403904,A
2010-02-15,1650.0,46.72272,A
2010-02-16,1560.0,44.174208,A
2010-02-17,1510.0,42.758368,A
2010-02-18,1480.0,41.908864,A
2010-02-19,1430.0,40.493024,A
2010-02-20,1320.0,37.378175999999996,A
2010-02-21,1180.0,33.413824,A
2010-02-22,1260.0,35.679168,A
2010-02-23,1400.0,39.64352,A
2010-02-24,1420.0,40.209856,A
2010-02-25,1390.0,39.360352,A
2010-02-26,1430.0,40.493024,A
2010-02-27,1480.0,41.908864,A
2010-02-28,1390.0,39.360352,A
2010-03-01,1170.0,33.130656,A
2010-03-02,1250.0,35.396,A
2010-03-03,1310.0,37.095008,A
2010-03-04,1270.0,35.962336,A
2010-03-05,1260.0,35.679168,A
2010-03-06,1290.0,36.528672,A
2010-03-07,1290.0,36.528672,A
2010-03-08,1170.0,33.130656,A
2010-03-09,967.0,27.3823456,A
2010-03-10,1350.0,38.22768,A
2010-03-11,2690.0,76.172192,A
2010-03-12,4120.0,116.665216,A
2010-03-13,5260.0,148.946368,A
2010-03-14,4970.0,140.734496,A
2010-03-15,3890.0,110.152352,A
2010-03-16,3100.0,87.78208,A
2010-03-17,2450.0,69.37616,A
2010-03-18,1970.0,55.784096,A
2010-03-19,1590.0,45.023711999999996,A
2010-03-20,1300.0,36.81184,A
2010-03-21,1160.0,32.847488,A
2010-03-22,1110.0,31.431648,A
2010-03-23,1040.0,29.449472,A
2010-03-24,972.0,27.5239296,A
2010-03-25,914.0,25.8815552,A
2010-03-26,878.0,24.8621504,A
2010-03-27,835.0,23.644528,A
2010-03-28,793.0,22.4552224,A
2010-03-29,773.0,21.8888864,A
2010-03-30,759.0,21.4924512,A
2010-03-31,739.0,20.926115199999998,A
2010-04-01,713.0,20.1898784,A
2010-04-02,678.0,19.1987904,A
2010-04-03,637.0,18.037801599999998,A
2010-04-04,605.0,17.131664,A
2010-04-05,579.0,16.3954272,A
2010-04-06,555.0,15.715824,A
2010-04-07,529.0,14.9795872,A
2010-04-08,515.0,14.583152,A
2010-04-09,566.0,16.0273088,A
2010-04-10,634.0,17.9528512,A
2010-04-11,623.0,17.6413664,A
2010-04-12,581.0,16.452060799999998,A
2010-04-13,521.0,14.753052799999999,A
2010-04-14,465.0,13.167311999999999,A
2010-04-15,425.0,12.03464,A
2010-04-16,397.0,11.2417696,A
2010-04-17,374.0,10.5904832,A
2010-04-18,356.0,10.0807808,A
2010-04-19,340.0,9.627712,A
2010-04-20,331.0,9.3728608,A
2010-04-21,318.0,9.0047424,A
2010-04-22,311.0,8.8065248,A
2010-04-23,299.0,8.4667232,A
2010-04-24,290.0,8.211872,A
2010-04-25,368.0,10.4205824,A
2010-04-26,466.0,13.1956288,A
2010-04-27,458.0,12.9690944,A
2010-04-28,408.0,11.5532544,A
2010-04-29,359.0,10.1657312,A
2010-04-30,313.0,8.8631584,A
2010-05-01,290.0,8.211872,A
2010-05-02,293.0,8.2968224,A
2010-05-03,569.0,16.1122592,A
2010-05-04,1610.0,45.590047999999996,A
2010-05-05,2010.0,56.916768,A:e
2010-05-06,3320.0,94.011776,A
2010-05-07,4020.0,113.833536,A
2010-05-08,3080.0,87.215744,A
2010-05-09,2200.0,62.29696,A
2010-05-10,1380.0,39.077184,A
2010-05-11,624.0,17.6696832,A
2010-05-12,450.0,12.74256,A
2010-05-13,387.0,10.9586016,A
2010-05-14,347.0,9.8259296,A
2010-05-15,315.0,8.919792,A
2010-05-16,291.0,8.2401888,A
2010-05-17,282.0,7.9853376,A
2010-05-18,289.0,8.1835552,A
2010-05-19,279.0,7.9003872,A
2010-05-20,255.0,7.220784,A
2010-05-21,233.0,6.5978144,A
2010-05-22,214.0,6.0597952,A
2010-05-23,202.0,5.7199936,A
2010-05-24,186.0,5.2669248,A
2010-05-25,172.0,4.8704896,A
2010-05-26,160.0,4.530688,A
2010-05-27,147.0,4.1625696,A
2010-05-28,141.0,3.9926688,A:e
2010-05-29,159.0,4.5023712,A:e
2010-05-30,230.0,6.5128639999999995,A
2010-05-31,286.0,8.0986048,A
2010-06-01,316.0,8.9481088,A
2010-06-02,401.0,11.3550368,A
2010-06-03,593.0,16.7918624,A
2010-06-04,581.0,16.452060799999998,A
2010-06-05,421.0,11.9213728,A
2010-06-06,374.0,10.5904832,A
2010-06-07,351.0,9.9391968,A
2010-06-08,313.0,8.8631584,A
2010-06-09,253.0,7.1641504,A
2010-06-10,215.0,6.088112,A
2010-06-11,185.0,5.238608,A
2010-06-12,159.0,4.5023712,A
2010-06-13,138.0,3.9077184,A
2010-06-14,123.0,3.4829664,A
2010-06-15,111.0,3.1431648,A
2010-06-16,102.0,2.8883136,A
2010-06-17,278.0,7.8720704,A
2010-06-18,272.0,7.7021695999999995,A
2010-06-19,175.0,4.95544,A
2010-06-20,146.0,4.1342528,A
2010-06-21,178.0,5.0403904,A
2010-06-22,185.0,5.238608,A
2010-06-23,152.0,4.3041536,A
2010-06-24,125.0,3.5396,A
2010-06-25,114.0,3.2281152,A
2010-06-26,101.0,2.8599968,A
2010-06-27,93.0,2.6334624,A
2010-06-28,84.0,2.3786112,A
2010-06-29,98.0,2.7750464,A
2010-06-30,129.0,3.6528671999999998,A
2010-07-01,138.0,3.9077184,A
2010-07-02,217.0,6.1447456,A
2010-07-03,222.0,6.2863296,A
2010-07-04,208.0,5.8898944,A
2010-07-05,207.0,5.8615775999999995,A
2010-07-06,174.0,4.9271232,A
2010-07-07,139.0,3.9360352,A
2010-07-08,118.0,3.3413824,A
2010-07-09,102.0,2.8883136,A
2010-07-10,110.0,3.114848,A
2010-07-11,161.0,4.5590048,A
2010-07-12,126.0,3.5679168,A
2010-07-13,102.0,2.8883136,A
2010-07-14,87.0,2.4635616,A
2010-07-15,89.0,2.5201952,A
2010-07-16,102.0,2.8883136,A
2010-07-17,102.0,2.8883136,A
2010-07-18,90.0,2.548512,A
2010-07-19,86.0,2.4352448,A
2010-07-20,78.0,2.2087104,A
2010-07-21,81.0,2.2936608,A
2010-07-22,75.0,2.12376,A
2010-07-23,69.0,1.9538592,A
2010-07-24,63.0,1.7839584,A
2010-07-25,66.0,1.8689088,A
2010-07-26,120.0,3.398016,A
2010-07-27,125.0,3.5396,A
2010-07-28,88.0,2.4918784,A
2010-07-29,71.0,2.0104928,A
2010-07-30,62.0,1.7556416,A
2010-07-31,57.0,1.6140576,A
2010-08-01,52.0,1.4724736,A
2010-08-02,48.0,1.3592064,A
2010-08-03,45.0,1.274256,A
2010-08-04,45.0,1.274256,A
2010-08-05,46.0,1.3025728,A
2010-08-06,59.0,1.6706912,A
2010-08-07,90.0,2.548512,A
2010-08-08,119.0,3.3696992,A
2010-08-09,153.0,4.3324704,A
2010-08-10,154.0,4.3607872,A
2010-08-11,103.0,2.9166304,A
2010-08-12,78.0,2.2087104,A
2010-08-13,69.0,1.9538592,A
2010-08-14,68.0,1.9255423999999999,A
2010-08-15,64.0,1.8122752,A
2010-08-16,80.0,2.265344,A
2010-08-17,134.0,3.7944512,A
2010-08-18,140.0,3.964352,A
2010-08-19,128.0,3.6245504,A
2010-08-20,124.0,3.5112832,A
2010-08-21,124.0,3.5112832,A
2010-08-22,119.0,3.3696992,A
2010-08-23,131.0,3.7095008,A
2010-08-24,160.0,4.530688,A
2010-08-25,118.0,3.3413824,A
2010-08-26,90.0,2.548512,A
2010-08-27,89.0,2.5201952,A
2010-08-28,95.0,2.690096,A
2010-08-29,108.0,3.0582143999999998,A
2010-08-30,104.0,2.9449472,A
2010-08-31,107.0,3.0298976,A
2010-09-01,92.0,2.6051456,A
2010-09-02,80.0,2.265344,A
2010-09-03,72.0,2.0388096,A
2010-09-04,65.0,1.840592,A
2010-09-05,59.0,1.6706912,A
2010-09-06,54.0,1.5291071999999999,A
2010-09-07,50.0,1.41584,A
2010-09-08,47.0,1.3308896,A
2010-09-09,45.0,1.274256,A
2010-09-10,42.0,1.1893056,A
2010-09-11,40.0,1.132672,A
2010-09-12,38.0,1.0760384,A
2010-09-13,37.0,1.0477216,A
2010-09-14,35.0,0.991088,A
2010-09-15,34.0,0.9627711999999999,A
2010-09-16,33.0,0.9344544,A
2010-09-17,32.0,0.9061376,A
2010-09-18,31.0,0.8778208,A
2010-09-19,31.0,0.8778208,A
2010-09-20,30.0,0.849504,A:e
2010-09-21,29.0,0.8211872,A:e
2010-09-22,28.0,0.7928704,A:e
2010-09-23,28.0,0.7928704,A
2010-09-24,27.0,0.7645535999999999,A
2010-09-25,28.0,0.7928704,A
2010-09-26,39.0,1.1043552,A
2010-09-27,73.0,2.0671264,A
2010-09-28,220.0,6.229696,A
2010-09-29,233.0,6.5978144,A
2010-09-30,138.0,3.9077184,A
2010-10-01,98.0,2.7750464,A
2010-10-02,78.0,2.2087104,A
2010-10-03,66.0,1.8689088,A
2010-10-04,58.0,1.6423744,A
2010-10-05,53.0,1.5007904,A
2010-10-06,49.0,1.3875232,A
2010-10-07,46.0,1.3025728,A
2010-10-08,45.0,1.274256,A
2010-10-09,43.0,1.2176224,A
2010-10-10,43.0,1.2176224,A
2010-10-11,42.0,1.1893056,A
2010-10-12,42.0,1.1893056,A
2010-10-13,55.0,1.557424,A
2010-10-14,46.0,1.3025728,A
2010-10-15,45.0,1.274256,A
2010-10-16,47.0,1.3308896,A
2010-10-17,48.0,1.3592064,A
2010-10-18,46.0,1.3025728,A
2010-10-19,43.0,1.2176224,A
2010-10-20,41.0,1.1609888,A
2010-10-21,40.0,1.132672,A
2010-10-22,40.0,1.132672,A
2010-10-23,42.0,1.1893056,A
2010-10-24,41.0,1.1609888,A
2010-10-25,40.0,1.132672,A
2010-10-26,40.0,1.132672,A
2010-10-27,41.0,1.1609888,A
2010-10-28,45.0,1.274256,A
2010-10-29,63.0,1.7839584,A
2010-10-30,121.0,3.4263328,A
2010-10-31,119.0,3.3696992,A
2010-11-01,90.0,2.548512,A
2010-11-02,74.0,2.0954432,A
2010-11-03,67.0,1.8972256,A
2010-11-04,66.0,1.8689088,A
2010-11-05,66.0,1.8689088,A
2010-11-06,68.0,1.9255423999999999,A
2010-11-07,69.0,1.9538592,A
2010-11-08,66.0,1.8689088,A
2010-11-09,63.0,1.7839584,A
2010-11-10,62.0,1.7556416,A
2010-11-11,62.0,1.7556416,A
2010-11-12,62.0,1.7556416,A
2010-11-13,62.0,1.7556416,A
2010-11-14,62.0,1.7556416,A
2010-11-15,63.0,1.7839584,A
2010-11-16,123.0,3.4829664,A
2010-11-17,485.0,13.733648,A
2010-11-18,533.0,15.0928544,A
2010-11-19,305.0,8.636624,A
2010-11-20,207.0,5.8615775999999995,A
2010-11-21,170.0,4.813856,A
2010-11-22,149.0,4.2192032,A
2010-11-23,137.0,3.8794016,A
2010-11-24,133.0,3.7661344,A
2010-11-25,139.0,3.9360352,A
2010-11-26,160.0,4.530688,A
2010-11-27,164.0,4.6439552,A
2010-11-28,165.0,4.6722719999999995,A
2010-11-29,164.0,4.6439552,A
2010-11-30,161.0,4.5590048,A
2010-12-01,291.0,8.2401888,A
2010-12-02,646.0,18.2926528,A
2010-12-03,547.0,15.4892896,A
2010-12-04,362.0,10.2506816,A
2010-12-05,280.0,7.928704,A
2010-12-06,233.0,6.5978144,A
2010-12-07,202.0,5.7199936,A
2010-12-08,182.0,5.1536576,A
2010-12-09,170.0,4.813856,A
2010-12-10,163.0,4.6156384,A
2010-12-11,157.0,4.4457376,A
2010-12-12,168.0,4.7572224,A
2010-12-13,248.0,7.0225664,A
2010-12-14,305.0,8.636624,A
2010-12-15,256.0,7.2491008,A
2010-12-16,230.0,6.5128639999999995,A
2010-12-17,217.0,6.1447456,A
2010-12-18,201.0,5.6916768,A
2010-12-19,189.0,5.3518752,A
2010-12-20,180.0,5.097024,A
2010-12-21,172.0,4.8704896,A
2010-12-22,165.0,4.6722719999999995,A
2010-12-23,161.0,4.5590048,A
2010-12-24,159.0,4.5023712,A
2010-12-25,155.0,4.389104,A
2010-12-26,157.0,4.4457376,A
2010-12-27,173.0,4.8988064,A
2010-12-28,179.0,5.0687071999999995,A
2010-12-29,170.0,4.813856,A
2010-12-30,162.0,4.5873216,A
2010-12-31,159.0,4.5023712,A
2011-01-01,166.0,4.7005888,A
2011-01-02,269.0,7.6172192,A
2011-01-03,487.0,13.7902816,A
2011-01-04,518.0,14.6681024,A
2011-01-05,452.0,12.7991936,A
2011-01-06,402.0,11.3833536,A
2011-01-07,361.0,10.2223648,A
2011-01-08,308.0,8.7215744,A
2011-01-09,270.0,7.645536,A
2011-01-10,245.0,6.937616,A
2011-01-11,246.0,6.9659328,A
2011-01-12,263.0,7.4473184,A
2011-01-13,254.0,7.1924672,A
2011-01-14,243.0,6.8809824,A
2011-01-15,231.0,6.5411808,A
2011-01-16,219.0,6.2013792,A
2011-01-17,209.0,5.9182112,A
2011-01-18,203.0,5.7483104,A
2011-01-19,246.0,6.9659328,A
2011-01-20,354.0,10.0241472,A
2011-01-21,351.0,9.9391968,A
2011-01-22,312.0,8.8348416,A
2011-01-23,292.0,8.2685056,A
2011-01-24,263.0,7.4473184,A
2011-01-25,245.0,6.937616,A
2011-01-26,249.0,7.0508831999999995,A
2011-01-27,267.0,7.5605856,A
2011-01-28,256.0,7.2491008,A
2011-01-29,240.0,6.796032,A
2011-01-30,228.0,6.4562304,A
2011-01-31,232.0,6.5694976,A
2011-02-01,276.0,7.8154368,A
2011-02-02,371.0,10.5055328,A
2011-02-03,473.0,13.3938464,A
2011-02-04,637.0,18.037801599999998,A
2011-02-05,1130.0,31.997984,A
2011-02-06,1240.0,35.112832,A
2011-02-07,1290.0,36.528672,A
2011-02-08,1450.0,41.05936,A
2011-02-09,1900.0,53.80192,A
2011-02-10,2270.0,64.279136,A
2011-02-11,2020.0,57.199936,A
2011-02-12,1560.0,44.174208,A
2011-02-13,950.0,26.90096,A
2011-02-14,677.0,19.1704736,A
2011-02-15,569.0,16.1122592,A
2011-02-16,504.0,14.2716672,A
2011-02-17,453.0,12.8275104,A
2011-02-18,418.0,11.8364224,A
2011-02-19,392.0,11.1001856,A
2011-02-20,373.0,10.5621664,A
2011-02-21,360.0,10.194048,A
2011-02-22,346.0,9.7976128,A
2011-02-23,337.0,9.5427616,A
2011-02-24,322.0,9.1180096,A
2011-02-25,328.0,9.2879104,A
2011-02-26,360.0,10.194048,A
2011-02-27,375.0,10.6188,A
2011-02-28,363.0,10.278998399999999,A
2011-03-01,361.0,10.2223648,A
2011-03-02,401.0,11.3550368,A
2011-03-03,551.0,15.6025568,A
2011-03-04,662.0,18.7457216,A
2011-03-05,691.0,19.5669088,A
2011-03-06,734.0,20.7845312,A
2011-03-07,842.0,23.8427456,A
2011-03-08,886.0,25.0886848,A
2011-03-09,1170.0,33.130656,A
2011-03-10,1800.0,50.97024,A
2011-03-11,1810.0,51.253408,A
2011-03-12,2020.0,57.199936,A
2011-03-13,3190.0,90.330592,A
2011-03-14,3300.0,93.44544,A
2011-03-15,2620.0,74.190016,A
2011-03-16,1980.0,56.067264,A
2011-03-17,1330.0,37.661344,A
2011-03-18,808.0,22.8799744,A
2011-03-19,661.0,18.7174048,A
2011-03-20,581.0,16.452060799999998,A
2011-03-21,509.0,14.4132512,A
2011-03-22,459.0,12.9974112,A
2011-03-23,414.0,11.723155199999999,A
2011-03-24,381.0,10.788700799999999,A
2011-03-25,352.0,9.9675136,A
2011-03-26,331.0,9.3728608,A
2011-03-27,313.0,8.8631584,A
2011-03-28,302.0,8.551673599999999,A
2011-03-29,285.0,8.070288,A
2011-03-30,307.0,8.693257599999999,A
2011-03-31,506.0,14.3283008,A
2011-04-01,747.0,21.1526496,A
2011-04-02,852.0,24.1259136,A
2011-04-03,958.0,27.1274944,A
2011-04-04,1060.0,30.015808,A
2011-04-05,1130.0,31.997984,A:e
2011-04-06,1070.0,30.298976,A
2011-04-07,967.0,27.3823456,A
2011-04-08,842.0,23.8427456,A
2011-04-09,765.0,21.662352,A
2011-04-10,678.0,19.1987904,A
2011-04-11,477.0,13.5071136,A
2011-04-12,346.0,9.7976128,A
2011-04-13,296.0,8.3817728,A
2011-04-14,265.0,7.503952,A
2011-04-15,235.0,6.6544479999999995,A
2011-04-16,212.0,6.0031616,A
2011-04-17,193.0,5.4651423999999995,A
2011-04-18,177.0,5.0120736,A
2011-04-19,165.0,4.6722719999999995,A
2011-04-20,157.0,4.4457376,A
2011-04-21,149.0,4.2192032,A
2011-04-22,141.0,3.9926688,A
2011-04-23,132.0,3.7378176,A
2011-04-24,123.0,3.4829664,A
2011-04-25,117.0,3.3130656,A
2011-04-26,108.0,3.0582143999999998,A
2011-04-27,101.0,2.8599968,A
2011-04-28,94.0,2.6617792,A
2011-04-29,88.0,2.4918784,A
2011-04-30,83.0,2.3502944,A
2011-05-01,79.0,2.2370272,A
2011-05-02,75.0,2.12376,A
2011-05-03,70.0,1.982176,A
2011-05-04,67.0,1.8972256,A
2011-05-05,64.0,1.8122752,A
2011-05-06,62.0,1.7556416,A
2011-05-07,61.0,1.7273247999999999,A
2011-05-08,58.0,1.6423744,A
2011-05-09,56.0,1.5857408,A
2011-05-10,53.0,1.5007904,A
2011-05-11,50.0,1.41584,A
2011-05-12,49.0,1.3875232,A
2011-05-13,47.0,1.3308896,A
2011-05-14,48.0,1.3592064,A
2011-05-15,54.0,1.5291071999999999,A
2011-05-16,82.0,2.3219776,A
2011-05-17,91.0,2.5768288,A
2011-05-18,77.0,2.1803936,A
2011-05-19,64.0,1.8122752,A
2011-05-20,56.0,1.5857408,A
2011-05-21,50.0,1.41584,A
2011-05-22,47.0,1.3308896,A
2011-05-23,44.0,1.2459392,A
2011-05-24,42.0,1.1893056,A
2011-05-25,40.0,1.132672,A
2011-05-26,39.0,1.1043552,A
2011-05-27,38.0,1.0760384,A
2011-05-28,37.0,1.0477216,A
2011-05-29,36.0,1.0194048,A
2011-05-30,36.0,1.0194048,A
2011-05-31,35.0,0.991088,A
2011-06-01,34.0,0.9627711999999999,A
2011-06-02,33.0,0.9344544,A
2011-06-03,34.0,0.9627711999999999,A
2011-06-04,30.0,0.849504,A
2011-06-05,27.0,0.7645535999999999,A
2011-06-06,26.0,0.7362368,A
2011-06-07,25.0,0.70792,A
2011-06-08,25.0,0.70792,A
2011-06-09,25.0,0.70792,A
2011-06-10,25.0,0.70792,A
2011-06-11,25.0,0.70792,A
2011-06-12,24.0,0.6796032,A
2011-06-13,24.0,0.6796032,A
2011-06-14,24.0,0.6796032,A
2011-06-15,24.0,0.6796032,A
2011-06-16,24.0,0.6796032,A
2011-06-17,28.0,0.7928704,A
2011-06-18,28.0,0.7928704,A
2011-06-19,31.0,0.8778208,A
2011-06-20,32.0,0.9061376,A
2011-06-21,37.0,1.0477216,A
2011-06-22,37.0,1.0477216,A
2011-06-23,35.0,0.991088,A
2011-06-24,34.0,0.9627711999999999,A
2011-06-25,41.0,1.1609888,A
2011-06-26,45.0,1.274256,A
2011-06-27,41.0,1.1609888,A
2011-06-28,35.0,0.991088,A
2011-06-29,32.0,0.9061376,A
2011-06-30,28.0,0.7928704,A
2011-07-01,27.0,0.7645535999999999,A
2011-07-02,26.0,0.7362368,A
2011-07-03,34.0,0.9627711999999999,A
2011-07-04,32.0,0.9061376,A
2011-07-05,30.0,0.849504,A
2011-07-06,30.0,0.849504,A
2011-07-07,29.0,0.8211872,A
2011-07-08,29.0,0.8211872,A
2011-07-09,33.0,0.9344544,A
2011-07-10,32.0,0.9061376,A
2011-07-11,38.0,1.0760384,A
2011-07-12,43.0,1.2176224,A
2011-07-13,57.0,1.6140576,A
2011-07-14,68.0,1.9255423999999999,A
2011-07-15,60.0,1.699008,A
2011-07-16,58.0,1.6423744,A
2011-07-17,80.0,2.265344,A
2011-07-18,86.0,2.4352448,A
2011-07-19,96.0,2.7184128,A
2011-07-20,91.0,2.5768288,A
2011-07-21,77.0,2.1803936,A
2011-07-22,64.0,1.8122752,A
2011-07-23,55.0,1.557424,A
2011-07-24,49.0,1.3875232,A
2011-07-25,43.0,1.2176224,A
2011-07-26,39.0,1.1043552,A
2011-07-27,38.0,1.0760384,A
2011-07-28,36.0,1.0194048,A
2011-07-29,36.0,1.0194048,A
2011-07-30,35.0,0.991088,A
2011-07-31,36.0,1.0194048,A
2011-08-01,37.0,1.0477216,A
2011-08-02,39.0,1.1043552,A
2011-08-03,39.0,1.1043552,A
2011-08-04,39.0,1.1043552,A
2011-08-05,39.0,1.1043552,A
2011-08-06,37.0,1.0477216,A
2011-08-07,34.0,0.9627711999999999,A
2011-08-08,31.0,0.8778208,A
2011-08-09,30.0,0.849504,A
2011-08-10,29.0,0.8211872,A
2011-08-11,29.0,0.8211872,A
2011-08-12,27.0,0.7645535999999999,A
2011-08-13,26.0,0.7362368,A
2011-08-14,25.0,0.70792,A
2011-08-15,25.0,0.70792,A
2011-08-16,24.0,0.6796032,A
2011-08-17,24.0,0.6796032,A
2011-08-18,23.0,0.6512864,A
2011-08-19,23.0,0.6512864,A
2011-08-20,22.0,0.6229696,A
2011-08-21,22.0,0.6229696,A
2011-08-22,22.0,0.6229696,A
2011-08-23,21.0,0.5946528,A
2011-08-24,21.0,0.5946528,A
2011-08-25,21.0,0.5946528,A
2011-08-26,21.0,0.5946528,A
2011-08-27,20.0,0.566336,A
2011-08-28,20.0,0.566336,A
2011-08-29,20.0,0.566336,A
2011-08-30,20.0,0.566336,A
2011-08-31,19.0,0.5380192,A
2011-09-01,19.0,0.5380192,A
2011-09-02,19.0,0.5380192,A
2011-09-03,19.0,0.5380192,A
2011-09-04,19.0,0.5380192,A
2011-09-05,32.0,0.9061376,A
2011-09-06,57.0,1.6140576,A
2011-09-07,127.0,3.5962336,A
2011-09-08,148.0,4.1908864,A
2011-09-09,90.0,2.548512,A
2011-09-10,65.0,1.840592,A
2011-09-11,51.0,1.4441568,A
2011-09-12,43.0,1.2176224,A
2011-09-13,38.0,1.0760384,A
2011-09-14,34.0,0.9627711999999999,A
2011-09-15,31.0,0.8778208,A
2011-09-16,28.0,0.7928704,A
2011-09-17,25.0,0.70792,A
2011-09-18,25.0,0.70792,A
2011-09-19,24.0,0.6796032,A
2011-09-20,23.0,0.6512864,A
2011-09-21,24.0,0.6796032,A
2011-09-22,24.0,0.6796032,A
2011-09-23,25.0,0.70792,A
2011-09-24,25.0,0.70792,A
2011-09-25,24.0,0.6796032,A
2011-09-26,27.0,0.7645535999999999,A
2011-09-27,31.0,0.8778208,A
2011-09-28,28.0,0.7928704,A
2011-09-29,26.0,0.7362368,A
2011-09-30,26.0,0.7362368,A
2011-10-01,25.0,0.70792,A
2011-10-02,25.0,0.70792,A
2011-10-03,25.0,0.70792,A
2011-10-04,24.0,0.6796032,A
2011-10-05,23.0,0.6512864,A
2011-10-06,24.0,0.6796032,A
2011-10-07,23.0,0.6512864,A
2011-10-08,23.0,0.6512864,A
2011-10-09,22.0,0.6229696,A
2011-10-10,22.0,0.6229696,A
2011-10-11,22.0,0.6229696,A
2011-10-12,22.0,0.6229696,A
2011-10-13,22.0,0.6229696,A
2011-10-14,24.0,0.6796032,A
2011-10-15,25.0,0.70792,A
2011-10-16,26.0,0.7362368,A
2011-10-17,28.0,0.7928704,A
2011-10-18,29.0,0.8211872,A
2011-10-19,26.0,0.7362368,A
2011-10-20,24.0,0.6796032,A
2011-10-21,23.0,0.6512864,A
2011-10-22,23.0,0.6512864,A
2011-10-23,22.0,0.6229696,A
2011-10-24,22.0,0.6229696,A
2011-10-25,22.0,0.6229696,A
2011-10-26,22.0,0.6229696,A
2011-10-27,21.0,0.5946528,A
2011-10-28,21.0,0.5946528,A
2011-10-29,21.0,0.5946528,A
2011-10-30,21.0,0.5946528,A
2011-10-31,20.0,0.566336,A
2011-11-01,20.0,0.566336,A
2011-11-02,20.0,0.566336,A
2011-11-03,20.0,0.566336,A
2011-11-04,19.0,0.5380192,A
2011-11-05,19.0,0.5380192,A
2011-11-06,19.0,0.5380192,A
2011-11-07,20.0,0.566336,A
2011-11-08,22.0,0.6229696,A
2011-11-09,24.0,0.6796032,A
2011-11-10,25.0,0.70792,A
2011-11-11,27.0,0.7645535999999999,A
2011-11-12,28.0,0.7928704,A
2011-11-13,29.0,0.8211872,A
2011-11-14,33.0,0.9344544,A
2011-11-15,35.0,0.991088,A
2011-11-16,38.0,1.0760384,A
2011-11-17,46.0,1.3025728,A
2011-11-18,56.0,1.5857408,A
2011-11-19,84.0,2.3786112,A
2011-11-20,80.0,2.265344,A
2011-11-21,63.0,1.7839584,A
2011-11-22,53.0,1.5007904,A
2011-11-23,49.0,1.3875232,A
2011-11-24,48.0,1.3592064,A
2011-11-25,50.0,1.41584,A
2011-11-26,66.0,1.8689088,A
2011-11-27,64.0,1.8122752,A
2011-11-28,67.0,1.8972256,A
2011-11-29,75.0,2.12376,A
2011-11-30,131.0,3.7095008,A
2011-12-01,127.0,3.5962336,A
2011-12-02,93.0,2.6334624,A
2011-12-03,74.0,2.0954432,A
2011-12-04,63.0,1.7839584,A
2011-12-05,56.0,1.5857408,A
2011-12-06,53.0,1.5007904,A
2011-12-07,64.0,1.8122752,A
2011-12-08,77.0,2.1803936,A
2011-12-09,94.0,2.6617792,A
2011-12-10,89.0,2.5201952,A
2011-12-11,76.0,2.1520768,A
2011-12-12,67.0,1.8972256,A
2011-12-13,63.0,1.7839584,A
2011-12-14,62.0,1.7556416,A
2011-12-15,63.0,1.7839584,A
2011-12-16,61.0,1.7273247999999999,A
2011-12-17,58.0,1.6423744,A
2011-12-18,55.0,1.557424,A
2011-12-19,53.0,1.5007904,A
2011-12-20,52.0,1.4724736,A
2011-12-21,89.0,2.5201952,A
2011-12-22,163.0,4.6156384,A
2011-12-23,286.0,8.0986048,A
2011-12-24,469.0,13.2805792,A
2011-12-25,489.0,13.8469152,A
2011-12-26,347.0,9.8259296,A
2011-12-27,299.0,8.4667232,A
2011-12-28,318.0,9.0047424,A
2011-12-29,326.0,9.2312768,A
2011-12-30,281.0,7.9570208,A
2011-12-31,240.0,6.796032,A
2012-01-01,201.0,5.6916768,A
2012-01-02,170.0,4.813856,A
2012-01-03,145.0,4.105936,A
2012-01-04,127.0,3.5962336,A
2012-01-05,113.0,3.1997984,A
2012-01-06,105.0,2.973264,A
2012-01-07,100.0,2.83168,A
2012-01-08,97.0,2.7467296,A
2012-01-09,95.0,2.690096,A
2012-01-10,100.0,2.83168,A
2012-01-11,111.0,3.1431648,A
2012-01-12,121.0,3.4263328,A
2012-01-13,134.0,3.7944512,A
2012-01-14,128.0,3.6245504,A
2012-01-15,116.0,3.2847488,A
2012-01-16,107.0,3.0298976,A
2012-01-17,100.0,2.83168,A
2012-01-18,119.0,3.3696992,A
2012-01-19,148.0,4.1908864,A
2012-01-20,176.0,4.9837568,A
2012-01-21,179.0,5.0687071999999995,A
2012-01-22,219.0,6.2013792,A
2012-01-23,265.0,7.503952,A
2012-01-24,496.0,14.0451328,A
2012-01-25,640.0,18.122752,A
2012-01-26,663.0,18.7740384,A
2012-01-27,687.0,19.4536416,A
2012-01-28,701.0,19.8500768,A
2012-01-29,689.0,19.5102752,A
2012-01-30,590.0,16.706912,A
2012-01-31,468.0,13.2522624,A
2012-02-01,374.0,10.5904832,A
2012-02-02,310.0,8.778208,A
2012-02-03,275.0,7.78712,A
2012-02-04,259.0,7.3340512,A
2012-02-05,243.0,6.8809824,A
2012-02-06,229.0,6.4845472,A
2012-02-07,214.0,6.0597952,A
2012-02-08,203.0,5.7483104,A
2012-02-09,194.0,5.4934592,A
2012-02-10,183.0,5.1819744,A
2012-02-11,172.0,4.8704896,A
2012-02-12,161.0,4.5590048,A
2012-02-13,153.0,4.3324704,A
2012-02-14,148.0,4.1908864,A
2012-02-15,149.0,4.2192032,A
2012-02-16,190.0,5.380192,A
2012-02-17,320.0,9.061376,A
2012-02-18,735.0,20.812848,A:e
2012-02-19,1220.0,34.546496,A:e
2012-02-20,1400.0,39.64352,A:e
2012-02-21,1370.0,38.794016,A
2012-02-22,1430.0,40.493024,A
2012-02-23,1770.0,50.120736,A
2012-02-24,2060.0,58.332608,A
2012-02-25,1710.0,48.421728,A
2012-02-26,1170.0,33.130656,A
2012-02-27,678.0,19.1987904,A
2012-02-28,559.0,15.8290912,A
2012-02-29,490.0,13.875232,A
2012-03-01,434.0,12.2894912,A
2012-03-02,451.0,12.7708768,A
2012-03-03,430.0,12.176224,A
2012-03-04,383.0,10.8453344,A
2012-03-05,350.0,9.91088,A
2012-03-06,321.0,9.0896928,A
2012-03-07,295.0,8.353456,A
2012-03-08,268.0,7.5889024,A
2012-03-09,251.0,7.1075168,A
2012-03-10,247.0,6.9942496,A
2012-03-11,242.0,6.8526656,A
2012-03-12,236.0,6.6827648,A
2012-03-13,230.0,6.5128639999999995,A
2012-03-14,245.0,6.937616,A
2012-03-15,308.0,8.7215744,A
2012-03-16,271.0,7.6738528,A
2012-03-17,235.0,6.6544479999999995,A
2012-03-18,214.0,6.0597952,A
2012-03-19,197.0,5.5784096,A
2012-03-20,182.0,5.1536576,A
2012-03-21,169.0,4.7855392,A
2012-03-22,161.0,4.5590048,A
2012-03-23,164.0,4.6439552,A
2012-03-24,398.0,11.2700864,A
2012-03-25,850.0,24.06928,A:e
2012-03-26,1000.0,28.3168,A:e
2012-03-27,1000.0,28.3168,A:e
2012-03-28,768.0,21.7473024,A
2012-03-29,431.0,12.2045408,A
2012-03-30,311.0,8.8065248,A
2012-03-31,350.0,9.91088,A:e
2012-04-01,500.0,14.1584,A:e
2012-04-02,700.0,19.82176,A:e
2012-04-03,950.0,26.90096,A:e
2012-04-04,1300.0,36.81184,A:e
2012-04-05,1200.0,33.98016,A:e
2012-04-06,1000.0,28.3168,A:e
2012-04-07,800.0,22.65344,A:e
2012-04-08,607.0,17.1882976,A
2012-04-09,474.0,13.4221632,A
2012-04-10,375.0,10.6188,A
2012-04-11,306.0,8.6649408,A
2012-04-12,256.0,7.2491008,A
2012-04-13,219.0,6.2013792,A
2012-04-14,194.0,5.4934592,A
2012-04-15,177.0,5.0120736,A
2012-04-16,162.0,4.5873216,A
2012-04-17,154.0,4.3607872,A
2012-04-18,179.0,5.0687071999999995,A
2012-04-19,224.0,6.3429632,A
2012-04-20,290.0,8.211872,A
2012-04-21,297.0,8.4100896,A
2012-04-22,259.0,7.3340512,A
2012-04-23,210.0,5.946528,A
2012-04-24,177.0,5.0120736,A
2012-04-25,154.0,4.3607872,A
2012-04-26,137.0,3.8794016,A
2012-04-27,124.0,3.5112832,A
2012-04-28,113.0,3.1997984,A
2012-04-29,104.0,2.9449472,A
2012-04-30,96.0,2.7184128,A
2012-05-01,89.0,2.5201952,A
2012-05-02,85.0,2.406928,A
2012-05-03,83.0,2.3502944,A
2012-05-04,84.0,2.3786112,A
2012-05-05,88.0,2.4918784,A
2012-05-06,99.0,2.8033632,A
2012-05-07,109.0,3.0865312,A
2012-05-08,106.0,3.0015808,A
2012-05-09,93.0,2.6334624,A
2012-05-10,91.0,2.5768288,A
2012-05-11,93.0,2.6334624,A
2012-05-12,87.0,2.4635616,A
2012-05-13,95.0,2.690096,A
2012-05-14,284.0,8.0419712,A
2012-05-15,520.0,14.724736,A
2012-05-16,529.0,14.9795872,A
2012-05-17,513.0,14.5265184,A
2012-05-18,474.0,13.4221632,A
2012-05-19,395.0,11.185136,A
2012-05-20,236.0,6.6827648,A
2012-05-21,153.0,4.3324704,A
2012-05-22,122.0,3.4546495999999998,A
2012-05-23,109.0,3.0865312,A
2012-05-24,114.0,3.2281152,A
2012-05-25,101.0,2.8599968,A
2012-05-26,88.0,2.4918784,A
2012-05-27,79.0,2.2370272,A
2012-05-28,71.0,2.0104928,A
2012-05-29,65.0,1.840592,A
2012-05-30,59.0,1.6706912,A
2012-05-31,54.0,1.5291071999999999,A
2012-06-01,51.0,1.4441568,A
2012-06-02,47.0,1.3308896,A
2012-06-03,43.0,1.2176224,A
2012-06-04,41.0,1.1609888,A
2012-06-05,40.0,1.132672,A
2012-06-06,40.0,1.132672,A
2012-06-07,38.0,1.0760384,A
2012-06-08,39.0,1.1043552,A
2012-06-09,53.0,1.5007904,A
2012-06-10,177.0,5.0120736,A
2012-06-11,176.0,4.9837568,A
2012-06-12,379.0,10.7320672,A:e
2012-06-13,616.0,17.4431488,A:e
2012-06-14,763.0,21.6057184,A:e
2012-06-15,825.0,23.36136,A:e
2012-06-16,801.0,22.6817568,A:e
2012-06-17,726.0,20.557996799999998,A
2012-06-18,402.0,11.3833536,A
2012-06-19,240.0,6.796032,A
2012-06-20,175.0,4.95544,A
2012-06-21,131.0,3.7095008,A
2012-06-22,108.0,3.0582143999999998,A
2012-06-23,96.0,2.7184128,A
2012-06-24,83.0,2.3502944,A
2012-06-25,74.0,2.0954432,A
2012-06-26,68.0,1.9255423999999999,A
2012-06-27,61.0,1.7273247999999999,A
2012-06-28,54.0,1.5291071999999999,A
2012-06-29,49.0,1.3875232,A
2012-06-30,45.0,1.274256,A
2012-07-01,42.0,1.1893056,A
2012-07-02,39.0,1.1043552,A
2012-07-03,41.0,1.1609888,A
2012-07-04,49.0,1.3875232,A
2012-07-05,39.0,1.1043552,A
2012-07-06,50.0,1.41584,A
2012-07-07,51.0,1.4441568,A
2012-07-08,43.0,1.2176224,A
2012-07-09,38.0,1.0760384,A
2012-07-10,38.0,1.0760384,A
2012-07-11,36.0,1.0194048,A
2012-07-12,49.0,1.3875232,A
2012-07-13,49.0,1.3875232,A
2012-07-14,53.0,1.5007904,A
2012-07-15,43.0,1.2176224,A
2012-07-16,48.0,1.3592064,A
2012-07-17,72.0,2.0388096,A
2012-07-18,92.0,2.6051456,A
2012-07-19,62.0,1.7556416,A
2012-07-20,74.0,2.0954432,A
2012-07-21,115.0,3.2564319999999998,A
2012-07-22,92.0,2.6051456,A
2012-07-23,80.0,2.265344,A
2012-07-24,64.0,1.8122752,A
2012-07-25,53.0,1.5007904,A
2012-07-26,45.0,1.274256,A
2012-07-27,39.0,1.1043552,A
2012-07-28,37.0,1.0477216,A
2012-07-29,33.0,0.9344544,A
2012-07-30,37.0,1.0477216,A
2012-07-31,53.0,1.5007904,A
2012-08-01,46.0,1.3025728,A
2012-08-02,44.0,1.2459392,A
2012-08-03,54.0,1.5291071999999999,A
2012-08-04,63.0,1.7839584,A
2012-08-05,46.0,1.3025728,A
2012-08-06,42.0,1.1893056,A
2012-08-07,46.0,1.3025728,A
2012-08-08,44.0,1.2459392,A
2012-08-09,48.0,1.3592064,A
2012-08-10,77.0,2.1803936,A
2012-08-11,73.0,2.0671264,A
2012-08-12,58.0,1.6423744,A
2012-08-13,49.0,1.3875232,A
2012-08-14,61.0,1.7273247999999999,A
2012-08-15,89.0,2.5201952,A
2012-08-16,72.0,2.0388096,A
2012-08-17,60.0,1.699008,A
2012-08-18,52.0,1.4724736,A
2012-08-19,55.0,1.557424,A
2012-08-20,50.0,1.41584,A
2012-08-21,61.0,1.7273247999999999,A
2012-08-22,64.0,1.8122752,A
2012-08-23,75.0,2.12376,A
2012-08-24,65.0,1.840592,A
2012-08-25,70.0,1.982176,A
2012-08-26,63.0,1.7839584,A
2012-08-27,52.0,1.4724736,A
2012-08-28,46.0,1.3025728,A
2012-08-29,40.0,1.132672,A
2012-08-30,39.0,1.1043552,A
2012-08-31,39.0,1.1043552,A
2012-09-01,36.0,1.0194048,A
2012-09-02,34.0,0.9627711999999999,A
2012-09-03,32.0,0.9061376,A
2012-09-04,215.0,6.088112,A
2012-09-05,328.0,9.2879104,A:e
2012-09-06,343.0,9.7126624,A
2012-09-07,215.0,6.088112,A
2012-09-08,172.0,4.8704896,A
2012-09-09,191.0,5.4085088,A
2012-09-10,159.0,4.5023712,A
2012-09-11,129.0,3.6528671999999998,A
2012-09-12,101.0,2.8599968,A
2012-09-13,82.0,2.3219776,A
2012-09-14,69.0,1.9538592,A
2012-09-15,60.0,1.699008,A
2012-09-16,53.0,1.5007904,A
2012-09-17,49.0,1.3875232,A
2012-09-18,53.0,1.5007904,A
2012-09-19,55.0,1.557424,A
2012-09-20,84.0,2.3786112,A
2012-09-21,79.0,2.2370272,A
2012-09-22,67.0,1.8972256,A
2012-09-23,60.0,1.699008,A
2012-09-24,54.0,1.5291071999999999,A
2012-09-25,48.0,1.3592064,A
2012-09-26,43.0,1.2176224,A
2012-09-27,39.0,1.1043552,A
2012-09-28,37.0,1.0477216,A
2012-09-29,36.0,1.0194048,A
2012-09-30,36.0,1.0194048,A
2012-10-01,62.0,1.7556416,A
2012-10-02,69.0,1.9538592,A
2012-10-03,145.0,4.105936,A
2012-10-04,124.0,3.5112832,A
2012-10-05,91.0,2.5768288,A
2012-10-06,78.0,2.2087104,A
2012-10-07,70.0,1.982176,A
2012-10-08,61.0,1.7273247999999999,A
2012-10-09,55.0,1.557424,A
2012-10-10,50.0,1.41584,A
2012-10-11,46.0,1.3025728,A
2012-10-12,42.0,1.1893056,A
2012-10-13,40.0,1.132672,A
2012-10-14,38.0,1.0760384,A
2012-10-15,37.0,1.0477216,A
2012-10-16,36.0,1.0194048,A
2012-10-17,35.0,0.991088,A
2012-10-18,36.0,1.0194048,A
2012-10-19,38.0,1.0760384,A
2012-10-20,38.0,1.0760384,A
2012-10-21,38.0,1.0760384,A
2012-10-22,37.0,1.0477216,A
2012-10-23,36.0,1.0194048,A
2012-10-24,34.0,0.9627711999999999,A
2012-10-25,33.0,0.9344544,A
2012-10-26,33.0,0.9344544,A
2012-10-27,33.0,0.9344544,A
2012-10-28,32.0,0.9061376,A
2012-10-29,32.0,0.9061376,A
2012-10-30,32.0,0.9061376,A
2012-10-31,32.0,0.9061376,A
2012-11-01,32.0,0.9061376,A
2012-11-02,31.0,0.8778208,A
2012-11-03,31.0,0.8778208,A
2012-11-04,32.0,0.9061376,A
2012-11-05,32.0,0.9061376,A
2012-11-06,33.0,0.9344544,A
2012-11-07,34.0,0.9627711999999999,A
2012-11-08,37.0,1.0477216,A
2012-11-09,40.0,1.132672,A
2012-11-10,41.0,1.1609888,A
2012-11-11,39.0,1.1043552,A
2012-11-12,40.0,1.132672,A
2012-11-13,49.0,1.3875232,A
2012-11-14,52.0,1.4724736,A
2012-11-15,68.0,1.9255423999999999,A
2012-11-16,67.0,1.8972256,A
2012-11-17,59.0,1.6706912,A
2012-11-18,56.0,1.5857408,A
2012-11-19,54.0,1.5291071999999999,A
2012-11-20,52.0,1.4724736,A
2012-11-21,50.0,1.41584,A
2012-11-22,50.0,1.41584,A
2012-11-23,50.0,1.41584,A
2012-11-24,51.0,1.4441568,A
2012-11-25,50.0,1.41584,A
2012-11-26,49.0,1.3875232,A
2012-11-27,50.0,1.41584,A
2012-11-28,53.0,1.5007904,A
2012-11-29,53.0,1.5007904,A
2012-11-30,60.0,1.699008,A
2012-12-01,64.0,1.8122752,A
2012-12-02,61.0,1.7273247999999999,A
2012-12-03,60.0,1.699008,A
2012-12-04,59.0,1.6706912,A
2012-12-05,58.0,1.6423744,A
2012-12-06,59.0,1.6706912,A
2012-12-07,58.0,1.6423744,A
2012-12-08,56.0,1.5857408,A
2012-12-09,57.0,1.6140576,A
2012-12-10,62.0,1.7556416,A
2012-12-11,71.0,2.0104928,A
2012-12-12,75.0,2.12376,A
2012-12-13,88.0,2.4918784,A
2012-12-14,81.0,2.2936608,A
2012-12-15,80.0,2.265344,A
2012-12-16,77.0,2.1803936,A
2012-12-17,105.0,2.973264,A
2012-12-18,173.0,4.8988064,A
2012-12-19,324.0,9.1746432,A
2012-12-20,306.0,8.6649408,A
2012-12-21,293.0,8.2968224,A
2012-12-22,313.0,8.8631584,A
2012-12-23,255.0,7.220784,A
2012-12-24,217.0,6.1447456,A
2012-12-25,226.0,6.3995968,A
2012-12-26,489.0,13.8469152,A
2012-12-27,727.0,20.5863136,A
2012-12-28,792.0,22.4269056,A
2012-12-29,821.0,23.2480928,A
2012-12-30,833.0,23.5878944,A
2012-12-31,842.0,23.8427456,A
2013-01-01,764.0,21.6340352,A
2013-01-02,576.0,16.3104768,A
2013-01-03,456.0,12.9124608,A
2013-01-04,441.0,12.4877088,A
2013-01-05,448.0,12.6859264,A
2013-01-06,424.0,12.0063232,A
2013-01-07,382.0,10.8170176,A
2013-01-08,330.0,9.344543999999999,A
2013-01-09,294.0,8.3251392,A
2013-01-10,266.0,7.5322688,A
2013-01-11,246.0,6.9659328,A
2013-01-12,233.0,6.5978144,A
2013-01-13,222.0,6.2863296,A
2013-01-14,215.0,6.088112,A
2013-01-15,210.0,5.946528,A
2013-01-16,236.0,6.6827648,A
2013-01-17,397.0,11.2417696,A
2013-01-18,576.0,16.3104768,A
2013-01-19,645.0,18.264336,A
2013-01-20,673.0,19.0572064,A
2013-01-21,586.0,16.5936448,A
2013-01-22,445.0,12.600976,A
2013-01-23,342.0,9.6843456,A
2013-01-24,285.0,8.070288,A
2013-01-25,255.0,7.220784,A
2013-01-26,236.0,6.6827648,A
2013-01-27,224.0,6.3429632,A
2013-01-28,214.0,6.0597952,A
2013-01-29,205.0,5.804944,A
2013-01-30,221.0,6.2580127999999995,A
2013-01-31,305.0,8.636624,A
2013-02-01,429.0,12.1479072,A
2013-02-02,470.0,13.308895999999999,A
2013-02-03,477.0,13.5071136,A
2013-02-04,398.0,11.2700864,A
2013-02-05,322.0,9.1180096,A
2013-02-06,276.0,7.8154368,A
2013-02-07,279.0,7.9003872,A
2013-02-08,379.0,10.7320672,A
2013-02-09,581.0,16.452060799999998,A
2013-02-10,682.0,19.3120576,A
2013-02-11,1300.0,36.81184,A
2013-02-12,1630.0,46.156384,A
2013-02-13,2300.0,65.12864,A
2013-02-14,4910.0,139.035488,A
2013-02-15,6930.0,196.235424,A
2013-02-16,5290.0,149.795872,A
2013-02-17,3800.0,107.60384,A
2013-02-18,2890.0,81.83555199999999,A
2013-02-19,2190.0,62.013792,A
2013-02-20,1720.0,48.704896,A
2013-02-21,1280.0,36.245504,A
2013-02-22,1280.0,36.245504,A
2013-02-23,1670.0,47.289056,A
2013-02-24,1610.0,45.590047999999996,A
2013-02-25,1750.0,49.5544,A
2013-02-26,2880.0,81.552384,A
2013-02-27,3630.0,102.789984,A
2013-02-28,4710.0,133.372128,A
2013-03-01,5350.0,151.49488,A
2013-03-02,4150.0,117.51472,A
2013-03-03,3200.0,90.61376,A
2013-03-04,2400.0,67.96032,A
2013-03-05,1810.0,51.253408,A
2013-03-06,1360.0,38.510848,A
2013-03-07,995.0,28.175216,A
2013-03-08,850.0,24.06928,A
2013-03-09,745.0,21.096016,A
2013-03-10,669.0,18.9439392,A
2013-03-11,665.0,18.830672,A
2013-03-12,931.0,26.3629408,A
2013-03-13,996.0,28.203532799999998,A
2013-03-14,991.0,28.0619488,A
2013-03-15,982.0,27.8070976,A
2013-03-16,979.0,27.7221472,A
2013-03-17,860.0,24.352448,A
2013-03-18,704.0,19.9350272,A
2013-03-19,709.0,20.0766112,A
2013-03-20,749.0,21.209283199999998,A
2013-03-21,746.0,21.1243328,A
2013-03-22,755.0,21.379184,A
2013-03-23,743.0,21.0393824,A
2013-03-24,1100.0,31.14848,A
2013-03-25,1190.0,33.696992,A
2013-03-26,1080.0,30.582144,A
2013-03-27,1080.0,30.582144,A
2013-03-28,1150.0,32.56432,A
2013-03-29,1220.0,34.546496,A
2013-03-30,1170.0,33.130656,A
2013-03-31,832.0,23.5595776,A
2013-04-01,595.0,16.848496,A
2013-04-02,615.0,17.414832,A
2013-04-03,652.0,18.4625536,A
2013-04-04,677.0,19.1704736,A
2013-04-05,671.0,19.0005728,A
2013-04-06,624.0,17.6696832,A
2013-04-07,544.0,15.404339199999999,A
2013-04-08,503.0,14.2433504,A
2013-04-09,459.0,12.9974112,A
2013-04-10,419.0,11.8647392,A
2013-04-11,387.0,10.9586016,A
2013-04-12,604.0,17.103347199999998,A
2013-04-13,602.0,17.0467136,A
2013-04-14,743.0,21.0393824,A
2013-04-15,1190.0,33.696992,A
2013-04-16,1160.0,32.847488,A
2013-04-17,1120.0,31.714816,A
2013-04-18,1140.0,32.281152,A
2013-04-19,1190.0,33.696992,A
2013-04-20,1070.0,30.298976,A
2013-04-21,790.0,22.370272,A
2013-04-22,597.0,16.9051296,A
2013-04-23,516.0,14.611468799999999,A
2013-04-24,437.0,12.374441599999999,A
2013-04-25,370.0,10.477216,A
2013-04-26,323.0,9.1463264,A
2013-04-27,288.0,8.1552384,A
2013-04-28,262.0,7.4190016,A
2013-04-29,242.0,6.8526656,A
2013-04-30,232.0,6.5694976,A
2013-05-01,239.0,6.7677152,A
2013-05-02,231.0,6.5411808,A
2013-05-03,222.0,6.2863296,A
2013-05-04,268.0,7.5889024,A
2013-05-05,360.0,10.194048,A
2013-05-06,412.0,11.6665216,A
2013-05-07,403.0,11.4116704,A
2013-05-08,380.0,10.760384,A
2013-05-09,340.0,9.627712,A
2013-05-10,276.0,7.8154368,A
2013-05-11,222.0,6.2863296,A
2013-05-12,195.0,5.521776,A
2013-05-13,177.0,5.0120736,A
2013-05-14,161.0,4.5590048,A
2013-05-15,148.0,4.1908864,A
2013-05-16,139.0,3.9360352,A
2013-05-17,130.0,3.681184,A
2013-05-18,121.0,3.4263328,A
2013-05-19,116.0,3.2847488,A
2013-05-20,114.0,3.2281152,A
2013-05-21,109.0,3.0865312,A
2013-05-22,104.0,2.9449472,A
2013-05-23,101.0,2.8599968,A
2013-05-24,94.0,2.6617792,A
2013-05-25,101.0,2.8599968,A
2013-05-26,93.0,2.6334624,A
2013-05-27,83.0,2.3502944,A
2013-05-28,77.0,2.1803936,A
2013-05-29,72.0,2.0388096,A
2013-05-30,67.0,1.8972256,A
2013-05-31,63.0,1.7839584,A
2013-06-01,64.0,1.8122752,A
2013-06-02,68.0,1.9255423999999999,A
2013-06-03,72.0,2.0388096,A
2013-06-04,70.0,1.982176,A
2013-06-05,68.0,1.9255423999999999,A
2013-06-06,71.0,2.0104928,A
2013-06-07,82.0,2.3219776,A
2013-06-08,89.0,2.5201952,A
2013-06-09,101.0,2.8599968,A
2013-06-10,113.0,3.1997984,A
2013-06-11,114.0,3.2281152,A
2013-06-12,113.0,3.1997984,A
2013-06-13,103.0,2.9166304,A
2013-06-14,92.0,2.6051456,A
2013-06-15,91.0,2.5768288,A
2013-06-16,91.0,2.5768288,A
2013-06-17,92.0,2.6051456,A
2013-06-18,89.0,2.5201952,A
2013-06-19,103.0,2.9166304,A
2013-06-20,113.0,3.1997984,A
2013-06-21,124.0,3.5112832,A
2013-06-22,135.0,3.822768,A
2013-06-23,131.0,3.7095008,A
2013-06-24,118.0,3.3413824,A
2013-06-25,100.0,2.83168,A
2013-06-26,88.0,2.4918784,A
2013-06-27,80.0,2.265344,A
2013-06-28,74.0,2.0954432,A
2013-06-29,79.0,2.2370272,A
2013-06-30,96.0,2.7184128,A
2013-07-01,163.0,4.6156384,A
2013-07-02,156.0,4.4174208,A
2013-07-03,173.0,4.8988064,A
2013-07-04,274.0,7.7588032,A
2013-07-05,587.0,16.6219616,A
2013-07-06,791.0,22.3985888,A
2013-07-07,933.0,26.4195744,A
2013-07-08,989.0,28.0053152,A
2013-07-09,1450.0,41.05936,A
2013-07-10,1270.0,35.962336,A
2013-07-11,1520.0,43.041536,A
2013-07-12,1380.0,39.077184,A
2013-07-13,1510.0,42.758368,A
2013-07-14,2110.0,59.748447999999996,A
2013-07-15,2850.0,80.70288,A
2013-07-16,2620.0,74.190016,A
2013-07-17,2090.0,59.182112,A
2013-07-18,1520.0,43.041536,A
2013-07-19,793.0,22.4552224,A
2013-07-20,566.0,16.0273088,A
2013-07-21,680.0,19.255424,A
2013-07-22,732.0,20.7278976,A
2013-07-23,840.0,23.786112,A
2013-07-24,885.0,25.060368,A
2013-07-25,925.0,26.19304,A
2013-07-26,1060.0,30.015808,A
2013-07-27,1220.0,34.546496,A
2013-07-28,1820.0,51.536576,A
2013-07-29,2610.0,73.906848,A
2013-07-30,2250.0,63.7128,A
2013-07-31,1700.0,48.13856,A
2013-08-01,2000.0,56.6336,A
2013-08-02,2330.0,65.978144,A
2013-08-03,2070.0,58.615776,A
2013-08-04,1550.0,43.89104,A
2013-08-05,1130.0,31.997984,A
2013-08-06,835.0,23.644528,A
2013-08-07,607.0,17.1882976,A
2013-08-08,561.0,15.8857248,A
2013-08-09,648.0,18.3492864,A
2013-08-10,653.0,18.4908704,A
2013-08-11,565.0,15.998992,A
2013-08-12,519.0,14.6964192,A
2013-08-13,472.0,13.3655296,A
2013-08-14,457.0,12.9407776,A
2013-08-15,441.0,12.4877088,A
2013-08-16,392.0,11.1001856,A
2013-08-17,522.0,14.7813696,A
2013-08-18,1200.0,33.98016,A
2013-08-19,2670.0,75.605856,A
2013-08-20,2760.0,78.154368,A
2013-08-21,2290.0,64.845472,A
2013-08-22,1860.0,52.669247999999996,A
2013-08-23,1440.0,40.776192,A
2013-08-24,1390.0,39.360352,A
2013-08-25,1510.0,42.758368,A
2013-08-26,1090.0,30.865312,A
2013-08-27,538.0,15.2344384,A
2013-08-28,394.0,11.1568192,A
2013-08-29,320.0,9.061376,A
2013-08-30,274.0,7.7588032,A
2013-08-31,241.0,6.8243488,A
2013-09-01,220.0,6.229696,A
2013-09-02,207.0,5.8615775999999995,A
2013-09-03,195.0,5.521776,A
2013-09-04,258.0,7.3057343999999995,A
2013-09-05,444.0,12.5726592,A
2013-09-06,580.0,16.423744,A
2013-09-07,460.0,13.025727999999999,A
2013-09-08,292.0,8.2685056,A
2013-09-09,227.0,6.4279136,A
2013-09-10,191.0,5.4085088,A
2013-09-11,168.0,4.7572224,A
2013-09-12,153.0,4.3324704,A
2013-09-13,141.0,3.9926688,A
2013-09-14,133.0,3.7661344,A
2013-09-15,129.0,3.6528671999999998,A
2013-09-16,122.0,3.4546495999999998,A
2013-09-17,118.0,3.3413824,A
2013-09-18,116.0,3.2847488,A
2013-09-19,114.0,3.2281152,A
2013-09-20,105.0,2.973264,A
2013-09-21,101.0,2.8599968,A
2013-09-22,110.0,3.114848,A
2013-09-23,135.0,3.822768,A
2013-09-24,153.0,4.3324704,A
2013-09-25,159.0,4.5023712,A
2013-09-26,210.0,5.946528,A
2013-09-27,213.0,6.0314784,A
2013-09-28,179.0,5.0687071999999995,A
2013-09-29,155.0,4.389104,A
2013-09-30,133.0,3.7661344,A
2013-10-01,118.0,3.3413824,A
2013-10-02,108.0,3.0582143999999998,A
2013-10-03,100.0,2.83168,A
2013-10-04,93.0,2.6334624,A
2013-10-05,89.0,2.5201952,A
2013-10-06,86.0,2.4352448,A
2013-10-07,86.0,2.4352448,A
2013-10-08,89.0,2.5201952,A
2013-10-09,95.0,2.690096,A
2013-10-10,92.0,2.6051456,A
2013-10-11,86.0,2.4352448,A
2013-10-12,85.0,2.406928,A
2013-10-13,81.0,2.2936608,A
2013-10-14,77.0,2.1803936,A
2013-10-15,72.0,2.0388096,A
2013-10-16,68.0,1.9255423999999999,A
2013-10-17,66.0,1.8689088,A
2013-10-18,70.0,1.982176,A
2013-10-19,69.0,1.9538592,A
2013-10-20,73.0,2.0671264,A
2013-10-21,76.0,2.1520768,A
2013-10-22,76.0,2.1520768,A
2013-10-23,74.0,2.0954432,A
2013-10-24,72.0,2.0388096,A
2013-10-25,70.0,1.982176,A
2013-10-26,66.0,1.8689088,A
2013-10-27,63.0,1.7839584,A
2013-10-28,62.0,1.7556416,A
2013-10-29,60.0,1.699008,A
2013-10-30,60.0,1.699008,A
2013-10-31,59.0,1.6706912,A
2013-11-01,61.0,1.7273247999999999,A
2013-11-02,64.0,1.8122752,A
2013-11-03,72.0,2.0388096,A
2013-11-04,83.0,2.3502944,A
2013-11-05,79.0,2.2370272,A
2013-11-06,72.0,2.0388096,A
2013-11-07,68.0,1.9255423999999999,A
2013-11-08,67.0,1.8972256,A
2013-11-09,66.0,1.8689088,A
2013-11-10,66.0,1.8689088,A
2013-11-11,66.0,1.8689088,A
2013-11-12,65.0,1.840592,A
2013-11-13,64.0,1.8122752,A
2013-11-14,62.0,1.7556416,A
2013-11-15,62.0,1.7556416,A
2013-11-16,64.0,1.8122752,A
2013-11-17,67.0,1.8972256,A
2013-11-18,71.0,2.0104928,A
2013-11-19,74.0,2.0954432,A
2013-11-20,76.0,2.1520768,A
2013-11-21,81.0,2.2936608,A
2013-11-22,81.0,2.2936608,A
2013-11-23,78.0,2.2087104,A
2013-11-24,78.0,2.2087104,A
2013-11-25,77.0,2.1803936,A
2013-11-26,86.0,2.4352448,A
2013-11-27,117.0,3.3130656,A
2013-11-28,213.0,6.0314784,A
2013-11-29,240.0,6.796032,A
2013-11-30,210.0,5.946528,A
2013-12-01,183.0,5.1819744,A
2013-12-02,159.0,4.5023712,A
2013-12-03,148.0,4.1908864,A
2013-12-04,158.0,4.4740544,A
2013-12-05,194.0,5.4934592,A
2013-12-06,241.0,6.8243488,A
2013-12-07,258.0,7.3057343999999995,A
2013-12-08,260.0,7.362368,A
2013-12-09,251.0,7.1075168,A
2013-12-10,232.0,6.5694976,A
2013-12-11,221.0,6.2580127999999995,A
2013-12-12,208.0,5.8898944,A
2013-12-13,189.0,5.3518752,A
2013-12-14,177.0,5.0120736,A
2013-12-15,178.0,5.0403904,A
2013-12-16,179.0,5.0687071999999995,A
2013-12-17,181.0,5.1253408,A
2013-12-18,178.0,5.0403904,A
2013-12-19,176.0,4.9837568,A
2013-12-20,170.0,4.813856,A:e
2013-12-21,161.0,4.5590048,A:e
2013-12-22,220.0,6.229696,A:e
2013-12-23,645.0,18.264336,A:e
2013-12-24,870.0,24.635616,A:e
2013-12-25,902.0,25.5417536,A
2013-12-26,960.0,27.184128,A
2013-12-27,1070.0,30.298976,A
2013-12-28,1210.0,34.263328,A:e
2013-12-29,1410.0,39.926688,A:e
2013-12-30,1460.0,41.342528,A:e
2013-12-31,1330.0,37.661344,A:e
2014-01-01,1200.0,33.98016,A
2014-01-02,1250.0,35.396,A
2014-01-03,1350.0,38.22768,A
2014-01-04,1290.0,36.528672,A
2014-01-05,943.0,26.702742399999998,A:e
2014-01-06,713.0,20.1898784,A:e
2014-01-07,564.0,15.9706752,A:e
2014-01-08,503.0,14.2433504,A
2014-01-09,457.0,12.9407776,A
2014-01-10,432.0,12.232857599999999,A
2014-01-11,521.0,14.753052799999999,A
2014-01-12,919.0,26.0231392,A
2014-01-13,1040.0,29.449472,A
2014-01-14,1120.0,31.714816,A
2014-01-15,1230.0,34.829664,A
2014-01-16,1370.0,38.794016,A
2014-01-17,1460.0,41.342528,A
2014-01-18,1410.0,39.926688,A
2014-01-19,1040.0,29.449472,A
2014-01-20,675.0,19.11384,A
2014-01-21,533.0,15.0928544,A
2014-01-22,464.0,13.1389952,A
2014-01-23,416.0,11.7797888,A
2014-01-24,382.0,10.8170176,A
2014-01-25,359.0,10.1657312,A
2014-01-26,342.0,9.6843456,A
2014-01-27,342.0,9.6843456,A
2014-01-28,396.0,11.2134528,A
2014-01-29,443.0,12.5443424,A
2014-01-30,455.0,12.884144,A
2014-01-31,452.0,12.7991936,A
2014-02-01,464.0,13.1389952,A
2014-02-02,486.0,13.7619648,A
2014-02-03,503.0,14.2433504,A
2014-02-04,515.0,14.583152,A
2014-02-05,604.0,17.103347199999998,A
2014-02-06,767.0,21.7189856,A
2014-02-07,825.0,23.36136,A
2014-02-08,862.0,24.4090816,A
2014-02-09,898.0,25.4284864,A
2014-02-10,846.0,23.9560128,A
2014-02-11,723.0,20.4730464,A
2014-02-12,1300.0,36.81184,A
2014-02-13,1860.0,52.669247999999996,A
2014-02-14,1670.0,47.289056,A
2014-02-15,1680.0,47.572224,A
2014-02-16,2540.0,71.924672,A
2014-02-17,3080.0,87.215744,A
2014-02-18,2540.0,71.924672,A
2014-02-19,1930.0,54.651424,A
2014-02-20,1420.0,40.209856,A
2014-02-21,1200.0,33.98016,A
2014-02-22,1240.0,35.112832,A
2014-02-23,1200.0,33.98016,A
2014-02-24,1260.0,35.679168,A
2014-02-25,1350.0,38.22768,A
2014-02-26,1450.0,41.05936,A
2014-02-27,1420.0,40.209856,A
2014-02-28,1240.0,35.112832,A
2014-03-01,1020.0,28.883136,A
2014-03-02,894.0,25.3152192,A
2014-03-03,784.0,22.2003712,A
2014-03-04,677.0,19.1704736,A
2014-03-05,618.0,17.4997824,A
2014-03-06,579.0,16.3954272,A
2014-03-07,564.0,15.9706752,A
2014-03-08,565.0,15.998992,A
2014-03-09,555.0,15.715824,A
2014-03-10,533.0,15.0928544,A
2014-03-11,498.0,14.101766399999999,A
2014-03-12,480.0,13.592064,A
2014-03-13,474.0,13.4221632,A
2014-03-14,467.0,13.2239456,A
2014-03-15,456.0,12.9124608,A
2014-03-16,546.0,15.4609728,A
2014-03-17,1150.0,32.56432,A
2014-03-18,1300.0,36.81184,A
2014-03-19,1310.0,37.095008,A
2014-03-20,1420.0,40.209856,A
2014-03-21,1670.0,47.289056,A
2014-03-22,1840.0,52.102911999999996,A
2014-03-23,1680.0,47.572224,A
2014-03-24,1130.0,31.997984,A
2014-03-25,749.0,21.209283199999998,A
2014-03-26,636.0,18.0094848,A
2014-03-27,562.0,15.9140416,A
2014-03-28,885.0,25.060368,A
2014-03-29,1740.0,49.271232,A
2014-03-30,1660.0,47.005888,A
2014-03-31,1680.0,47.572224,A
2014-04-01,2070.0,58.615776,A
2014-04-02,2560.0,72.491008,A
2014-04-03,2230.0,63.146464,A
2014-04-04,1720.0,48.704896,A
2014-04-05,1080.0,30.582144,A
2014-04-06,1490.0,42.192032,A
2014-04-07,3940.0,111.568192,A
2014-04-08,4510.0,127.70876799999999,A
2014-04-09,6910.0,195.669088,A
2014-04-10,7390.0,209.261152,A
2014-04-11,4760.0,134.787968,A
2014-04-12,3520.0,99.675136,A
2014-04-13,2690.0,76.172192,A
2014-04-14,2010.0,56.916768,A
2014-04-15,1930.0,54.651424,A
2014-04-16,1700.0,48.13856,A
2014-04-17,1550.0,43.89104,A
2014-04-18,1860.0,52.669247999999996,A
2014-04-19,2780.0,78.720704,A
2014-04-20,2870.0,81.269216,A
2014-04-21,2760.0,78.154368,A
2014-04-22,3520.0,99.675136,A
2014-04-23,3310.0,93.728608,A
2014-04-24,2650.0,75.03952,A
2014-04-25,2000.0,56.6336,A
2014-04-26,1490.0,42.192032,A
2014-04-27,1020.0,28.883136,A
2014-04-28,782.0,22.1437376,A
2014-04-29,851.0,24.097596799999998,A
2014-04-30,1530.0,43.324704,A
2014-05-01,1210.0,34.263328,A
2014-05-02,988.0,27.9769984,A
2014-05-03,887.0,25.1170016,A
2014-05-04,802.0,22.7100736,A
2014-05-05,693.0,19.623542399999998,A
2014-05-06,552.0,15.6308736,A
2014-05-07,457.0,12.9407776,A
2014-05-08,404.0,11.4399872,A
2014-05-09,368.0,10.4205824,A
2014-05-10,454.0,12.8558272,A
2014-05-11,662.0,18.7457216,A
2014-05-12,605.0,17.131664,A
2014-05-13,553.0,15.6591904,A
2014-05-14,647.0,18.3209696,A
2014-05-15,2110.0,59.748447999999996,A
2014-05-16,2460.0,69.659328,A
2014-05-17,1920.0,54.368256,A
2014-05-18,2920.0,82.685056,A
2014-05-19,2930.0,82.96822399999999,A
2014-05-20,2100.0,59.46528,A
2014-05-21,1450.0,41.05936,A
2014-05-22,756.0,21.4075008,A
2014-05-23,513.0,14.5265184,A
2014-05-24,425.0,12.03464,A
2014-05-25,369.0,10.4488992,A
2014-05-26,335.0,9.486127999999999,A
2014-05-27,308.0,8.7215744,A
2014-05-28,336.0,9.5144448,A
2014-05-29,366.0,10.3639488,A
2014-05-30,400.0,11.32672,A
2014-05-31,436.0,12.3461248,A
2014-06-01,379.0,10.7320672,A
2014-06-02,390.0,11.043552,A
2014-06-03,446.0,12.6292928,A
2014-06-04,490.0,13.875232,A
2014-06-05,452.0,12.7991936,A
2014-06-06,383.0,10.8453344,A
2014-06-07,334.0,9.4578112,A
2014-06-08,313.0,8.8631584,A
2014-06-09,383.0,10.8453344,A
2014-06-10,468.0,13.2522624,A
2014-06-11,534.0,15.1211712,A
2014-06-12,508.0,14.3849344,A
2014-06-13,470.0,13.308895999999999,A
2014-06-14,458.0,12.9690944,A
2014-06-15,450.0,12.74256,A
2014-06-16,386.0,10.930284799999999,A
2014-06-17,311.0,8.8065248,A
2014-06-18,280.0,7.928704,A
2014-06-19,295.0,8.353456,A
2014-06-20,242.0,6.8526656,A
2014-06-21,200.0,5.66336,A
2014-06-22,173.0,4.8988064,A
2014-06-23,162.0,4.5873216,A
2014-06-24,191.0,5.4085088,A
2014-06-25,232.0,6.5694976,A
2014-06-26,251.0,7.1075168,A
2014-06-27,235.0,6.6544479999999995,A
2014-06-28,230.0,6.5128639999999995,A
2014-06-29,224.0,6.3429632,A
2014-06-30,229.0,6.4845472,A
2014-07-01,193.0,5.4651423999999995,A
2014-07-02,169.0,4.7855392,A
2014-07-03,151.0,4.2758367999999995,A
2014-07-04,134.0,3.7944512,A
2014-07-05,120.0,3.398016,A
2014-07-06,109.0,3.0865312,A
2014-07-07,101.0,2.8599968,A
2014-07-08,95.0,2.690096,A
2014-07-09,89.0,2.5201952,A
2014-07-10,92.0,2.6051456,A
2014-07-11,110.0,3.114848,A
2014-07-12,98.0,2.7750464,A
2014-07-13,114.0,3.2281152,A
2014-07-14,126.0,3.5679168,A
2014-07-15,117.0,3.3130656,A
2014-07-16,114.0,3.2281152,A
2014-07-17,111.0,3.1431648,A
2014-07-18,112.0,3.1714816,A
2014-07-19,113.0,3.1997984,A
2014-07-20,168.0,4.7572224,A
2014-07-21,284.0,8.0419712,A
2014-07-22,265.0,7.503952,A
2014-07-23,333.0,9.4294944,A
2014-07-24,443.0,12.5443424,A
2014-07-25,438.0,12.4027584,A
2014-07-26,433.0,12.2611744,A
2014-07-27,276.0,7.8154368,A
2014-07-28,182.0,5.1536576,A
2014-07-29,146.0,4.1342528,A
2014-07-30,124.0,3.5112832,A
2014-07-31,109.0,3.0865312,A
2014-08-01,98.0,2.7750464,A
2014-08-02,90.0,2.548512,A
2014-08-03,86.0,2.4352448,A
2014-08-04,103.0,2.9166304,A
2014-08-05,89.0,2.5201952,A
2014-08-06,96.0,2.7184128,A
2014-08-07,88.0,2.4918784,A
2014-08-08,84.0,2.3786112,A
2014-08-09,83.0,2.3502944,A
2014-08-10,95.0,2.690096,A
2014-08-11,245.0,6.937616,A
2014-08-12,285.0,8.070288,A
2014-08-13,213.0,6.0314784,A
2014-08-14,156.0,4.4174208,A
2014-08-15,139.0,3.9360352,A
2014-08-16,129.0,3.6528671999999998,A
2014-08-17,115.0,3.2564319999999998,A
2014-08-18,108.0,3.0582143999999998,A
2014-08-19,138.0,3.9077184,A
2014-08-20,329.0,9.3162272,A
2014-08-21,297.0,8.4100896,A
2014-08-22,182.0,5.1536576,A
2014-08-23,142.0,4.0209856,A
2014-08-24,129.0,3.6528671999999998,A
2014-08-25,115.0,3.2564319999999998,A
2014-08-26,102.0,2.8883136,A
2014-08-27,93.0,2.6334624,A
2014-08-28,83.0,2.3502944,A
2014-08-29,78.0,2.2087104,A
2014-08-30,74.0,2.0954432,A
2014-08-31,71.0,2.0104928,A
2014-09-01,71.0,2.0104928,A
2014-09-02,70.0,1.982176,A
2014-09-03,70.0,1.982176,A
2014-09-04,74.0,2.0954432,A
2014-09-05,115.0,3.2564319999999998,A
2014-09-06,209.0,5.9182112,A
2014-09-07,205.0,5.804944,A
2014-09-08,189.0,5.3518752,A
2014-09-09,182.0,5.1536576,A
2014-09-10,204.0,5.7766272,A
2014-09-11,145.0,4.105936,A
2014-09-12,118.0,3.3413824,A
2014-09-13,103.0,2.9166304,A
2014-09-14,94.0,2.6617792,A
2014-09-15,89.0,2.5201952,A
2014-09-16,89.0,2.5201952,A
2014-09-17,82.0,2.3219776,A
2014-09-18,76.0,2.1520768,A
2014-09-19,74.0,2.0954432,A
2014-09-20,75.0,2.12376,A
2014-09-21,79.0,2.2370272,A
2014-09-22,77.0,2.1803936,A
2014-09-23,76.0,2.1520768,A
2014-09-24,75.0,2.12376,A
2014-09-25,72.0,2.0388096,A
2014-09-26,69.0,1.9538592,A
2014-09-27,68.0,1.9255423999999999,A
2014-09-28,68.0,1.9255423999999999,A
2014-09-29,77.0,2.1803936,A
2014-09-30,75.0,2.12376,A
2014-10-01,73.0,2.0671264,A
2014-10-02,72.0,2.0388096,A
2014-10-03,73.0,2.0671264,A
2014-10-04,77.0,2.1803936,A
2014-10-05,89.0,2.5201952,A
2014-10-06,90.0,2.548512,A
2014-10-07,80.0,2.265344,A
2014-10-08,72.0,2.0388096,A
2014-10-09,68.0,1.9255423999999999,A
2014-10-10,66.0,1.8689088,A
2014-10-11,64.0,1.8122752,A
2014-10-12,62.0,1.7556416,A
2014-10-13,61.0,1.7273247999999999,A
2014-10-14,142.0,4.0209856,A
2014-10-15,315.0,8.919792,A
2014-10-16,317.0,8.9764256,A
2014-10-17,202.0,5.7199936,A
2014-10-18,148.0,4.1908864,A
2014-10-19,135.0,3.822768,A
2014-10-20,122.0,3.4546495999999998,A
2014-10-21,108.0,3.0582143999999998,A
2014-10-22,,3.0582143999999998,M
2014-10-23,,3.0582143999999998,M
2014-10-24,,3.0582143999999998,M
2014-10-25,,3.0582143999999998,M
2014-10-26,,3.0582143999999998,M
2014-10-27,,3.0582143999999998,M
2014-10-28,,3.0582143999999998,M
2014-10-29,,3.0582143999999998,M
2014-10-30,,3.0582143999999998,M
2014-10-31,,3.0582143999999998,M
2014-11-01,,3.0582143999999998,M
2014-11-02,,3.0582143999999998,M
2014-11-03,,3.0582143999999998,M
2014-11-04,,3.0582143999999998,M
2014-11-05,,3.0582143999999998,M
2014-11-06,,3.0582143999999998,M
2014-11-07,,3.0582143999999998,M
2014-11-08,,3.0582143999999998,M
2014-11-09,,3.0582143999999998,M
2014-11-10,,3.0582143999999998,M
2014-11-11,,3.0582143999999998,M
2014-11-12,,3.0582143999999998,M
2014-11-13,,3.0582143999999998,M
2014-11-14,,3.0582143999999998,M
2014-11-15,,3.0582143999999998,M
2014-11-16,,3.0582143999999998,M
2014-11-17,,3.0582143999999998,M
2014-11-18,,3.0582143999999998,M
2014-11-19,,3.0582143999999998,M
2014-11-20,,3.0582143999999998,M
2014-11-21,,3.0582143999999998,M
2014-11-22,,3.0582143999999998,M
2014-11-23,,3.0582143999999998,M
2014-11-24,,3.0582143999999998,M
2014-11-25,,3.0582143999999998,M
2014-11-26,,3.0582143999999998,M
2014-11-27,,3.0582143999999998,M
2014-11-28,,3.0582143999999998,M
2014-11-29,,3.0582143999999998,M
2014-11-30,,3.0582143999999998,M
2014-12-01,,3.0582143999999998,M
2014-12-02,,3.0582143999999998,M
2014-12-03,,3.0582143999999998,M
2014-12-04,,3.0582143999999998,M
2014-12-05,,3.0582143999999998,M
2014-12-06,,3.0582143999999998,M
2014-12-07,,3.0582143999999998,M
2014-12-08,,3.0582143999999998,M
2014-12-09,,3.0582143999999998,M
2014-12-10,,3.0582143999999998,M
2014-12-11,,3.0582143999999998,M
2014-12-12,,3.0582143999999998,M
2014-12-13,,3.0582143999999998,M
2014-12-14,,3.0582143999999998,M
2014-12-15,,3.0582143999999998,M
2014-12-16,,3.0582143999999998,M
2014-12-17,,3.0582143999999998,M
2014-12-18,,3.0582143999999998,M
2014-12-19,,3.0582143999999998,M
2014-12-20,,3.0582143999999998,M
2014-12-21,,3.0582143999999998,M
2014-12-22,,3.0582143999999998,M
2014-12-23,,3.0582143999999998,M
2014-12-24,,3.0582143999999998,M
2014-12-25,,3.0582143999999998,M
2014-12-26,,3.0582143999999998,M
2014-12-27,,3.0582143999999998,M
2014-12-28,,3.0582143999999998,M
2014-12-29,,3.0582143999999998,M
2014-12-30,,3.0582143999999998,M
2014-12-31,,3.0582143999999998,M
