date,daymet,maurer,nldas
1980-01-01,0.0,0.0,0.0
1980-01-02,0.0,0.0,0.0
1980-01-03,0.0,9.0,0.0
1980-01-04,12.05,3.01,12.7
1980-01-05,0.0,0.0,0.0
1980-01-06,0.0,0.0,0.07
1980-01-07,0.0,1.71,1.18
1980-01-08,2.77,1.29,0.99
1980-01-09,1.36,0.26,0.83
1980-01-10,0.0,2.02,0.27
1980-01-11,4.14,10.87,15.23
1980-01-12,13.49,3.42,1.15
1980-01-13,0.0,0.04,0.04
1980-01-14,0.0,0.01,0.05
1980-01-15,0.0,0.0,0.0
1980-01-16,0.0,0.94,1.73
1980-01-17,1.64,29.5,16.46
1980-01-18,34.39,9.88,17.9
1980-01-19,0.0,0.05,0.0
1980-01-20,0.0,0.0,0.0
1980-01-21,0.0,0.0,0.09
1980-01-22,0.0,12.36,9.0
1980-01-23,22.68,4.12,12.89
1980-01-24,0.0,0.0,0.01
1980-01-25,0.0,7.7,0.0
1980-01-26,9.88,4.1,9.86
1980-01-27,2.25,0.84,0.04
1980-01-28,0.0,0.11,0.23
1980-01-29,0.0,0.0,0.0
1980-01-30,0.0,9.67,0.85
1980-01-31,12.39,3.23,10.49
1980-02-01,0.0,0.0,0.06
1980-02-02,0.0,0.0,0.0
1980-02-03,0.0,0.0,0.0
1980-02-04,0.0,0.0,0.19
1980-02-05,0.0,6.38,0.2
1980-02-06,8.37,2.13,6.27
1980-02-07,0.0,0.0,0.0
1980-02-08,0.0,0.08,0.0
1980-02-09,0.0,13.27,12.05
1980-02-10,15.7,4.44,6.7
1980-02-11,0.0,0.01,0.0
1980-02-12,0.0,0.0,0.0
1980-02-13,0.0,0.0,0.0
1980-02-14,0.0,0.0,0.0
1980-02-15,0.0,0.78,0.11
1980-02-16,2.45,0.29,4.29
1980-02-17,0.01,0.01,0.12
1980-02-18,0.0,0.0,0.0
1980-02-19,0.0,0.16,0.05
1980-02-20,0.0,0.06,0.26
1980-02-21,0.0,3.11,0.01
1980-02-22,5.88,5.86,13.2
1980-02-23,6.49,1.61,0.0
1980-02-24,0.0,0.0,0.0
1980-02-25,0.0,0.0,0.0
1980-02-26,0.0,0.0,0.0
1980-02-27,0.0,0.0,0.0
1980-02-28,0.0,0.0,0.0
1980-02-29,0.0,3.98,9.75
1980-03-01,14.72,7.97,19.51
1980-03-02,10.24,3.89,0.57
1980-03-03,0.0,0.88,1.71
1980-03-04,0.0,4.89,0.45
1980-03-05,6.2,4.12,7.08
1980-03-06,6.95,0.83,3.2
1980-03-07,0.0,33.3,8.77
1980-03-08,45.14,11.19,33.67
1980-03-09,0.49,2.42,1.75
1980-03-10,2.56,1.41,2.46
1980-03-11,0.0,2.45,0.0
1980-03-12,5.57,29.32,27.42
1980-03-13,37.96,9.53,12.16
1980-03-14,0.0,0.0,0.0
1980-03-15,0.0,0.0,0.0
1980-03-16,0.0,0.0,1.05
1980-03-17,0.0,32.21,28.4
1980-03-18,42.08,10.74,12.37
1980-03-19,0.0,1.35,0.22
1980-03-20,3.04,12.11,4.82
1980-03-21,15.76,3.89,11.58
1980-03-22,0.0,0.0,0.0
1980-03-23,0.0,1.83,0.4
1980-03-24,2.85,8.96,12.38
1980-03-25,11.59,8.62,0.19
1980-03-26,7.58,10.03,18.47
1980-03-27,10.95,15.7,10.16
1980-03-28,16.3,21.88,33.5
1980-03-29,22.99,38.57,9.46
1980-03-30,45.63,10.91,34.24
1980-03-31,0.0,0.0,0.01
1980-04-01,0.0,0.0,0.06
1980-04-02,0.0,2.01,3.09
1980-04-03,3.57,4.06,3.08
1980-04-04,8.51,1.2,2.95
1980-04-05,0.0,0.02,0.0
1980-04-06,0.0,6.13,1.4
1980-04-07,7.52,2.26,8.41
1980-04-08,0.86,7.71,8.09
1980-04-09,11.13,2.55,0.53
1980-04-10,0.0,0.0,0.1
1980-04-11,0.0,3.64,1.15
1980-04-12,7.52,10.31,32.09
1980-04-13,16.19,59.89,30.29
1980-04-14,63.36,18.96,19.64
1980-04-15,0.0,0.0,0.0
1980-04-16,0.0,0.0,0.0
1980-04-17,0.0,0.0,0.0
1980-04-18,0.0,6.61,0.43
1980-04-19,9.56,2.47,9.87
1980-04-20,0.01,0.09,0.02
1980-04-21,0.0,0.0,0.0
1980-04-22,0.0,0.0,0.0
1980-04-23,0.0,0.0,0.0
1980-04-24,0.0,0.0,0.0
1980-04-25,0.0,27.27,1.01
1980-04-26,36.38,11.93,38.73
1980-04-27,4.79,0.98,0.62
1980-04-28,0.0,0.01,0.0
1980-04-29,0.0,0.12,0.27
1980-04-30,0.0,1.12,0.07
1980-05-01,1.48,1.67,3.04
1980-05-02,2.49,2.77,0.35
1980-05-03,2.78,3.55,6.26
1980-05-04,4.54,0.92,0.01
1980-05-05,0.0,0.0,0.0
1980-05-06,0.0,0.0,0.0
1980-05-07,0.0,23.0,10.08
1980-05-08,27.51,8.95,16.84
1980-05-09,2.17,0.51,0.96
1980-05-10,0.0,0.03,0.0
1980-05-11,0.0,0.0,0.0
1980-05-12,0.0,0.0,0.0
1980-05-13,0.0,0.14,0.01
1980-05-14,0.0,12.35,14.41
1980-05-15,19.07,5.59,2.75
1980-05-16,0.0,6.64,5.58
1980-05-17,8.28,13.56,29.02
1980-05-18,20.56,5.76,2.35
1980-05-19,3.33,16.58,4.65
1980-05-20,25.41,5.95,24.77
1980-05-21,0.0,5.1,0.85
1980-05-22,6.86,2.7,11.15
1980-05-23,4.79,11.52,3.02
1980-05-24,13.52,3.72,14.85
1980-05-25,0.0,7.38,1.49
1980-05-26,9.61,2.46,0.84
1980-05-27,0.0,0.02,0.03
1980-05-28,0.0,0.28,0.0
1980-05-29,0.0,0.09,0.35
1980-05-30,0.0,0.0,0.0
1980-05-31,0.0,0.0,0.0
1980-06-01,0.0,0.0,0.0
1980-06-02,0.0,0.0,0.0
1980-06-03,0.0,0.0,0.0
1980-06-04,0.0,0.0,0.0
1980-06-05,0.0,0.0,0.0
1980-06-06,0.0,0.0,0.0
1980-06-07,0.0,0.0,0.0
1980-06-08,0.0,2.07,1.31
1980-06-09,1.73,0.69,0.69
1980-06-10,0.0,0.0,0.0
1980-06-11,0.0,0.0,0.0
1980-06-12,0.0,0.0,0.0
1980-06-13,0.0,0.0,0.04
1980-06-14,0.0,0.0,0.0
1980-06-15,0.0,0.0,0.0
1980-06-16,0.0,0.0,0.0
1980-06-17,0.0,0.0,2.99
1980-06-18,0.0,8.51,8.98
1980-06-19,12.52,15.18,13.7
1980-06-20,17.86,6.75,7.99
1980-06-21,0.0,11.91,5.76
1980-06-22,16.7,4.7,5.88
1980-06-23,0.0,6.01,9.45
1980-06-24,9.63,18.41,8.05
1980-06-25,26.93,5.57,13.47
1980-06-26,0.14,0.02,0.02
1980-06-27,0.0,0.0,0.0
1980-06-28,0.0,0.27,0.02
1980-06-29,0.0,0.97,4.9
1980-06-30,2.62,0.29,1.3
1980-07-01,0.0,0.0,0.0
1980-07-02,0.0,0.0,0.0
1980-07-03,0.0,0.0,0.0
1980-07-04,0.0,0.0,0.0
1980-07-05,0.0,0.0,0.0
1980-07-06,0.0,7.59,0.71
1980-07-07,8.28,2.53,6.66
1980-07-08,0.0,0.0,0.07
1980-07-09,0.0,0.0,0.0
1980-07-10,0.0,0.0,0.0
1980-07-11,0.0,0.0,0.0
1980-07-12,0.0,0.0,0.0
1980-07-13,0.0,0.0,0.01
1980-07-14,0.0,0.0,0.0
1980-07-15,0.0,0.0,0.22
1980-07-16,0.0,1.92,0.8
1980-07-17,5.19,4.78,3.06
1980-07-18,6.61,1.96,8.1
1980-07-19,0.77,0.61,1.73
1980-07-20,0.0,3.77,3.12
1980-07-21,7.16,10.24,8.3
1980-07-22,13.15,3.14,4.11
1980-07-23,0.0,0.04,0.32
1980-07-24,0.0,1.77,2.93
1980-07-25,0.0,0.59,1.74
1980-07-26,0.0,0.48,3.77
1980-07-27,0.0,11.88,10.77
1980-07-28,15.97,5.54,4.6
1980-07-29,2.19,0.54,1.16
1980-07-30,0.0,0.0,0.0
1980-07-31,0.0,0.0,0.0
1980-08-01,0.0,0.0,0.0
1980-08-02,0.0,0.0,0.0
1980-08-03,0.0,0.01,0.09
1980-08-04,0.0,0.25,0.15
1980-08-05,0.0,0.08,0.09
1980-08-06,0.0,0.97,0.02
1980-08-07,0.0,0.32,0.77
1980-08-08,0.0,0.92,0.63
1980-08-09,0.0,9.67,3.88
1980-08-10,11.61,7.37,5.61
1980-08-11,9.63,2.62,9.19
1980-08-12,0.67,2.42,1.99
1980-08-13,3.52,3.63,2.14
1980-08-14,0.12,5.81,10.31
1980-08-15,5.21,2.18,6.33
1980-08-16,1.34,3.09,0.46
1980-08-17,0.0,1.85,0.34
1980-08-18,0.0,0.3,1.17
1980-08-19,0.0,0.34,0.82
1980-08-20,0.0,0.11,0.06
1980-08-21,0.0,0.06,0.36
1980-08-22,0.0,0.46,0.05
1980-08-23,0.0,0.15,0.0
1980-08-24,0.0,0.0,0.06
1980-08-25,0.0,0.0,0.45
1980-08-26,0.0,0.0,0.26
1980-08-27,0.0,4.56,4.24
1980-08-28,6.21,1.6,0.79
1980-08-29,0.0,0.18,0.33
1980-08-30,0.0,1.35,0.15
1980-08-31,0.0,1.17,2.33
1980-09-01,1.85,0.56,1.61
1980-09-02,0.21,2.41,2.94
1980-09-03,1.15,0.78,1.0
1980-09-04,0.0,0.91,0.3
1980-09-05,0.0,0.3,0.49
1980-09-06,0.0,0.0,0.0
1980-09-07,0.0,0.0,0.0
1980-09-08,0.0,0.01,0.02
1980-09-09,0.0,0.0,0.03
1980-09-10,0.0,4.51,1.01
1980-09-11,4.06,1.5,3.21
1980-09-12,0.0,0.0,0.0
1980-09-13,0.0,0.0,0.0
1980-09-14,0.0,0.0,0.0
1980-09-15,0.0,0.0,0.01
1980-09-16,0.0,4.21,7.27
1980-09-17,10.83,31.41,33.44
1980-09-18,36.56,12.65,2.65
1980-09-19,6.38,5.31,6.97
1980-09-20,7.02,1.48,0.21
1980-09-21,0.0,0.32,0.01
1980-09-22,0.0,0.11,0.8
1980-09-23,0.0,0.0,0.0
1980-09-24,0.0,0.02,0.02
1980-09-25,0.0,0.01,0.04
1980-09-26,0.0,0.0,0.0
1980-09-27,0.0,0.0,0.01
1980-09-28,0.0,3.74,3.84
1980-09-29,9.27,8.9,10.1
1980-09-30,12.01,10.18,12.9
1980-10-01,13.04,2.56,0.45
1980-10-02,0.0,0.24,0.0
1980-10-03,0.0,0.08,0.27
1980-10-04,0.0,0.0,0.0
1980-10-05,0.0,0.0,0.0
1980-10-06,0.0,0.0,0.0
1980-10-07,0.0,0.0,0.0
1980-10-08,0.0,0.0,0.0
1980-10-09,0.0,0.0,0.0
1980-10-10,0.0,0.0,0.0
1980-10-11,0.0,0.0,0.0
1980-10-12,0.0,0.0,0.0
1980-10-13,0.0,0.0,0.0
1980-10-14,0.0,0.0,0.0
1980-10-15,0.0,0.0,0.0
1980-10-16,0.0,0.0,0.14
1980-10-17,0.0,0.51,0.11
1980-10-18,1.2,8.81,4.59
1980-10-19,9.29,4.46,5.6
1980-10-20,2.87,0.53,0.62
1980-10-21,0.0,0.01,0.0
1980-10-22,0.0,0.01,0.21
1980-10-23,0.0,0.05,0.2
1980-10-24,0.03,3.91,1.02
1980-10-25,7.19,1.3,7.6
1980-10-26,0.0,0.8,5.55
1980-10-27,0.0,44.6,3.32
1980-10-28,55.25,19.94,53.05
1980-10-29,7.11,7.22,2.56
1980-10-30,9.61,1.83,5.21
1980-10-31,0.0,0.0,0.0
1980-11-01,0.0,0.0,0.0
1980-11-02,0.0,0.0,0.01
1980-11-03,0.0,0.52,0.01
1980-11-04,1.07,0.17,3.15
1980-11-05,0.0,0.0,0.0
1980-11-06,0.0,0.0,0.0
1980-11-07,0.0,0.0,0.0
1980-11-08,0.0,0.0,0.0
1980-11-09,0.0,0.0,0.0
1980-11-10,0.0,0.0,0.0
1980-11-11,0.0,0.0,0.0
1980-11-12,0.0,0.0,0.0
1980-11-13,0.0,0.0,0.0
1980-11-14,0.0,0.48,0.21
1980-11-15,0.96,0.2,0.68
1980-11-16,0.04,0.6,0.07
1980-11-17,0.73,1.64,2.27
1980-11-18,2.2,0.48,0.08
1980-11-19,0.0,0.0,0.0
1980-11-20,0.0,0.0,0.0
1980-11-21,0.0,0.0,0.0
1980-11-22,0.0,0.38,0.89
1980-11-23,2.33,26.39,19.66
1980-11-24,37.47,8.76,17.43
1980-11-25,0.0,0.0,0.0
1980-11-26,0.0,14.93,8.38
1980-11-27,19.82,4.98,10.78
1980-11-28,0.0,0.0,0.02
1980-11-29,0.0,0.0,0.0
1980-11-30,0.0,0.0,0.0
1980-12-01,0.0,0.0,0.0
1980-12-02,0.0,0.01,0.04
1980-12-03,0.0,0.0,0.0
1980-12-04,0.0,0.0,0.0
1980-12-05,0.0,0.0,0.0
1980-12-06,0.0,0.0,0.0
1980-12-07,0.0,0.0,0.0
1980-12-08,0.0,0.0,0.0
1980-12-09,0.0,20.29,3.52
1980-12-10,23.93,7.51,22.09
1980-12-11,0.32,0.25,0.11
1980-12-12,0.0,0.0,0.0
1980-12-13,0.0,0.0,0.0
1980-12-14,0.0,0.01,0.02
1980-12-15,0.0,0.93,0.21
1980-12-16,1.83,0.31,1.18
1980-12-17,0.0,0.0,0.0
1980-12-18,0.0,0.0,0.0
1980-12-19,0.0,0.26,0.02
1980-12-20,0.0,0.09,0.22
1980-12-21,0.0,0.0,0.0
1980-12-22,0.0,0.0,0.0
1980-12-23,0.0,0.0,1.38
1980-12-24,0.0,5.73,5.66
1980-12-25,7.81,1.91,0.37
1980-12-26,0.0,0.23,0.0
1980-12-27,0.0,0.08,0.53
1980-12-28,0.0,0.0,0.0
1980-12-29,0.0,0.0,0.0
1980-12-30,0.0,0.0,0.0
1980-12-31,0.0,0.0,0.0
1981-01-01,0.0,0.0,0.0
1981-01-02,0.0,0.0,0.0
1981-01-03,0.0,0.0,0.0
1981-01-04,0.0,0.0,0.0
1981-01-05,0.0,0.0,0.0
1981-01-06,0.0,13.27,0.33
1981-01-07,16.12,4.42,14.44
1981-01-08,0.0,0.0,0.0
1981-01-09,0.0,0.0,0.0
1981-01-10,0.0,0.0,0.0
1981-01-11,0.0,0.0,0.0
1981-01-12,0.0,0.0,0.0
1981-01-13,0.0,0.0,0.0
1981-01-14,0.0,0.0,0.0
1981-01-15,0.0,0.0,0.0
1981-01-16,0.0,0.0,0.0
1981-01-17,0.0,0.0,0.0
1981-01-18,0.0,0.0,0.0
1981-01-19,0.0,1.32,0.0
1981-01-20,2.13,3.77,6.38
1981-01-21,5.01,1.11,0.42
1981-01-22,0.0,0.0,0.0
1981-01-23,0.0,0.0,0.0
1981-01-24,0.0,0.0,0.0
1981-01-25,0.0,0.0,0.0
1981-01-26,0.0,0.0,0.0
1981-01-27,0.0,2.08,0.46
1981-01-28,5.5,0.7,3.71
1981-01-29,0.0,0.0,0.02
1981-01-30,0.0,0.11,0.19
1981-01-31,0.0,5.57,0.0
1981-02-01,7.54,16.68,7.1
1981-02-02,26.75,4.95,20.32
1981-02-03,0.0,0.0,0.0
1981-02-04,0.0,0.0,0.06
1981-02-05,0.0,11.23,0.57
1981-02-06,15.18,5.62,16.46
1981-02-07,2.77,1.09,0.47
1981-02-08,1.9,0.16,0.41
1981-02-09,0.0,9.04,0.0
1981-02-10,17.27,97.97,57.3
1981-02-11,122.55,31.65,30.15
1981-02-12,0.0,0.0,0.0
1981-02-13,0.0,0.0,0.0
1981-02-14,0.0,0.0,0.0
1981-02-15,0.0,0.03,0.02
1981-02-16,0.0,2.59,1.43
1981-02-17,3.48,12.01,4.75
1981-02-18,15.61,3.93,12.86
1981-02-19,0.22,0.07,0.01
1981-02-20,0.0,0.0,0.0
1981-02-21,0.0,0.0,0.0
1981-02-22,0.0,1.65,1.13
1981-02-23,2.31,0.55,0.76
1981-02-24,0.0,0.0,0.0
1981-02-25,0.0,0.0,0.0
1981-02-26,0.0,0.0,0.0
1981-02-27,0.0,0.0,0.0
1981-02-28,0.0,0.0,0.0
1981-03-01,0.0,0.16,0.53
1981-03-02,0.0,0.05,0.5
1981-03-03,0.0,0.0,0.0
1981-03-04,0.0,23.53,16.2
1981-03-05,31.89,7.85,15.6
1981-03-06,0.0,0.0,0.1
1981-03-07,0.0,0.0,0.0
1981-03-08,0.0,0.0,0.0
1981-03-09,0.0,0.0,0.0
1981-03-10,0.0,0.0,0.0
1981-03-11,0.0,0.0,0.0
1981-03-12,0.0,0.0,0.0
1981-03-13,0.0,0.05,0.1
1981-03-14,0.0,0.02,0.02
1981-03-15,0.0,7.05,0.0
1981-03-16,9.99,2.35,10.37
1981-03-17,0.0,0.01,0.0
1981-03-18,0.0,9.31,10.59
1981-03-19,12.05,3.1,0.98
1981-03-20,0.0,0.0,0.01
1981-03-21,0.0,22.4,0.01
1981-03-22,29.24,17.0,37.36
1981-03-23,11.98,3.18,3.36
1981-03-24,0.0,0.0,0.0
1981-03-25,0.0,0.0,0.0
1981-03-26,0.0,0.0,0.0
1981-03-27,0.0,0.0,0.0
1981-03-28,0.0,0.0,0.0
1981-03-29,0.0,24.0,0.71
1981-03-30,33.11,8.3,32.2
1981-03-31,0.0,8.55,0.02
1981-04-01,17.52,10.16,24.88
1981-04-02,10.56,2.45,0.01
1981-04-03,0.0,0.01,0.06
1981-04-04,0.0,5.35,0.0
1981-04-05,7.11,3.25,7.93
1981-04-06,0.41,0.49,0.09
1981-04-07,0.0,0.0,0.0
1981-04-08,0.0,0.0,0.0
1981-04-09,0.0,0.0,0.0
1981-04-10,0.0,0.0,0.0
1981-04-11,0.0,0.0,0.0
1981-04-12,0.0,0.0,0.0
1981-04-13,0.0,0.0,0.0
1981-04-14,0.0,0.0,0.0
1981-04-15,0.0,0.0,0.0
1981-04-16,0.0,0.0,0.0
1981-04-17,0.0,0.0,0.0
1981-04-18,0.0,0.0,0.0
1981-04-19,0.0,0.0,0.26
1981-04-20,0.0,1.6,0.28
1981-04-21,1.86,0.53,1.12
1981-04-22,0.0,0.0,0.59
1981-04-23,0.0,16.44,3.81
1981-04-24,19.72,5.48,15.76
1981-04-25,0.0,0.0,0.0
1981-04-26,0.0,0.0,0.0
1981-04-27,0.0,0.0,0.0
1981-04-28,0.0,0.0,0.0
1981-04-29,0.0,12.8,11.75
1981-04-30,13.94,12.14,2.48
1981-05-01,0.0,2.63,0.37
1981-05-02,0.0,0.0,0.0
1981-05-03,0.0,0.0,0.0
1981-05-04,0.0,0.0,0.0
1981-05-05,0.0,4.8,0.95
1981-05-06,8.81,6.94,11.4
1981-05-07,7.38,1.78,0.56
1981-05-08,0.0,0.0,0.0
1981-05-09,0.0,0.0,0.0
1981-05-10,0.0,1.85,1.63
1981-05-11,2.27,0.62,0.64
1981-05-12,0.0,0.0,0.0
1981-05-13,0.0,0.0,0.0
1981-05-14,0.0,0.22,0.19
1981-05-15,0.0,0.07,0.11
1981-05-16,0.0,0.0,0.05
1981-05-17,0.0,0.0,0.01
1981-05-18,0.0,13.7,0.2
1981-05-19,18.01,14.38,33.49
1981-05-20,20.83,3.27,2.04
1981-05-21,0.0,0.0,0.0
1981-05-22,0.0,0.0,0.0
1981-05-23,0.0,0.0,0.0
1981-05-24,0.0,0.0,0.0
1981-05-25,0.0,2.03,0.04
1981-05-26,11.47,20.33,31.32
1981-05-27,27.38,6.55,3.63
1981-05-28,0.0,0.0,0.0
1981-05-29,0.0,0.0,0.2
1981-05-30,0.0,0.17,0.0
1981-05-31,0.0,0.06,0.25
1981-06-01,0.0,1.78,5.79
1981-06-02,3.2,16.31,14.39
1981-06-03,19.51,5.24,0.89
1981-06-04,0.0,0.17,1.22
1981-06-05,0.0,0.06,0.37
1981-06-06,0.0,3.85,0.85
1981-06-07,1.5,4.86,8.8
1981-06-08,6.0,1.6,2.49
1981-06-09,1.08,0.14,0.37
1981-06-10,0.0,3.45,2.45
1981-06-11,4.75,10.13,4.49
1981-06-12,17.08,14.2,15.03
1981-06-13,15.36,3.74,6.6
1981-06-14,0.0,0.0,0.08
1981-06-15,0.0,0.0,0.0
1981-06-16,0.0,0.0,0.0
1981-06-17,0.0,0.0,0.0
1981-06-18,0.0,0.0,0.0
1981-06-19,0.0,0.0,0.0
1981-06-20,0.0,0.0,0.0
1981-06-21,0.0,0.04,0.02
1981-06-22,0.0,0.23,1.57
1981-06-23,0.0,10.09,1.26
1981-06-24,12.07,3.34,9.3
1981-06-25,0.0,0.0,0.0
1981-06-26,0.0,0.0,0.0
1981-06-27,0.0,0.01,0.04
1981-06-28,0.0,0.69,0.47
1981-06-29,0.0,0.23,0.84
1981-06-30,0.0,0.03,0.49
1981-07-01,0.0,15.99,3.44
1981-07-02,19.65,9.16,14.64
1981-07-03,7.72,1.29,1.26
1981-07-04,0.0,1.49,1.82
1981-07-05,0.0,5.95,5.81
1981-07-06,7.41,6.82,9.39
1981-07-07,10.42,1.67,0.45
1981-07-08,0.0,0.0,0.61
1981-07-09,0.0,3.35,0.83
1981-07-10,7.46,5.02,9.56
1981-07-11,7.1,1.3,2.57
1981-07-12,0.0,0.0,0.16
1981-07-13,0.0,0.0,0.0
1981-07-14,0.0,0.0,0.0
1981-07-15,0.0,0.0,0.0
1981-07-16,0.0,0.0,0.0
1981-07-17,0.0,0.56,0.15
1981-07-18,0.0,0.19,0.78
1981-07-19,0.0,4.77,5.72
1981-07-20,5.36,2.01,3.58
1981-07-21,1.05,0.14,0.11
1981-07-22,0.0,0.0,0.0
1981-07-23,0.0,0.0,0.0
1981-07-24,0.0,1.83,0.58
1981-07-25,7.37,4.48,5.58
1981-07-26,3.8,1.29,1.63
1981-07-27,0.0,0.0,0.37
1981-07-28,0.0,0.0,0.25
1981-07-29,0.0,2.64,5.27
1981-07-30,6.53,8.87,4.17
1981-07-31,8.02,2.69,4.04
1981-08-01,0.0,12.72,3.73
1981-08-02,15.53,4.24,6.85
1981-08-03,0.0,0.01,0.04
1981-08-04,0.0,0.0,0.13
1981-08-05,0.0,0.0,0.0
1981-08-06,0.0,11.04,0.41
1981-08-07,0.0,25.19,7.33
1981-08-08,39.48,21.85,39.83
1981-08-09,20.18,9.73,8.36
1981-08-10,6.5,9.42,9.51
1981-08-11,9.58,3.42,2.19
1981-08-12,1.51,5.87,12.36
1981-08-13,10.19,4.33,1.23
1981-08-14,2.45,0.91,1.63
1981-08-15,0.0,0.03,0.0
1981-08-16,0.0,7.9,2.94
1981-08-17,0.0,2.99,5.82
1981-08-18,0.0,8.71,9.36
1981-08-19,11.6,3.39,4.32
1981-08-20,0.42,0.52,1.46
1981-08-21,1.5,1.02,2.68
1981-08-22,1.58,0.35,0.63
1981-08-23,0.0,0.02,0.1
1981-08-24,0.0,0.0,0.0
1981-08-25,0.0,0.0,0.0
1981-08-26,0.0,0.0,0.01
1981-08-27,0.0,0.0,0.0
1981-08-28,0.0,0.03,2.03
1981-08-29,0.0,15.62,8.15
1981-08-30,25.57,16.59,24.33
1981-08-31,14.32,23.41,7.43
1981-09-01,17.9,13.31,14.44
1981-09-02,10.51,4.0,3.27
1981-09-03,3.0,8.62,6.01
1981-09-04,24.05,2.84,1.1
1981-09-05,0.0,3.3,2.59
1981-09-06,1.8,1.08,0.1
1981-09-07,0.0,0.35,0.71
1981-09-08,0.0,0.36,1.14
1981-09-09,0.0,0.08,0.17
1981-09-10,0.0,0.0,0.0
1981-09-11,0.0,0.0,0.0
1981-09-12,0.0,0.0,0.0
1981-09-13,0.0,1.82,0.24
1981-09-14,0.0,7.1,6.77
1981-09-15,11.04,12.21,17.16
1981-09-16,24.83,3.35,4.63
1981-09-17,0.0,0.0,0.0
1981-09-18,0.0,0.0,0.0
1981-09-19,0.0,0.0,0.0
1981-09-20,0.0,0.0,0.0
1981-09-21,0.0,0.0,0.0
1981-09-22,0.0,0.0,0.0
1981-09-23,0.0,0.0,0.0
1981-09-24,0.0,0.0,0.0
1981-09-25,0.0,0.0,0.0
1981-09-26,0.0,0.0,0.0
1981-09-27,0.0,0.0,0.0
1981-09-28,0.0,0.0,0.0
1981-09-29,0.0,0.0,0.0
1981-09-30,0.0,0.0,0.0
1981-10-01,0.0,0.04,0.1
1981-10-02,0.0,0.01,0.03
1981-10-03,0.0,0.0,0.0
1981-10-04,0.0,0.0,0.0
1981-10-05,0.0,0.0,0.0
1981-10-06,0.0,0.0,0.0
1981-10-07,0.0,0.76,7.07
1981-10-08,2.89,8.47,8.49
1981-10-09,8.91,8.5,1.43
1981-10-10,7.38,4.52,8.58
1981-10-11,4.4,0.87,0.06
1981-10-12,0.0,0.0,0.0
1981-10-13,0.0,0.0,0.0
1981-10-14,0.0,0.0,0.0
1981-10-15,0.0,0.0,0.0
1981-10-16,0.0,0.0,0.0
1981-10-17,0.0,0.03,0.0
1981-10-18,0.0,7.2,6.71
1981-10-19,7.96,2.4,0.27
1981-10-20,0.0,0.0,0.22
1981-10-21,0.0,0.0,0.0
1981-10-22,0.0,1.79,0.0
1981-10-23,0.0,2.51,4.62
1981-10-24,3.49,5.92,3.58
1981-10-25,8.82,18.19,15.27
1981-10-26,24.92,11.04,15.05
1981-10-27,5.16,1.86,2.44
1981-10-28,0.0,0.0,0.0
1981-10-29,0.0,0.0,0.0
1981-10-30,0.0,0.0,0.0
1981-10-31,0.0,0.0,0.0
1981-11-01,0.0,0.0,0.39
1981-11-02,0.0,0.0,0.0
1981-11-03,0.0,0.0,0.0
1981-11-04,0.0,0.06,0.08
1981-11-05,0.0,0.02,0.04
1981-11-06,0.0,0.0,0.0
1981-11-07,0.0,0.0,0.0
1981-11-08,0.0,0.0,0.0
1981-11-09,0.0,25.6,1.19
1981-11-10,30.98,18.47,37.31
1981-11-11,11.87,3.31,1.27
1981-11-12,0.0,0.0,0.0
1981-11-13,0.0,0.0,0.0
1981-11-14,0.0,0.0,0.0
1981-11-15,0.0,0.0,0.0
1981-11-16,0.0,0.03,0.06
1981-11-17,0.0,0.01,0.03
1981-11-18,0.0,0.0,0.0
1981-11-19,0.0,7.32,1.36
1981-11-20,8.71,2.44,5.13
1981-11-21,0.0,0.0,0.0
1981-11-22,0.0,0.57,0.0
1981-11-23,0.0,1.19,0.0
1981-11-24,1.4,0.33,1.44
1981-11-25,0.0,0.0,0.11
1981-11-26,0.0,0.41,0.19
1981-11-27,0.0,0.75,0.78
1981-11-28,0.0,0.2,0.23
1981-11-29,0.0,0.0,0.04
1981-11-30,0.0,7.6,2.19
1981-12-01,12.32,7.21,15.44
1981-12-02,2.64,1.56,0.74
1981-12-03,0.0,0.0,0.0
1981-12-04,0.0,0.0,0.0
1981-12-05,0.0,0.0,0.0
1981-12-06,0.0,0.0,0.0
1981-12-07,0.0,0.0,0.0
1981-12-08,0.0,0.0,0.0
1981-12-09,0.0,0.0,0.0
1981-12-10,0.0,0.05,0.19
1981-12-11,0.0,9.59,0.23
1981-12-12,13.61,7.53,19.89
1981-12-13,7.29,11.21,0.79
1981-12-14,13.33,19.69,27.82
1981-12-15,20.2,5.48,5.8
1981-12-16,0.0,0.01,0.0
1981-12-17,0.0,5.68,2.07
1981-12-18,7.28,1.89,5.05
1981-12-19,0.0,0.0,0.0
1981-12-20,0.0,0.0,0.2
1981-12-21,0.0,1.06,1.59
1981-12-22,2.74,1.53,2.21
1981-12-23,2.82,5.19,5.1
1981-12-24,7.22,32.49,12.04
1981-12-25,37.93,10.61,30.7
1981-12-26,0.33,5.34,0.27
1981-12-27,10.19,3.37,13.41
1981-12-28,0.0,14.48,6.96
1981-12-29,20.57,4.66,8.93
1981-12-30,0.0,17.81,0.04
1981-12-31,26.32,10.43,40.14
1982-01-01,14.48,6.35,5.39
1982-01-02,0.0,6.03,2.05
1982-01-03,7.8,13.83,9.79
1982-01-04,27.1,4.12,17.69
1982-01-05,0.0,0.0,0.06
1982-01-06,0.0,9.11,0.0
1982-01-07,0.0,15.72,15.61
1982-01-08,17.98,4.23,3.2
1982-01-09,0.0,0.0,0.0
1982-01-10,0.0,0.0,0.0
1982-01-11,0.0,0.0,0.34
1982-01-12,0.0,14.49,2.65
1982-01-13,21.69,18.3,21.14
1982-01-14,12.23,5.55,13.66
1982-01-15,0.14,0.48,0.79
1982-01-16,0.46,0.15,0.2
1982-01-17,0.17,0.04,0.03
1982-01-18,0.0,0.0,0.0
1982-01-19,0.0,0.0,0.09
1982-01-20,0.0,0.03,0.0
1982-01-21,0.0,0.75,0.94
1982-01-22,0.24,7.81,0.01
1982-01-23,5.05,8.79,9.16
1982-01-24,7.31,2.09,0.06
1982-01-25,0.0,0.0,0.0
1982-01-26,0.0,0.0,0.0
1982-01-27,0.0,0.0,0.0
1982-01-28,0.0,0.0,0.0
1982-01-29,0.0,0.02,0.26
1982-01-30,0.0,3.44,0.01
1982-01-31,10.4,8.9,16.26
1982-02-01,8.97,34.72,0.29
1982-02-02,30.79,57.39,56.64
1982-02-03,81.21,15.86,47.35
1982-02-04,0.22,0.1,0.08
1982-02-05,0.0,0.34,0.6
1982-02-06,1.14,0.11,0.2
1982-02-07,0.0,0.11,0.19
1982-02-08,0.0,0.44,0.0
1982-02-09,1.79,4.37,9.91
1982-02-10,11.91,1.45,3.68
1982-02-11,0.0,4.43,5.45
1982-02-12,0.0,8.88,8.37
1982-02-13,19.56,2.47,2.05
1982-02-14,0.0,0.19,4.18
1982-02-15,0.64,7.24,6.19
1982-02-16,14.64,20.33,16.86
1982-02-17,26.01,5.98,7.8
1982-02-18,0.0,0.0,0.0
1982-02-19,0.0,0.0,0.0
1982-02-20,0.0,0.0,0.0
1982-02-21,0.0,0.0,0.0
1982-02-22,0.0,0.0,0.0
1982-02-23,0.0,0.0,0.0
1982-02-24,0.0,0.0,0.0
1982-02-25,0.0,0.28,0.0
1982-02-26,0.0,11.31,5.22
1982-02-27,16.62,4.86,14.59
1982-02-28,0.68,0.53,0.29
1982-03-01,0.0,0.05,0.06
1982-03-02,0.0,0.0,0.0
1982-03-03,0.0,0.0,0.0
1982-03-04,0.0,0.02,0.22
1982-03-05,0.0,15.62,12.54
1982-03-06,20.72,19.17,14.29
1982-03-07,36.21,4.68,16.51
1982-03-08,0.0,0.01,0.0
1982-03-09,0.0,0.0,0.0
1982-03-10,0.0,0.0,0.0
1982-03-11,0.0,0.0,0.0
1982-03-12,0.0,0.0,0.0
1982-03-13,0.0,0.0,0.0
1982-03-14,0.0,0.0,0.0
1982-03-15,0.0,0.0,0.0
1982-03-16,0.0,0.58,0.71
1982-03-17,0.0,1.76,2.85
1982-03-18,4.29,0.52,0.84
1982-03-19,0.0,0.0,0.0
1982-03-20,0.0,0.29,0.0
1982-03-21,0.0,1.77,0.99
1982-03-22,2.4,1.87,3.38
1982-03-23,2.07,2.95,1.32
1982-03-24,5.93,8.43,10.62
1982-03-25,11.63,2.64,2.28
1982-03-26,0.53,0.04,0.72
1982-03-27,0.0,0.0,0.0
1982-03-28,0.0,0.11,0.1
1982-03-29,0.17,0.05,0.15
1982-03-30,0.0,0.74,0.07
1982-03-31,1.52,0.52,1.26
1982-04-01,0.0,0.13,0.13
1982-04-02,0.0,3.94,1.52
1982-04-03,6.08,1.47,3.88
1982-04-04,0.0,4.95,0.0
1982-04-05,9.61,13.59,23.05
1982-04-06,15.93,3.99,1.98
1982-04-07,0.0,0.32,1.17
1982-04-08,0.47,4.36,2.51
1982-04-09,7.42,2.09,2.38
1982-04-10,1.12,0.23,0.74
1982-04-11,0.0,0.0,0.0
1982-04-12,0.0,0.0,0.0
1982-04-13,0.0,0.01,0.0
1982-04-14,0.0,0.19,0.44
1982-04-15,0.25,0.07,0.84
1982-04-16,0.0,0.05,0.24
1982-04-17,0.0,6.88,5.85
1982-04-18,10.62,2.78,3.79
1982-04-19,0.0,37.94,13.79
1982-04-20,46.68,30.3,39.87
1982-04-21,19.38,6.15,16.5
1982-04-22,0.52,0.08,0.03
1982-04-23,0.0,0.33,1.53
1982-04-24,0.0,11.29,3.86
1982-04-25,18.94,30.53,36.12
1982-04-26,30.82,15.45,7.65
1982-04-27,11.38,2.19,8.27
1982-04-28,0.0,0.01,0.0
1982-04-29,0.0,0.15,0.02
1982-04-30,0.0,0.05,0.26
1982-05-01,0.0,0.0,0.0
1982-05-02,0.0,0.0,0.0
1982-05-03,0.0,0.0,0.0
1982-05-04,0.0,0.0,0.0
1982-05-05,0.0,0.0,0.0
1982-05-06,0.0,10.6,0.0
1982-05-07,0.0,32.29,29.32
1982-05-08,52.39,9.81,17.38
1982-05-09,0.0,0.08,0.0
1982-05-10,0.0,0.0,0.0
1982-05-11,0.0,0.0,0.0
1982-05-12,0.0,0.0,0.0
1982-05-13,0.0,0.16,0.0
1982-05-14,0.0,0.05,0.15
1982-05-15,0.0,0.0,0.0
1982-05-16,0.0,0.0,0.0
1982-05-17,0.0,0.03,0.05
1982-05-18,0.0,2.92,0.35
1982-05-19,0.62,1.14,4.45
1982-05-20,0.53,0.14,0.42
1982-05-21,0.0,0.88,2.15
1982-05-22,0.07,8.29,4.93
1982-05-23,16.22,12.34,15.8
1982-05-24,7.61,3.96,2.62
1982-05-25,1.19,14.41,2.75
1982-05-26,16.82,7.31,12.84
1982-05-27,5.28,0.91,2.67
1982-05-28,0.0,0.02,0.0
1982-05-29,0.0,0.32,0.0
1982-05-30,0.0,8.57,12.79
1982-05-31,13.36,8.8,2.85
1982-06-01,8.19,1.99,3.33
1982-06-02,0.0,0.2,0.04
1982-06-03,0.13,0.16,0.47
1982-06-04,0.0,0.65,1.53
1982-06-05,1.81,0.22,0.38
1982-06-06,0.0,0.0,0.0
1982-06-07,0.0,0.0,0.0
1982-06-08,0.0,0.0,0.0
1982-06-09,0.0,0.0,0.0
1982-06-10,0.0,0.0,0.0
1982-06-11,0.0,0.17,0.0
1982-06-12,0.0,7.75,9.16
1982-06-13,13.58,2.8,4.64
1982-06-14,0.0,0.2,0.01
1982-06-15,0.0,6.81,0.01
1982-06-16,9.41,2.26,7.02
1982-06-17,0.0,2.13,2.11
1982-06-18,1.82,0.71,0.78
1982-06-19,0.0,0.0,0.0
1982-06-20,0.0,0.35,1.52
1982-06-21,0.0,10.67,3.44
1982-06-22,17.17,3.53,8.3
1982-06-23,0.0,0.0,0.0
1982-06-24,0.0,0.0,0.66
1982-06-25,0.0,0.05,0.93
1982-06-26,0.0,15.27,15.06
1982-06-27,20.58,11.9,11.78
1982-06-28,13.88,10.72,4.58
1982-06-29,11.6,16.67,17.33
1982-06-30,14.54,4.62,2.82
1982-07-01,0.0,0.0,0.09
1982-07-02,0.0,0.0,0.96
1982-07-03,0.0,0.0,0.0
1982-07-04,0.0,0.05,0.04
1982-07-05,0.0,0.72,0.05
1982-07-06,0.13,0.23,0.22
1982-07-07,0.0,0.07,0.16
1982-07-08,0.0,0.8,2.64
1982-07-09,5.25,0.44,0.97
1982-07-10,0.0,1.46,3.62
1982-07-11,6.56,17.47,13.88
1982-07-12,18.74,6.52,8.23
1982-07-13,0.0,1.95,3.51
1982-07-14,0.49,3.44,2.05
1982-07-15,5.29,3.29,3.41
1982-07-16,9.04,3.23,8.27
1982-07-17,2.06,0.95,5.33
1982-07-18,0.0,1.98,1.81
1982-07-19,5.6,9.81,3.71
1982-07-20,13.92,3.09,7.49
1982-07-21,0.03,2.11,0.6
1982-07-22,2.55,3.77,6.16
1982-07-23,14.21,7.7,12.45
1982-07-24,6.22,2.47,3.67
1982-07-25,3.12,4.04,4.05
1982-07-26,2.38,1.33,0.04
1982-07-27,0.0,0.12,0.01
1982-07-28,0.0,5.08,6.91
1982-07-29,5.25,14.08,14.88
1982-07-30,21.45,27.39,24.45
1982-07-31,26.02,16.89,19.72
1982-08-01,14.76,12.23,7.97
1982-08-02,11.33,3.06,2.34
1982-08-03,0.0,0.0,0.0
1982-08-04,0.0,0.73,3.29
1982-08-05,0.0,2.01,0.02
1982-08-06,3.63,2.27,4.25
1982-08-07,1.73,8.29,1.28
1982-08-08,11.55,4.54,9.08
1982-08-09,3.25,4.25,4.09
1982-08-10,5.77,1.73,4.77
1982-08-11,0.05,2.74,4.51
1982-08-12,8.24,7.78,16.47
1982-08-13,20.18,3.04,1.04
1982-08-14,1.71,0.9,3.23
1982-08-15,0.0,0.69,1.34
1982-08-16,0.0,3.7,7.05
1982-08-17,9.16,2.59,1.83
1982-08-18,2.56,6.63,2.06
1982-08-19,9.5,2.08,4.91
1982-08-20,0.0,0.01,0.06
1982-08-21,0.0,0.27,1.27
1982-08-22,0.0,1.74,1.72
1982-08-23,0.0,0.73,0.17
1982-08-24,0.0,0.06,0.0
1982-08-25,0.0,0.0,0.25
1982-08-26,0.0,0.04,0.0
1982-08-27,0.0,0.23,0.64
1982-08-28,0.0,0.07,0.17
1982-08-29,0.0,0.06,0.05
1982-08-30,0.0,0.02,0.03
1982-08-31,0.0,0.0,0.0
1982-09-01,0.0,0.18,0.08
1982-09-02,0.0,6.27,4.57
1982-09-03,13.11,8.99,14.65
1982-09-04,7.53,2.31,0.07
1982-09-05,0.0,0.0,0.0
1982-09-06,0.0,0.0,0.0
1982-09-07,0.0,0.0,0.0
1982-09-08,0.0,0.27,0.91
1982-09-09,0.0,3.17,4.38
1982-09-10,7.14,11.97,12.41
1982-09-11,13.23,5.77,4.62
1982-09-12,3.59,3.11,3.23
1982-09-13,3.11,2.99,2.82
1982-09-14,1.6,6.57,3.19
1982-09-15,7.08,2.03,3.04
1982-09-16,0.0,0.03,0.04
1982-09-17,0.0,7.44,5.07
1982-09-18,9.5,2.48,6.12
1982-09-19,0.0,0.3,0.54
1982-09-20,0.0,0.6,1.59
1982-09-21,0.59,0.18,0.44
1982-09-22,0.0,0.0,0.0
1982-09-23,0.0,0.0,0.0
1982-09-24,0.0,0.0,0.0
1982-09-25,0.0,0.16,0.58
1982-09-26,0.0,0.09,0.87
1982-09-27,0.0,0.01,0.2
1982-09-28,0.0,0.0,0.0
1982-09-29,0.0,0.0,0.0
1982-09-30,0.0,0.0,0.0
1982-10-01,0.0,0.0,0.0
1982-10-02,0.0,0.0,0.0
1982-10-03,0.0,0.06,0.15
1982-10-04,0.0,0.02,0.31
1982-10-05,0.0,2.28,1.65
1982-10-06,1.66,5.32,3.66
1982-10-07,6.06,2.64,3.73
1982-10-08,1.2,0.56,1.08
1982-10-09,0.0,0.07,0.0
1982-10-10,0.0,0.0,0.0
1982-10-11,0.0,0.27,1.59
1982-10-12,0.17,17.24,3.97
1982-10-13,17.83,8.95,14.85
1982-10-14,1.05,1.6,0.59
1982-10-15,0.0,0.17,0.0
1982-10-16,0.0,0.0,0.0
1982-10-17,0.0,0.0,0.0
1982-10-18,0.0,0.0,0.0
1982-10-19,0.0,0.0,0.0
1982-10-20,0.0,0.0,0.0
1982-10-21,0.0,0.0,0.0
1982-10-22,0.0,0.0,0.0
1982-10-23,0.0,0.0,0.0
1982-10-24,0.0,0.0,0.0
1982-10-25,0.0,0.0,0.0
1982-10-26,0.0,0.0,0.0
1982-10-27,0.0,0.0,0.0
1982-10-28,0.0,0.0,0.0
1982-10-29,0.0,0.0,0.0
1982-10-30,0.0,0.0,0.03
1982-10-31,0.0,0.05,0.01
1982-11-01,0.0,0.12,0.72
1982-11-02,0.0,8.71,0.95
1982-11-03,11.99,19.88,15.48
1982-11-04,24.21,5.69,12.63
1982-11-05,0.0,0.01,0.0
1982-11-06,0.0,0.0,0.0
1982-11-07,0.0,0.0,0.0
1982-11-08,0.0,0.0,0.0
1982-11-09,0.0,0.0,0.0
1982-11-10,0.0,0.0,0.0
1982-11-11,0.0,4.4,0.0
1982-11-12,0.0,11.56,14.4
1982-11-13,18.77,3.37,5.95
1982-11-14,0.0,0.0,0.0
1982-11-15,0.0,0.0,0.0
1982-11-16,0.0,0.68,1.7
1982-11-17,0.0,25.6,9.85
1982-11-18,25.56,14.83,30.56
1982-11-19,10.16,2.59,1.82
1982-11-20,1.65,0.5,0.45
1982-11-21,0.0,0.42,2.52
1982-11-22,0.28,0.13,0.03
1982-11-23,0.0,0.15,0.11
1982-11-24,0.14,0.05,0.17
1982-11-25,0.0,0.0,0.01
1982-11-26,0.0,0.0,0.0
1982-11-27,0.0,13.11,3.82
1982-11-28,0.0,26.86,29.84
1982-11-29,34.15,9.78,11.89
1982-11-30,2.62,2.49,1.71
1982-12-01,2.5,0.81,1.25
1982-12-02,0.0,0.08,0.0
1982-12-03,0.0,3.34,1.05
1982-12-04,0.0,42.26,36.21
1982-12-05,65.07,17.63,26.51
1982-12-06,0.0,1.31,0.02
1982-12-07,0.0,0.0,0.0
1982-12-08,0.0,5.39,3.58
1982-12-09,1.12,2.44,0.21
1982-12-10,0.0,7.78,3.39
1982-12-11,16.3,23.21,31.63
1982-12-12,29.25,7.3,5.9
1982-12-13,0.0,0.14,0.0
1982-12-14,0.0,0.86,0.0
1982-12-15,0.0,13.08,15.67
1982-12-16,18.11,4.51,5.29
1982-12-17,0.0,0.46,0.0
1982-12-18,0.0,0.38,0.09
1982-12-19,0.56,0.19,0.27
1982-12-20,0.0,0.03,0.0
1982-12-21,0.0,0.0,0.0
1982-12-22,0.0,0.0,0.0
1982-12-23,0.0,0.0,0.02
1982-12-24,0.0,0.85,1.6
1982-12-25,1.95,0.35,0.07
1982-12-26,0.0,0.06,0.18
1982-12-27,0.0,5.84,0.33
1982-12-28,10.93,28.88,31.52
1982-12-29,29.01,9.95,12.42
1982-12-30,1.29,1.62,1.02
1982-12-31,2.4,27.83,0.2
1983-01-01,21.53,37.46,26.35
1983-01-02,33.12,13.73,33.06
1983-01-03,8.87,1.44,0.16
1983-01-04,0.0,0.0,0.0
1983-01-05,0.0,0.0,0.0
1983-01-06,0.0,0.0,0.0
1983-01-07,0.0,0.0,0.0
1983-01-08,0.0,0.0,0.0
1983-01-09,0.0,0.02,0.25
1983-01-10,0.0,0.08,0.41
1983-01-11,0.0,0.02,0.07
1983-01-12,0.0,0.0,0.0
1983-01-13,0.0,0.0,0.0
1983-01-14,0.0,0.0,0.0
1983-01-15,0.0,0.0,0.0
1983-01-16,0.0,0.0,0.0
1983-01-17,0.0,0.0,0.0
1983-01-18,0.0,0.07,0.46
1983-01-19,0.0,13.1,0.22
1983-01-20,17.24,18.18,25.49
1983-01-21,14.99,6.63,9.06
1983-01-22,3.11,0.85,0.19
1983-01-23,0.0,0.06,0.17
1983-01-24,0.0,0.0,0.0
1983-01-25,0.0,0.09,0.0
1983-01-26,0.0,12.34,2.66
1983-01-27,14.28,5.92,15.0
1983-01-28,3.69,0.92,0.19
1983-01-29,0.0,9.32,7.44
1983-01-30,10.92,3.85,5.33
1983-01-31,0.0,14.4,0.0
1983-02-01,25.77,44.84,49.82
1983-02-02,52.51,13.42,19.14
1983-02-03,0.0,0.01,0.0
1983-02-04,0.0,0.16,0.0
1983-02-05,0.0,18.52,2.15
1983-02-06,26.73,6.43,22.92
1983-02-07,0.07,0.09,0.01
1983-02-08,0.0,0.0,0.0
1983-02-09,0.0,2.99,1.1
1983-02-10,0.12,6.82,10.82
1983-02-11,11.87,1.95,0.32
1983-02-12,0.0,2.08,0.23
1983-02-13,5.16,12.6,8.18
1983-02-14,16.64,3.98,9.21
1983-02-15,0.0,0.04,0.0
1983-02-16,0.0,4.18,0.9
1983-02-17,5.75,1.39,4.76
1983-02-18,0.0,0.0,0.0
1983-02-19,0.0,0.0,0.0
1983-02-20,0.0,0.04,0.01
1983-02-21,0.0,9.14,1.22
1983-02-22,15.33,14.64,22.17
1983-02-23,15.23,3.94,2.0
1983-02-24,0.0,2.93,0.99
1983-02-25,4.01,0.98,3.33
1983-02-26,0.0,0.34,0.0
1983-02-27,0.0,5.92,0.85
1983-02-28,9.02,7.57,16.74
1983-03-01,8.96,1.91,1.8
1983-03-02,0.0,0.01,0.0
1983-03-03,0.0,0.0,0.0
1983-03-04,0.0,9.01,0.46
1983-03-05,0.0,44.99,33.15
1983-03-06,57.5,14.03,34.86
1983-03-07,0.0,0.01,0.3
1983-03-08,0.0,0.0,0.0
1983-03-09,0.0,0.0,0.0
1983-03-10,0.0,0.0,0.0
1983-03-11,0.0,0.0,0.0
1983-03-12,0.0,0.0,0.0
1983-03-13,0.0,0.0,0.2
1983-03-14,0.0,0.09,0.39
1983-03-15,0.0,6.36,0.73
1983-03-16,9.27,6.46,11.89
1983-03-17,8.69,9.79,11.46
1983-03-18,11.38,2.81,2.48
1983-03-19,0.0,3.07,0.57
1983-03-20,0.0,7.1,14.96
1983-03-21,7.55,2.03,3.6
1983-03-22,0.0,0.14,0.0
1983-03-23,0.0,14.69,1.43
1983-03-24,19.02,6.63,19.42
1983-03-25,3.29,4.75,1.26
1983-03-26,0.0,40.07,28.48
1983-03-27,54.35,12.96,29.19
1983-03-28,0.0,0.02,0.0
1983-03-29,0.0,1.25,0.0
1983-03-30,0.0,2.8,2.56
1983-03-31,4.97,0.84,2.68
1983-04-01,0.0,4.63,0.21
1983-04-02,8.24,1.55,6.43
1983-04-03,0.0,0.0,0.0
1983-04-04,0.0,0.24,0.0
1983-04-05,0.0,1.57,1.34
1983-04-06,2.02,17.72,9.52
1983-04-07,24.12,23.13,30.28
1983-04-08,25.69,19.51,26.6
1983-04-09,20.52,4.64,9.12
1983-04-10,0.0,0.02,0.0
1983-04-11,0.0,0.0,0.0
1983-04-12,0.0,0.0,0.0
1983-04-13,0.0,7.32,0.05
1983-04-14,15.28,14.47,20.89
1983-04-15,18.32,4.02,6.67
1983-04-16,0.0,0.0,0.0
1983-04-17,0.0,1.37,0.0
1983-04-18,3.21,2.02,3.97
1983-04-19,3.56,0.56,0.15
1983-04-20,0.0,0.01,0.05
1983-04-21,0.0,0.84,0.0
1983-04-22,0.0,26.81,5.83
1983-04-23,37.14,12.43,36.42
1983-04-24,3.82,1.2,1.0
1983-04-25,0.0,0.0,0.0
1983-04-26,0.0,0.0,0.0
1983-04-27,0.0,0.0,0.0
1983-04-28,0.0,0.0,0.0
1983-04-29,0.0,0.0,0.0
1983-04-30,0.0,0.0,0.0
1983-05-01,0.0,0.0,0.0
1983-05-02,0.0,0.68,0.0
1983-05-03,0.0,2.59,2.87
1983-05-04,1.86,0.79,0.54
1983-05-05,0.0,0.0,0.0
1983-05-06,0.0,0.0,0.0
1983-05-07,0.0,0.15,0.05
1983-05-08,0.42,1.66,3.12
1983-05-09,2.68,0.54,0.0
1983-05-10,0.0,0.05,0.47
1983-05-11,0.09,7.34,7.23
1983-05-12,10.48,2.97,2.76
1983-05-13,0.78,0.82,0.01
1983-05-14,0.0,0.28,0.44
1983-05-15,0.0,16.07,3.3
1983-05-16,24.94,5.42,20.1
1983-05-17,0.0,0.02,0.0
1983-05-18,0.0,6.66,0.68
1983-05-19,10.55,21.7,17.28
1983-05-20,33.61,6.59,5.88
1983-05-21,0.0,0.03,0.01
1983-05-22,0.0,0.2,0.4
1983-05-23,0.01,0.07,0.0
1983-05-24,0.0,0.0,0.0
1983-05-25,0.0,0.0,0.0
1983-05-26,0.0,0.0,0.0
1983-05-27,0.0,0.0,0.0
1983-05-28,0.0,0.0,0.0
1983-05-29,0.0,0.65,2.18
1983-05-30,0.72,2.63,2.82
1983-05-31,0.0,0.92,0.58
1983-06-01,0.51,0.13,0.1
1983-06-02,0.0,0.03,0.0
1983-06-03,0.0,9.42,0.07
1983-06-04,0.0,3.9,14.37
1983-06-05,1.54,0.39,0.88
1983-06-06,0.0,19.63,12.45
1983-06-07,25.21,22.99,23.99
1983-06-08,26.17,5.49,0.6
1983-06-09,0.0,0.15,0.34
1983-06-10,0.0,0.16,0.0
1983-06-11,0.0,0.04,0.21
1983-06-12,0.0,0.0,0.0
1983-06-13,0.0,0.0,0.0
1983-06-14,0.0,0.0,0.0
1983-06-15,0.0,0.0,0.33
1983-06-16,0.0,2.67,2.79
1983-06-17,0.0,6.83,10.78
1983-06-18,12.17,10.99,6.14
1983-06-19,12.14,14.62,26.45
1983-06-20,14.69,22.41,13.76
1983-06-21,26.8,16.21,19.91
1983-06-22,10.91,16.26,5.47
1983-06-23,15.03,11.03,19.11
1983-06-24,15.49,4.99,5.41
1983-06-25,4.02,3.71,4.95
1983-06-26,4.35,4.95,1.8
1983-06-27,5.8,9.98,16.64
1983-06-28,14.68,24.14,25.76
1983-06-29,28.87,14.25,11.17
1983-06-30,15.49,2.4,3.58
1983-07-01,0.0,0.55,0.26
1983-07-02,0.1,0.18,1.24
1983-07-03,0.0,0.37,0.72
1983-07-04,0.0,4.8,5.06
1983-07-05,0.0,9.63,3.82
1983-07-06,16.14,2.69,6.84
1983-07-07,0.0,0.03,0.2
1983-07-08,0.0,0.02,0.16
1983-07-09,0.0,0.0,0.0
1983-07-10,0.0,0.0,0.0
1983-07-11,0.0,0.0,0.0
1983-07-12,0.0,0.0,0.0
1983-07-13,0.0,0.0,0.0
1983-07-14,0.0,0.03,0.0
1983-07-15,0.0,0.01,0.09
1983-07-16,0.0,0.02,0.07
1983-07-17,0.0,1.33,1.99
1983-07-18,0.54,0.48,0.44
1983-07-19,0.0,0.01,0.45
1983-07-20,0.0,0.1,0.06
1983-07-21,0.0,0.04,0.28
1983-07-22,0.0,0.01,0.04
1983-07-23,0.0,0.0,0.0
1983-07-24,0.0,0.0,0.0
1983-07-25,0.0,7.59,1.56
1983-07-26,0.0,6.54,10.52
1983-07-27,9.52,3.23,4.61
1983-07-28,0.0,0.74,0.87
1983-07-29,0.0,0.34,0.59
1983-07-30,0.0,5.12,4.19
1983-07-31,10.75,12.7,13.01
1983-08-01,14.13,18.22,15.41
1983-08-02,19.17,4.93,4.25
1983-08-03,0.0,1.24,2.33
1983-08-04,0.3,0.51,1.83
1983-08-05,0.0,0.04,1.57
1983-08-06,0.0,4.2,2.36
1983-08-07,1.38,3.49,3.15
1983-08-08,0.03,0.71,0.18
1983-08-09,0.0,0.0,0.09
1983-08-10,0.0,2.47,2.12
1983-08-11,0.0,5.23,5.09
1983-08-12,6.37,1.75,1.08
1983-08-13,0.0,0.71,0.64
1983-08-14,0.68,0.21,0.0
1983-08-15,0.0,0.0,0.0
1983-08-16,0.0,0.0,0.0
1983-08-17,0.0,0.0,0.0
1983-08-18,0.0,0.0,0.0
1983-08-19,0.0,0.0,0.0
1983-08-20,0.0,0.0,0.32
1983-08-21,0.0,0.2,0.88
1983-08-22,0.0,2.1,1.4
1983-08-23,3.69,0.68,1.56
1983-08-24,0.0,0.0,0.14
1983-08-25,0.0,8.36,0.84
1983-08-26,10.06,3.08,8.92
1983-08-27,0.0,0.15,0.84
1983-08-28,0.0,0.81,2.93
1983-08-29,0.44,0.69,0.47
1983-08-30,0.0,0.4,0.2
1983-08-31,0.0,0.48,2.04
1983-09-01,0.62,1.08,4.87
1983-09-02,2.9,2.44,3.62
1983-09-03,3.1,21.54,3.64
1983-09-04,23.94,15.16,29.98
1983-09-05,12.96,13.76,15.37
1983-09-06,13.46,13.52,13.46
1983-09-07,16.8,3.28,1.0
1983-09-08,0.0,0.0,0.0
1983-09-09,0.0,0.0,0.0
1983-09-10,0.0,2.21,0.37
1983-09-11,0.0,14.98,20.08
1983-09-12,16.17,12.7,16.23
1983-09-13,17.53,23.8,23.49
1983-09-14,38.28,7.05,10.99
1983-09-15,0.0,0.0,0.0
1983-09-16,0.0,0.0,0.0
1983-09-17,0.0,0.0,0.17
1983-09-18,0.0,2.32,1.8
1983-09-19,0.0,2.61,2.25
1983-09-20,9.63,25.02,16.76
1983-09-21,29.13,9.97,16.56
1983-09-22,3.06,0.61,0.03
1983-09-23,0.0,0.0,0.0
1983-09-24,0.0,0.0,0.0
1983-09-25,0.0,0.0,0.0
1983-09-26,0.0,0.0,0.0
1983-09-27,0.0,0.0,0.0
1983-09-28,0.0,0.0,0.0
1983-09-29,0.0,0.0,0.0
1983-09-30,0.0,0.0,0.0
1983-10-01,0.0,0.0,0.0
1983-10-02,0.0,0.0,0.0
1983-10-03,0.0,0.0,0.09
1983-10-04,0.0,2.61,0.73
1983-10-05,2.58,1.2,2.42
1983-10-06,0.0,0.11,0.02
1983-10-07,0.0,0.0,0.24
1983-10-08,0.0,0.01,0.21
1983-10-09,0.0,0.18,0.32
1983-10-10,0.0,1.62,0.46
1983-10-11,1.87,1.15,3.29
1983-10-12,1.26,14.63,2.28
1983-10-13,17.98,4.93,17.44
1983-10-14,0.0,0.04,0.0
1983-10-15,0.0,0.0,0.0
1983-10-16,0.0,0.0,0.01
1983-10-17,0.0,0.0,0.22
1983-10-18,0.0,0.0,0.0
1983-10-19,0.0,0.0,0.0
1983-10-20,0.0,0.0,0.0
1983-10-21,0.0,0.0,0.0
1983-10-22,0.0,2.9,0.41
1983-10-23,6.36,1.15,5.17
1983-10-24,0.0,0.06,0.21
1983-10-25,0.0,0.0,0.0
1983-10-26,0.0,0.0,0.0
1983-10-27,0.0,0.0,0.0
1983-10-28,0.0,0.0,0.0
1983-10-29,0.0,0.0,0.0
1983-10-30,0.0,0.0,0.0
1983-10-31,0.0,0.0,0.0
1983-11-01,0.0,0.0,0.0
1983-11-02,0.0,0.0,0.0
1983-11-03,0.0,4.08,0.01
1983-11-04,0.78,3.0,5.54
1983-11-05,3.29,0.55,0.63
1983-11-06,0.0,0.0,0.0
1983-11-07,0.0,0.1,0.11
1983-11-08,0.0,0.03,0.01
1983-11-09,0.0,0.0,0.01
1983-11-10,0.0,0.0,0.0
1983-11-11,0.0,0.0,0.0
1983-11-12,0.0,0.27,0.23
1983-11-13,0.0,1.96,0.72
1983-11-14,4.52,9.39,10.19
1983-11-15,11.68,7.23,11.08
1983-11-16,7.62,1.44,0.01
1983-11-17,0.0,0.0,0.0
1983-11-18,0.0,0.0,0.05
1983-11-19,0.0,35.79,1.88
1983-11-20,47.08,12.14,43.5
1983-11-21,0.0,0.07,0.62
1983-11-22,0.0,0.39,0.07
1983-11-23,0.7,36.04,14.84
1983-11-24,43.06,17.96,37.82
1983-11-25,10.87,2.0,0.39
1983-11-26,0.0,0.0,0.0
1983-11-27,0.0,24.95,8.4
1983-11-28,34.48,8.32,24.04
1983-11-29,0.0,0.0,0.0
1983-11-30,0.0,0.0,0.0
1983-12-01,0.0,0.0,0.0
1983-12-02,0.0,1.44,0.14
1983-12-03,3.75,14.87,9.58
1983-12-04,19.21,5.84,15.39
1983-12-05,0.81,7.85,0.98
1983-12-06,13.15,2.56,10.86
1983-12-07,0.0,0.02,0.01
1983-12-08,0.0,0.0,0.0
1983-12-09,0.0,0.0,0.0
1983-12-10,0.0,23.93,0.07
1983-12-11,33.13,20.91,46.29
1983-12-12,27.84,4.31,1.59
1983-12-13,0.0,1.36,0.12
1983-12-14,2.41,0.45,1.36
1983-12-15,0.0,0.21,0.17
1983-12-16,0.0,0.24,0.0
1983-12-17,0.0,2.51,2.46
1983-12-18,2.23,1.17,0.99
1983-12-19,0.21,0.23,0.15
1983-12-20,0.0,0.04,0.02
1983-12-21,0.0,12.28,1.51
1983-12-22,14.62,5.73,15.56
1983-12-23,4.58,0.55,0.1
1983-12-24,0.0,0.0,0.0
1983-12-25,0.0,0.0,0.0
1983-12-26,0.0,1.72,0.0
1983-12-27,4.84,27.03,8.77
1983-12-28,35.95,22.35,47.28
1983-12-29,18.23,4.68,2.13
1983-12-30,0.0,0.06,0.13
1983-12-31,0.0,0.0,0.0
1984-01-01,0.0,0.0,0.0
1984-01-02,0.0,0.0,0.0
1984-01-03,0.0,0.0,0.0
1984-01-04,0.0,0.03,0.05
1984-01-05,0.0,0.01,0.0
1984-01-06,0.0,0.0,0.0
1984-01-07,0.0,0.0,0.0
1984-01-08,0.0,0.0,0.0
1984-01-09,0.0,16.15,0.49
1984-01-10,20.73,7.46,23.97
1984-01-11,3.99,0.69,1.91
1984-01-12,0.0,0.0,0.0
1984-01-13,0.0,0.0,0.0
1984-01-14,0.0,3.31,0.0
1984-01-15,6.27,3.84,7.12
1984-01-16,4.3,3.47,4.72
1984-01-17,4.33,11.9,6.33
1984-01-18,14.26,14.83,14.5
1984-01-19,15.46,3.72,8.39
1984-01-20,0.0,1.14,0.0
1984-01-21,0.0,0.38,0.91
1984-01-22,0.0,0.0,0.12
1984-01-23,0.0,12.69,0.92
1984-01-24,18.31,12.81,22.77
1984-01-25,10.65,3.49,4.37
1984-01-26,1.64,4.77,1.39
1984-01-27,5.44,1.56,5.13
1984-01-28,0.0,0.01,0.0
1984-01-29,0.0,0.0,0.0
1984-01-30,0.0,0.0,0.0
1984-01-31,0.0,0.0,0.0
1984-02-01,0.0,0.0,0.0
1984-02-02,0.0,1.41,0.0
1984-02-03,0.0,7.79,8.51
1984-02-04,9.92,2.45,2.57
1984-02-05,0.0,0.0,0.0
1984-02-06,0.0,0.0,0.0
1984-02-07,0.0,0.0,0.0
1984-02-08,0.0,0.0,0.0
1984-02-09,0.0,0.0,0.0
1984-02-10,0.0,0.07,1.06
1984-02-11,0.18,0.29,1.33
1984-02-12,0.0,22.41,2.33
1984-02-13,27.21,7.8,26.79
1984-02-14,1.25,0.12,0.42
1984-02-15,0.0,0.0,0.0
1984-02-16,0.0,0.41,1.09
1984-02-17,0.3,0.14,0.06
1984-02-18,0.0,0.0,0.0
1984-02-19,0.0,0.38,0.03
1984-02-20,0.02,0.44,0.1
1984-02-21,1.07,1.55,2.44
1984-02-22,2.59,3.44,2.81
1984-02-23,4.29,0.99,1.12
1984-02-24,0.0,0.0,0.0
1984-02-25,0.0,0.0,0.52
1984-02-26,0.0,33.8,0.07
1984-02-27,43.29,11.96,44.33
1984-02-28,3.25,0.25,0.4
1984-02-29,0.0,0.12,0.2
1984-03-01,0.0,0.0,0.0
1984-03-02,0.0,0.0,0.0
1984-03-03,0.0,0.12,0.57
1984-03-04,0.0,10.8,0.0
1984-03-05,21.06,30.55,30.45
1984-03-06,38.47,10.55,19.12
1984-03-07,0.79,0.52,0.1
1984-03-08,0.0,0.0,0.0
1984-03-09,0.0,0.0,0.0
1984-03-10,0.0,0.0,0.0
1984-03-11,0.0,0.0,0.0
1984-03-12,0.0,0.21,0.28
1984-03-13,0.3,0.09,0.56
1984-03-14,0.0,0.0,0.0
1984-03-15,0.0,0.0,0.0
1984-03-16,0.0,0.0,0.02
1984-03-17,0.0,0.0,0.08
1984-03-18,0.0,0.0,0.07
1984-03-19,0.0,13.85,1.2
1984-03-20,18.7,16.32,30.57
1984-03-21,22.08,3.9,0.42
1984-03-22,0.0,0.0,0.0
1984-03-23,0.0,0.0,2.83
1984-03-24,0.0,29.05,8.17
1984-03-25,36.95,9.78,26.39
1984-03-26,0.0,0.13,0.06
1984-03-27,0.0,1.28,1.36
1984-03-28,3.1,1.18,1.54
1984-03-29,1.18,0.25,0.08
1984-03-30,0.0,0.0,0.0
1984-03-31,0.0,0.0,0.0
1984-04-01,0.0,3.66,3.03
1984-04-02,0.0,18.45,5.18
1984-04-03,29.0,8.85,23.34
1984-04-04,4.62,1.28,2.25
1984-04-05,0.0,0.08,0.0
1984-04-06,0.0,0.0,0.0
1984-04-07,0.0,0.0,0.0
1984-04-08,0.0,10.24,4.2
1984-04-09,16.93,3.45,12.68
1984-04-10,0.0,0.02,0.02
1984-04-11,0.0,0.0,0.0
1984-04-12,0.0,0.0,0.0
1984-04-13,0.0,0.01,0.05
1984-04-14,0.0,0.0,0.13
1984-04-15,0.0,0.0,0.14
1984-04-16,0.0,0.01,0.03
1984-04-17,0.0,0.0,0.17
1984-04-18,0.0,0.95,0.03
1984-04-19,0.0,0.82,0.89
1984-04-20,0.37,0.17,0.43
1984-04-21,0.0,4.5,0.03
1984-04-22,9.62,5.6,9.93
1984-04-23,7.4,1.37,3.37
1984-04-24,0.0,0.0,0.0
1984-04-25,0.0,0.24,0.1
1984-04-26,0.0,2.26,0.7
1984-04-27,5.09,13.84,8.73
1984-04-28,0.0,12.35,9.36
1984-04-29,13.34,2.66,3.2
1984-04-30,0.0,0.14,0.19
1984-05-01,0.0,1.53,1.24
1984-05-02,0.0,6.69,3.28
1984-05-03,0.0,30.68,37.6
1984-05-04,48.5,9.81,6.84
1984-05-05,0.0,0.09,0.0
1984-05-06,0.0,0.0,0.0
1984-05-07,0.0,6.31,0.06
1984-05-08,7.02,10.69,15.09
1984-05-09,13.98,2.86,0.43
1984-05-10,0.0,0.0,0.0
1984-05-11,0.0,0.0,0.0
1984-05-12,0.0,0.0,0.08
1984-05-13,0.0,0.0,0.35
1984-05-14,0.0,5.02,0.16
1984-05-15,6.52,1.67,4.7
1984-05-16,0.0,0.0,0.0
1984-05-17,0.0,0.0,0.0
1984-05-18,0.0,0.0,0.0
1984-05-19,0.0,0.0,0.0
1984-05-20,0.0,2.59,4.35
1984-05-21,4.36,11.47,6.59
1984-05-22,20.0,3.92,11.79
1984-05-23,0.04,0.13,0.31
1984-05-24,0.0,0.0,0.01
1984-05-25,0.0,0.97,1.63
1984-05-26,2.88,10.36,4.45
1984-05-27,13.76,6.31,5.94
1984-05-28,1.19,11.94,8.49
1984-05-29,15.15,3.68,7.54
1984-05-30,0.0,0.01,0.16
1984-05-31,0.0,0.0,0.0
1984-06-01,0.0,0.0,0.0
1984-06-02,0.0,0.0,0.0
1984-06-03,0.0,0.0,0.0
1984-06-04,0.0,0.0,0.0
1984-06-05,0.0,0.0,0.0
1984-06-06,0.0,0.0,0.0
1984-06-07,0.0,0.0,0.0
1984-06-08,0.0,0.0,0.0
1984-06-09,0.0,0.0,0.0
1984-06-10,0.0,0.0,0.0
1984-06-11,0.0,0.3,0.2
1984-06-12,0.0,0.69,0.73
1984-06-13,0.97,0.21,1.68
1984-06-14,0.0,1.06,1.27
1984-06-15,0.11,5.4,3.81
1984-06-16,6.23,20.66,17.55
1984-06-17,23.11,6.4,1.86
1984-06-18,0.0,0.03,0.01
1984-06-19,0.0,0.45,0.0
1984-06-20,0.51,0.16,0.73
1984-06-21,0.0,2.75,0.74
1984-06-22,0.67,11.57,5.65
1984-06-23,13.26,3.7,13.22
1984-06-24,0.0,0.06,2.0
1984-06-25,0.0,0.01,0.0
1984-06-26,0.0,0.0,0.0
1984-06-27,0.0,0.0,0.04
1984-06-28,0.0,0.25,2.03
1984-06-29,0.95,7.04,6.55
1984-06-30,10.77,2.32,4.66
1984-07-01,0.0,4.92,2.91
1984-07-02,2.92,2.29,4.36
1984-07-03,0.0,0.34,0.06
1984-07-04,0.0,0.04,0.64
1984-07-05,0.0,0.25,2.96
1984-07-06,0.0,2.01,4.37
1984-07-07,0.66,4.99,0.82
1984-07-08,5.49,1.45,3.26
1984-07-09,0.0,1.54,0.41
1984-07-10,0.0,0.85,1.87
1984-07-11,0.0,3.18,3.85
1984-07-12,6.37,9.73,12.29
1984-07-13,15.0,5.94,5.89
1984-07-14,10.93,7.28,6.69
1984-07-15,8.03,8.59,8.96
1984-07-16,11.32,9.47,6.86
1984-07-17,11.33,6.06,12.37
1984-07-18,4.35,9.21,11.99
1984-07-19,15.21,2.75,2.09
1984-07-20,0.0,0.03,0.1
1984-07-21,0.0,0.05,0.59
1984-07-22,0.0,0.8,0.28
1984-07-23,0.62,1.32,2.05
1984-07-24,0.0,1.68,3.68
1984-07-25,1.58,0.47,1.36
1984-07-26,0.0,7.54,4.9
1984-07-27,0.0,4.49,1.41
1984-07-28,7.63,14.42,15.62
1984-07-29,18.81,12.47,9.95
1984-07-30,11.12,7.63,12.42
1984-07-31,10.31,11.4,17.29
1984-08-01,12.94,43.33,52.29
1984-08-02,56.29,29.79,29.32
1984-08-03,30.34,5.59,6.68
1984-08-04,0.0,0.49,1.33
1984-08-05,1.47,0.19,0.31
1984-08-06,0.0,0.01,0.26
1984-08-07,0.0,0.01,0.01
1984-08-08,0.0,2.33,2.36
1984-08-09,3.23,1.7,0.84
1984-08-10,0.49,4.42,1.05
1984-08-11,6.03,5.62,7.66
1984-08-12,8.39,10.61,12.51
1984-08-13,14.19,9.04,4.28
1984-08-14,0.37,2.01,5.67
1984-08-15,0.0,0.0,0.0
1984-08-16,0.0,0.0,0.02
1984-08-17,0.0,0.03,0.03
1984-08-18,0.0,0.01,0.01
1984-08-19,0.0,1.36,0.04
1984-08-20,0.0,2.13,2.73
1984-08-21,0.0,0.56,0.64
1984-08-22,0.0,0.0,0.13
1984-08-23,0.0,0.89,0.27
1984-08-24,0.56,0.3,0.74
1984-08-25,0.0,0.05,0.16
1984-08-26,0.0,1.47,1.41
1984-08-27,0.99,1.19,4.66
1984-08-28,0.0,0.23,0.42
1984-08-29,0.0,0.04,1.66
1984-08-30,0.0,0.01,0.0
1984-08-31,0.0,0.0,0.0
1984-09-01,0.0,0.0,0.1
1984-09-02,0.0,0.24,0.62
1984-09-03,0.0,10.81,6.34
1984-09-04,16.4,5.14,7.57
1984-09-05,5.17,0.52,1.92
1984-09-06,0.0,0.0,0.0
1984-09-07,0.0,0.0,0.0
1984-09-08,0.0,0.0,0.0
1984-09-09,0.0,0.0,0.0
1984-09-10,0.0,0.0,0.0
1984-09-11,0.0,2.45,0.02
1984-09-12,0.0,0.82,2.32
1984-09-13,0.0,0.06,0.0
1984-09-14,0.0,1.49,0.37
1984-09-15,0.0,1.47,4.9
1984-09-16,1.32,0.33,0.58
1984-09-17,0.0,0.0,0.0
1984-09-18,0.0,0.0,0.0
1984-09-19,0.0,0.0,0.0
1984-09-20,0.0,0.0,0.0
1984-09-21,0.0,0.0,0.0
1984-09-22,0.0,0.0,0.0
1984-09-23,0.0,0.0,0.0
1984-09-24,0.0,0.0,0.0
1984-09-25,0.0,0.0,0.0
1984-09-26,0.0,0.0,0.0
1984-09-27,0.0,0.0,0.0
1984-09-28,0.0,0.0,0.0
1984-09-29,0.0,0.0,0.0
1984-09-30,0.0,0.0,0.0
1984-10-01,0.0,0.0,0.0
1984-10-02,0.0,0.0,0.0
1984-10-03,0.0,0.0,0.0
1984-10-04,0.0,0.0,0.0
1984-10-05,0.0,0.0,0.0
1984-10-06,0.0,0.27,0.01
1984-10-07,0.0,0.09,0.19
1984-10-08,0.0,1.76,0.62
1984-10-09,1.4,0.66,4.06
1984-10-10,0.0,0.03,0.26
1984-10-11,0.0,0.0,0.0
1984-10-12,0.0,0.0,0.0
1984-10-13,0.0,0.0,0.0
1984-10-14,0.0,0.33,0.04
1984-10-15,2.48,1.92,11.01
1984-10-16,5.79,0.73,0.09
1984-10-17,0.0,0.06,0.87
1984-10-18,0.0,0.01,0.0
1984-10-19,0.0,0.0,0.0
1984-10-20,0.0,0.34,0.01
1984-10-21,0.04,1.99,2.11
1984-10-22,3.41,0.67,3.97
1984-10-23,0.0,0.2,0.75
1984-10-24,0.01,0.09,1.34
1984-10-25,0.0,0.01,0.0
1984-10-26,0.0,0.0,0.34
1984-10-27,0.0,2.53,3.48
1984-10-28,8.33,1.76,10.08
1984-10-29,4.03,8.63,9.31
1984-10-30,11.39,2.77,0.34
1984-10-31,0.0,0.0,0.0
1984-11-01,0.0,2.53,0.47
1984-11-02,0.0,14.41,12.08
1984-11-03,16.77,18.83,14.47
1984-11-04,17.73,4.82,5.61
1984-11-05,0.0,0.02,0.0
1984-11-06,0.0,0.0,0.0
1984-11-07,0.0,0.0,0.0
1984-11-08,0.0,0.0,0.03
1984-11-09,0.0,0.63,0.07
1984-11-10,0.0,3.26,3.62
1984-11-11,5.99,1.02,2.53
1984-11-12,0.0,0.0,0.0
1984-11-13,0.0,0.0,0.05
1984-11-14,0.0,0.0,0.06
1984-11-15,0.0,0.27,0.09
1984-11-16,0.12,0.17,0.53
1984-11-17,0.0,0.63,0.0
1984-11-18,0.0,4.35,1.16
1984-11-19,7.44,1.98,6.62
1984-11-20,0.0,0.2,0.01
1984-11-21,0.0,0.0,0.0
1984-11-22,0.0,0.0,0.0
1984-11-23,0.0,0.0,0.0
1984-11-24,0.0,0.0,0.0
1984-11-25,0.0,0.0,0.0
1984-11-26,0.0,0.0,0.11
1984-11-27,0.0,23.1,16.47
1984-11-28,37.34,14.71,20.13
1984-11-29,0.0,2.34,1.38
1984-11-30,0.0,1.8,2.51
1984-12-01,2.4,0.61,2.69
1984-12-02,0.0,5.9,8.22
1984-12-03,10.94,7.68,4.34
1984-12-04,0.0,48.9,10.2
1984-12-05,59.74,17.05,57.79
1984-12-06,5.06,0.46,1.17
1984-12-07,0.0,0.0,0.0
1984-12-08,0.0,0.0,0.0
1984-12-09,0.0,0.0,0.0
1984-12-10,0.0,0.0,0.03
1984-12-11,0.0,0.0,0.0
1984-12-12,0.0,0.0,0.0
1984-12-13,0.0,0.0,0.0
1984-12-14,0.0,0.0,0.0
1984-12-15,0.0,0.0,0.0
1984-12-16,0.0,0.0,0.0
1984-12-17,0.0,0.0,0.0
1984-12-18,0.0,0.0,0.0
1984-12-19,0.0,0.0,0.0
1984-12-20,0.0,0.24,0.02
1984-12-21,0.0,0.59,0.02
1984-12-22,0.0,0.9,1.46
1984-12-23,0.02,0.24,0.12
1984-12-24,0.0,0.0,0.0
1984-12-25,0.0,0.0,0.02
1984-12-26,0.0,0.0,0.16
1984-12-27,0.0,0.0,0.0
1984-12-28,0.0,0.0,0.0
1984-12-29,0.0,0.0,0.0
1984-12-30,0.0,0.0,0.01
1984-12-31,0.0,20.4,0.02
1985-01-01,0.0,28.93,16.02
1985-01-02,27.4,16.66,16.98
1985-01-03,15.87,5.86,9.67
1985-01-04,0.97,0.92,1.49
1985-01-05,0.0,0.0,1.65
1985-01-06,0.0,0.0,0.0
1985-01-07,0.0,0.0,0.0
1985-01-08,0.0,0.0,0.0
1985-01-09,0.0,0.0,0.0
1985-01-10,0.0,0.3,0.43
1985-01-11,0.0,0.1,0.0
1985-01-12,0.0,0.0,0.07
1985-01-13,0.0,0.0,0.04
1985-01-14,0.0,0.0,0.0
1985-01-15,0.0,4.43,0.0
1985-01-16,0.0,12.73,4.3
1985-01-17,18.81,4.45,17.89
1985-01-18,1.0,0.23,0.01
1985-01-19,0.0,0.11,0.0
1985-01-20,0.0,0.09,0.16
1985-01-21,0.0,0.02,0.0
1985-01-22,0.0,0.0,0.0
1985-01-23,0.0,0.25,0.0
1985-01-24,0.0,0.3,0.34
1985-01-25,0.23,0.07,0.07
1985-01-26,0.0,0.0,0.0
1985-01-27,0.0,4.34,0.69
1985-01-28,9.13,4.1,7.52
1985-01-29,0.0,6.02,0.0
1985-01-30,6.89,7.72,7.41
1985-01-31,13.06,8.33,8.98
1985-02-01,9.58,18.31,14.06
1985-02-02,22.11,5.44,12.99
1985-02-03,0.0,0.25,0.0
1985-02-04,0.0,15.5,7.59
1985-02-05,21.1,43.74,44.91
1985-02-06,57.41,13.89,21.63
1985-02-07,0.2,0.34,0.0
1985-02-08,0.0,0.0,0.0
1985-02-09,0.0,0.0,0.0
1985-02-10,0.0,5.18,2.2
1985-02-11,9.68,5.74,9.67
1985-02-12,3.76,1.34,0.31
1985-02-13,0.0,0.0,0.0
1985-02-14,0.0,0.0,0.0
1985-02-15,0.0,0.0,0.0
1985-02-16,0.0,0.0,0.0
1985-02-17,0.0,0.0,0.0
1985-02-18,0.0,0.0,0.04
1985-02-19,0.0,0.53,0.01
1985-02-20,0.0,0.18,0.56
1985-02-21,0.0,0.0,0.0
1985-02-22,0.0,0.0,0.0
1985-02-23,0.0,1.73,0.0
1985-02-24,0.0,30.5,16.31
1985-02-25,35.87,26.88,37.23
1985-02-26,18.31,6.27,3.15
1985-02-27,3.27,0.32,0.85
1985-02-28,0.46,9.55,1.27
1985-03-01,12.73,13.69,24.15
1985-03-02,26.49,3.51,1.0
1985-03-03,0.0,0.0,0.11
1985-03-04,0.0,1.54,0.0
1985-03-05,2.0,0.54,7.1
1985-03-06,0.0,0.01,0.0
1985-03-07,0.0,0.0,0.0
1985-03-08,0.0,0.0,0.0
1985-03-09,0.0,0.0,0.0
1985-03-10,0.0,0.0,0.0
1985-03-11,0.0,0.0,0.0
1985-03-12,0.0,0.01,0.02
1985-03-13,0.0,0.0,0.0
1985-03-14,0.0,0.21,0.0
1985-03-15,0.25,1.46,0.57
1985-03-16,2.91,2.68,4.57
1985-03-17,6.93,0.74,1.38
1985-03-18,0.0,0.0,0.0
1985-03-19,0.0,0.0,0.0
1985-03-20,0.0,10.63,0.95
1985-03-21,15.14,14.25,19.04
1985-03-22,9.19,3.57,5.43
1985-03-23,0.0,1.66,0.0
1985-03-24,3.55,0.58,3.25
1985-03-25,0.0,0.01,0.0
1985-03-26,0.0,0.0,0.0
1985-03-27,0.0,0.05,0.13
1985-03-28,0.18,0.02,0.09
1985-03-29,0.0,0.0,0.0
1985-03-30,0.0,1.42,0.0
1985-03-31,0.0,4.53,6.35
1985-04-01,6.49,1.35,0.01
1985-04-02,0.0,1.28,1.59
1985-04-03,0.23,0.43,0.0
1985-04-04,0.0,0.0,0.0
1985-04-05,0.0,9.77,0.4
1985-04-06,19.3,3.29,15.33
1985-04-07,0.0,0.01,0.0
1985-04-08,0.0,0.0,0.0
1985-04-09,0.0,0.0,0.0
1985-04-10,0.0,0.0,0.0
1985-04-11,0.0,0.0,0.0
1985-04-12,0.0,0.05,0.04
1985-04-13,0.0,5.69,1.45
1985-04-14,6.34,14.63,3.39
1985-04-15,14.65,12.81,21.06
1985-04-16,12.74,2.85,5.43
1985-04-17,0.0,0.0,0.0
1985-04-18,0.0,0.0,0.0
1985-04-19,0.0,0.11,0.13
1985-04-20,0.0,0.06,0.15
1985-04-21,0.0,0.01,0.0
1985-04-22,0.0,0.0,0.0
1985-04-23,0.0,3.04,0.05
1985-04-24,3.68,2.2,5.04
1985-04-25,1.7,0.4,0.14
1985-04-26,0.0,0.0,0.0
1985-04-27,0.0,0.0,0.0
1985-04-28,0.0,0.0,0.0
1985-04-29,0.0,0.0,0.0
1985-04-30,0.0,0.0,0.0
1985-05-01,0.0,14.41,5.5
1985-05-02,15.88,24.72,17.87
1985-05-03,28.23,6.64,9.33
1985-05-04,0.0,0.0,0.01
1985-05-05,0.0,0.0,0.0
1985-05-06,0.0,2.33,0.17
1985-05-07,0.0,22.12,8.64
1985-05-08,30.36,29.24,29.19
1985-05-09,30.96,15.22,17.15
1985-05-10,27.87,5.49,13.67
1985-05-11,7.86,0.96,1.05
1985-05-12,0.0,0.02,0.27
1985-05-13,0.0,0.01,0.34
1985-05-14,0.0,0.0,0.0
1985-05-15,0.0,0.0,0.0
1985-05-16,0.0,0.0,0.0
1985-05-17,0.0,0.0,0.0
1985-05-18,0.0,0.0,0.0
1985-05-19,0.0,0.01,0.0
1985-05-20,0.0,0.0,0.24
1985-05-21,0.0,0.57,0.99
1985-05-22,0.0,4.55,7.0
1985-05-23,10.76,1.52,2.2
1985-05-24,0.0,0.02,0.0
1985-05-25,0.0,0.0,0.0
1985-05-26,0.0,0.0,0.0
1985-05-27,0.0,0.0,0.0
1985-05-28,0.0,0.03,0.13
1985-05-29,0.0,0.47,2.82
1985-05-30,0.65,0.15,0.13
1985-05-31,0.0,0.0,0.0
1985-06-01,0.0,0.0,0.0
1985-06-02,0.0,0.0,0.0
1985-06-03,0.0,0.0,0.0
1985-06-04,0.0,0.0,0.0
1985-06-05,0.0,0.0,0.0
1985-06-06,0.0,0.22,0.0
1985-06-07,0.22,0.07,1.02
1985-06-08,0.0,2.87,2.23
1985-06-09,0.0,6.02,6.45
1985-06-10,0.0,7.78,5.56
1985-06-11,0.0,13.35,12.32
1985-06-12,24.31,5.38,6.57
1985-06-13,2.25,0.63,0.59
1985-06-14,0.0,1.95,1.83
1985-06-15,0.0,3.47,1.7
1985-06-16,6.91,0.94,3.83
1985-06-17,0.0,0.94,3.21
1985-06-18,3.07,15.77,10.2
1985-06-19,19.1,13.77,16.79
1985-06-20,7.75,2.87,2.6
1985-06-21,0.0,0.0,0.0
1985-06-22,0.0,0.0,0.04
1985-06-23,0.0,0.31,0.0
1985-06-24,0.0,0.14,1.65
1985-06-25,0.0,1.46,0.34
1985-06-26,0.0,0.58,1.59
1985-06-27,0.0,0.69,1.9
1985-06-28,0.0,0.33,3.57
1985-06-29,0.0,0.04,0.73
1985-06-30,0.0,0.63,0.0
1985-07-01,0.0,1.25,0.01
1985-07-02,1.73,0.38,1.55
1985-07-03,0.0,2.21,0.12
1985-07-04,2.5,6.3,4.56
1985-07-05,11.24,12.58,13.09
1985-07-06,14.38,8.4,15.4
1985-07-07,11.46,4.81,4.97
1985-07-08,1.49,1.2,0.17
1985-07-09,0.0,0.05,0.0
1985-07-10,0.0,0.0,0.12
1985-07-11,0.0,2.73,1.21
1985-07-12,4.58,2.12,3.62
1985-07-13,5.55,2.65,5.06
1985-07-14,0.0,10.47,4.04
1985-07-15,7.48,5.43,11.07
1985-07-16,1.04,1.27,2.97
1985-07-17,2.35,0.18,2.77
1985-07-18,0.0,2.75,1.08
1985-07-19,3.24,0.92,2.22
1985-07-20,0.0,0.0,0.46
1985-07-21,0.0,0.54,2.35
1985-07-22,0.95,0.61,1.21
1985-07-23,0.0,2.79,3.04
1985-07-24,5.22,14.82,13.56
1985-07-25,11.29,8.52,8.77
1985-07-26,6.61,12.5,10.0
1985-07-27,10.06,20.99,7.73
1985-07-28,18.71,9.54,10.35
1985-07-29,10.13,4.32,7.28
1985-07-30,6.55,1.6,3.24
1985-07-31,2.25,0.22,1.11
1985-08-01,0.0,0.01,0.13
1985-08-02,0.0,11.41,3.31
1985-08-03,11.42,3.86,9.17
1985-08-04,0.0,0.02,0.02
1985-08-05,0.0,0.01,0.01
1985-08-06,0.0,1.78,2.24
1985-08-07,0.25,3.13,5.38
1985-08-08,8.73,1.68,2.59
1985-08-09,1.73,2.68,2.15
1985-08-10,3.63,3.26,3.11
1985-08-11,2.41,1.67,2.3
1985-08-12,0.0,0.28,0.07
1985-08-13,0.0,0.73,0.23
1985-08-14,0.19,11.23,8.65
1985-08-15,11.25,4.07,2.64
1985-08-16,1.61,2.43,1.75
1985-08-17,5.25,0.77,1.84
1985-08-18,0.0,0.0,0.0
1985-08-19,0.0,1.37,0.0
1985-08-20,0.0,2.6,2.57
1985-08-21,0.0,0.71,1.41
1985-08-22,0.0,0.0,0.0
1985-08-23,0.0,0.15,0.32
1985-08-24,0.0,26.05,2.55
1985-08-25,22.89,19.46,28.18
1985-08-26,13.36,11.1,14.85
1985-08-27,15.43,3.01,0.16
1985-08-28,0.69,3.81,3.47
1985-08-29,1.41,8.62,0.84
1985-08-30,13.48,2.56,7.6
1985-08-31,0.0,0.03,0.19
1985-09-01,0.0,5.68,2.41
1985-09-02,6.17,5.27,7.5
1985-09-03,6.5,1.45,1.86
1985-09-04,0.0,0.9,0.14
1985-09-05,2.77,0.29,1.34
1985-09-06,0.0,0.02,0.07
1985-09-07,0.0,2.25,1.1
1985-09-08,1.38,3.16,1.78
1985-09-09,0.0,0.8,0.16
1985-09-10,0.0,0.0,0.0
1985-09-11,0.0,0.0,0.0
1985-09-12,0.0,0.0,0.0
1985-09-13,0.0,0.0,0.0
1985-09-14,0.0,0.0,0.0
1985-09-15,0.0,0.0,0.0
1985-09-16,0.0,0.01,0.0
1985-09-17,0.0,0.0,0.03
1985-09-18,0.0,0.0,0.0
1985-09-19,0.0,0.0,0.0
1985-09-20,0.0,0.0,0.0
1985-09-21,0.0,0.0,0.32
1985-09-22,0.0,11.28,2.82
1985-09-23,15.36,16.32,32.13
1985-09-24,32.98,7.29,7.32
1985-09-25,0.53,1.04,0.04
1985-09-26,0.0,0.04,0.03
1985-09-27,0.0,0.01,0.02
1985-09-28,0.0,0.0,0.0
1985-09-29,0.0,0.0,0.0
1985-09-30,0.0,9.78,2.15
1985-10-01,17.16,21.32,25.25
1985-10-02,19.47,6.41,7.72
1985-10-03,0.21,0.84,0.33
1985-10-04,0.0,0.24,0.46
1985-10-05,0.0,0.0,0.0
1985-10-06,0.0,0.0,0.01
1985-10-07,0.0,0.0,0.0
1985-10-08,0.0,0.0,0.0
1985-10-09,0.0,0.0,0.0
1985-10-10,0.0,0.0,0.0
1985-10-11,0.0,0.0,0.0
1985-10-12,0.0,0.0,0.0
1985-10-13,0.0,0.0,0.0
1985-10-14,0.0,0.0,0.86
1985-10-15,0.0,7.78,8.77
1985-10-16,10.59,2.69,2.46
1985-10-17,0.0,0.92,0.25
1985-10-18,0.0,0.36,0.66
1985-10-19,0.0,0.02,0.01
1985-10-20,0.0,0.0,0.09
1985-10-21,0.0,0.5,0.36
1985-10-22,0.0,0.17,0.16
1985-10-23,0.0,3.51,1.0
1985-10-24,5.14,1.25,5.76
1985-10-25,0.0,0.03,0.03
1985-10-26,0.0,3.31,0.03
1985-10-27,4.77,17.09,7.98
1985-10-28,20.9,31.55,37.74
1985-10-29,33.88,10.94,11.29
1985-10-30,3.36,6.53,6.73
1985-10-31,8.75,7.41,7.35
1985-11-01,12.87,2.32,6.71
1985-11-02,0.0,8.37,0.67
1985-11-03,10.36,2.79,8.55
1985-11-04,0.0,0.02,0.87
1985-11-05,0.0,0.0,0.0
1985-11-06,0.0,0.75,0.0
1985-11-07,0.0,0.28,2.41
1985-11-08,0.0,0.01,0.03
1985-11-09,0.0,0.0,0.0
1985-11-10,0.0,0.0,0.0
1985-11-11,0.0,0.0,0.0
1985-11-12,0.0,0.0,0.07
1985-11-13,0.0,0.0,0.15
1985-11-14,0.0,0.0,0.0
1985-11-15,0.0,0.24,0.0
1985-11-16,0.0,0.1,0.63
1985-11-17,0.0,0.01,0.0
1985-11-18,0.0,0.0,0.0
1985-11-19,0.0,0.29,0.95
1985-11-20,0.0,3.17,1.49
1985-11-21,8.01,15.36,10.92
1985-11-22,16.25,4.78,6.8
1985-11-23,0.0,0.0,0.0
1985-11-24,0.0,0.0,0.0
1985-11-25,0.0,0.0,0.02
1985-11-26,0.0,0.21,0.17
1985-11-27,0.24,0.32,1.25
1985-11-28,0.0,12.52,8.03
1985-11-29,16.88,29.44,24.59
1985-11-30,38.03,18.55,33.69
1985-12-01,9.56,8.28,6.04
1985-12-02,13.98,1.64,1.37
1985-12-03,0.0,0.0,0.0
1985-12-04,0.0,0.0,0.0
1985-12-05,0.0,0.0,0.02
1985-12-06,0.0,0.0,0.0
1985-12-07,0.0,0.0,0.0
1985-12-08,0.0,0.0,0.21
1985-12-09,0.0,0.0,0.0
1985-12-10,0.0,0.0,0.05
1985-12-11,0.0,26.15,3.56
1985-12-12,33.53,53.46,43.28
1985-12-13,52.31,15.47,31.69
1985-12-14,0.01,0.19,0.08
1985-12-15,0.0,0.0,0.0
1985-12-16,0.0,0.0,0.0
1985-12-17,0.0,0.0,0.0
1985-12-18,0.0,0.0,0.0
1985-12-19,0.0,0.0,0.0
1985-12-20,0.0,0.0,0.0
1985-12-21,0.0,0.0,0.0
1985-12-22,0.0,0.0,0.0
1985-12-23,0.0,0.0,0.0
1985-12-24,0.0,0.0,0.0
1985-12-25,0.0,0.0,0.0
1985-12-26,0.0,0.0,0.0
1985-12-27,0.0,3.41,0.78
1985-12-28,13.39,4.81,11.0
1985-12-29,9.13,1.45,1.14
1985-12-30,0.0,8.95,0.0
1985-12-31,0.0,2.99,33.27
1986-01-01,29.94,0.14,4.89
1986-01-02,0.0,0.07,0.13
1986-01-03,0.0,0.17,0.2
1986-01-04,0.0,0.97,0.77
1986-01-05,0.72,0.31,0.32
1986-01-06,0.0,0.3,0.0
1986-01-07,0.38,0.11,0.91
1986-01-08,0.0,0.0,0.0
1986-01-09,0.0,14.59,1.79
1986-01-10,15.49,11.89,20.41
1986-01-11,9.81,2.36,0.69
1986-01-12,0.0,0.01,0.0
1986-01-13,0.0,0.0,0.0
1986-01-14,0.0,0.0,0.0
1986-01-15,0.0,0.0,0.0
1986-01-16,0.0,0.0,0.0
1986-01-17,0.0,0.81,0.43
1986-01-18,0.0,11.84,7.12
1986-01-19,13.97,3.88,5.77
1986-01-20,0.0,0.01,0.0
1986-01-21,0.0,0.0,0.0
1986-01-22,0.0,0.06,0.52
1986-01-23,0.0,0.02,0.04
1986-01-24,0.0,2.12,0.0
1986-01-25,0.0,6.05,6.14
1986-01-26,8.08,1.8,2.91
1986-01-27,0.0,0.01,0.0
1986-01-28,0.0,0.0,0.0
1986-01-29,0.0,0.0,0.0
1986-01-30,0.0,0.0,0.0
1986-01-31,0.0,0.0,0.05
1986-02-01,0.0,0.0,0.06
1986-02-02,0.0,0.0,0.0
1986-02-03,0.0,0.0,0.0
1986-02-04,0.0,25.7,2.58
1986-02-05,36.33,21.79,46.8
1986-02-06,21.24,5.46,8.58
1986-02-07,0.0,1.15,0.0
1986-02-08,2.41,1.45,2.02
1986-02-09,0.0,7.7,2.36
1986-02-10,9.53,12.33,10.56
1986-02-11,15.46,3.35,6.68
1986-02-12,0.0,0.18,0.45
1986-02-13,0.0,2.46,0.0
1986-02-14,0.0,6.23,7.45
1986-02-15,11.58,1.83,5.2
1986-02-16,0.0,0.01,0.3
1986-02-17,0.0,11.05,2.4
1986-02-18,16.89,3.78,17.68
1986-02-19,0.0,0.03,0.0
1986-02-20,0.0,0.0,0.0
1986-02-21,0.0,4.83,0.0
1986-02-22,0.0,3.91,5.53
1986-02-23,3.93,0.78,1.63
1986-02-24,0.0,0.0,0.0
1986-02-25,0.0,0.0,0.0
1986-02-26,0.0,0.0,0.0
1986-02-27,0.0,0.0,0.05
1986-02-28,0.0,0.0,0.06
1986-03-01,0.0,0.0,0.02
1986-03-02,0.0,0.0,0.0
1986-03-03,0.0,0.01,0.0
1986-03-04,0.0,0.2,0.24
1986-03-05,0.14,0.06,0.0
1986-03-06,0.0,0.0,0.0
1986-03-07,0.0,0.0,0.0
1986-03-08,0.0,0.0,0.0
1986-03-09,0.0,0.0,0.0
1986-03-10,0.0,0.0,0.0
1986-03-11,0.0,0.0,0.03
1986-03-12,0.0,55.55,4.08
1986-03-13,75.15,68.62,79.3
1986-03-14,75.05,16.88,22.44
1986-03-15,0.0,5.31,0.68
1986-03-16,8.87,2.33,9.66
1986-03-17,0.0,0.44,0.34
1986-03-18,0.0,14.14,0.64
1986-03-19,23.45,23.69,35.2
1986-03-20,31.32,8.21,16.8
1986-03-21,3.21,0.63,0.45
1986-03-22,0.0,0.0,0.0
1986-03-23,0.0,0.0,0.0
1986-03-24,0.0,0.0,0.0
1986-03-25,0.0,0.0,0.0
1986-03-26,0.0,0.0,0.0
1986-03-27,0.0,0.0,0.0
1986-03-28,0.0,0.0,0.0
1986-03-29,0.0,0.0,0.0
1986-03-30,0.0,0.0,0.0
1986-03-31,0.0,0.0,0.0
1986-04-01,0.0,0.0,0.0
1986-04-02,0.0,0.0,0.0
1986-04-03,0.0,0.0,0.0
1986-04-04,0.0,0.0,0.0
1986-04-05,0.0,0.0,0.0
1986-04-06,0.0,0.0,0.07
1986-04-07,0.0,0.0,0.01
1986-04-08,0.0,0.0,0.06
1986-04-09,0.0,0.0,0.0
1986-04-10,0.0,0.0,0.0
1986-04-11,0.0,0.07,0.0
1986-04-12,0.0,1.11,2.69
1986-04-13,3.66,0.37,0.41
1986-04-14,0.0,4.82,0.0
1986-04-15,7.53,3.93,8.08
1986-04-16,4.32,0.77,0.0
1986-04-17,0.0,0.0,0.0
1986-04-18,0.0,0.08,0.01
1986-04-19,0.0,1.8,0.8
1986-04-20,0.0,1.32,2.37
1986-04-21,1.94,0.58,0.64
1986-04-22,0.0,0.11,0.07
1986-04-23,0.0,0.0,0.0
1986-04-24,0.0,0.0,0.0
1986-04-25,0.0,0.0,0.0
1986-04-26,0.0,0.0,0.0
1986-04-27,0.0,0.3,0.0
1986-04-28,0.0,0.1,0.32
1986-04-29,0.0,0.0,0.0
1986-04-30,0.0,0.0,0.0
1986-05-01,0.0,0.0,0.0
1986-05-02,0.0,0.0,0.0
1986-05-03,0.0,0.0,0.0
1986-05-04,0.0,0.0,0.0
1986-05-05,0.0,1.13,1.08
1986-05-06,0.94,0.38,0.0
1986-05-07,0.0,0.0,0.0
1986-05-08,0.0,0.0,0.0
1986-05-09,0.0,0.0,0.0
1986-05-10,0.0,0.0,0.01
1986-05-11,0.0,0.0,0.35
1986-05-12,0.0,1.92,1.09
1986-05-13,2.06,0.64,1.41
1986-05-14,0.0,0.0,0.0
1986-05-15,0.0,0.0,0.0
1986-05-16,0.0,0.0,0.0
1986-05-17,0.0,0.7,0.01
1986-05-18,0.0,26.51,16.64
1986-05-19,31.45,11.08,25.09
1986-05-20,7.61,0.78,0.59
1986-05-21,0.0,0.0,0.0
1986-05-22,0.0,0.0,0.0
1986-05-23,0.0,0.0,0.0
1986-05-24,0.0,0.0,0.01
1986-05-25,0.0,0.0,0.01
1986-05-26,0.0,0.0,1.28
1986-05-27,0.0,4.21,2.04
1986-05-28,6.12,6.29,11.17
1986-05-29,9.44,11.04,8.89
1986-05-30,8.81,6.77,2.63
1986-05-31,7.26,1.23,2.14
1986-06-01,0.0,0.01,0.0
1986-06-02,0.0,0.0,0.01
1986-06-03,0.0,0.22,0.43
1986-06-04,0.0,0.07,0.02
1986-06-05,0.0,0.0,0.0
1986-06-06,0.0,0.36,0.43
1986-06-07,0.0,1.4,0.17
1986-06-08,0.52,4.9,2.63
1986-06-09,0.0,5.94,7.86
1986-06-10,0.0,2.25,2.04
1986-06-11,1.23,0.28,0.17
1986-06-12,0.0,0.01,0.12
1986-06-13,0.0,0.0,0.0
1986-06-14,0.0,0.0,0.0
1986-06-15,0.0,0.17,0.03
1986-06-16,0.0,2.52,0.25
1986-06-17,0.0,1.05,4.04
1986-06-18,0.0,0.08,1.98
1986-06-19,0.0,6.73,6.63
1986-06-20,14.69,6.03,10.27
1986-06-21,0.03,1.28,0.97
1986-06-22,0.0,0.01,0.05
1986-06-23,0.0,0.0,0.0
1986-06-24,0.0,0.0,0.02
1986-06-25,0.0,0.97,0.79
1986-06-26,1.41,13.22,13.76
1986-06-27,18.64,4.3,1.02
1986-06-28,0.0,0.25,1.27
1986-06-29,0.67,12.5,12.05
1986-06-30,4.46,4.16,0.46
1986-07-01,0.0,1.91,3.36
1986-07-02,2.72,4.56,2.54
1986-07-03,6.23,1.34,1.34
1986-07-04,0.0,0.01,0.0
1986-07-05,0.0,0.0,0.06
1986-07-06,0.0,3.46,2.4
1986-07-07,0.0,1.15,0.86
1986-07-08,0.0,2.5,1.34
1986-07-09,0.0,2.03,0.6
1986-07-10,0.0,0.9,3.33
1986-07-11,0.0,0.29,2.26
1986-07-12,0.0,0.09,0.4
1986-07-13,0.0,2.52,0.77
1986-07-14,2.29,4.14,2.49
1986-07-15,3.04,9.67,2.83
1986-07-16,0.0,9.07,10.68
1986-07-17,10.87,6.14,7.93
1986-07-18,2.76,1.36,0.66
1986-07-19,0.0,0.01,0.97
1986-07-20,0.0,0.22,0.4
1986-07-21,0.0,10.17,6.32
1986-07-22,16.2,3.37,3.98
1986-07-23,0.0,18.12,9.14
1986-07-24,18.97,6.04,8.52
1986-07-25,0.0,23.13,1.93
1986-07-26,26.36,29.43,35.62
1986-07-27,29.89,7.28,5.93
1986-07-28,0.0,0.01,0.05
1986-07-29,0.0,0.0,0.12
1986-07-30,0.0,1.64,1.63
1986-07-31,3.98,6.69,0.06
1986-08-01,9.12,2.05,6.53
1986-08-02,0.0,0.01,0.01
1986-08-03,0.0,0.0,0.02
1986-08-04,0.0,0.04,0.1
1986-08-05,0.0,0.53,0.13
1986-08-06,0.0,1.21,1.53
1986-08-07,0.0,1.11,0.9
1986-08-08,0.0,0.38,1.58
1986-08-09,0.0,3.33,3.97
1986-08-10,1.14,1.68,5.87
1986-08-11,3.05,11.17,3.24
1986-08-12,26.01,5.54,12.55
1986-08-13,6.37,1.52,2.7
1986-08-14,0.0,0.76,4.51
1986-08-15,3.87,2.29,4.93
1986-08-16,6.81,2.42,0.96
1986-08-17,0.5,0.73,2.24
1986-08-18,0.2,0.39,0.3
1986-08-19,0.0,1.32,2.16
1986-08-20,0.0,22.75,11.4
1986-08-21,22.21,12.76,17.08
1986-08-22,10.24,6.45,2.11
1986-08-23,6.36,1.57,0.13
1986-08-24,0.0,0.01,0.0
1986-08-25,0.0,0.17,0.23
1986-08-26,0.0,0.07,0.58
1986-08-27,0.0,3.28,3.51
1986-08-28,4.11,2.39,3.55
1986-08-29,3.07,0.44,0.21
1986-08-30,0.0,8.03,6.18
1986-08-31,14.52,22.86,17.87
1986-09-01,22.46,9.61,11.81
1986-09-02,8.4,8.04,6.1
1986-09-03,11.38,12.15,19.23
1986-09-04,15.65,13.83,8.33
1986-09-05,21.45,7.25,8.18
1986-09-06,9.25,1.24,4.89
1986-09-07,0.0,0.03,0.01
1986-09-08,0.0,0.01,0.11
1986-09-09,0.0,0.0,0.0
1986-09-10,0.0,0.0,0.26
1986-09-11,0.0,6.62,2.67
1986-09-12,9.73,2.8,6.23
1986-09-13,1.65,0.2,0.27
1986-09-14,0.0,0.0,0.0
1986-09-15,0.0,0.03,0.58
1986-09-16,0.0,0.99,5.91
1986-09-17,1.35,13.79,4.5
1986-09-18,15.43,4.51,8.39
1986-09-19,0.0,0.01,0.0
1986-09-20,0.0,0.0,0.0
1986-09-21,0.0,0.0,0.02
1986-09-22,0.0,2.16,1.15
1986-09-23,3.57,0.72,2.13
1986-09-24,0.0,0.0,0.0
1986-09-25,0.0,1.65,0.62
1986-09-26,0.0,0.55,0.77
1986-09-27,0.0,0.0,0.0
1986-09-28,0.0,0.0,0.0
1986-09-29,0.0,0.0,0.16
1986-09-30,0.0,3.24,0.84
1986-10-01,1.8,1.14,3.31
1986-10-02,0.0,0.1,0.24
1986-10-03,0.0,0.03,0.0
1986-10-04,0.0,0.0,0.08
1986-10-05,0.0,0.0,0.0
1986-10-06,0.0,0.0,0.12
1986-10-07,0.0,0.0,0.01
1986-10-08,0.0,1.29,0.02
1986-10-09,3.43,11.7,5.36
1986-10-10,9.14,4.14,2.8
1986-10-11,0.0,0.13,0.04
1986-10-12,0.0,2.19,8.19
1986-10-13,9.26,30.78,18.78
1986-10-14,38.28,10.09,7.22
1986-10-15,0.0,0.02,0.0
1986-10-16,0.0,0.0,0.0
1986-10-17,0.0,0.0,0.0
1986-10-18,0.0,0.0,0.0
1986-10-19,0.0,0.0,0.0
1986-10-20,0.0,0.0,0.0
1986-10-21,0.0,0.0,0.0
1986-10-22,0.0,0.0,0.0
1986-10-23,0.0,0.09,0.0
1986-10-24,0.28,17.17,10.08
1986-10-25,21.23,23.37,25.38
1986-10-26,15.42,5.9,0.3
1986-10-27,0.0,0.0,0.0
1986-10-28,0.0,0.0,0.0
1986-10-29,0.0,0.0,0.0
1986-10-30,0.0,0.0,0.0
1986-10-31,0.0,0.0,0.0
1986-11-01,0.0,0.0,0.01
1986-11-02,0.0,0.0,0.0
1986-11-03,0.0,0.0,0.01
1986-11-04,0.0,0.0,0.01
1986-11-05,0.0,2.68,3.52
1986-11-06,4.1,0.9,0.17
1986-11-07,0.0,0.0,0.24
1986-11-08,0.0,0.0,0.2
1986-11-09,0.0,0.04,0.57
1986-11-10,0.0,0.02,0.0
1986-11-11,0.0,1.96,3.11
1986-11-12,3.08,1.64,0.73
1986-11-13,0.0,0.33,0.02
1986-11-14,0.0,0.01,0.0
1986-11-15,0.0,3.51,1.44
1986-11-16,11.79,31.5,12.16
1986-11-17,35.08,12.95,35.39
1986-11-18,6.49,4.05,3.84
1986-11-19,6.22,11.57,0.02
1986-11-20,17.04,15.64,29.15
1986-11-21,16.54,4.91,0.45
1986-11-22,0.0,1.23,0.59
1986-11-23,3.31,0.33,2.77
1986-11-24,0.0,15.66,15.62
1986-11-25,22.7,49.53,22.33
1986-11-26,57.74,14.91,45.38
1986-11-27,0.0,0.7,0.0
1986-11-28,2.77,5.44,8.85
1986-11-29,8.94,17.57,10.4
1986-11-30,23.89,7.82,17.77
1986-12-01,4.24,3.48,2.12
1986-12-02,3.66,0.97,1.19
1986-12-03,0.0,0.03,0.0
1986-12-04,0.0,0.0,0.0
1986-12-05,0.0,0.0,0.05
1986-12-06,0.0,0.28,0.83
1986-12-07,0.0,0.09,0.02
1986-12-08,0.0,0.0,0.21
1986-12-09,0.0,7.42,4.87
1986-12-10,11.95,7.34,6.56
1986-12-11,8.98,8.83,7.08
1986-12-12,9.42,2.52,5.98
1986-12-13,0.0,0.04,0.0
1986-12-14,0.0,0.11,0.0
1986-12-15,0.0,5.25,2.9
1986-12-16,7.57,2.47,4.19
1986-12-17,1.82,1.39,2.02
1986-12-18,1.73,2.97,4.73
1986-12-19,3.89,2.76,0.74
1986-12-20,2.67,0.63,0.43
1986-12-21,0.0,0.03,0.22
1986-12-22,0.0,16.27,1.79
1986-12-23,22.4,9.77,24.64
1986-12-24,5.4,1.51,0.49
1986-12-25,0.0,0.02,0.0
1986-12-26,0.0,0.0,0.01
1986-12-27,0.0,0.0,0.0
1986-12-28,0.0,0.0,0.0
1986-12-29,0.0,0.0,0.0
1986-12-30,0.0,0.0,0.02
1986-12-31,0.0,0.0,0.57
1987-01-01,8.62,0.01,3.89
1987-01-02,0.0,0.0,0.0
1987-01-03,0.0,3.15,0.99
1987-01-04,7.65,20.42,21.13
1987-01-05,21.08,6.46,1.2
1987-01-06,0.0,0.0,0.0
1987-01-07,0.0,0.0,0.0
1987-01-08,0.0,0.0,0.1
1987-01-09,0.0,3.06,0.11
1987-01-10,3.54,1.03,2.84
1987-01-11,0.0,0.07,0.17
1987-01-12,0.0,0.02,0.0
1987-01-13,0.0,0.0,0.0
1987-01-14,0.0,3.75,1.66
1987-01-15,5.06,2.19,11.11
1987-01-16,2.3,14.09,8.64
1987-01-17,18.7,6.77,4.89
1987-01-18,9.91,5.84,13.94
1987-01-19,8.1,1.78,2.93
1987-01-20,0.0,0.67,0.0
1987-01-21,3.21,34.27,12.89
1987-01-22,41.42,11.5,31.89
1987-01-23,0.0,0.05,0.0
1987-01-24,0.0,20.23,0.42
1987-01-25,24.42,7.8,22.87
1987-01-26,0.58,0.35,0.03
1987-01-27,0.0,0.0,0.0
1987-01-28,0.0,0.0,0.0
1987-01-29,0.0,0.11,0.04
1987-01-30,0.0,0.04,0.27
1987-01-31,0.0,1.4,0.0
1987-02-01,0.0,16.77,1.7
1987-02-02,22.12,6.78,22.35
1987-02-03,0.0,0.45,0.0
1987-02-04,0.0,3.71,0.02
1987-02-05,5.02,13.63,16.48
1987-02-06,16.96,21.35,12.94
1987-02-07,21.41,9.89,12.81
1987-02-08,3.43,1.39,0.21
1987-02-09,0.0,0.0,0.0
1987-02-10,0.0,0.0,0.0
1987-02-11,0.0,0.0,0.0
1987-02-12,0.0,0.0,0.0
1987-02-13,0.0,0.0,0.0
1987-02-14,0.0,0.06,0.02
1987-02-15,0.0,16.13,20.12
1987-02-16,28.45,5.48,9.13
1987-02-17,0.0,0.12,0.06
1987-02-18,0.0,0.03,0.15
1987-02-19,0.0,0.0,0.42
1987-02-20,0.0,5.83,2.16
1987-02-21,8.41,4.1,5.72
1987-02-22,7.16,11.97,18.75
1987-02-23,14.95,4.86,0.13
1987-02-24,0.0,2.48,3.29
1987-02-25,3.04,6.41,2.17
1987-02-26,8.07,8.16,14.24
1987-02-27,11.22,28.41,33.04
1987-02-28,35.54,21.81,19.7
1987-03-01,15.0,4.37,5.95
1987-03-02,0.0,0.01,0.0
1987-03-03,0.0,0.56,0.0
1987-03-04,0.0,0.19,1.44
1987-03-05,0.0,0.0,0.0
1987-03-06,0.0,0.0,0.0
1987-03-07,0.0,7.79,6.58
1987-03-08,17.57,8.69,8.42
1987-03-09,5.64,2.04,2.11
1987-03-10,0.0,0.26,0.52
1987-03-11,0.0,5.53,2.98
1987-03-12,6.71,1.82,3.27
1987-03-13,0.0,0.0,0.0
1987-03-14,0.0,0.0,0.0
1987-03-15,0.0,0.0,0.0
1987-03-16,0.0,0.0,0.22
1987-03-17,0.0,13.43,0.14
1987-03-18,19.61,17.35,30.59
1987-03-19,17.87,4.29,2.04
1987-03-20,0.0,0.0,0.0
1987-03-21,0.0,0.0,0.0
1987-03-22,0.0,0.0,0.0
1987-03-23,0.0,0.02,0.01
1987-03-24,0.0,1.11,0.72
1987-03-25,1.95,0.37,0.71
1987-03-26,0.0,1.39,0.69
1987-03-27,2.65,12.38,11.78
1987-03-28,13.94,5.11,1.96
1987-03-29,0.0,22.52,14.04
1987-03-30,30.55,19.24,31.17
1987-03-31,16.8,5.24,2.18
1987-04-01,0.0,0.43,1.91
1987-04-02,0.0,9.14,0.02
1987-04-03,11.27,3.76,11.65
1987-04-04,0.0,0.24,0.0
1987-04-05,0.0,0.0,0.02
1987-04-06,0.0,0.0,0.0
1987-04-07,0.0,0.0,0.0
1987-04-08,0.0,0.0,0.0
1987-04-09,0.0,0.0,0.0
1987-04-10,0.0,0.0,0.0
1987-04-11,0.0,0.01,0.13
1987-04-12,0.0,0.0,0.86
1987-04-13,0.0,1.19,0.24
1987-04-14,0.74,0.8,0.39
1987-04-15,0.11,0.27,0.29
1987-04-16,0.0,0.05,0.0
1987-04-17,0.0,0.0,0.0
1987-04-18,0.0,0.0,0.0
1987-04-19,0.0,0.0,0.0
1987-04-20,0.0,0.0,0.0
1987-04-21,0.0,0.0,0.0
1987-04-22,0.0,0.0,0.0
1987-04-23,0.0,0.0,0.0
1987-04-24,0.0,0.0,0.0
1987-04-25,0.0,0.0,0.0
1987-04-26,0.0,0.0,0.0
1987-04-27,0.0,0.0,0.0
1987-04-28,0.0,0.0,0.0
1987-04-29,0.0,0.0,0.0
1987-04-30,0.0,0.0,0.0
1987-05-01,0.0,0.34,0.14
1987-05-02,0.0,0.11,0.04
1987-05-03,0.0,0.0,0.39
1987-05-04,0.0,2.64,1.51
1987-05-05,6.77,1.59,2.72
1987-05-06,0.0,0.24,3.77
1987-05-07,0.0,13.29,7.7
1987-05-08,16.97,4.43,4.21
1987-05-09,0.0,0.0,0.0
1987-05-10,0.0,0.0,4.18
1987-05-11,0.0,22.86,5.19
1987-05-12,28.27,8.51,21.16
1987-05-13,2.82,18.92,11.71
1987-05-14,20.53,11.89,7.89
1987-05-15,8.22,4.38,5.8
1987-05-16,4.9,1.35,4.56
1987-05-17,2.66,8.6,9.17
1987-05-18,12.53,7.38,5.98
1987-05-19,7.67,1.52,0.6
1987-05-20,0.0,0.0,0.76
1987-05-21,0.0,1.15,1.11
1987-05-22,2.08,3.95,3.64
1987-05-23,0.0,1.55,1.5
1987-05-24,0.0,8.66,5.76
1987-05-25,11.79,2.94,2.68
1987-05-26,0.0,0.03,0.01
1987-05-27,0.0,0.0,0.0
1987-05-28,0.0,0.0,0.0
1987-05-29,0.0,0.0,0.0
1987-05-30,0.0,0.0,0.0
1987-05-31,0.0,0.0,0.0
1987-06-01,0.0,0.0,0.0
1987-06-02,0.0,1.54,1.08
1987-06-03,0.0,0.68,0.49
1987-06-04,0.0,9.68,2.9
1987-06-05,9.27,3.23,6.11
1987-06-06,0.0,0.01,0.0
1987-06-07,0.0,0.0,0.0
1987-06-08,0.0,0.0,0.0
1987-06-09,0.0,0.0,0.0
1987-06-10,0.0,0.0,0.0
1987-06-11,0.0,0.1,0.13
1987-06-12,0.0,7.55,11.63
1987-06-13,13.68,35.41,34.06
1987-06-14,45.34,23.29,17.61
1987-06-15,13.7,10.89,8.21
1987-06-16,10.63,9.67,7.48
1987-06-17,10.18,5.88,8.69
1987-06-18,6.48,2.57,3.78
1987-06-19,4.0,1.49,2.76
1987-06-20,3.09,1.64,7.17
1987-06-21,2.92,16.09,18.13
1987-06-22,20.92,18.17,8.06
1987-06-23,16.27,4.32,4.01
1987-06-24,0.0,0.02,0.23
1987-06-25,0.0,2.64,1.14
1987-06-26,4.12,1.38,5.11
1987-06-27,0.0,0.17,0.8
1987-06-28,0.0,0.0,0.0
1987-06-29,0.0,0.0,0.21
1987-06-30,0.0,2.17,0.31
1987-07-01,0.0,9.03,11.53
1987-07-02,12.82,8.63,8.69
1987-07-03,7.49,2.85,1.71
1987-07-04,1.56,9.56,11.18
1987-07-05,22.7,5.09,6.23
1987-07-06,3.48,0.67,1.48
1987-07-07,0.0,4.17,4.52
1987-07-08,5.95,1.47,0.31
1987-07-09,0.0,0.03,0.21
1987-07-10,0.0,0.0,0.0
1987-07-11,0.0,0.0,0.0
1987-07-12,0.0,0.56,0.0
1987-07-13,0.0,0.19,0.77
1987-07-14,0.0,0.53,0.06
1987-07-15,0.0,0.18,0.35
1987-07-16,0.0,0.0,0.0
1987-07-17,0.0,0.0,0.05
1987-07-18,0.0,0.07,0.05
1987-07-19,0.0,0.02,0.07
1987-07-20,0.0,0.0,2.42
1987-07-21,0.0,6.3,4.87
1987-07-22,9.08,3.38,2.45
1987-07-23,3.06,0.43,2.65
1987-07-24,0.0,1.88,0.05
1987-07-25,3.38,0.77,3.19
1987-07-26,0.0,1.24,2.91
1987-07-27,1.41,0.42,1.84
1987-07-28,0.0,1.75,0.97
1987-07-29,0.0,0.58,1.01
1987-07-30,0.0,0.01,0.3
1987-07-31,0.0,0.02,0.59
1987-08-01,0.0,2.81,3.74
1987-08-02,1.43,10.51,5.29
1987-08-03,9.12,3.19,2.37
1987-08-04,0.0,0.0,1.11
1987-08-05,0.0,3.02,1.39
1987-08-06,10.46,7.53,11.27
1987-08-07,13.51,5.02,1.9
1987-08-08,0.0,0.95,0.41
1987-08-09,0.0,0.0,0.17
1987-08-10,0.0,0.04,1.85
1987-08-11,0.0,1.7,1.82
1987-08-12,5.38,9.52,11.1
1987-08-13,12.87,15.07,15.16
1987-08-14,16.48,4.38,4.93
1987-08-15,0.96,0.32,0.32
1987-08-16,0.0,0.07,0.73
1987-08-17,0.0,0.02,0.55
1987-08-18,0.0,4.46,2.41
1987-08-19,0.0,1.51,7.07
1987-08-20,0.0,0.01,0.0
1987-08-21,0.0,0.0,0.0
1987-08-22,0.0,0.0,0.0
1987-08-23,0.0,0.0,0.0
1987-08-24,0.0,0.43,0.0
1987-08-25,0.0,0.14,1.62
1987-08-26,0.0,0.0,0.0
1987-08-27,0.0,0.0,0.23
1987-08-28,0.0,0.0,0.12
1987-08-29,0.0,0.22,0.73
1987-08-30,0.0,0.26,0.03
1987-08-31,0.0,1.55,1.31
1987-09-01,0.76,0.69,1.28
1987-09-02,0.0,1.01,1.29
1987-09-03,0.0,0.37,1.9
1987-09-04,0.0,0.12,0.94
1987-09-05,0.03,17.39,7.95
1987-09-06,20.75,11.32,12.24
1987-09-07,4.9,1.9,1.11
1987-09-08,0.51,6.59,5.01
1987-09-09,9.16,2.45,2.98
1987-09-10,0.0,5.45,3.31
1987-09-11,1.29,21.22,16.52
1987-09-12,21.48,26.92,14.07
1987-09-13,22.39,6.83,3.06
1987-09-14,0.0,0.01,0.0
1987-09-15,0.0,0.18,0.02
1987-09-16,0.0,0.06,0.54
1987-09-17,0.0,0.06,0.45
1987-09-18,0.39,1.41,0.33
1987-09-19,1.95,3.13,3.44
1987-09-20,3.07,0.9,0.29
1987-09-21,0.0,0.0,0.0
1987-09-22,0.0,0.0,0.0
1987-09-23,0.0,0.0,0.0
1987-09-24,0.0,0.0,0.0
1987-09-25,0.0,0.0,0.0
1987-09-26,0.0,0.0,0.0
1987-09-27,0.0,0.0,0.33
1987-09-28,0.0,0.0,0.19
1987-09-29,0.0,4.47,3.75
1987-09-30,7.34,1.49,3.82
1987-10-01,0.0,0.0,0.0
1987-10-02,0.0,0.0,0.0
1987-10-03,0.0,0.0,0.0
1987-10-04,0.0,0.0,0.0
1987-10-05,0.0,0.0,0.0
1987-10-06,0.0,0.0,0.0
1987-10-07,0.0,0.0,0.0
1987-10-08,0.0,0.0,0.0
1987-10-09,0.0,0.0,0.0
1987-10-10,0.0,0.0,0.0
1987-10-11,0.0,0.0,0.0
1987-10-12,0.0,0.0,0.0
1987-10-13,0.0,0.0,0.0
1987-10-14,0.0,0.0,0.0
1987-10-15,0.0,0.0,0.0
1987-10-16,0.0,0.0,0.0
1987-10-17,0.0,0.0,0.0
1987-10-18,0.0,0.0,0.0
1987-10-19,0.0,0.0,0.0
1987-10-20,0.0,0.0,0.0
1987-10-21,0.0,0.0,0.0
1987-10-22,0.0,0.0,0.0
1987-10-23,0.0,0.0,0.0
1987-10-24,0.0,0.29,0.29
1987-10-25,0.34,0.12,1.45
1987-10-26,0.0,3.31,2.65
1987-10-27,7.32,1.16,5.72
1987-10-28,0.0,0.02,0.0
1987-10-29,0.0,0.0,0.0
1987-10-30,0.0,0.0,0.0
1987-10-31,0.0,0.0,0.0
1987-11-01,0.0,0.0,0.11
1987-11-02,0.0,0.0,0.0
1987-11-03,0.0,0.97,1.02
1987-11-04,1.34,1.99,3.07
1987-11-05,4.73,0.63,0.22
1987-11-06,0.0,0.03,0.0
1987-11-07,0.0,0.0,0.0
1987-11-08,0.0,0.0,0.01
1987-11-09,0.0,6.52,2.11
1987-11-10,8.76,2.22,5.61
1987-11-11,0.0,0.02,0.0
1987-11-12,0.0,0.0,0.0
1987-11-13,0.0,0.0,0.0
1987-11-14,0.0,0.0,0.0
1987-11-15,0.0,0.0,0.0
1987-11-16,0.0,54.22,2.11
1987-11-17,69.41,19.67,70.87
1987-11-18,2.57,0.53,0.01
1987-11-19,0.0,0.0,0.0
1987-11-20,0.0,0.0,0.0
1987-11-21,0.0,0.0,0.0
1987-11-22,0.0,0.0,0.0
1987-11-23,0.0,0.0,0.0
1987-11-24,0.0,0.0,0.02
1987-11-25,0.0,0.88,0.07
1987-11-26,0.8,0.33,0.94
1987-11-27,0.0,0.06,0.13
1987-11-28,0.0,5.17,8.75
1987-11-29,9.81,1.8,0.28
1987-11-30,0.0,0.12,0.0
1987-12-01,0.0,0.03,0.16
1987-12-02,0.0,0.82,1.02
1987-12-03,0.0,0.27,1.2
1987-12-04,0.0,0.0,0.0
1987-12-05,0.0,0.0,0.0
1987-12-06,0.0,0.0,0.0
1987-12-07,0.0,0.0,0.07
1987-12-08,0.0,0.01,0.05
1987-12-09,0.0,0.26,0.21
1987-12-10,0.0,0.09,0.76
1987-12-11,0.0,0.0,0.0
1987-12-12,0.0,0.0,0.01
1987-12-13,0.0,0.03,0.13
1987-12-14,0.0,19.49,8.41
1987-12-15,24.5,6.58,15.52
1987-12-16,0.0,0.03,0.0
1987-12-17,0.0,0.0,0.0
1987-12-18,0.0,0.0,0.0
1987-12-19,0.0,0.17,0.0
1987-12-20,0.0,3.24,6.22
1987-12-21,6.74,21.08,24.01
1987-12-22,29.13,7.09,5.36
1987-12-23,0.0,0.14,0.0
1987-12-24,0.0,0.0,0.36
1987-12-25,0.0,0.05,0.0
1987-12-26,0.0,0.02,0.34
1987-12-27,0.0,11.63,4.46
1987-12-28,16.77,4.16,12.54
1987-12-29,0.29,0.1,0.06
1987-12-30,0.0,0.0,0.0
1987-12-31,0.0,15.46,3.39
1988-01-01,13.61,23.75,12.32
1988-01-02,23.21,9.73,8.85
1988-01-03,9.04,5.64,9.1
1988-01-04,4.5,1.58,0.24
1988-01-05,0.0,0.03,0.0
1988-01-06,0.0,0.05,0.48
1988-01-07,0.0,18.57,18.34
1988-01-08,24.58,7.16,4.55
1988-01-09,0.13,0.33,0.17
1988-01-10,0.0,0.0,0.0
1988-01-11,0.0,0.26,0.0
1988-01-12,0.0,0.51,0.23
1988-01-13,0.57,0.19,1.08
1988-01-14,0.0,1.23,0.0
1988-01-15,0.0,0.4,2.77
1988-01-16,0.0,2.29,0.0
1988-01-17,9.4,18.44,31.3
1988-01-18,20.94,42.76,19.91
1988-01-19,46.77,28.11,17.11
1988-01-20,33.45,5.9,26.58
1988-01-21,0.0,0.21,0.0
1988-01-22,0.0,0.0,0.0
1988-01-23,0.0,0.01,0.52
1988-01-24,0.0,11.91,0.88
1988-01-25,14.44,4.26,11.17
1988-01-26,0.0,0.1,0.0
1988-01-27,0.0,0.0,0.0
1988-01-28,0.0,0.0,0.0
1988-01-29,0.0,0.0,0.0
1988-01-30,0.0,0.0,0.0
1988-01-31,0.0,0.0,0.0
1988-02-01,0.0,0.04,0.48
1988-02-02,0.0,5.94,7.56
1988-02-03,12.5,10.24,18.96
1988-02-04,13.98,7.21,8.76
1988-02-05,5.42,3.15,1.27
1988-02-06,2.51,0.56,0.8
1988-02-07,0.0,0.0,0.0
1988-02-08,0.0,0.53,0.0
1988-02-09,0.0,0.18,1.35
1988-02-10,0.0,0.0,0.0
1988-02-11,0.0,0.09,0.31
1988-02-12,0.12,0.03,0.04
1988-02-13,0.0,0.0,0.01
1988-02-14,0.0,12.05,1.13
1988-02-15,17.68,4.38,14.82
1988-02-16,0.55,0.12,0.0
1988-02-17,0.0,0.1,0.38
1988-02-18,0.03,23.75,16.72
1988-02-19,33.49,9.46,17.99
1988-02-20,3.88,1.45,2.32
1988-02-21,1.39,0.32,0.05
1988-02-22,0.0,0.0,0.0
1988-02-23,0.0,0.19,0.08
1988-02-24,0.04,0.06,0.36
1988-02-25,0.0,0.0,0.0
1988-02-26,0.0,0.0,0.0
1988-02-27,0.0,0.0,0.0
1988-02-28,0.0,0.0,0.0
1988-02-29,0.0,0.0,0.0
1988-03-01,0.0,0.0,0.0
1988-03-02,0.0,0.0,1.33
1988-03-03,0.0,58.56,16.4
1988-03-04,73.27,19.7,51.58
1988-03-05,0.0,0.06,0.0
1988-03-06,0.0,0.0,0.0
1988-03-07,0.0,0.0,0.0
1988-03-08,0.0,7.4,1.62
1988-03-09,9.57,13.11,14.26
1988-03-10,13.99,3.56,5.14
1988-03-11,0.0,0.0,0.04
1988-03-12,0.0,1.92,0.76
1988-03-13,6.02,0.68,4.5
1988-03-14,0.0,0.01,0.0
1988-03-15,0.0,0.0,0.0
1988-03-16,0.0,2.55,0.0
1988-03-17,0.0,4.12,2.16
1988-03-18,6.22,5.98,9.46
1988-03-19,9.17,1.66,0.27
1988-03-20,0.0,0.01,0.0
1988-03-21,0.0,0.0,0.0
1988-03-22,0.0,2.94,0.1
1988-03-23,0.0,0.98,2.35
1988-03-24,0.0,0.0,5.24
1988-03-25,0.0,20.19,18.43
1988-03-26,34.97,9.56,10.1
1988-03-27,5.78,7.17,2.37
1988-03-28,0.0,2.07,2.79
1988-03-29,0.0,0.0,0.0
1988-03-30,0.0,0.0,0.02
1988-03-31,0.0,1.43,0.84
1988-04-01,2.77,0.49,1.07
1988-04-02,0.0,5.01,7.87
1988-04-03,7.01,2.88,0.96
1988-04-04,3.37,0.41,1.03
1988-04-05,0.0,1.11,0.0
1988-04-06,2.38,0.69,2.7
1988-04-07,0.14,0.11,0.03
1988-04-08,0.0,0.0,0.0
1988-04-09,0.0,0.25,0.33
1988-04-10,0.0,0.09,0.46
1988-04-11,0.0,5.06,5.05
1988-04-12,7.4,1.85,3.15
1988-04-13,0.04,0.05,0.0
1988-04-14,0.0,0.0,0.0
1988-04-15,0.0,0.0,0.0
1988-04-16,0.0,0.0,0.0
1988-04-17,0.0,0.06,0.0
1988-04-18,0.0,45.2,18.46
1988-04-19,50.34,15.12,35.75
1988-04-20,0.0,1.13,3.07
1988-04-21,0.0,0.42,5.57
1988-04-22,0.0,5.8,0.32
1988-04-23,7.74,10.6,9.75
1988-04-24,11.42,3.36,1.4
1988-04-25,3.25,6.25,5.11
1988-04-26,1.9,2.04,5.07
1988-04-27,0.0,0.0,0.0
1988-04-28,0.0,0.0,0.0
1988-04-29,0.0,0.0,0.0
1988-04-30,0.0,0.0,0.0
1988-05-01,0.0,0.0,0.0
1988-05-02,0.0,0.0,0.0
1988-05-03,0.0,0.0,0.0
1988-05-04,0.0,0.0,0.01
1988-05-05,0.0,0.0,0.0
1988-05-06,0.0,0.0,0.0
1988-05-07,0.0,0.0,0.0
1988-05-08,0.0,0.0,0.0
1988-05-09,0.0,0.0,0.01
1988-05-10,0.0,1.81,5.46
1988-05-11,2.47,0.6,0.68
1988-05-12,0.0,0.0,0.16
1988-05-13,0.0,0.0,0.27
1988-05-14,0.0,0.0,0.07
1988-05-15,0.0,0.0,0.28
1988-05-16,0.0,0.21,0.26
1988-05-17,0.0,0.07,0.0
1988-05-18,0.0,0.0,0.0
1988-05-19,0.0,0.0,0.0
1988-05-20,0.0,0.0,0.0
1988-05-21,0.0,0.0,0.96
1988-05-22,0.0,0.21,0.56
1988-05-23,0.0,0.34,9.03
1988-05-24,0.0,18.57,13.47
1988-05-25,26.62,6.23,4.14
1988-05-26,0.0,0.02,0.0
1988-05-27,0.0,0.0,0.0
1988-05-28,0.0,0.0,0.0
1988-05-29,0.0,0.0,0.0
1988-05-30,0.0,0.0,0.0
1988-05-31,0.0,0.0,0.0
1988-06-01,0.0,0.0,0.05
1988-06-02,0.0,0.0,0.03
1988-06-03,0.0,0.15,0.15
1988-06-04,0.0,0.05,0.18
1988-06-05,0.0,0.0,0.02
1988-06-06,0.0,17.97,5.06
1988-06-07,25.33,8.16,16.59
1988-06-08,2.4,0.73,1.79
1988-06-09,0.0,1.11,0.07
1988-06-10,2.42,0.43,2.07
1988-06-11,0.0,0.02,0.0
1988-06-12,0.0,0.0,0.0
1988-06-13,0.0,0.0,0.0
1988-06-14,0.0,0.0,0.11
1988-06-15,0.0,0.0,0.0
1988-06-16,0.0,0.0,0.0
1988-06-17,0.0,6.98,3.11
1988-06-18,0.0,7.52,5.34
1988-06-19,0.0,2.87,1.67
1988-06-20,0.0,0.38,0.01
1988-06-21,0.0,0.01,0.0
1988-06-22,0.0,0.65,0.34
1988-06-23,0.0,0.22,0.4
1988-06-24,0.0,0.0,0.13
1988-06-25,0.0,0.41,2.35
1988-06-26,1.23,6.3,10.67
1988-06-27,19.83,2.08,0.45
1988-06-28,0.0,0.01,0.0
1988-06-29,0.0,1.78,1.72
1988-06-30,0.0,3.13,5.39
1988-07-01,6.73,3.59,8.96
1988-07-02,17.48,19.74,4.28
1988-07-03,36.69,29.9,39.7
1988-07-04,34.23,26.46,21.97
1988-07-05,15.92,9.5,7.43
1988-07-06,7.45,1.26,0.38
1988-07-07,0.0,0.08,0.07
1988-07-08,0.0,0.01,0.0
1988-07-09,0.0,0.01,1.86
1988-07-10,0.0,4.86,6.0
1988-07-11,13.48,18.15,15.89
1988-07-12,23.28,10.2,9.47
1988-07-13,9.1,1.56,4.5
1988-07-14,0.0,0.28,1.15
1988-07-15,0.29,15.73,10.29
1988-07-16,16.44,5.4,11.29
1988-07-17,0.0,0.82,2.07
1988-07-18,2.1,0.38,1.42
1988-07-19,0.39,2.13,2.11
1988-07-20,2.28,9.37,7.45
1988-07-21,0.69,8.52,10.02
1988-07-22,13.83,5.68,4.69
1988-07-23,6.02,1.28,1.77
1988-07-24,0.0,0.0,0.0
1988-07-25,0.0,0.0,0.3
1988-07-26,0.0,0.03,0.09
1988-07-27,0.0,0.42,1.02
1988-07-28,0.0,0.2,0.19
1988-07-29,0.0,0.02,0.0
1988-07-30,0.0,0.21,0.49
1988-07-31,0.0,0.1,0.37
1988-08-01,0.0,0.16,0.63
1988-08-02,0.0,3.15,1.08
1988-08-03,0.82,2.02,5.28
1988-08-04,0.35,0.6,2.36
1988-08-05,1.19,4.13,1.61
1988-08-06,1.93,2.53,4.24
1988-08-07,2.89,0.6,0.64
1988-08-08,0.0,0.1,0.37
1988-08-09,0.0,0.6,1.2
1988-08-10,0.97,0.21,1.19
1988-08-11,0.0,0.05,0.31
1988-08-12,0.0,0.02,0.21
1988-08-13,0.0,0.01,0.07
1988-08-14,0.0,4.84,2.37
1988-08-15,7.25,6.57,10.01
1988-08-16,9.95,1.73,1.06
1988-08-17,0.0,0.21,0.16
1988-08-18,0.0,0.07,0.46
1988-08-19,0.0,0.69,0.58
1988-08-20,0.99,0.89,1.5
1988-08-21,1.68,0.3,2.01
1988-08-22,0.0,0.05,1.31
1988-08-23,0.0,0.17,1.19
1988-08-24,0.36,2.61,3.81
1988-08-25,8.88,0.85,0.8
1988-08-26,0.0,0.0,0.0
1988-08-27,0.0,0.0,0.0
1988-08-28,0.0,0.0,0.06
1988-08-29,0.0,15.82,12.1
1988-08-30,2.9,5.54,2.22
1988-08-31,0.0,0.17,0.78
1988-09-01,0.11,1.89,2.4
1988-09-02,0.0,11.11,6.05
1988-09-03,13.16,20.68,24.02
1988-09-04,29.74,22.99,30.73
1988-09-05,32.34,5.84,8.71
1988-09-06,0.0,0.03,0.0
1988-09-07,0.0,0.0,0.23
1988-09-08,0.0,6.04,2.75
1988-09-09,21.61,33.61,22.0
1988-09-10,44.87,14.66,42.51
1988-09-11,8.39,4.49,0.96
1988-09-12,4.41,1.05,1.97
1988-09-13,0.0,0.0,0.0
1988-09-14,0.0,0.01,0.15
1988-09-15,0.0,2.63,0.88
1988-09-16,7.32,15.89,22.73
1988-09-17,21.83,7.38,8.02
1988-09-18,1.96,0.96,0.96
1988-09-19,0.0,0.45,0.0
1988-09-20,0.0,0.13,0.37
1988-09-21,0.0,0.0,0.0
1988-09-22,0.0,0.0,0.0
1988-09-23,0.0,0.02,0.35
1988-09-24,0.0,0.5,1.06
1988-09-25,0.63,0.22,2.54
1988-09-26,0.0,0.18,0.14
1988-09-27,0.0,1.24,2.32
1988-09-28,0.0,0.4,0.33
1988-09-29,0.0,0.05,0.29
1988-09-30,0.0,3.9,0.57
1988-10-01,11.86,32.49,40.94
1988-10-02,33.28,37.04,19.96
1988-10-03,32.35,15.19,10.76
1988-10-04,6.8,2.1,0.0
1988-10-05,0.0,0.0,0.0
1988-10-06,0.0,0.0,0.0
1988-10-07,0.0,0.0,0.0
1988-10-08,0.0,0.0,0.0
1988-10-09,0.0,0.32,0.31
1988-10-10,0.0,0.16,0.04
1988-10-11,0.0,0.02,0.05
1988-10-12,0.0,0.0,0.0
1988-10-13,0.0,0.0,0.0
1988-10-14,0.0,0.0,0.0
1988-10-15,0.0,0.0,0.0
1988-10-16,0.0,0.0,0.0
1988-10-17,0.0,0.0,0.0
1988-10-18,0.0,0.0,0.0
1988-10-19,0.0,0.0,1.08
1988-10-20,0.0,5.63,0.86
1988-10-21,10.05,5.57,11.23
1988-10-22,2.72,1.23,0.01
1988-10-23,0.0,1.01,0.22
1988-10-24,1.55,0.34,0.7
1988-10-25,0.0,0.0,0.0
1988-10-26,0.0,0.0,0.01
1988-10-27,0.0,0.0,0.0
1988-10-28,0.0,0.0,0.26
1988-10-29,0.0,0.49,0.48
1988-10-30,0.0,1.86,2.37
1988-10-31,3.94,5.28,4.1
1988-11-01,6.46,1.57,1.27
1988-11-02,0.0,0.02,0.07
1988-11-03,0.0,0.01,2.22
1988-11-04,0.0,21.76,4.23
1988-11-05,29.15,7.31,24.38
1988-11-06,0.0,0.27,0.7
1988-11-07,0.0,0.1,1.26
1988-11-08,0.0,1.09,1.03
1988-11-09,2.06,0.37,0.77
1988-11-10,0.0,3.16,0.36
1988-11-11,0.0,1.14,2.51
1988-11-12,0.0,6.56,0.0
1988-11-13,8.73,2.21,9.97
1988-11-14,0.0,0.03,0.07
1988-11-15,0.0,0.02,3.9
1988-11-16,0.0,13.27,6.5
1988-11-17,20.29,4.46,4.35
1988-11-18,0.0,0.03,0.0
1988-11-19,0.0,9.51,2.64
1988-11-20,17.4,3.4,13.28
1988-11-21,0.0,0.08,0.0
1988-11-22,0.0,0.16,0.07
1988-11-23,0.0,0.05,0.06
1988-11-24,0.0,0.0,0.0
1988-11-25,0.0,0.0,0.01
1988-11-26,0.0,1.19,1.33
1988-11-27,6.66,13.05,24.33
1988-11-28,18.04,4.27,2.67
1988-11-29,0.0,0.02,0.0
1988-11-30,0.0,0.0,0.0
1988-12-01,0.0,0.0,0.0
1988-12-02,0.0,0.0,0.0
1988-12-03,0.0,0.0,0.0
1988-12-04,0.0,0.0,0.0
1988-12-05,0.0,0.0,0.0
1988-12-06,0.0,0.0,0.0
1988-12-07,0.0,0.0,0.0
1988-12-08,0.0,0.04,0.0
1988-12-09,0.0,0.56,2.01
1988-12-10,0.15,4.45,1.36
1988-12-11,7.08,4.59,7.43
1988-12-12,4.78,1.18,0.69
1988-12-13,0.05,0.04,0.03
1988-12-14,0.0,0.0,0.0
1988-12-15,0.0,7.18,1.67
1988-12-16,9.52,2.42,7.9
1988-12-17,0.0,0.01,0.0
1988-12-18,0.0,0.0,0.0
1988-12-19,0.0,0.0,0.0
1988-12-20,0.0,0.0,0.0
1988-12-21,0.0,0.0,0.01
1988-12-22,0.0,0.0,0.0
1988-12-23,0.0,0.0,0.23
1988-12-24,0.0,0.63,1.07
1988-12-25,0.11,0.22,0.26
1988-12-26,0.0,0.0,0.0
1988-12-27,0.0,0.16,0.0
1988-12-28,0.0,5.13,5.36
1988-12-29,8.0,1.7,0.0
1988-12-30,0.0,18.24,11.22
1988-12-31,4.0,6.76,35.83
1989-01-01,20.79,0.29,2.09
1989-01-02,0.0,0.02,0.0
1989-01-03,0.0,0.0,0.18
1989-01-04,0.0,0.0,0.0
1989-01-05,0.0,0.0,0.0
1989-01-06,0.0,0.07,0.15
1989-01-07,0.0,0.07,0.0
1989-01-08,0.0,2.35,0.74
1989-01-09,4.84,1.06,2.65
1989-01-10,0.25,0.13,0.33
1989-01-11,0.0,0.3,0.44
1989-01-12,0.04,0.29,0.36
1989-01-13,0.72,0.3,1.71
1989-01-14,0.63,3.73,5.62
1989-01-15,8.97,8.8,6.13
1989-01-16,5.15,2.53,0.12
1989-01-17,0.0,0.0,0.0
1989-01-18,0.0,0.0,0.36
1989-01-19,0.0,4.66,1.17
1989-01-20,5.85,1.8,4.58
1989-01-21,0.56,0.08,0.08
1989-01-22,0.0,0.0,0.0
1989-01-23,0.0,0.0,0.0
1989-01-24,0.0,0.0,0.08
1989-01-25,0.0,0.0,0.04
1989-01-26,0.0,0.73,0.06
1989-01-27,1.28,0.25,0.76
1989-01-28,0.0,0.18,0.0
1989-01-29,0.0,0.2,0.81
1989-01-30,0.0,7.75,8.77
1989-01-31,9.35,2.6,0.06
1989-02-01,0.0,0.01,0.0
1989-02-02,0.0,0.0,0.0
1989-02-03,0.0,0.09,0.19
1989-02-04,0.0,0.16,0.02
1989-02-05,0.01,2.1,4.15
1989-02-06,2.74,2.26,0.56
1989-02-07,1.87,0.52,0.6
1989-02-08,0.0,0.0,0.0
1989-02-09,0.0,0.0,0.0
1989-02-10,0.0,0.0,0.0
1989-02-11,0.0,0.0,0.0
1989-02-12,0.0,0.0,0.0
1989-02-13,0.0,0.0,0.0
1989-02-14,0.0,0.0,0.0
1989-02-15,0.0,0.0,0.0
1989-02-16,0.0,0.0,0.11
1989-02-17,0.0,0.34,0.69
1989-02-18,0.0,5.23,5.3
1989-02-19,6.69,1.93,1.71
1989-02-20,0.0,41.89,1.42
1989-02-21,49.3,16.41,47.89
1989-02-22,4.13,1.12,0.13
1989-02-23,0.0,0.1,0.0
1989-02-24,0.0,0.0,0.0
1989-02-25,0.0,0.0,0.0
1989-02-26,0.0,0.0,0.0
1989-02-27,0.0,9.66,2.22
1989-02-28,12.88,3.79,13.53
1989-03-01,1.42,5.6,7.71
1989-03-02,8.81,15.82,16.5
1989-03-03,19.69,4.76,3.79
1989-03-04,0.38,0.27,1.64
1989-03-05,0.08,5.72,9.27
1989-03-06,11.06,1.96,3.5
1989-03-07,0.0,0.05,0.01
1989-03-08,0.0,0.01,0.03
1989-03-09,0.0,0.0,0.0
1989-03-10,0.0,0.0,0.0
1989-03-11,0.0,0.0,0.0
1989-03-12,0.0,0.0,0.0
1989-03-13,0.0,0.0,0.0
1989-03-14,0.0,0.0,1.14
1989-03-15,0.0,3.22,0.01
1989-03-16,5.36,1.1,6.29
1989-03-17,0.0,0.01,0.0
1989-03-18,0.0,0.0,0.0
1989-03-19,0.0,0.0,0.0
1989-03-20,0.0,11.1,2.07
1989-03-21,18.65,13.33,30.04
1989-03-22,13.05,41.15,12.67
1989-03-23,45.22,15.58,37.33
1989-03-24,3.98,0.98,0.26
1989-03-25,0.0,0.0,0.0
1989-03-26,0.0,0.0,0.0
1989-03-27,0.0,0.0,0.15
1989-03-28,0.0,0.03,0.0
1989-03-29,0.0,29.49,10.96
1989-03-30,36.63,9.92,26.96
1989-03-31,0.0,0.03,0.03
1989-04-01,0.0,0.0,0.0
1989-04-02,0.0,0.0,0.0
1989-04-03,0.0,0.68,0.39
1989-04-04,0.0,43.25,23.51
1989-04-05,54.11,17.58,40.22
1989-04-06,4.47,1.09,0.0
1989-04-07,0.0,0.0,0.79
1989-04-08,0.0,9.8,1.96
1989-04-09,23.18,33.74,35.26
1989-04-10,32.24,15.76,15.54
1989-04-11,7.65,1.94,0.56
1989-04-12,0.0,0.02,0.0
1989-04-13,0.0,0.11,0.18
1989-04-14,0.0,12.08,0.0
1989-04-15,17.46,4.09,16.96
1989-04-16,0.0,0.02,0.0
1989-04-17,0.0,0.0,0.0
1989-04-18,0.0,0.01,0.4
1989-04-19,0.0,0.7,0.83
1989-04-20,0.34,2.39,1.92
1989-04-21,0.0,0.72,0.15
1989-04-22,0.0,0.0,0.0
1989-04-23,0.0,0.0,0.0
1989-04-24,0.0,0.0,0.0
1989-04-25,0.0,0.0,0.0
1989-04-26,0.0,0.0,0.0
1989-04-27,0.0,0.0,0.0
1989-04-28,0.0,0.04,0.96
1989-04-29,0.24,1.83,5.62
1989-04-30,7.51,16.61,4.2
1989-05-01,19.42,36.1,46.89
1989-05-02,41.1,10.28,0.18
1989-05-03,0.0,0.07,0.0
1989-05-04,0.0,0.02,0.14
1989-05-05,0.0,0.03,0.12
1989-05-06,0.0,0.01,0.01
1989-05-07,0.0,0.0,0.0
1989-05-08,0.0,0.0,0.0
1989-05-09,0.0,10.73,1.17
1989-05-10,12.79,3.65,13.72
1989-05-11,0.0,0.02,0.0
1989-05-12,0.0,0.0,0.0
1989-05-13,0.0,0.0,0.09
1989-05-14,0.0,0.28,0.28
1989-05-15,0.0,0.09,0.19
1989-05-16,0.0,0.0,0.0
1989-05-17,0.0,0.01,0.0
1989-05-18,0.0,1.12,0.26
1989-05-19,1.47,0.43,2.06
1989-05-20,0.0,2.82,4.72
1989-05-21,5.48,3.38,3.67
1989-05-22,1.45,2.81,4.03
1989-05-23,6.32,7.92,10.29
1989-05-24,14.11,2.45,3.22
1989-05-25,0.0,0.01,0.0
1989-05-26,0.0,0.0,0.17
1989-05-27,0.0,0.57,2.9
1989-05-28,0.0,0.19,0.0
1989-05-29,0.0,0.0,0.0
1989-05-30,0.0,0.0,0.0
1989-05-31,0.0,0.0,0.0
1989-06-01,0.0,0.0,0.33
1989-06-02,0.0,0.31,0.15
1989-06-03,0.35,3.85,3.31
1989-06-04,3.55,5.04,3.43
1989-06-05,0.0,10.8,11.58
1989-06-06,15.67,11.44,9.21
1989-06-07,13.39,6.98,2.18
1989-06-08,7.59,30.18,30.27
1989-06-09,41.34,9.67,10.51
1989-06-10,0.0,0.03,2.4
1989-06-11,0.0,10.66,3.14
1989-06-12,17.49,3.58,10.96
1989-06-13,0.0,1.39,3.79
1989-06-14,5.49,11.27,13.26
1989-06-15,22.64,68.88,76.46
1989-06-16,83.51,41.58,33.45
1989-06-17,28.2,6.73,2.3
1989-06-18,0.0,6.04,7.44
1989-06-19,12.12,39.17,43.53
1989-06-20,37.43,16.85,14.09
1989-06-21,18.83,3.48,8.68
1989-06-22,12.09,2.65,4.81
1989-06-23,1.79,2.06,1.9
1989-06-24,0.0,0.78,0.11
1989-06-25,0.0,1.1,1.25
1989-06-26,1.3,1.22,3.64
1989-06-27,0.95,1.63,1.53
1989-06-28,0.0,4.61,2.26
1989-06-29,0.0,14.39,13.23
1989-06-30,13.53,5.85,6.05
1989-07-01,2.09,8.6,13.62
1989-07-02,13.56,17.56,21.01
1989-07-03,19.28,13.27,17.14
1989-07-04,14.39,20.51,14.63
1989-07-05,22.6,7.64,6.99
1989-07-06,2.18,5.06,3.67
1989-07-07,5.95,2.71,0.36
1989-07-08,1.84,0.79,3.0
1989-07-09,0.0,0.47,0.32
1989-07-10,0.0,0.11,1.17
1989-07-11,0.0,2.83,2.56
1989-07-12,3.61,1.02,0.41
1989-07-13,0.0,4.69,13.66
1989-07-14,8.47,8.99,19.77
1989-07-15,27.0,3.62,6.24
1989-07-16,3.54,30.31,14.65
1989-07-17,30.17,10.02,2.47
1989-07-18,0.0,2.75,3.42
1989-07-19,5.81,3.42,4.4
1989-07-20,6.7,16.74,16.8
1989-07-21,23.01,6.11,9.13
1989-07-22,1.87,13.39,8.54
1989-07-23,23.44,18.39,11.34
1989-07-24,18.33,10.39,5.0
1989-07-25,7.54,1.92,5.15
1989-07-26,0.0,2.15,0.57
1989-07-27,0.0,1.83,1.02
1989-07-28,0.2,0.38,2.11
1989-07-29,0.0,0.0,0.29
1989-07-30,0.0,1.02,5.2
1989-07-31,0.0,0.47,1.27
1989-08-01,0.25,0.05,0.4
1989-08-02,0.0,0.49,4.56
1989-08-03,0.0,0.33,1.02
1989-08-04,0.0,0.05,0.17
1989-08-05,0.0,0.0,0.0
1989-08-06,0.0,0.01,0.0
1989-08-07,0.0,0.61,0.56
1989-08-08,0.0,1.09,1.35
1989-08-09,0.35,0.3,0.34
1989-08-10,0.0,0.0,0.0
1989-08-11,0.0,0.0,0.0
1989-08-12,0.0,0.0,0.0
1989-08-13,0.0,0.05,2.71
1989-08-14,0.0,6.73,2.66
1989-08-15,9.74,2.79,8.99
1989-08-16,5.39,0.73,1.91
1989-08-17,0.0,0.22,2.89
1989-08-18,0.0,0.01,0.13
1989-08-19,0.0,0.33,0.33
1989-08-20,0.0,0.12,0.76
1989-08-21,0.0,0.07,0.32
1989-08-22,0.0,0.4,0.02
1989-08-23,0.0,0.12,0.1
1989-08-24,0.0,0.0,0.0
1989-08-25,0.0,0.13,0.49
1989-08-26,0.0,0.36,0.15
1989-08-27,0.0,0.18,0.39
1989-08-28,0.0,0.42,0.94
1989-08-29,0.0,0.13,0.18
1989-08-30,0.0,0.98,1.76
1989-08-31,4.93,2.5,4.76
1989-09-01,5.69,13.65,7.35
1989-09-02,13.34,6.12,5.48
1989-09-03,1.55,1.25,1.33
1989-09-04,1.38,0.22,0.74
1989-09-05,0.0,0.0,0.0
1989-09-06,0.0,0.0,0.0
1989-09-07,0.0,0.0,0.0
1989-09-08,0.0,0.0,0.0
1989-09-09,0.0,0.0,0.0
1989-09-10,0.0,0.0,0.18
1989-09-11,0.0,0.99,1.53
1989-09-12,0.0,1.72,3.26
1989-09-13,0.0,0.46,0.01
1989-09-14,0.0,3.93,3.77
1989-09-15,4.14,10.48,6.64
1989-09-16,15.98,3.12,7.53
1989-09-17,0.0,0.02,0.03
1989-09-18,0.0,0.75,2.2
1989-09-19,0.0,0.25,0.0
1989-09-20,0.0,0.03,0.0
1989-09-21,0.0,1.84,2.61
1989-09-22,1.05,2.92,4.45
1989-09-23,0.1,0.77,2.33
1989-09-24,0.0,11.32,10.01
1989-09-25,13.96,23.49,19.89
1989-09-26,27.32,6.65,4.33
1989-09-27,0.0,0.5,0.0
1989-09-28,1.76,0.25,1.31
1989-09-29,0.0,3.94,3.94
1989-09-30,8.23,41.26,30.41
1989-10-01,62.24,15.34,34.13
1989-10-02,2.85,0.67,0.09
1989-10-03,0.0,0.0,0.0
1989-10-04,0.0,0.0,0.0
1989-10-05,0.0,0.0,0.0
1989-10-06,0.0,0.0,0.0
1989-10-07,0.0,0.02,0.0
1989-10-08,0.0,0.01,0.1
1989-10-09,0.0,0.0,0.0
1989-10-10,0.0,0.0,0.0
1989-10-11,0.0,0.0,0.0
1989-10-12,0.0,0.0,0.07
1989-10-13,0.0,0.96,3.12
1989-10-14,1.76,1.71,1.38
1989-10-15,0.21,1.74,2.6
1989-10-16,0.97,0.81,2.57
1989-10-17,1.79,31.12,17.24
1989-10-18,29.69,10.63,5.84
1989-10-19,0.9,0.1,0.09
1989-10-20,0.0,0.0,0.0
1989-10-21,0.0,0.0,0.01
1989-10-22,0.0,0.0,0.0
1989-10-23,0.0,0.0,0.0
1989-10-24,0.0,0.0,0.0
1989-10-25,0.0,0.0,0.0
1989-10-26,0.0,0.0,0.0
1989-10-27,0.0,0.0,0.0
1989-10-28,0.0,0.0,0.0
1989-10-29,0.0,0.0,0.0
1989-10-30,0.0,0.0,0.0
1989-10-31,0.0,0.0,0.0
1989-11-01,0.0,0.1,0.0
1989-11-02,0.09,4.37,4.36
1989-11-03,5.54,1.46,0.67
1989-11-04,0.0,0.0,0.0
1989-11-05,0.0,0.0,0.08
1989-11-06,0.0,10.31,5.5
1989-11-07,13.82,34.1,34.81
1989-11-08,43.24,50.16,47.68
1989-11-09,51.85,13.42,8.62
1989-11-10,0.0,0.04,0.0
1989-11-11,0.0,0.0,0.0
1989-11-12,0.0,0.0,0.0
1989-11-13,0.0,0.01,0.01
1989-11-14,0.0,2.83,2.14
1989-11-15,5.43,18.26,6.14
1989-11-16,24.05,5.84,18.38
1989-11-17,0.0,0.03,0.0
1989-11-18,0.0,0.0,0.06
1989-11-19,0.0,0.0,0.0
1989-11-20,0.0,0.0,0.0
1989-11-21,0.0,0.1,3.48
1989-11-22,0.0,16.13,3.15
1989-11-23,21.77,5.4,12.63
1989-11-24,0.0,0.01,0.01
1989-11-25,0.0,0.04,0.05
1989-11-26,0.0,0.01,0.15
1989-11-27,0.0,0.0,0.01
1989-11-28,0.0,6.33,5.73
1989-11-29,7.51,2.12,1.25
1989-11-30,0.0,0.0,0.0
1989-12-01,0.0,0.0,0.0
1989-12-02,0.0,0.0,0.0
1989-12-03,0.0,0.0,0.0
1989-12-04,0.0,0.0,0.0
1989-12-05,0.0,0.0,0.04
1989-12-06,0.0,2.36,2.03
1989-12-07,6.37,27.71,16.97
1989-12-08,38.36,13.9,38.47
1989-12-09,10.11,1.83,1.84
1989-12-10,0.09,0.06,0.15
1989-12-11,0.0,0.04,0.82
1989-12-12,0.0,21.53,20.22
1989-12-13,27.69,7.21,0.7
1989-12-14,0.0,0.12,2.27
1989-12-15,0.21,1.19,1.22
1989-12-16,2.97,0.4,1.12
1989-12-17,0.0,12.27,0.02
1989-12-18,15.85,10.74,18.35
1989-12-19,12.04,13.88,18.37
1989-12-20,13.86,3.9,0.26
1989-12-21,0.0,0.01,0.0
1989-12-22,0.0,0.0,0.0
1989-12-23,0.0,0.0,0.01
1989-12-24,0.0,0.0,0.0
1989-12-25,0.0,0.0,0.0
1989-12-26,0.0,0.0,0.0
1989-12-27,0.0,0.0,0.0
1989-12-28,0.0,0.0,0.0
1989-12-29,0.0,0.0,0.16
1989-12-30,0.0,35.11,3.59
1989-12-31,48.24,11.85,54.28
1990-01-01,14.58,0.06,1.58
1990-01-02,0.0,0.0,0.0
1990-01-03,0.0,0.0,0.4
1990-01-04,0.0,14.86,17.21
1990-01-05,18.82,17.79,6.32
1990-01-06,28.62,21.27,28.15
1990-01-07,16.75,17.84,13.83
1990-01-08,15.51,4.18,2.31
1990-01-09,0.0,0.04,0.14
1990-01-10,0.0,0.0,0.0
1990-01-11,0.0,0.0,0.0
1990-01-12,0.0,0.0,0.0
1990-01-13,0.0,0.0,0.0
1990-01-14,0.0,0.0,0.0
1990-01-15,0.0,1.29,1.42
1990-01-16,0.0,0.43,1.67
1990-01-17,0.0,0.29,0.03
1990-01-18,0.02,6.87,9.76
1990-01-19,10.46,2.35,0.75
1990-01-20,0.0,29.44,6.05
1990-01-21,35.95,10.02,29.63
1990-01-22,0.0,0.07,0.05
1990-01-23,0.0,0.0,0.0
1990-01-24,0.0,7.62,15.34
1990-01-25,20.26,14.63,18.61
1990-01-26,12.79,4.05,0.13
1990-01-27,0.0,0.01,0.0
1990-01-28,0.0,0.0,0.01
1990-01-29,0.0,7.63,9.38
1990-01-30,10.43,2.94,0.16
1990-01-31,1.52,0.13,0.2
1990-02-01,0.0,0.08,0.0
1990-02-02,0.0,0.07,0.29
1990-02-03,0.0,2.05,0.38
1990-02-04,5.86,2.4,5.08
1990-02-05,0.0,0.58,0.24
1990-02-06,0.0,3.33,1.78
1990-02-07,5.35,1.13,3.5
1990-02-08,0.0,1.09,0.79
1990-02-09,3.02,8.54,5.42
1990-02-10,20.42,5.92,22.37
1990-02-11,9.74,10.97,0.38
1990-02-12,0.0,3.31,3.37
1990-02-13,0.0,0.01,0.14
1990-02-14,0.0,0.23,0.06
1990-02-15,0.03,2.06,6.01
1990-02-16,7.97,33.52,35.24
1990-02-17,41.36,11.08,9.03
1990-02-18,0.0,29.47,6.69
1990-02-19,42.23,11.57,33.67
1990-02-20,2.41,0.59,0.58
1990-02-21,0.0,4.11,0.26
1990-02-22,10.09,8.33,17.13
1990-02-23,8.37,5.98,0.15
1990-02-24,0.0,1.22,0.0
1990-02-25,0.0,0.0,0.0
1990-02-26,0.0,0.0,0.0
1990-02-27,0.0,0.0,0.0
1990-02-28,0.0,0.0,0.0
1990-03-01,0.0,0.13,0.59
1990-03-02,0.0,11.54,8.75
1990-03-03,15.35,3.85,2.83
1990-03-04,0.0,0.01,0.01
1990-03-05,0.0,0.0,0.01
1990-03-06,0.0,0.0,0.0
1990-03-07,0.0,0.0,0.0
1990-03-08,0.0,0.0,0.02
1990-03-09,0.0,0.01,0.06
1990-03-10,0.0,0.0,0.0
1990-03-11,0.0,0.0,0.0
1990-03-12,0.0,0.0,0.0
1990-03-13,0.0,0.0,0.0
1990-03-14,0.0,0.0,0.11
1990-03-15,0.0,71.89,35.66
1990-03-16,100.39,175.41,115.36
1990-03-17,186.02,51.65,36.48
1990-03-18,0.0,0.39,0.0
1990-03-19,0.0,0.0,0.0
1990-03-20,0.0,0.0,0.0
1990-03-21,0.0,0.0,0.0
1990-03-22,0.0,0.0,0.0
1990-03-23,0.0,0.0,0.0
1990-03-24,0.0,0.0,0.0
1990-03-25,0.0,0.0,0.0
1990-03-26,0.0,0.0,0.0
1990-03-27,0.0,0.0,0.0
1990-03-28,0.0,0.04,0.1
1990-03-29,0.0,0.57,3.07
1990-03-30,1.73,11.55,10.86
1990-03-31,14.49,3.81,4.04
1990-04-01,0.0,19.95,9.61
1990-04-02,21.45,8.3,8.61
1990-04-03,3.93,0.56,0.49
1990-04-04,0.0,0.0,0.0
1990-04-05,0.0,0.0,0.13
1990-04-06,0.0,6.54,2.92
1990-04-07,7.86,2.2,5.64
1990-04-08,0.0,0.01,0.0
1990-04-09,0.0,0.08,5.65
1990-04-10,0.0,12.1,3.91
1990-04-11,17.05,4.07,7.27
1990-04-12,0.0,0.02,0.0
1990-04-13,0.0,0.68,0.0
1990-04-14,0.0,7.29,2.34
1990-04-15,18.19,2.39,12.86
1990-04-16,0.0,0.01,0.0
1990-04-17,0.0,0.0,0.0
1990-04-18,0.0,0.0,0.0
1990-04-19,0.0,0.0,0.0
1990-04-20,0.0,0.0,0.0
1990-04-21,0.0,0.0,1.45
1990-04-22,0.0,1.18,2.24
1990-04-23,2.17,0.4,0.2
1990-04-24,0.0,0.0,0.06
1990-04-25,0.0,0.0,0.02
1990-04-26,0.0,0.0,0.03
1990-04-27,0.0,24.38,2.96
1990-04-28,24.67,11.34,22.71
1990-04-29,7.46,1.1,0.59
1990-04-30,0.0,0.01,0.0
1990-05-01,0.0,0.0,0.21
1990-05-02,0.0,0.0,0.0
1990-05-03,0.0,0.0,0.0
1990-05-04,0.0,6.5,0.59
1990-05-05,7.81,2.29,5.29
1990-05-06,0.04,0.04,0.05
1990-05-07,0.0,0.63,0.6
1990-05-08,0.0,6.38,0.02
1990-05-09,10.16,25.84,32.66
1990-05-10,34.52,7.98,2.89
1990-05-11,0.0,0.02,0.0
1990-05-12,0.0,24.29,1.62
1990-05-13,33.3,9.43,31.85
1990-05-14,0.06,0.45,0.0
1990-05-15,0.0,0.0,0.0
1990-05-16,0.0,0.03,0.01
1990-05-17,0.0,0.42,1.07
1990-05-18,0.47,0.14,0.5
1990-05-19,0.0,0.0,0.27
1990-05-20,0.0,6.75,3.41
1990-05-21,10.71,30.74,32.62
1990-05-22,28.51,9.54,3.02
1990-05-23,0.0,0.01,0.0
1990-05-24,0.0,0.0,0.0
1990-05-25,0.0,0.0,0.0
1990-05-26,0.0,0.0,0.0
1990-05-27,0.0,16.49,4.0
1990-05-28,14.71,5.51,10.97
1990-05-29,0.0,0.01,0.0
1990-05-30,0.0,0.0,0.0
1990-05-31,0.0,0.01,0.73
1990-06-01,0.0,12.72,7.35
1990-06-02,17.9,6.04,6.17
1990-06-03,0.0,10.21,12.46
1990-06-04,10.45,3.31,0.31
1990-06-05,0.04,0.04,0.08
1990-06-06,0.0,0.01,0.02
1990-06-07,0.0,0.0,0.13
1990-06-08,0.0,17.64,3.95
1990-06-09,18.19,6.97,9.47
1990-06-10,2.99,0.45,0.39
1990-06-11,0.0,0.03,0.0
1990-06-12,0.0,0.0,0.0
1990-06-13,0.0,0.0,0.0
1990-06-14,0.0,0.0,0.0
1990-06-15,0.0,1.3,3.05
1990-06-16,5.7,1.01,5.84
1990-06-17,0.65,3.72,6.85
1990-06-18,4.12,1.17,0.64
1990-06-19,0.0,0.0,0.0
1990-06-20,0.0,0.0,0.0
1990-06-21,0.0,0.0,0.11
1990-06-22,0.0,7.95,4.09
1990-06-23,9.93,2.77,7.81
1990-06-24,0.0,0.04,0.01
1990-06-25,0.0,0.0,0.0
1990-06-26,0.0,0.0,0.0
1990-06-27,0.0,0.0,0.02
1990-06-28,0.0,0.02,0.04
1990-06-29,0.0,0.01,0.02
1990-06-30,0.0,0.0,0.0
1990-07-01,0.0,0.07,1.25
1990-07-02,0.0,2.63,1.06
1990-07-03,4.61,3.59,3.18
1990-07-04,3.17,0.91,1.25
1990-07-05,0.0,0.0,0.0
1990-07-06,0.0,0.0,0.0
1990-07-07,0.0,0.07,1.27
1990-07-08,0.0,13.96,8.47
1990-07-09,17.93,4.72,9.32
1990-07-10,0.0,0.06,4.49
1990-07-11,0.0,6.81,3.27
1990-07-12,9.87,4.73,9.21
1990-07-13,9.09,19.95,17.86
1990-07-14,22.57,7.28,4.13
1990-07-15,0.0,0.3,0.59
1990-07-16,0.0,0.0,0.15
1990-07-17,0.0,0.16,0.21
1990-07-18,0.0,8.61,4.18
1990-07-19,13.0,21.8,18.37
1990-07-20,21.99,6.41,1.76
1990-07-21,0.01,0.1,0.32
1990-07-22,0.0,1.3,1.3
1990-07-23,1.31,2.97,1.54
1990-07-24,4.81,2.25,2.89
1990-07-25,0.0,0.47,0.15
1990-07-26,0.0,3.0,0.0
1990-07-27,0.0,1.0,1.4
1990-07-28,0.0,0.0,0.09
1990-07-29,0.0,0.01,0.0
1990-07-30,0.0,0.0,3.68
1990-07-31,0.0,6.5,0.96
1990-08-01,9.06,2.72,4.0
1990-08-02,0.63,7.54,3.66
1990-08-03,10.12,2.52,5.86
1990-08-04,0.0,0.02,0.49
1990-08-05,0.0,8.08,0.36
1990-08-06,10.16,2.69,4.93
1990-08-07,0.0,0.0,0.06
1990-08-08,0.0,0.0,0.0
1990-08-09,0.0,0.0,0.0
1990-08-10,0.0,0.0,0.0
1990-08-11,0.0,0.0,0.0
1990-08-12,0.0,0.0,0.0
1990-08-13,0.0,0.0,0.0
1990-08-14,0.0,0.0,0.0
1990-08-15,0.0,0.36,0.15
1990-08-16,0.0,0.13,0.05
1990-08-17,0.0,2.92,0.16
1990-08-18,2.72,4.82,9.88
1990-08-19,0.0,14.17,4.3
1990-08-20,14.18,8.06,6.54
1990-08-21,5.29,1.26,2.87
1990-08-22,0.0,7.27,7.07
1990-08-23,11.02,2.61,0.48
1990-08-24,0.0,0.06,0.58
1990-08-25,0.0,0.35,1.25
1990-08-26,0.0,0.54,0.48
1990-08-27,0.0,1.0,0.38
1990-08-28,0.0,0.29,0.78
1990-08-29,0.0,0.0,0.01
1990-08-30,0.0,0.16,0.62
1990-08-31,0.37,2.39,1.21
1990-09-01,0.0,1.33,2.87
1990-09-02,0.0,2.15,2.89
1990-09-03,3.28,0.66,0.47
1990-09-04,0.0,0.0,0.0
1990-09-05,0.0,0.0,0.0
1990-09-06,0.0,0.0,0.0
1990-09-07,0.0,0.0,0.0
1990-09-08,0.0,0.03,0.0
1990-09-09,0.0,3.56,2.67
1990-09-10,4.44,1.18,3.11
1990-09-11,0.0,1.88,2.03
1990-09-12,2.66,0.65,1.88
1990-09-13,0.0,0.11,0.46
1990-09-14,0.0,0.56,1.14
1990-09-15,1.91,0.19,0.45
1990-09-16,0.0,0.0,0.0
1990-09-17,0.0,0.0,0.0
1990-09-18,0.0,0.0,0.0
1990-09-19,0.0,0.02,0.03
1990-09-20,0.0,0.01,0.06
1990-09-21,0.0,0.0,0.04
1990-09-22,0.0,1.84,4.92
1990-09-23,6.01,0.61,0.43
1990-09-24,0.0,0.0,0.0
1990-09-25,0.0,0.0,0.0
1990-09-26,0.0,0.0,0.0
1990-09-27,0.0,0.0,0.0
1990-09-28,0.0,0.0,0.0
1990-09-29,0.0,2.35,1.2
1990-09-30,3.77,2.73,0.38
1990-10-01,0.0,0.65,0.01
1990-10-02,0.0,0.0,0.0
1990-10-03,0.0,0.0,0.67
1990-10-04,0.0,6.42,7.15
1990-10-05,8.93,2.14,0.0
1990-10-06,0.0,0.0,0.0
1990-10-07,0.0,0.0,0.0
1990-10-08,0.0,0.0,0.0
1990-10-09,0.0,0.0,0.29
1990-10-10,0.0,0.09,0.29
1990-10-11,0.0,0.18,0.31
1990-10-12,0.0,0.05,0.55
1990-10-13,0.0,0.0,0.0
1990-10-14,0.0,0.0,0.0
1990-10-15,0.0,0.0,0.0
1990-10-16,0.0,0.0,0.0
1990-10-17,0.0,9.9,7.36
1990-10-18,13.15,3.36,8.69
1990-10-19,0.0,0.02,0.0
1990-10-20,0.0,0.0,0.0
1990-10-21,0.0,5.15,1.46
1990-10-22,10.3,31.01,24.67
1990-10-23,29.67,9.79,5.27
1990-10-24,0.0,0.01,0.0
1990-10-25,0.0,0.0,0.0
1990-10-26,0.0,0.0,0.0
1990-10-27,0.0,0.0,0.0
1990-10-28,0.0,0.0,0.0
1990-10-29,0.0,0.0,0.0
1990-10-30,0.0,0.0,0.0
1990-10-31,0.0,0.0,0.0
1990-11-01,0.0,0.0,0.0
1990-11-02,0.0,0.0,0.0
1990-11-03,0.0,0.0,0.0
1990-11-04,0.0,0.01,0.0
1990-11-05,0.0,5.5,5.63
1990-11-06,6.96,1.84,0.01
1990-11-07,0.0,0.0,0.0
1990-11-08,0.0,0.24,0.0
1990-11-09,0.32,23.51,27.32
1990-11-10,28.92,7.87,2.46
1990-11-11,0.0,0.02,0.0
1990-11-12,0.0,0.0,0.0
1990-11-13,0.0,0.0,0.0
1990-11-14,0.0,0.0,0.0
1990-11-15,0.0,0.0,0.0
1990-11-16,0.0,0.0,0.0
1990-11-17,0.0,0.0,0.03
1990-11-18,0.0,0.0,0.0
1990-11-19,0.0,0.0,0.0
1990-11-20,0.0,0.0,0.0
1990-11-21,0.0,0.0,0.0
1990-11-22,0.0,0.01,0.05
1990-11-23,0.0,0.07,0.44
1990-11-24,0.0,0.02,0.06
1990-11-25,0.0,0.0,0.0
1990-11-26,0.0,0.0,0.0
1990-11-27,0.0,0.0,0.0
1990-11-28,0.0,2.91,4.04
1990-11-29,4.31,0.98,0.49
1990-11-30,0.0,0.0,0.0
1990-12-01,0.0,0.01,0.0
1990-12-02,0.0,0.01,1.52
1990-12-03,0.0,16.76,26.06
1990-12-04,26.6,5.67,1.14
1990-12-05,0.0,0.03,0.0
1990-12-06,0.0,0.04,0.6
1990-12-07,0.0,9.71,7.3
1990-12-08,11.3,3.24,2.35
1990-12-09,0.0,0.0,0.16
1990-12-10,0.0,0.0,0.0
1990-12-11,0.0,0.0,0.0
1990-12-12,0.0,0.0,0.0
1990-12-13,0.0,0.0,0.0
1990-12-14,0.0,0.0,0.0
1990-12-15,0.0,0.0,0.0
1990-12-16,0.0,0.32,0.0
1990-12-17,0.0,0.8,5.68
1990-12-18,0.0,10.42,3.11
1990-12-19,14.99,5.96,8.32
1990-12-20,5.8,1.18,2.09
1990-12-21,0.97,0.24,0.04
1990-12-22,0.0,0.06,4.89
1990-12-23,0.0,19.34,10.88
1990-12-24,26.48,6.5,7.32
1990-12-25,0.0,0.02,0.31
1990-12-26,0.0,0.0,0.0
1990-12-27,0.0,0.0,0.04
1990-12-28,0.0,0.55,1.14
1990-12-29,2.36,0.22,0.18
1990-12-30,0.0,2.46,0.62
1990-12-31,4.3,6.55,6.07
1991-01-01,10.83,12.48,11.43
1991-01-02,12.32,3.85,0.22
1991-01-03,0.0,6.79,6.85
1991-01-04,9.35,2.41,0.53
1991-01-05,0.39,0.21,0.2
1991-01-06,0.48,10.68,1.76
1991-01-07,14.41,4.51,15.31
1991-01-08,2.12,0.81,0.14
1991-01-09,0.62,0.16,0.0
1991-01-10,0.0,23.19,13.07
1991-01-11,29.33,11.36,18.88
1991-01-12,9.24,1.22,2.87
1991-01-13,0.0,0.0,0.01
1991-01-14,0.0,0.39,0.0
1991-01-15,0.0,8.97,6.8
1991-01-16,11.09,2.97,3.0
1991-01-17,0.0,0.01,0.0
1991-01-18,0.0,3.43,0.85
1991-01-19,10.05,5.33,17.18
1991-01-20,9.71,1.41,1.1
1991-01-21,0.0,0.0,0.02
1991-01-22,0.0,0.0,0.0
1991-01-23,0.0,25.28,0.02
1991-01-24,29.06,21.37,37.45
1991-01-25,16.06,4.35,1.42
1991-01-26,0.0,0.01,0.0
1991-01-27,0.0,6.24,0.13
1991-01-28,9.0,5.79,16.65
1991-01-29,10.52,40.86,18.94
1991-01-30,54.04,44.23,54.01
1991-01-31,39.98,10.41,5.65
1991-02-01,0.0,0.02,0.0
1991-02-02,0.0,0.0,0.0
1991-02-03,0.0,0.0,0.0
1991-02-04,0.0,0.0,0.0
1991-02-05,0.0,1.16,1.71
1991-02-06,3.22,0.62,0.32
1991-02-07,0.0,0.08,0.02
1991-02-08,0.0,0.0,0.0
1991-02-09,0.0,0.0,0.0
1991-02-10,0.0,0.0,0.0
1991-02-11,0.0,0.0,0.0
1991-02-12,0.0,0.0,0.0
1991-02-13,0.0,3.64,3.51
1991-02-14,5.05,1.22,1.56
1991-02-15,0.0,0.0,0.0
1991-02-16,0.0,1.08,0.0
1991-02-17,4.75,4.39,6.63
1991-02-18,4.75,1.35,0.3
1991-02-19,0.0,0.02,2.87
1991-02-20,0.0,12.17,11.99
1991-02-21,14.74,12.67,3.87
1991-02-22,10.66,22.63,27.66
1991-02-23,26.49,6.65,4.57
1991-02-24,0.0,0.02,0.03
1991-02-25,0.0,0.05,0.03
1991-02-26,0.0,0.02,0.16
1991-02-27,0.0,0.0,0.0
1991-02-28,0.0,0.0,0.0
1991-03-01,0.0,51.02,35.23
1991-03-02,71.35,42.9,45.61
1991-03-03,30.57,16.24,27.8
1991-03-04,12.23,2.54,0.0
1991-03-05,0.0,0.0,0.0
1991-03-06,0.0,0.0,0.0
1991-03-07,0.0,0.05,0.09
1991-03-08,0.0,0.13,0.37
1991-03-09,0.0,0.04,0.0
1991-03-10,0.0,0.0,0.0
1991-03-11,0.0,0.0,0.0
1991-03-12,0.0,7.94,0.33
1991-03-13,9.95,2.73,9.85
1991-03-14,0.0,0.03,0.0
1991-03-15,0.0,0.18,0.0
1991-03-16,0.38,10.78,0.9
1991-03-17,14.61,10.56,18.46
1991-03-18,12.24,2.34,2.16
1991-03-19,0.0,0.0,0.0
1991-03-20,0.0,0.0,0.0
1991-03-21,0.0,0.0,0.0
1991-03-22,0.0,0.09,0.0
1991-03-23,0.0,0.08,0.84
1991-03-24,0.0,0.02,0.0
1991-03-25,0.0,0.0,0.0
1991-03-26,0.0,0.0,0.0
1991-03-27,0.0,0.0,0.0
1991-03-28,0.0,3.45,3.14
1991-03-29,12.58,31.14,43.02
1991-03-30,40.62,10.63,2.39
1991-03-31,0.0,0.21,0.0
1991-04-01,0.0,0.0,0.0
1991-04-02,0.0,0.0,0.0
1991-04-03,0.0,0.0,0.0
1991-04-04,0.0,0.14,0.0
1991-04-05,0.0,0.05,0.42
1991-04-06,0.0,0.03,0.0
1991-04-07,0.0,1.91,1.09
1991-04-08,3.42,2.39,4.53
1991-04-09,4.55,14.24,3.05
1991-04-10,16.66,4.6,15.19
1991-04-11,0.0,0.09,0.5
1991-04-12,0.0,0.91,1.76
1991-04-13,0.0,0.32,1.53
1991-04-14,0.0,1.75,0.4
1991-04-15,2.93,1.61,1.88
1991-04-16,0.11,3.61,3.45
1991-04-17,3.83,1.09,0.77
1991-04-18,0.0,0.01,0.09
1991-04-19,0.0,0.0,0.06
1991-04-20,0.0,0.0,0.0
1991-04-21,0.0,0.27,0.39
1991-04-22,4.23,21.83,3.44
1991-04-23,27.31,7.4,22.36
1991-04-24,0.0,0.35,0.0
1991-04-25,1.08,5.61,9.76
1991-04-26,7.04,8.41,5.32
1991-04-27,8.03,2.91,8.05
1991-04-28,2.99,16.52,11.8
1991-04-29,18.74,11.58,10.99
1991-04-30,11.28,2.1,1.47
1991-05-01,0.0,2.41,1.49
1991-05-02,3.75,0.8,0.41
1991-05-03,0.0,0.04,0.02
1991-05-04,0.0,0.06,10.44
1991-05-05,0.0,25.25,15.45
1991-05-06,34.33,8.85,10.2
1991-05-07,1.96,0.16,0.08
1991-05-08,0.0,3.98,8.24
1991-05-09,8.13,2.57,8.77
1991-05-10,2.81,6.91,3.21
1991-05-11,16.22,11.93,13.24
1991-05-12,16.08,14.32,15.6
1991-05-13,14.24,6.75,1.51
1991-05-14,5.8,4.29,3.64
1991-05-15,7.29,1.14,5.64
1991-05-16,0.0,2.34,1.13
1991-05-17,4.01,0.94,2.37
1991-05-18,0.0,3.55,6.67
1991-05-19,11.06,10.38,6.66
1991-05-20,10.94,3.11,7.26
1991-05-21,0.0,0.1,0.15
1991-05-22,0.03,0.21,0.02
1991-05-23,0.0,0.1,1.01
1991-05-24,0.0,1.21,0.85
1991-05-25,4.81,4.68,10.5
1991-05-26,10.37,22.63,16.61
1991-05-27,25.62,22.41,22.78
1991-05-28,21.74,10.56,4.94
1991-05-29,8.18,1.81,0.23
1991-05-30,0.0,0.0,0.1
1991-05-31,0.0,0.06,0.12
1991-06-01,0.0,0.25,0.96
1991-06-02,0.1,11.92,9.28
1991-06-03,11.83,4.47,2.44
1991-06-04,0.0,5.18,4.03
1991-06-05,8.38,1.67,2.44
1991-06-06,0.0,0.0,0.0
1991-06-07,0.0,0.0,0.0
1991-06-08,0.0,0.0,0.0
1991-06-09,0.0,0.0,0.0
1991-06-10,0.0,0.0,0.0
1991-06-11,0.0,0.0,0.0
1991-06-12,0.0,0.0,0.0
1991-06-13,0.0,0.0,0.14
1991-06-14,0.0,0.04,0.16
1991-06-15,0.0,0.02,0.84
1991-06-16,0.0,5.73,7.67
1991-06-17,8.66,7.9,7.69
1991-06-18,10.12,2.81,3.69
1991-06-19,1.24,16.48,3.01
1991-06-20,17.54,5.49,9.64
1991-06-21,0.55,1.48,0.77
1991-06-22,0.0,1.34,5.89
1991-06-23,1.27,4.01,8.99
1991-06-24,9.0,21.31,9.45
1991-06-25,27.85,31.55,39.63
1991-06-26,32.34,24.33,31.34
1991-06-27,20.91,7.69,7.45
1991-06-28,3.21,0.93,0.38
1991-06-29,0.0,0.05,0.21
1991-06-30,0.0,0.81,0.61
1991-07-01,0.01,0.27,1.62
1991-07-02,0.0,3.06,0.52
1991-07-03,5.11,1.71,8.15
1991-07-04,0.0,2.89,3.98
1991-07-05,7.35,4.18,9.45
1991-07-06,7.64,9.03,17.35
1991-07-07,17.67,5.39,3.27
1991-07-08,5.38,3.55,2.95
1991-07-09,5.58,4.23,6.16
1991-07-10,6.75,1.35,0.61
1991-07-11,0.0,0.08,0.23
1991-07-12,0.0,0.0,0.06
1991-07-13,0.0,0.05,2.05
1991-07-14,0.0,1.05,3.46
1991-07-15,2.86,3.05,1.47
1991-07-16,2.69,3.57,2.56
1991-07-17,5.67,3.7,5.72
1991-07-18,5.36,1.05,1.34
1991-07-19,0.12,1.14,1.11
1991-07-20,0.33,0.37,0.67
1991-07-21,0.0,0.02,1.06
1991-07-22,0.0,4.94,5.23
1991-07-23,0.65,9.05,2.58
1991-07-24,10.71,14.05,12.46
1991-07-25,14.9,8.44,6.8
1991-07-26,8.79,2.39,3.94
1991-07-27,3.37,0.36,0.8
1991-07-28,0.0,0.02,0.02
1991-07-29,0.0,0.01,0.17
1991-07-30,0.0,6.94,4.35
1991-07-31,8.42,2.35,4.19
1991-08-01,0.0,8.21,3.83
1991-08-02,9.46,2.92,4.81
1991-08-03,0.0,1.08,0.79
1991-08-04,0.0,0.34,1.8
1991-08-05,0.0,0.2,3.85
1991-08-06,0.0,9.93,3.05
1991-08-07,13.33,3.48,0.87
1991-08-08,0.0,0.06,0.58
1991-08-09,0.0,4.16,5.44
1991-08-10,10.05,8.67,11.62
1991-08-11,1.16,7.54,7.22
1991-08-12,10.07,1.7,2.34
1991-08-13,0.0,0.89,2.86
1991-08-14,4.75,11.85,10.18
1991-08-15,16.52,3.87,0.83
1991-08-16,0.0,0.01,0.0
1991-08-17,0.0,5.11,0.67
1991-08-18,0.0,1.88,3.13
1991-08-19,1.24,2.52,4.28
1991-08-20,3.51,0.82,0.43
1991-08-21,0.0,0.0,0.0
1991-08-22,0.0,0.0,0.0
1991-08-23,0.0,0.0,0.23
1991-08-24,0.0,5.82,5.87
1991-08-25,15.51,8.29,9.31
1991-08-26,6.62,2.13,0.89
1991-08-27,0.0,0.08,1.29
1991-08-28,0.14,0.03,0.02
1991-08-29,0.0,2.48,5.91
1991-08-30,7.98,13.44,7.09
1991-08-31,15.29,7.71,4.58
1991-09-01,3.22,1.18,4.65
1991-09-02,0.0,0.0,0.0
1991-09-03,0.0,0.0,0.0
1991-09-04,0.0,0.0,0.0
1991-09-05,0.0,0.0,0.06
1991-09-06,0.0,0.09,1.17
1991-09-07,0.0,1.58,2.18
1991-09-08,3.02,0.57,1.82
1991-09-09,0.0,0.06,0.97
1991-09-10,0.0,0.01,0.0
1991-09-11,0.0,0.0,0.13
1991-09-12,0.0,0.13,0.03
1991-09-13,0.0,0.04,0.26
1991-09-14,0.0,0.0,0.0
1991-09-15,0.0,0.0,0.0
1991-09-16,0.0,0.57,0.12
1991-09-17,0.0,0.21,0.78
1991-09-18,0.0,2.56,4.04
1991-09-19,11.45,0.94,4.43
1991-09-20,0.0,0.03,0.0
1991-09-21,0.0,0.0,0.0
1991-09-22,0.0,0.0,0.0
1991-09-23,0.0,0.0,3.08
1991-09-24,0.0,21.76,10.47
1991-09-25,29.9,8.93,20.07
1991-09-26,0.0,0.56,0.0
1991-09-27,0.0,0.0,0.0
1991-09-28,0.0,0.0,0.0
1991-09-29,0.0,0.0,0.0
1991-09-30,0.0,0.0,0.0
1991-10-01,0.0,0.0,0.01
1991-10-02,0.0,0.0,0.19
1991-10-03,0.0,0.0,0.0
1991-10-04,0.0,0.0,0.0
1991-10-05,0.0,1.49,2.83
1991-10-06,3.31,2.12,0.08
1991-10-07,0.0,0.54,0.0
1991-10-08,0.0,0.0,0.0
1991-10-09,0.0,0.0,0.0
1991-10-10,0.0,0.0,0.0
1991-10-11,0.0,0.0,0.0
1991-10-12,0.0,0.0,0.0
1991-10-13,0.0,0.0,0.0
1991-10-14,0.0,6.72,0.01
1991-10-15,10.78,5.29,12.16
1991-10-16,0.24,1.02,0.0
1991-10-17,0.0,0.0,0.0
1991-10-18,0.0,0.0,0.0
1991-10-19,0.0,0.0,0.0
1991-10-20,0.0,0.0,0.0
1991-10-21,0.0,0.0,0.0
1991-10-22,0.0,0.0,0.0
1991-10-23,0.0,0.0,0.0
1991-10-24,0.0,0.0,0.13
1991-10-25,0.0,0.0,0.0
1991-10-26,0.0,0.01,0.07
1991-10-27,0.0,0.0,0.0
1991-10-28,0.0,0.0,0.0
1991-10-29,0.0,0.0,0.0
1991-10-30,0.0,0.0,0.0
1991-10-31,0.0,6.6,0.1
1991-11-01,7.65,4.68,9.35
1991-11-02,5.71,0.92,0.0
1991-11-03,0.1,0.15,0.3
1991-11-04,0.0,0.04,0.01
1991-11-05,0.0,0.0,0.0
1991-11-06,0.0,0.0,0.07
1991-11-07,0.0,0.58,0.4
1991-11-08,0.66,0.19,0.0
1991-11-09,0.0,0.0,0.0
1991-11-10,0.0,0.0,0.0
1991-11-11,0.0,0.0,0.0
1991-11-12,0.0,0.0,0.0
1991-11-13,0.0,0.0,0.0
1991-11-14,0.0,0.0,0.0
1991-11-15,0.0,0.0,0.0
1991-11-16,0.0,0.0,0.0
1991-11-17,0.0,0.0,0.0
1991-11-18,0.0,0.11,0.0
1991-11-19,0.0,0.17,5.04
1991-11-20,0.25,46.25,45.26
1991-11-21,53.53,61.52,35.83
1991-11-22,57.96,15.51,22.33
1991-11-23,0.0,0.05,0.09
1991-11-24,0.0,0.0,0.0
1991-11-25,0.0,0.0,0.0
1991-11-26,0.0,0.0,0.0
1991-11-27,0.0,0.0,0.0
1991-11-28,0.0,0.0,0.0
1991-11-29,0.0,0.0,0.0
1991-11-30,0.0,0.0,0.05
1991-12-01,0.0,0.2,0.31
1991-12-02,1.06,17.67,2.05
1991-12-03,23.2,15.02,31.68
1991-12-04,13.97,3.07,0.1
1991-12-05,0.0,0.01,0.0
1991-12-06,0.0,0.0,0.0
1991-12-07,0.0,0.04,0.05
1991-12-08,0.0,0.54,2.08
1991-12-09,0.0,12.42,4.73
1991-12-10,17.56,4.12,10.27
1991-12-11,0.0,0.01,0.07
1991-12-12,0.0,0.0,0.0
1991-12-13,0.0,6.81,1.24
1991-12-14,9.75,2.38,8.18
1991-12-15,0.0,0.04,0.0
1991-12-16,0.0,0.0,0.0
1991-12-17,0.0,0.0,0.0
1991-12-18,0.0,0.0,0.0
1991-12-19,0.0,0.0,0.0
1991-12-20,0.0,0.0,0.0
1991-12-21,0.0,0.0,0.0
1991-12-22,0.0,0.47,1.73
1991-12-23,0.18,3.39,3.59
1991-12-24,5.52,1.09,0.23
1991-12-25,0.0,0.0,0.0
1991-12-26,0.0,0.0,2.31
1991-12-27,0.0,13.45,6.62
1991-12-28,17.18,7.58,15.9
1991-12-29,8.31,1.82,0.12
1991-12-30,0.0,0.26,0.0
1991-12-31,0.0,0.62,0.0
1992-01-01,0.0,0.89,0.0
1992-01-02,2.18,7.62,6.02
1992-01-03,7.89,2.47,3.6
1992-01-04,0.0,0.0,0.01
1992-01-05,0.0,0.0,0.0
1992-01-06,0.0,0.0,0.0
1992-01-07,0.0,0.0,2.65
1992-01-08,0.0,14.42,5.9
1992-01-09,18.39,4.9,9.84
1992-01-10,0.0,0.07,0.04
1992-01-11,0.0,0.01,0.01
1992-01-12,0.0,56.97,12.84
1992-01-13,69.81,36.86,78.08
1992-01-14,25.32,6.29,2.49
1992-01-15,0.0,0.11,0.0
1992-01-16,0.0,0.0,0.0
1992-01-17,0.0,0.0,0.0
1992-01-18,0.0,23.11,16.89
1992-01-19,37.83,7.81,14.63
1992-01-20,0.0,0.03,0.0
1992-01-21,0.0,0.0,0.0
1992-01-22,0.0,20.62,1.56
1992-01-23,28.19,7.1,29.46
1992-01-24,0.0,0.08,0.0
1992-01-25,0.0,0.0,0.0
1992-01-26,0.0,0.0,0.0
1992-01-27,0.0,16.08,5.05
1992-01-28,23.54,12.99,21.29
1992-01-29,8.33,7.18,3.25
1992-01-30,6.08,3.17,5.97
1992-01-31,1.84,0.54,0.0
1992-02-01,0.0,0.0,0.0
1992-02-02,0.0,0.0,0.0
1992-02-03,0.0,0.0,0.0
1992-02-04,0.0,9.61,1.83
1992-02-05,15.89,30.53,32.25
1992-02-06,32.61,9.43,11.98
1992-02-07,0.24,0.11,0.01
1992-02-08,0.0,0.0,0.0
1992-02-09,0.0,0.0,0.0
1992-02-10,0.0,0.0,0.0
1992-02-11,0.0,0.03,0.03
1992-02-12,0.0,0.08,0.05
1992-02-13,0.0,1.22,2.47
1992-02-14,3.39,16.97,13.98
1992-02-15,24.56,14.37,20.58
1992-02-16,13.42,14.22,11.09
1992-02-17,17.9,17.71,22.87
1992-02-18,17.94,5.9,1.43
1992-02-19,2.43,0.42,0.11
1992-02-20,0.0,0.0,0.0
1992-02-21,0.0,0.0,0.0
1992-02-22,0.0,15.61,3.84
1992-02-23,20.97,5.61,15.26
1992-02-24,0.79,3.0,0.27
1992-02-25,9.08,6.89,13.62
1992-02-26,8.41,2.04,2.18
1992-02-27,0.0,0.02,0.08
1992-02-28,0.0,0.0,0.16
1992-02-29,0.0,0.0,0.08
1992-03-01,0.0,0.0,0.0
1992-03-02,0.0,0.0,0.0
1992-03-03,0.0,0.0,0.0
1992-03-04,0.0,0.0,0.0
1992-03-05,0.0,36.38,21.52
1992-03-06,40.72,13.04,23.88
1992-03-07,4.35,0.3,0.53
1992-03-08,0.0,0.0,0.0
1992-03-09,0.0,12.46,0.17
1992-03-10,17.42,6.06,23.47
1992-03-11,1.11,0.64,0.08
1992-03-12,0.0,0.0,0.01
1992-03-13,0.0,0.0,0.0
1992-03-14,0.0,0.0,0.0
1992-03-15,0.0,0.0,0.01
1992-03-16,0.0,0.0,0.01
1992-03-17,0.0,0.06,0.0
1992-03-18,0.0,23.41,5.19
1992-03-19,30.21,7.85,24.46
1992-03-20,0.0,0.02,0.0
1992-03-21,0.0,0.03,0.02
1992-03-22,0.0,3.93,4.27
1992-03-23,5.81,1.33,1.94
1992-03-24,0.0,0.09,1.77
1992-03-25,0.0,8.8,5.23
1992-03-26,9.27,2.93,2.77
1992-03-27,0.0,0.0,0.0
1992-03-28,0.0,0.16,0.0
1992-03-29,0.54,3.16,0.52
1992-03-30,3.92,3.78,5.27
1992-03-31,3.91,0.92,1.52
1992-04-01,0.0,0.0,0.0
1992-04-02,0.0,0.0,0.0
1992-04-03,0.0,0.0,0.0
1992-04-04,0.0,0.0,0.0
1992-04-05,0.0,0.0,0.0
1992-04-06,0.0,3.15,0.75
1992-04-07,5.5,4.59,8.4
1992-04-08,0.66,1.18,0.0
1992-04-09,0.0,0.0,0.14
1992-04-10,0.0,3.06,1.51
1992-04-11,3.68,1.57,4.43
1992-04-12,1.86,0.58,0.93
1992-04-13,0.26,0.13,0.6
1992-04-14,0.0,0.0,0.0
1992-04-15,0.0,0.0,0.0
1992-04-16,0.0,0.0,0.0
1992-04-17,0.0,0.09,0.3
1992-04-18,0.0,0.21,2.71
1992-04-19,0.88,25.73,27.39
1992-04-20,28.75,26.76,18.52
1992-04-21,22.72,9.51,12.1
1992-04-22,5.37,1.15,1.74
1992-04-23,0.0,0.0,0.01
1992-04-24,0.0,1.13,0.04
1992-04-25,0.18,0.38,1.5
1992-04-26,0.0,0.0,0.0
1992-04-27,0.0,0.0,0.0
1992-04-28,0.0,0.0,0.0
1992-04-29,0.0,0.0,0.0
1992-04-30,0.0,0.0,0.0
1992-05-01,0.0,0.0,0.0
1992-05-02,0.0,0.0,0.0
1992-05-03,0.0,0.0,0.0
1992-05-04,0.0,0.0,0.0
1992-05-05,0.0,0.01,0.0
1992-05-06,0.0,1.44,2.77
1992-05-07,2.26,0.86,0.41
1992-05-08,0.92,0.13,0.26
1992-05-09,0.0,0.0,0.01
1992-05-10,0.0,0.0,0.0
1992-05-11,0.0,0.0,0.0
1992-05-12,0.0,1.34,0.01
1992-05-13,1.61,3.18,4.15
1992-05-14,3.19,0.91,0.82
1992-05-15,0.0,0.0,0.0
1992-05-16,0.0,2.06,3.33
1992-05-17,7.66,0.69,0.04
1992-05-18,0.0,0.0,0.02
1992-05-19,0.0,0.0,0.0
1992-05-20,0.0,0.0,0.0
1992-05-21,0.0,0.0,0.0
1992-05-22,0.0,0.0,0.0
1992-05-23,0.0,0.0,0.0
1992-05-24,0.0,0.0,0.0
1992-05-25,0.0,0.0,0.18
1992-05-26,0.0,15.33,6.57
1992-05-27,19.36,12.13,13.46
1992-05-28,9.41,28.52,27.95
1992-05-29,29.67,10.49,10.42
1992-05-30,2.33,2.4,1.04
1992-05-31,0.0,0.61,0.97
1992-06-01,0.0,0.0,0.0
1992-06-02,0.0,0.38,0.09
1992-06-03,0.0,7.15,10.4
1992-06-04,17.59,4.53,5.84
1992-06-05,0.27,0.73,0.12
1992-06-06,0.0,0.0,0.29
1992-06-07,0.0,4.21,1.64
1992-06-08,13.96,5.98,15.68
1992-06-09,9.35,4.72,3.27
1992-06-10,5.33,3.91,3.98
1992-06-11,4.08,3.54,5.43
1992-06-12,12.04,26.86,17.59
1992-06-13,37.28,15.79,27.16
1992-06-14,12.26,2.48,9.09
1992-06-15,0.0,3.01,6.55
1992-06-16,0.0,0.99,0.37
1992-06-17,0.0,0.0,0.47
1992-06-18,0.0,28.87,0.15
1992-06-19,37.05,9.81,37.1
1992-06-20,0.0,0.06,0.05
1992-06-21,0.0,0.0,0.0
1992-06-22,0.0,0.0,0.0
1992-06-23,0.0,0.0,0.0
1992-06-24,0.0,0.0,0.0
1992-06-25,0.0,0.0,0.62
1992-06-26,0.0,1.44,2.85
1992-06-27,3.15,0.52,3.18
1992-06-28,0.0,0.01,0.0
1992-06-29,0.0,0.32,0.83
1992-06-30,0.0,4.96,11.58
1992-07-01,9.83,19.05,11.63
1992-07-02,22.99,6.14,8.78
1992-07-03,0.24,0.17,0.08
1992-07-04,0.0,0.02,1.55
1992-07-05,0.0,4.08,0.99
1992-07-06,6.79,1.36,3.54
1992-07-07,0.0,0.0,0.12
1992-07-08,0.0,0.0,0.01
1992-07-09,0.0,2.08,0.0
1992-07-10,0.0,0.69,1.32
1992-07-11,0.0,0.0,0.03
1992-07-12,0.0,1.12,2.88
1992-07-13,2.83,1.98,1.41
1992-07-14,0.0,6.76,15.02
1992-07-15,10.12,19.23,10.86
1992-07-16,21.08,17.87,13.07
1992-07-17,19.66,5.42,14.41
1992-07-18,8.08,4.3,6.53
1992-07-19,11.86,8.77,8.94
1992-07-20,0.0,4.58,2.24
1992-07-21,2.59,0.83,3.26
1992-07-22,0.07,0.99,3.72
1992-07-23,0.27,5.32,9.77
1992-07-24,12.41,2.01,3.54
1992-07-25,0.0,0.15,0.19
1992-07-26,0.0,0.16,2.54
1992-07-27,0.0,2.59,4.02
1992-07-28,6.08,1.68,2.72
1992-07-29,5.18,3.4,4.1
1992-07-30,5.42,1.04,5.49
1992-07-31,0.0,1.07,1.2
1992-08-01,1.02,0.36,3.48
1992-08-02,0.0,4.22,0.86
1992-08-03,1.16,1.55,1.41
1992-08-04,0.0,0.08,0.94
1992-08-05,0.0,9.21,4.83
1992-08-06,12.68,3.67,9.76
1992-08-07,2.89,0.26,0.96
1992-08-08,0.0,0.4,0.5
1992-08-09,0.0,0.13,1.7
1992-08-10,0.0,8.73,1.56
1992-08-11,0.0,3.11,4.54
1992-08-12,0.0,3.06,5.12
1992-08-13,6.95,10.71,13.56
1992-08-14,11.48,3.28,2.38
1992-08-15,0.0,14.87,31.33
1992-08-16,30.45,22.25,6.48
1992-08-17,0.0,6.5,2.22
1992-08-18,0.01,0.47,1.58
1992-08-19,0.0,8.98,12.0
1992-08-20,15.18,4.44,1.46
1992-08-21,6.55,8.4,10.7
1992-08-22,9.47,13.37,12.71
1992-08-23,23.5,3.85,3.88
1992-08-24,0.0,0.38,0.41
1992-08-25,0.11,0.2,1.82
1992-08-26,0.0,7.68,7.78
1992-08-27,15.96,15.59,18.22
1992-08-28,19.88,4.43,6.47
1992-08-29,0.0,0.03,0.0
1992-08-30,0.0,0.0,0.0
1992-08-31,0.0,0.0,0.0
1992-09-01,0.0,0.0,0.27
1992-09-02,0.0,0.04,3.89
1992-09-03,0.0,0.37,0.72
1992-09-04,0.0,2.13,3.41
1992-09-05,4.9,2.14,7.02
1992-09-06,6.01,10.83,9.57
1992-09-07,16.66,3.69,2.9
1992-09-08,0.0,0.12,0.41
1992-09-09,0.0,0.03,0.24
1992-09-10,0.0,0.15,0.26
1992-09-11,0.0,0.05,0.01
1992-09-12,0.0,0.3,0.16
1992-09-13,0.01,6.93,0.4
1992-09-14,0.0,2.28,3.98
1992-09-15,0.0,0.0,0.0
1992-09-16,0.0,0.23,0.38
1992-09-17,0.0,0.13,0.9
1992-09-18,0.0,0.02,0.93
1992-09-19,0.0,0.44,0.18
1992-09-20,0.34,0.15,1.85
1992-09-21,0.0,0.09,3.17
1992-09-22,0.0,4.37,2.91
1992-09-23,8.87,1.54,0.83
1992-09-24,0.0,0.03,2.9
1992-09-25,0.0,0.76,0.86
1992-09-26,0.0,4.87,5.77
1992-09-27,8.88,2.79,6.84
1992-09-28,1.31,0.42,1.29
1992-09-29,0.0,0.0,0.02
1992-09-30,0.0,0.0,0.0
1992-10-01,0.0,0.0,0.0
1992-10-02,0.0,2.79,0.17
1992-10-03,7.48,33.92,24.64
1992-10-04,37.11,11.07,16.37
1992-10-05,0.0,0.03,0.05
1992-10-06,0.0,0.0,0.0
1992-10-07,0.0,0.06,0.19
1992-10-08,0.0,0.02,0.0
1992-10-09,0.0,0.0,0.0
1992-10-10,0.0,8.26,0.25
1992-10-11,10.13,2.8,6.68
1992-10-12,0.0,0.02,0.0
1992-10-13,0.0,0.0,0.0
1992-10-14,0.0,0.0,0.0
1992-10-15,0.0,0.0,0.0
1992-10-16,0.0,0.07,0.53
1992-10-17,0.0,5.73,7.17
1992-10-18,7.98,1.95,0.0
1992-10-19,0.0,0.02,0.0
1992-10-20,0.0,0.0,0.0
1992-10-21,0.0,0.0,0.0
1992-10-22,0.0,0.0,0.0
1992-10-23,0.0,0.0,0.0
1992-10-24,0.0,0.0,0.0
1992-10-25,0.0,0.0,0.0
1992-10-26,0.0,0.0,0.0
1992-10-27,0.0,5.91,0.54
1992-10-28,8.05,3.14,7.78
1992-10-29,1.15,0.39,0.04
1992-10-30,0.0,4.35,7.07
1992-10-31,6.75,1.48,0.55
1992-11-01,0.0,14.65,2.93
1992-11-02,24.89,5.89,21.25
1992-11-03,1.37,24.82,0.04
1992-11-04,35.15,40.36,65.29
1992-11-05,44.77,12.88,8.77
1992-11-06,2.53,0.72,0.02
1992-11-07,0.0,0.0,0.0
1992-11-08,0.0,0.14,0.0
1992-11-09,0.0,0.05,0.0
1992-11-10,0.0,1.08,0.18
1992-11-11,2.96,9.17,8.42
1992-11-12,13.58,22.78,28.64
1992-11-13,24.06,6.67,1.45
1992-11-14,0.0,0.02,0.0
1992-11-15,0.0,0.14,0.0
1992-11-16,0.0,0.05,0.0
1992-11-17,0.0,0.0,0.0
1992-11-18,0.0,0.0,0.0
1992-11-19,0.0,0.0,1.14
1992-11-20,0.0,4.63,0.98
1992-11-21,5.92,2.98,8.61
1992-11-22,2.68,12.74,14.97
1992-11-23,14.88,18.99,0.61
1992-11-24,26.8,64.36,76.23
1992-11-25,68.86,46.48,21.24
1992-11-26,35.03,9.34,11.21
1992-11-27,0.0,0.15,0.01
1992-11-28,0.0,0.0,0.0
1992-11-29,0.0,0.0,0.0
1992-11-30,0.0,0.0,0.0
1992-12-01,0.0,0.0,0.0
1992-12-02,0.0,0.0,0.0
1992-12-03,0.0,0.0,0.3
1992-12-04,0.0,1.83,0.71
1992-12-05,3.45,0.63,2.46
1992-12-06,0.0,5.36,1.34
1992-12-07,7.65,6.49,11.52
1992-12-08,6.71,1.93,0.65
1992-12-09,0.0,12.06,0.81
1992-12-10,16.92,4.15,15.59
1992-12-11,0.0,0.06,0.0
1992-12-12,0.0,0.0,0.0
1992-12-13,0.0,0.0,0.0
1992-12-14,0.0,0.0,0.0
1992-12-15,0.0,1.06,0.61
1992-12-16,11.3,54.79,39.14
1992-12-17,72.93,19.2,45.04
1992-12-18,0.0,0.35,0.27
1992-12-19,0.0,1.09,1.09
1992-12-20,3.12,2.88,4.72
1992-12-21,3.02,0.89,0.04
1992-12-22,0.0,0.15,0.31
1992-12-23,0.0,0.05,0.04
1992-12-24,0.0,0.0,0.0
1992-12-25,0.0,0.05,0.0
1992-12-26,0.01,0.04,0.5
1992-12-27,0.0,0.44,0.67
1992-12-28,0.76,0.52,0.69
1992-12-29,0.0,0.26,0.0
1992-12-30,0.0,0.35,0.28
1992-12-31,0.0,0.1,0.01
1993-01-01,0.0,0.0,0.07
1993-01-02,0.0,0.0,0.0
1993-01-03,0.0,0.0,0.0
1993-01-04,0.0,7.18,2.23
1993-01-05,7.25,4.58,8.84
1993-01-06,3.44,1.51,0.52
1993-01-07,2.73,23.24,14.82
1993-01-08,27.22,8.01,14.6
1993-01-09,0.0,0.15,0.15
1993-01-10,0.0,0.69,0.02
1993-01-11,1.72,3.36,6.3
1993-01-12,6.77,13.46,13.96
1993-01-13,14.63,4.37,0.73
1993-01-14,0.0,0.08,0.0
1993-01-15,0.0,0.17,0.13
1993-01-16,0.11,0.06,0.1
1993-01-17,0.0,0.0,0.0
1993-01-18,0.0,0.85,0.02
1993-01-19,1.16,2.44,6.11
1993-01-20,5.91,29.06,15.53
1993-01-21,34.76,15.24,25.64
1993-01-22,6.73,2.0,0.08
1993-01-23,0.0,0.02,0.0
1993-01-24,0.0,9.33,5.02
1993-01-25,10.95,3.13,5.81
1993-01-26,0.0,0.01,0.01
1993-01-27,0.0,0.0,0.0
1993-01-28,0.0,0.0,0.0
1993-01-29,0.0,0.0,0.05
1993-01-30,0.0,0.0,0.1
1993-01-31,0.0,0.0,0.0
1993-02-01,0.0,0.0,0.0
1993-02-02,0.0,0.0,0.0
1993-02-03,0.0,0.0,0.0
1993-02-04,0.0,0.0,0.0
1993-02-05,0.0,0.29,0.97
1993-02-06,0.11,17.6,9.42
1993-02-07,25.41,11.38,19.74
1993-02-08,6.71,1.86,1.82
1993-02-09,0.0,0.0,0.0
1993-02-10,0.0,3.47,0.26
1993-02-11,7.63,9.73,18.34
1993-02-12,10.45,2.9,1.11
1993-02-13,0.0,0.01,0.0
1993-02-14,0.0,0.0,0.0
1993-02-15,0.0,21.87,0.0
1993-02-16,27.44,11.93,33.09
1993-02-17,5.8,1.55,0.01
1993-02-18,0.0,0.0,0.0
1993-02-19,0.0,0.0,0.02
1993-02-20,0.0,1.99,0.0
1993-02-21,2.97,5.1,6.09
1993-02-22,5.67,1.53,1.3
1993-02-23,0.0,0.02,0.0
1993-02-24,0.0,0.0,0.0
1993-02-25,0.0,16.91,1.86
1993-02-26,22.04,5.69,19.64
1993-02-27,0.0,0.02,0.0
1993-02-28,0.0,0.0,0.0
1993-03-01,0.0,0.36,1.3
1993-03-02,1.47,21.14,23.47
1993-03-03,26.59,18.35,12.98
1993-03-04,13.86,3.8,5.46
1993-03-05,0.0,0.01,1.8
1993-03-06,0.0,0.0,0.0
1993-03-07,0.0,0.0,0.0
1993-03-08,0.0,0.0,0.0
1993-03-09,0.0,0.0,0.0
1993-03-10,0.0,0.0,0.0
1993-03-11,0.0,0.0,0.14
1993-03-12,0.0,25.1,3.63
1993-03-13,35.27,12.36,34.98
1993-03-14,5.93,1.33,1.29
1993-03-15,0.0,0.27,0.58
1993-03-16,0.0,26.14,5.97
1993-03-17,33.12,11.95,29.44
1993-03-18,6.13,1.09,3.41
1993-03-19,0.0,0.0,0.0
1993-03-20,0.0,0.0,0.01
1993-03-21,0.0,0.0,0.0
1993-03-22,0.0,1.03,0.02
1993-03-23,2.47,0.77,2.75
1993-03-24,0.6,0.14,2.7
1993-03-25,0.0,5.16,5.41
1993-03-26,7.63,1.85,2.72
1993-03-27,0.0,0.05,1.13
1993-03-28,0.0,0.0,0.0
1993-03-29,0.0,0.0,3.4
1993-03-30,0.0,53.54,8.32
1993-03-31,69.45,20.48,57.11
1993-04-01,0.0,0.88,1.51
1993-04-02,0.0,0.0,0.0
1993-04-03,0.0,0.0,0.0
1993-04-04,0.0,6.61,5.44
1993-04-05,9.68,2.25,6.09
1993-04-06,0.0,0.01,0.0
1993-04-07,0.0,0.0,0.0
1993-04-08,0.0,0.23,1.36
1993-04-09,0.76,5.04,7.78
1993-04-10,6.86,1.66,0.19
1993-04-11,0.0,0.0,0.0
1993-04-12,0.0,0.0,0.0
1993-04-13,0.0,0.0,0.0
1993-04-14,0.0,0.02,0.0
1993-04-15,0.0,9.5,12.73
1993-04-16,12.28,3.19,0.93
1993-04-17,0.0,0.01,0.0
1993-04-18,0.0,0.0,0.0
1993-04-19,0.0,0.0,0.0
1993-04-20,0.0,2.88,1.16
1993-04-21,4.61,0.97,3.58
1993-04-22,0.0,0.0,0.0
1993-04-23,0.0,0.0,0.0
1993-04-24,0.0,0.0,0.0
1993-04-25,0.0,13.1,2.03
1993-04-26,19.35,4.5,15.33
1993-04-27,0.0,0.05,0.0
1993-04-28,0.0,0.0,0.0
1993-04-29,0.0,0.0,0.0
1993-04-30,0.0,0.68,0.51
1993-05-01,1.26,0.26,0.85
1993-05-02,0.0,3.57,0.24
1993-05-03,6.07,11.67,13.62
1993-05-04,14.31,3.49,8.91
1993-05-05,0.0,0.0,0.0
1993-05-06,0.0,0.0,0.0
1993-05-07,0.0,0.0,0.0
1993-05-08,0.0,0.0,0.0
1993-05-09,0.0,0.0,0.02
1993-05-10,0.0,0.0,0.03
1993-05-11,0.0,0.53,0.25
1993-05-12,2.22,6.61,8.2
1993-05-13,8.44,4.31,4.98
1993-05-14,3.97,0.72,0.0
1993-05-15,0.0,0.0,0.0
1993-05-16,0.0,0.0,0.01
1993-05-17,0.0,0.0,0.03
1993-05-18,0.0,0.0,0.01
1993-05-19,0.0,2.23,2.96
1993-05-20,5.95,0.75,0.95
1993-05-21,0.0,0.0,0.0
1993-05-22,0.0,0.0,0.0
1993-05-23,0.0,0.0,0.0
1993-05-24,0.0,1.06,1.17
1993-05-25,0.21,6.84,7.19
1993-05-26,9.04,2.23,3.28
1993-05-27,0.0,1.62,0.0
1993-05-28,0.16,0.58,3.86
1993-05-29,0.0,0.02,0.0
1993-05-30,0.0,0.06,0.99
1993-05-31,0.0,7.56,3.06
1993-06-01,8.89,2.51,10.13
1993-06-02,0.0,0.0,0.0
1993-06-03,0.0,0.0,0.0
1993-06-04,0.0,0.0,0.0
1993-06-05,0.0,0.0,0.0
1993-06-06,0.0,0.0,0.0
1993-06-07,0.0,0.0,0.0
1993-06-08,0.0,0.0,0.0
1993-06-09,0.0,0.0,0.0
1993-06-10,0.0,0.0,0.05
1993-06-11,0.0,6.44,1.19
1993-06-12,12.9,5.35,8.3
1993-06-13,5.61,1.15,2.71
1993-06-14,0.0,0.27,2.77
1993-06-15,0.47,0.12,0.57
1993-06-16,0.0,0.01,0.21
1993-06-17,0.0,0.0,0.0
1993-06-18,0.0,0.0,0.0
1993-06-19,0.0,0.0,0.0
1993-06-20,0.0,0.0,0.01
1993-06-21,0.0,0.35,1.16
1993-06-22,0.0,1.61,2.13
1993-06-23,0.0,0.52,0.41
1993-06-24,0.0,2.14,2.14
1993-06-25,3.93,12.78,7.51
1993-06-26,12.36,9.01,13.51
1993-06-27,4.88,40.03,10.77
1993-06-28,39.31,17.14,41.67
1993-06-29,28.89,14.4,12.8
1993-06-30,14.79,18.55,15.83
1993-07-01,14.29,4.75,6.79
1993-07-02,0.0,0.0,0.0
1993-07-03,0.0,0.0,0.0
1993-07-04,0.0,1.29,0.53
1993-07-05,0.41,0.44,0.44
1993-07-06,0.0,0.07,0.05
1993-07-07,0.0,2.47,2.8
1993-07-08,6.37,9.92,10.4
1993-07-09,6.75,3.1,1.33
1993-07-10,0.0,0.19,0.7
1993-07-11,0.0,1.52,2.11
1993-07-12,0.74,1.54,1.79
1993-07-13,2.1,0.4,0.73
1993-07-14,0.0,1.43,1.4
1993-07-15,1.9,0.47,0.1
1993-07-16,0.0,0.0,0.0
1993-07-17,0.0,2.03,2.76
1993-07-18,1.72,1.39,2.43
1993-07-19,0.13,5.92,7.48
1993-07-20,12.73,3.04,3.45
1993-07-21,0.22,0.38,1.53
1993-07-22,0.0,1.36,0.61
1993-07-23,5.57,5.57,2.71
1993-07-24,5.28,1.71,4.83
1993-07-25,0.0,0.0,0.0
1993-07-26,0.0,0.03,0.43
1993-07-27,0.0,1.41,0.18
1993-07-28,1.62,3.69,3.74
1993-07-29,6.12,1.09,3.37
1993-07-30,0.0,0.01,0.01
1993-07-31,0.0,0.02,0.0
1993-08-01,0.0,7.36,1.67
1993-08-02,0.65,4.7,10.98
1993-08-03,6.42,2.59,3.35
1993-08-04,5.69,12.43,14.15
1993-08-05,17.49,7.73,11.53
1993-08-06,6.33,4.19,11.75
1993-08-07,11.32,22.11,19.55
1993-08-08,27.44,20.58,20.26
1993-08-09,14.1,4.54,0.02
1993-08-10,0.0,1.81,2.3
1993-08-11,0.0,0.6,0.23
1993-08-12,0.0,0.0,0.83
1993-08-13,0.0,5.42,0.28
1993-08-14,12.75,2.01,12.72
1993-08-15,0.0,4.52,0.1
1993-08-16,0.0,1.48,0.01
1993-08-17,0.0,0.0,0.52
1993-08-18,0.0,0.0,0.09
1993-08-19,0.0,0.03,0.25
1993-08-20,0.0,0.01,0.15
1993-08-21,0.0,0.23,0.22
1993-08-22,0.0,0.2,1.56
1993-08-23,0.0,0.95,0.58
1993-08-24,0.0,2.56,3.39
1993-08-25,0.8,0.78,0.22
1993-08-26,0.0,0.01,0.03
1993-08-27,0.0,6.33,2.97
1993-08-28,8.39,3.82,5.13
1993-08-29,2.91,3.25,3.86
1993-08-30,4.74,1.16,0.93
1993-08-31,0.0,0.09,0.72
1993-09-01,0.0,17.01,9.09
1993-09-02,20.96,7.42,16.12
1993-09-03,6.14,14.11,10.45
1993-09-04,15.67,4.85,5.15
1993-09-05,2.63,2.79,5.61
1993-09-06,2.06,13.88,15.48
1993-09-07,20.3,12.63,15.9
1993-09-08,16.75,2.77,1.04
1993-09-09,0.0,0.0,0.11
1993-09-10,0.0,0.01,0.07
1993-09-11,0.0,0.0,0.02
1993-09-12,0.0,1.73,0.46
1993-09-13,0.0,4.72,5.84
1993-09-14,7.78,1.61,3.97
1993-09-15,0.0,2.15,2.53
1993-09-16,0.83,1.24,3.57
1993-09-17,0.0,0.2,0.21
1993-09-18,0.0,0.01,0.03
1993-09-19,0.0,0.0,0.0
1993-09-20,0.0,6.6,8.55
1993-09-21,12.75,2.3,0.72
1993-09-22,0.0,0.03,0.22
1993-09-23,0.0,0.0,0.01
1993-09-24,0.0,0.0,0.18
1993-09-25,0.0,0.0,0.24
1993-09-26,0.0,2.21,0.47
1993-09-27,4.76,1.07,4.62
1993-09-28,0.06,0.11,0.01
1993-09-29,0.0,0.0,0.0
1993-09-30,0.0,0.0,0.0
1993-10-01,0.0,0.0,0.0
1993-10-02,0.0,0.0,0.0
1993-10-03,0.0,0.0,0.0
1993-10-04,0.0,0.0,0.0
1993-10-05,0.0,0.0,0.0
1993-10-06,0.0,0.0,0.01
1993-10-07,0.0,0.19,0.2
1993-10-08,0.03,0.06,0.0
1993-10-09,0.0,0.0,0.09
1993-10-10,0.0,0.0,0.0
1993-10-11,0.0,0.0,0.0
1993-10-12,0.0,0.0,0.0
1993-10-13,0.0,0.04,0.02
1993-10-14,0.0,0.05,0.3
1993-10-15,0.0,7.79,1.63
1993-10-16,7.29,2.79,4.91
1993-10-17,0.0,0.1,0.2
1993-10-18,0.0,0.01,0.0
1993-10-19,0.0,0.0,0.0
1993-10-20,0.0,0.33,0.51
1993-10-21,0.0,0.98,3.43
1993-10-22,3.04,0.87,1.83
1993-10-23,0.47,1.21,0.92
1993-10-24,0.0,0.37,0.79
1993-10-25,0.0,0.15,0.23
1993-10-26,0.0,0.06,0.48
1993-10-27,0.0,0.01,0.0
1993-10-28,0.0,0.0,0.0
1993-10-29,0.0,66.5,33.46
1993-10-30,91.89,23.09,66.48
1993-10-31,1.53,1.29,1.02
1993-11-01,0.0,0.33,0.38
1993-11-02,0.0,0.0,0.0
1993-11-03,0.0,0.0,0.52
1993-11-04,0.0,26.99,3.48
1993-11-05,40.28,37.72,59.89
1993-11-06,33.73,9.63,9.26
1993-11-07,0.0,0.02,0.0
1993-11-08,0.0,0.0,0.0
1993-11-09,0.0,0.66,0.4
1993-11-10,0.47,0.22,0.92
1993-11-11,0.0,0.0,0.0
1993-11-12,0.0,0.0,0.0
1993-11-13,0.0,0.0,0.0
1993-11-14,0.0,0.48,0.09
1993-11-15,0.56,0.44,3.07
1993-11-16,0.0,3.27,0.27
1993-11-17,4.67,2.97,6.11
1993-11-18,4.08,0.69,0.0
1993-11-19,0.0,0.02,0.0
1993-11-20,0.0,0.0,0.0
1993-11-21,0.0,0.0,0.0
1993-11-22,0.0,0.0,0.0
1993-11-23,0.0,0.0,0.02
1993-11-24,0.0,0.0,0.03
1993-11-25,0.0,0.08,0.01
1993-11-26,0.0,10.71,5.59
1993-11-27,15.36,3.56,7.42
1993-11-28,0.0,0.0,0.0
1993-11-29,0.0,0.0,0.0
1993-11-30,0.0,0.0,0.0
1993-12-01,0.0,0.0,0.0
1993-12-02,0.0,0.0,0.0
1993-12-03,0.0,0.91,0.04
1993-12-04,0.0,12.56,11.48
1993-12-05,16.67,4.11,5.19
1993-12-06,0.0,0.01,0.0
1993-12-07,0.0,0.0,0.0
1993-12-08,0.0,0.75,1.12
1993-12-09,0.0,5.88,0.03
1993-12-10,11.85,15.81,29.09
1993-12-11,20.85,4.65,1.79
1993-12-12,0.0,3.59,5.45
1993-12-13,0.0,14.97,1.45
1993-12-14,19.25,4.72,18.45
1993-12-15,0.2,0.05,0.0
1993-12-16,0.0,0.0,0.01
1993-12-17,0.0,0.37,0.02
1993-12-18,0.0,0.12,0.01
1993-12-19,0.0,6.66,0.19
1993-12-20,11.01,11.91,20.21
1993-12-21,15.17,3.46,2.42
1993-12-22,0.0,10.45,2.31
1993-12-23,16.38,3.54,13.16
1993-12-24,0.0,6.26,1.38
1993-12-25,0.0,2.08,3.27
1993-12-26,0.0,0.0,0.0
1993-12-27,0.0,0.0,0.0
1993-12-28,0.0,1.23,0.04
1993-12-29,1.54,0.51,0.77
1993-12-30,0.0,0.04,0.0
1993-12-31,0.0,1.19,0.06
1994-01-01,0.0,1.7,0.71
1994-01-02,2.85,0.68,3.09
1994-01-03,1.45,3.57,6.28
1994-01-04,7.8,1.17,2.03
1994-01-05,0.0,0.0,0.0
1994-01-06,0.0,0.04,0.0
1994-01-07,0.0,2.71,1.86
1994-01-08,4.14,0.91,1.81
1994-01-09,0.0,0.0,0.0
1994-01-10,0.0,1.12,0.0
1994-01-11,4.06,14.71,15.48
1994-01-12,20.18,5.13,8.34
1994-01-13,1.26,0.12,0.44
1994-01-14,0.0,0.0,0.0
1994-01-15,0.0,0.0,0.0
1994-01-16,0.0,0.0,0.02
1994-01-17,0.0,10.06,23.46
1994-01-18,23.51,3.44,1.3
1994-01-19,0.0,0.03,0.0
1994-01-20,0.0,0.0,0.0
1994-01-21,0.0,0.0,0.0
1994-01-22,0.0,0.0,0.0
1994-01-23,0.0,0.01,0.05
1994-01-24,0.0,0.0,0.0
1994-01-25,0.0,0.0,0.0
1994-01-26,0.0,0.0,0.54
1994-01-27,0.0,41.47,4.81
1994-01-28,48.31,16.67,46.11
1994-01-29,4.01,9.0,4.08
1994-01-30,9.31,3.02,6.34
1994-01-31,0.0,0.11,0.0
1994-02-01,0.0,0.0,0.0
1994-02-02,0.0,0.0,0.01
1994-02-03,0.0,0.0,0.03
1994-02-04,0.0,9.03,0.01
1994-02-05,18.56,23.63,41.13
1994-02-06,26.88,6.96,1.22
1994-02-07,0.0,0.41,0.05
1994-02-08,1.07,0.19,1.3
1994-02-09,0.0,5.14,0.38
1994-02-10,8.32,12.91,18.2
1994-02-11,19.32,3.94,10.49
1994-02-12,0.0,0.07,0.0
1994-02-13,0.0,0.0,0.0
1994-02-14,0.0,0.0,0.0
1994-02-15,0.0,0.0,0.0
1994-02-16,0.0,0.0,0.0
1994-02-17,0.0,0.0,0.0
1994-02-18,0.0,0.0,0.0
1994-02-19,0.0,0.0,0.0
1994-02-20,0.0,0.0,0.03
1994-02-21,0.0,0.65,1.35
1994-02-22,0.94,0.52,0.54
1994-02-23,4.79,21.86,18.12
1994-02-24,30.51,7.32,12.26
1994-02-25,0.0,0.02,0.0
1994-02-26,0.0,0.0,0.0
1994-02-27,0.0,0.0,0.0
1994-02-28,0.0,0.0,0.0
1994-03-01,0.0,26.62,27.38
1994-03-02,36.69,9.42,12.98
1994-03-03,1.65,0.18,0.84
1994-03-04,0.0,0.0,0.0
1994-03-05,0.0,0.0,0.0
1994-03-06,0.0,0.0,0.0
1994-03-07,0.0,0.0,0.0
1994-03-08,0.0,0.0,4.72
1994-03-09,0.0,16.67,13.54
1994-03-10,24.07,5.63,7.08
1994-03-11,0.0,0.02,0.42
1994-03-12,0.0,0.0,0.0
1994-03-13,0.0,0.0,0.0
1994-03-14,0.0,0.0,0.0
1994-03-15,0.0,0.0,0.0
1994-03-16,0.0,0.0,0.0
1994-03-17,0.0,0.0,0.0
1994-03-18,0.0,0.0,0.0
1994-03-19,0.0,0.0,0.0
1994-03-20,0.0,0.0,0.0
1994-03-21,0.0,0.0,0.0
1994-03-22,0.0,0.0,0.08
1994-03-23,0.0,10.88,13.91
1994-03-24,14.94,27.56,5.31
1994-03-25,32.28,8.03,29.01
1994-03-26,0.0,2.47,0.0
1994-03-27,1.64,13.67,5.55
1994-03-28,15.73,14.16,18.47
1994-03-29,18.34,3.32,7.64
1994-03-30,0.0,0.01,0.0
1994-03-31,0.0,0.0,0.0
1994-04-01,0.0,0.0,0.0
1994-04-02,0.0,0.0,0.0
1994-04-03,0.0,6.01,2.5
1994-04-04,7.66,2.0,4.45
1994-04-05,0.0,4.89,0.05
1994-04-06,9.72,3.12,9.83
1994-04-07,2.0,0.5,0.2
1994-04-08,0.0,0.0,0.0
1994-04-09,0.0,0.02,0.11
1994-04-10,0.0,0.01,0.06
1994-04-11,0.0,0.0,0.0
1994-04-12,0.0,15.31,2.76
1994-04-13,23.11,5.24,18.12
1994-04-14,0.0,0.05,0.65
1994-04-15,0.0,19.14,1.67
1994-04-16,26.21,6.5,26.72
1994-04-17,0.0,0.04,0.0
1994-04-18,0.0,0.0,0.0
1994-04-19,0.0,0.0,0.0
1994-04-20,0.0,0.0,0.0
1994-04-21,0.0,2.29,2.17
1994-04-22,5.45,10.52,6.96
1994-04-23,10.94,3.25,1.96
1994-04-24,0.0,0.0,0.13
1994-04-25,0.0,0.0,0.15
1994-04-26,0.0,0.0,0.07
1994-04-27,0.0,0.0,0.0
1994-04-28,0.0,0.0,0.0
1994-04-29,0.0,0.05,0.34
1994-04-30,0.0,2.76,0.85
1994-05-01,5.91,1.02,1.49
1994-05-02,0.0,0.27,0.81
1994-05-03,0.08,27.18,19.5
1994-05-04,32.16,9.13,14.77
1994-05-05,0.0,0.03,0.0
1994-05-06,0.0,0.0,0.0
1994-05-07,0.0,5.42,1.01
1994-05-08,6.75,3.81,10.38
1994-05-09,0.88,0.98,0.66
1994-05-10,0.39,0.32,1.34
1994-05-11,0.31,0.09,0.09
1994-05-12,0.0,0.23,0.39
1994-05-13,0.4,0.34,0.05
1994-05-14,0.0,0.09,0.7
1994-05-15,0.0,1.03,0.98
1994-05-16,1.52,0.49,0.45
1994-05-17,0.0,0.05,0.15
1994-05-18,0.0,0.0,0.0
1994-05-19,0.0,0.0,0.0
1994-05-20,0.0,0.0,0.0
1994-05-21,0.0,0.0,0.01
1994-05-22,0.0,0.0,0.01
1994-05-23,0.0,0.0,0.0
1994-05-24,0.0,0.0,0.0
1994-05-25,0.0,0.0,0.14
1994-05-26,0.0,0.02,0.19
1994-05-27,0.0,0.05,0.48
1994-05-28,0.0,0.01,4.6
1994-05-29,0.0,10.17,2.07
1994-05-30,11.19,5.34,7.46
1994-05-31,3.87,4.8,3.2
1994-06-01,5.88,1.38,1.65
1994-06-02,0.0,6.07,0.23
1994-06-03,9.15,6.22,12.3
1994-06-04,9.55,7.01,6.63
1994-06-05,8.99,8.5,9.51
1994-06-06,15.81,5.1,2.91
1994-06-07,6.72,4.96,4.76
1994-06-08,6.43,1.33,1.93
1994-06-09,0.0,5.87,2.29
1994-06-10,11.33,2.31,4.95
1994-06-11,0.72,3.06,2.18
1994-06-12,3.94,1.48,4.35
1994-06-13,2.89,9.71,6.43
1994-06-14,15.18,9.41,19.34
1994-06-15,7.25,15.38,1.55
1994-06-16,13.24,9.48,9.49
1994-06-17,7.77,2.83,4.1
1994-06-18,3.03,4.08,4.95
1994-06-19,8.55,11.93,2.89
1994-06-20,3.32,4.72,11.32
1994-06-21,9.28,0.91,1.5
1994-06-22,2.01,0.18,3.12
1994-06-23,0.0,15.95,15.35
1994-06-24,18.64,31.6,18.36
1994-06-25,41.53,28.6,32.3
1994-06-26,23.53,6.83,3.59
1994-06-27,0.0,3.97,12.94
1994-06-28,10.71,1.3,0.37
1994-06-29,0.0,0.35,2.25
1994-06-30,1.21,0.13,0.09
1994-07-01,0.0,0.24,0.36
1994-07-02,0.0,6.24,1.34
1994-07-03,5.88,47.99,8.43
1994-07-04,68.54,25.4,44.28
1994-07-05,9.03,48.76,25.03
1994-07-06,59.65,77.5,87.81
1994-07-07,93.9,48.45,45.71
1994-07-08,35.62,14.4,5.87
1994-07-09,7.26,7.01,3.63
1994-07-10,8.88,2.92,7.53
1994-07-11,3.99,9.05,6.22
1994-07-12,10.66,13.0,14.68
1994-07-13,13.37,11.6,6.05
1994-07-14,11.6,6.76,5.99
1994-07-15,8.32,1.69,1.25
1994-07-16,0.83,0.14,1.46
1994-07-17,0.0,2.12,3.45
1994-07-18,0.0,3.25,1.93
1994-07-19,0.0,3.02,1.97
1994-07-20,2.51,5.01,10.52
1994-07-21,6.08,7.02,6.69
1994-07-22,10.79,8.99,6.66
1994-07-23,11.16,2.5,1.51
1994-07-24,0.0,0.07,0.75
1994-07-25,0.0,11.54,18.05
1994-07-26,20.79,11.18,9.61
1994-07-27,11.41,26.29,30.79
1994-07-28,24.2,8.03,4.1
1994-07-29,0.0,0.14,0.33
1994-07-30,0.0,0.1,0.51
1994-07-31,0.0,0.39,0.19
1994-08-01,0.66,0.12,2.87
1994-08-02,0.0,7.35,4.92
1994-08-03,11.5,2.53,4.38
1994-08-04,0.0,1.23,2.04
1994-08-05,0.0,0.48,3.38
1994-08-06,0.0,0.13,0.44
1994-08-07,0.0,0.16,0.59
1994-08-08,0.0,0.04,0.19
1994-08-09,0.0,0.0,0.0
1994-08-10,0.0,0.0,0.0
1994-08-11,0.0,0.0,0.0
1994-08-12,0.0,0.22,0.84
1994-08-13,0.0,2.16,1.79
1994-08-14,2.69,1.21,3.44
1994-08-15,1.9,5.48,1.88
1994-08-16,6.77,2.47,5.32
1994-08-17,0.0,8.19,11.74
1994-08-18,12.16,18.96,8.78
1994-08-19,20.72,5.68,12.56
1994-08-20,0.0,3.75,4.12
1994-08-21,1.95,12.11,15.5
1994-08-22,18.03,3.71,0.45
1994-08-23,0.0,0.03,0.0
1994-08-24,0.0,0.0,0.0
1994-08-25,0.0,0.0,0.0
1994-08-26,0.0,0.0,0.0
1994-08-27,0.0,0.0,0.0
1994-08-28,0.0,0.03,0.0
1994-08-29,0.0,0.01,0.0
1994-08-30,0.0,0.16,0.28
1994-08-31,0.0,0.05,0.73
1994-09-01,0.0,0.04,0.59
1994-09-02,0.0,0.04,0.53
1994-09-03,0.0,0.01,0.02
1994-09-04,0.0,0.0,0.0
1994-09-05,0.0,0.04,0.01
1994-09-06,0.0,2.32,0.88
1994-09-07,0.02,1.62,2.95
1994-09-08,0.0,18.74,15.71
1994-09-09,22.46,6.21,6.86
1994-09-10,0.0,0.05,0.44
1994-09-11,0.0,0.19,1.37
1994-09-12,0.0,0.06,0.94
1994-09-13,0.0,0.0,0.0
1994-09-14,0.0,0.0,0.0
1994-09-15,0.0,3.79,3.88
1994-09-16,0.0,7.47,12.37
1994-09-17,14.66,23.24,18.31
1994-09-18,24.51,7.1,5.28
1994-09-19,0.0,0.02,0.01
1994-09-20,0.0,0.0,0.0
1994-09-21,0.0,0.57,1.05
1994-09-22,0.0,3.35,0.09
1994-09-23,5.43,12.86,18.51
1994-09-24,16.12,3.94,0.7
1994-09-25,0.0,0.0,0.0
1994-09-26,0.0,0.0,0.0
1994-09-27,0.0,0.0,0.0
1994-09-28,0.0,0.0,0.0
1994-09-29,0.0,0.0,0.0
1994-09-30,0.0,0.0,0.0
1994-10-01,0.0,17.08,1.48
1994-10-02,22.82,16.81,27.75
1994-10-03,13.79,4.82,4.08
1994-10-04,1.14,0.37,0.77
1994-10-05,0.0,0.0,0.0
1994-10-06,0.0,0.0,0.0
1994-10-07,0.0,0.0,0.0
1994-10-08,0.0,0.0,0.0
1994-10-09,0.0,6.99,5.4
1994-10-10,11.23,13.67,20.51
1994-10-11,11.72,11.31,4.49
1994-10-12,11.29,4.28,11.47
1994-10-13,3.34,1.43,1.41
1994-10-14,0.44,0.28,0.09
1994-10-15,0.0,0.0,0.0
1994-10-16,0.0,0.0,0.01
1994-10-17,0.0,0.0,0.0
1994-10-18,0.0,0.0,0.0
1994-10-19,0.0,0.0,0.0
1994-10-20,0.0,1.8,0.05
1994-10-21,0.4,10.57,11.37
1994-10-22,18.52,14.02,20.51
1994-10-23,13.18,3.58,0.91
1994-10-24,0.0,0.01,0.0
1994-10-25,0.0,0.0,0.02
1994-10-26,0.0,0.0,0.0
1994-10-27,0.0,0.0,0.0
1994-10-28,0.0,0.0,0.0
1994-10-29,0.0,8.59,0.15
1994-10-30,7.39,2.89,10.15
1994-10-31,0.0,0.02,0.14
1994-11-01,0.0,0.0,0.0
1994-11-02,0.0,0.0,0.0
1994-11-03,0.0,0.0,0.0
1994-11-04,0.0,0.0,0.0
1994-11-05,0.0,1.67,0.1
1994-11-06,2.73,0.57,2.0
1994-11-07,0.0,0.0,0.01
1994-11-08,0.0,0.0,0.0
1994-11-09,0.0,2.41,0.48
1994-11-10,6.05,6.27,10.69
1994-11-11,6.85,1.84,2.9
1994-11-12,0.0,0.07,0.04
1994-11-13,0.0,0.02,0.03
1994-11-14,0.0,0.0,0.0
1994-11-15,0.0,0.0,0.0
1994-11-16,0.0,0.0,0.0
1994-11-17,0.0,0.0,0.0
1994-11-18,0.0,0.0,0.0
1994-11-19,0.0,0.0,0.0
1994-11-20,0.0,0.0,0.0
1994-11-21,0.0,0.0,0.0
1994-11-22,0.0,0.0,0.0
1994-11-23,0.0,0.0,0.0
1994-11-24,0.0,0.0,0.07
1994-11-25,0.0,0.83,0.0
1994-11-26,3.41,6.94,8.67
1994-11-27,9.93,4.92,3.83
1994-11-28,6.89,16.8,21.87
1994-11-29,22.49,21.35,18.59
1994-11-30,18.63,5.39,1.18
1994-12-01,0.0,0.01,0.05
1994-12-02,0.0,0.0,0.59
1994-12-03,0.0,17.06,7.06
1994-12-04,24.16,11.42,26.26
1994-12-05,11.26,2.0,1.5
1994-12-06,0.0,0.03,0.02
1994-12-07,0.0,0.01,0.01
1994-12-08,0.0,0.0,0.02
1994-12-09,0.0,0.0,0.0
1994-12-10,0.0,9.66,10.41
1994-12-11,13.39,3.27,3.98
1994-12-12,0.0,0.02,0.0
1994-12-13,0.0,0.0,0.0
1994-12-14,0.0,0.0,0.0
1994-12-15,0.0,0.0,0.11
1994-12-16,0.0,0.62,0.91
1994-12-17,1.89,0.28,0.28
1994-12-18,0.0,0.02,0.11
1994-12-19,0.0,0.0,0.0
1994-12-20,0.0,0.0,0.0
1994-12-21,0.0,0.0,0.04
1994-12-22,0.0,1.2,1.4
1994-12-23,2.09,0.59,0.24
1994-12-24,0.0,0.06,0.0
1994-12-25,0.0,0.0,0.0
1994-12-26,0.0,0.0,0.0
1994-12-27,0.0,0.0,0.0
1994-12-28,0.0,0.16,0.0
1994-12-29,0.0,5.43,6.22
1994-12-30,7.58,1.84,2.86
1994-12-31,0.0,1.72,1.39
1995-01-01,3.34,2.43,2.08
1995-01-02,2.73,0.65,0.33
1995-01-03,0.0,0.03,0.05
1995-01-04,0.0,0.01,0.0
1995-01-05,0.0,0.07,0.0
1995-01-06,0.0,26.58,16.96
1995-01-07,37.04,8.93,22.38
1995-01-08,0.0,0.03,0.01
1995-01-09,0.0,0.0,0.0
1995-01-10,0.0,0.0,0.0
1995-01-11,0.0,0.0,0.0
1995-01-12,0.0,0.0,0.02
1995-01-13,0.0,20.24,16.28
1995-01-14,26.96,7.27,12.56
1995-01-15,0.0,0.18,0.07
1995-01-16,0.0,0.0,0.0
1995-01-17,0.0,0.0,0.0
1995-01-18,0.0,11.51,0.34
1995-01-19,12.36,3.86,14.48
1995-01-20,0.0,0.01,0.24
1995-01-21,0.0,0.0,0.0
1995-01-22,0.0,11.95,0.01
1995-01-23,15.51,4.2,14.26
1995-01-24,0.0,0.07,0.02
1995-01-25,0.0,0.0,0.0
1995-01-26,0.0,0.0,1.75
1995-01-27,0.0,22.48,9.12
1995-01-28,28.9,8.1,22.18
1995-01-29,0.0,0.25,0.7
1995-01-30,0.0,0.02,0.0
1995-01-31,0.0,0.0,0.0
1995-02-01,0.0,0.0,0.0
1995-02-02,0.0,0.0,0.35
1995-02-03,0.0,4.82,2.78
1995-02-04,5.79,1.61,0.73
1995-02-05,0.0,0.0,0.02
1995-02-06,0.0,0.0,0.07
1995-02-07,0.0,0.04,0.06
1995-02-08,0.0,0.01,0.02
1995-02-09,0.0,6.09,2.24
1995-02-10,10.09,33.52,25.53
1995-02-11,41.28,30.2,38.76
1995-02-12,25.05,7.11,5.84
1995-02-13,1.0,0.19,0.61
1995-02-14,0.0,0.04,0.07
1995-02-15,0.0,6.15,2.77
1995-02-16,10.5,11.1,6.62
1995-02-17,19.55,23.07,26.33
1995-02-18,38.91,7.68,24.4
1995-02-19,2.58,4.77,2.95
1995-02-20,6.23,1.49,3.03
1995-02-21,0.0,0.0,0.0
1995-02-22,0.0,0.0,0.0
1995-02-23,0.0,0.0,0.0
1995-02-24,0.0,0.0,0.0
1995-02-25,0.0,0.0,0.0
1995-02-26,0.0,0.0,0.0
1995-02-27,0.0,1.98,1.26
1995-02-28,8.42,44.45,27.75
1995-03-01,45.63,14.68,27.37
1995-03-02,0.0,0.03,0.0
1995-03-03,0.0,0.06,0.14
1995-03-04,0.0,4.33,0.03
1995-03-05,6.66,4.91,9.9
1995-03-06,5.71,1.16,0.77
1995-03-07,0.0,45.47,16.43
1995-03-08,58.52,15.33,43.72
1995-03-09,0.0,0.06,0.01
1995-03-10,0.0,0.0,0.0
1995-03-11,0.0,0.0,0.0
1995-03-12,0.0,0.0,0.0
1995-03-13,0.0,0.0,0.46
1995-03-14,0.0,0.44,0.22
1995-03-15,0.0,4.04,2.08
1995-03-16,5.66,1.94,3.33
1995-03-17,1.74,5.04,2.62
1995-03-18,6.91,4.24,5.64
1995-03-19,2.1,0.88,0.35
1995-03-20,0.0,0.0,0.0
1995-03-21,0.0,0.0,0.0
1995-03-22,0.0,0.0,0.0
1995-03-23,0.0,0.0,0.06
1995-03-24,0.0,0.0,0.08
1995-03-25,0.0,0.0,0.0
1995-03-26,0.0,0.0,0.0
1995-03-27,0.0,1.71,1.93
1995-03-28,2.03,0.77,0.49
1995-03-29,0.0,0.31,0.43
1995-03-30,0.33,6.08,0.52
1995-03-31,9.17,2.22,6.36
1995-04-01,0.0,0.07,0.08
1995-04-02,0.0,0.0,0.0
1995-04-03,0.0,0.0,0.0
1995-04-04,0.0,0.0,0.0
1995-04-05,0.0,0.01,0.0
1995-04-06,0.0,0.0,0.05
1995-04-07,0.0,0.0,0.0
1995-04-08,0.0,0.0,0.0
1995-04-09,0.0,0.0,0.0
1995-04-10,0.0,0.0,0.0
1995-04-11,0.0,37.74,42.15
1995-04-12,46.16,13.32,11.6
1995-04-13,2.69,0.26,0.01
1995-04-14,0.0,0.0,0.01
1995-04-15,0.0,0.0,0.0
1995-04-16,0.0,0.0,0.0
1995-04-17,0.0,0.0,0.0
1995-04-18,0.0,0.0,0.0
1995-04-19,0.0,0.0,0.1
1995-04-20,0.0,29.43,1.07
1995-04-21,37.38,12.78,37.8
1995-04-22,6.5,1.53,0.92
1995-04-23,0.0,7.41,7.6
1995-04-24,11.82,2.44,4.91
1995-04-25,0.0,0.01,0.02
1995-04-26,0.0,0.0,0.0
1995-04-27,0.0,0.0,0.0
1995-04-28,0.0,0.0,0.0
1995-04-29,0.0,0.0,0.0
1995-04-30,0.0,0.0,0.0
1995-05-01,0.0,2.7,0.04
1995-05-02,4.01,0.91,2.91
1995-05-03,0.0,0.0,0.0
1995-05-04,0.0,0.0,0.11
1995-05-05,0.0,0.0,0.03
1995-05-06,0.0,0.0,0.0
1995-05-07,0.0,0.0,0.01
1995-05-08,0.0,0.0,0.03
1995-05-09,0.0,21.97,2.03
1995-05-10,27.77,7.93,26.16
1995-05-11,0.01,0.72,0.92
1995-05-12,0.0,1.05,2.34
1995-05-13,2.2,0.3,0.06
1995-05-14,0.0,0.01,0.05
1995-05-15,0.0,0.52,0.17
1995-05-16,0.0,0.18,0.26
1995-05-17,0.0,0.0,0.0
1995-05-18,0.0,0.0,0.0
1995-05-19,0.0,1.02,1.74
1995-05-20,0.0,0.34,0.04
1995-05-21,0.0,0.0,0.0
1995-05-22,0.0,0.0,0.0
1995-05-23,0.0,0.0,0.0
1995-05-24,0.0,0.0,0.47
1995-05-25,0.0,0.0,0.01
1995-05-26,0.0,0.0,0.4
1995-05-27,0.0,0.0,1.66
1995-05-28,0.0,2.74,0.61
1995-05-29,9.32,1.2,5.04
1995-05-30,0.0,7.63,6.3
1995-05-31,12.01,20.06,12.0
1995-06-01,20.95,10.79,26.19
1995-06-02,11.14,3.06,5.22
1995-06-03,0.0,0.47,1.83
1995-06-04,0.0,1.45,0.47
1995-06-05,0.0,8.33,9.72
1995-06-06,11.23,2.62,0.77
1995-06-07,0.0,0.0,0.0
1995-06-08,0.0,0.0,0.0
1995-06-09,0.0,1.98,0.46
1995-06-10,5.53,18.13,0.55
1995-06-11,21.22,6.1,19.21
1995-06-12,0.0,0.09,0.51
1995-06-13,0.0,0.0,0.0
1995-06-14,0.0,0.0,0.0
1995-06-15,0.0,0.0,0.0
1995-06-16,0.0,0.0,0.0
1995-06-17,0.0,0.0,0.0
1995-06-18,0.0,0.0,0.04
1995-06-19,0.0,0.05,0.26
1995-06-20,0.0,0.02,0.08
1995-06-21,0.0,0.0,0.0
1995-06-22,0.0,0.04,0.29
1995-06-23,0.0,0.01,1.54
1995-06-24,0.0,8.16,2.46
1995-06-25,14.91,6.66,12.24
1995-06-26,9.35,1.87,8.0
1995-06-27,1.59,0.21,0.17
1995-06-28,0.0,0.01,0.01
1995-06-29,0.0,0.0,2.24
1995-06-30,0.0,13.85,2.95
1995-07-01,13.75,5.6,11.31
1995-07-02,3.0,9.45,7.52
1995-07-03,11.21,4.77,7.35
1995-07-04,5.88,4.66,3.96
1995-07-05,3.95,1.36,0.55
1995-07-06,0.0,0.0,0.0
1995-07-07,0.0,0.0,0.0
1995-07-08,0.0,0.0,0.13
1995-07-09,0.0,0.01,0.3
1995-07-10,0.0,0.01,1.14
1995-07-11,0.0,3.86,3.68
1995-07-12,5.31,1.4,1.04
1995-07-13,0.0,0.06,0.9
1995-07-14,0.0,0.01,0.25
1995-07-15,0.0,0.23,0.15
1995-07-16,0.0,0.31,0.13
1995-07-17,0.0,3.24,6.17
1995-07-18,4.96,5.97,4.2
1995-07-19,9.57,1.92,5.03
1995-07-20,0.0,0.33,0.45
1995-07-21,0.0,7.49,9.49
1995-07-22,11.77,8.31,9.41
1995-07-23,13.64,2.57,3.66
1995-07-24,0.0,0.21,1.49
1995-07-25,0.0,10.71,3.98
1995-07-26,8.03,3.86,10.84
1995-07-27,0.0,23.55,7.56
1995-07-28,20.91,10.8,12.62
1995-07-29,6.9,2.26,5.25
1995-07-30,1.94,0.44,0.73
1995-07-31,0.0,0.01,0.17
1995-08-01,0.0,0.01,0.25
1995-08-02,0.0,2.43,3.48
1995-08-03,3.7,26.99,15.66
1995-08-04,35.31,12.64,24.26
1995-08-05,5.12,4.21,3.65
1995-08-06,4.65,0.97,0.47
1995-08-07,0.0,0.88,0.7
1995-08-08,0.02,0.7,0.49
1995-08-09,0.22,0.36,1.42
1995-08-10,0.0,0.08,0.46
1995-08-11,0.0,0.0,0.06
1995-08-12,0.0,0.67,0.27
1995-08-13,0.19,0.22,1.4
1995-08-14,0.0,0.0,0.02
1995-08-15,0.0,2.46,3.0
1995-08-16,2.02,6.09,6.83
1995-08-17,11.3,1.76,5.29
1995-08-18,0.0,10.06,1.88
1995-08-19,8.43,14.64,8.27
1995-08-20,19.02,5.58,20.76
1995-08-21,0.0,10.02,12.77
1995-08-22,16.76,3.22,1.92
1995-08-23,0.0,0.03,0.1
1995-08-24,0.0,2.71,0.53
1995-08-25,3.24,2.34,3.1
1995-08-26,4.36,0.53,1.52
1995-08-27,0.0,0.16,0.44
1995-08-28,0.0,0.05,0.0
1995-08-29,0.0,0.0,0.0
1995-08-30,0.0,0.0,0.0
1995-08-31,0.0,0.0,0.08
1995-09-01,0.0,0.18,3.92
1995-09-02,0.0,0.06,0.19
1995-09-03,0.0,0.16,0.12
1995-09-04,0.0,0.05,0.0
1995-09-05,0.0,0.0,0.0
1995-09-06,0.0,0.0,0.0
1995-09-07,0.0,0.23,0.01
1995-09-08,0.0,0.09,0.25
1995-09-09,0.0,0.0,0.0
1995-09-10,0.0,0.05,0.0
1995-09-11,0.0,0.02,0.0
1995-09-12,0.0,0.0,0.73
1995-09-13,0.0,1.77,2.66
1995-09-14,6.99,12.04,8.75
1995-09-15,18.53,3.95,1.51
1995-09-16,0.0,2.61,5.77
1995-09-17,2.75,2.29,12.98
1995-09-18,0.0,0.48,0.52
1995-09-19,0.0,0.0,0.0
1995-09-20,0.0,0.0,0.0
1995-09-21,0.0,0.01,0.0
1995-09-22,0.0,0.64,3.15
1995-09-23,2.27,13.91,10.87
1995-09-24,15.81,4.57,2.09
1995-09-25,0.0,0.32,0.0
1995-09-26,0.34,0.45,1.13
1995-09-27,0.0,0.11,0.0
1995-09-28,0.0,0.0,0.04
1995-09-29,0.0,0.0,0.0
1995-09-30,0.0,0.23,0.0
1995-10-01,0.0,0.1,0.18
1995-10-02,0.0,0.19,3.12
1995-10-03,0.0,135.16,67.68
1995-10-04,158.14,128.72,112.96
1995-10-05,105.08,28.35,49.6
1995-10-06,0.0,0.15,0.45
1995-10-07,0.0,0.0,0.0
1995-10-08,0.0,0.0,0.0
1995-10-09,0.0,0.14,0.07
1995-10-10,0.0,0.05,0.04
1995-10-11,0.0,0.0,0.01
1995-10-12,0.0,0.02,0.04
1995-10-13,0.0,0.01,0.01
1995-10-14,0.0,9.17,7.46
1995-10-15,11.25,3.06,0.29
1995-10-16,0.0,0.0,0.0
1995-10-17,0.0,0.0,0.0
1995-10-18,0.0,0.0,0.18
1995-10-19,0.0,0.0,0.24
1995-10-20,0.0,1.97,1.25
1995-10-21,2.71,0.66,0.0
1995-10-22,0.0,0.0,0.0
1995-10-23,0.0,0.0,0.0
1995-10-24,0.0,0.0,0.0
1995-10-25,0.0,0.0,0.0
1995-10-26,0.0,0.0,4.29
1995-10-27,0.0,25.91,12.79
1995-10-28,36.72,8.8,19.38
1995-10-29,0.0,0.06,0.45
1995-10-30,0.0,1.2,0.0
1995-10-31,2.14,1.65,2.85
1995-11-01,3.61,6.16,2.43
1995-11-02,8.04,20.05,19.33
1995-11-03,25.51,10.87,10.85
1995-11-04,5.38,1.61,0.06
1995-11-05,0.0,0.06,0.0
1995-11-06,0.64,0.43,4.04
1995-11-07,0.01,20.43,21.6
1995-11-08,28.57,7.02,2.47
1995-11-09,0.0,0.08,0.63
1995-11-10,0.0,11.92,0.69
1995-11-11,25.06,13.16,30.25
1995-11-12,17.25,3.07,0.22
1995-11-13,0.0,1.83,0.04
1995-11-14,3.73,0.62,2.49
1995-11-15,0.0,0.13,0.0
1995-11-16,0.0,0.05,0.11
1995-11-17,0.0,0.0,0.0
1995-11-18,0.0,0.0,0.01
1995-11-19,0.0,0.0,0.0
1995-11-20,0.0,0.0,0.0
1995-11-21,0.0,0.0,0.0
1995-11-22,0.0,0.0,0.0
1995-11-23,0.0,6.68,3.78
1995-11-24,14.74,2.27,10.12
1995-11-25,0.0,0.01,0.0
1995-11-26,0.0,0.0,0.0
1995-11-27,0.0,0.0,0.0
1995-11-28,0.0,0.0,0.23
1995-11-29,0.0,0.0,0.11
1995-11-30,0.0,0.0,0.0
1995-12-01,0.0,0.0,0.0
1995-12-02,0.0,0.0,0.0
1995-12-03,0.0,1.49,0.0
1995-12-04,3.55,0.51,4.05
1995-12-05,0.0,0.22,0.5
1995-12-06,1.97,17.9,11.87
1995-12-07,24.98,6.03,12.22
1995-12-08,0.0,5.63,0.42
1995-12-09,9.83,2.03,10.5
1995-12-10,0.0,0.06,0.07
1995-12-11,0.0,0.0,0.0
1995-12-12,0.0,0.0,0.0
1995-12-13,0.0,0.01,0.03
1995-12-14,0.0,4.99,0.15
1995-12-15,0.0,2.62,0.64
1995-12-16,3.16,14.52,6.57
1995-12-17,19.14,8.79,8.43
1995-12-18,12.02,50.48,25.25
1995-12-19,66.65,16.75,48.05
1995-12-20,0.0,0.13,0.0
1995-12-21,0.0,0.0,0.0
1995-12-22,0.0,0.0,0.0
1995-12-23,0.0,0.0,0.0
1995-12-24,0.0,0.0,0.0
1995-12-25,0.0,0.0,0.0
1995-12-26,0.0,0.0,0.0
1995-12-27,0.0,0.0,0.0
1995-12-28,0.0,0.0,0.0
1995-12-29,0.0,0.0,0.0
1995-12-30,0.0,0.0,4.58
1995-12-31,0.0,11.9,19.77
1996-01-01,31.87,17.26,21.02
1996-01-02,15.63,5.13,4.91
1996-01-03,0.0,0.23,0.19
1996-01-04,0.0,0.0,0.0
1996-01-05,0.0,0.42,0.0
1996-01-06,0.0,11.28,8.27
1996-01-07,14.36,3.76,6.94
1996-01-08,0.0,0.02,0.1
1996-01-09,0.0,0.0,0.0
1996-01-10,0.0,0.29,0.45
1996-01-11,0.0,5.64,1.24
1996-01-12,7.69,2.16,5.94
1996-01-13,0.0,0.1,0.0
1996-01-14,0.0,0.0,0.0
1996-01-15,0.0,0.01,0.01
1996-01-16,0.0,1.09,0.88
1996-01-17,0.0,0.68,0.0
1996-01-18,0.0,18.03,8.52
1996-01-19,21.67,5.99,13.17
1996-01-20,0.0,0.01,0.54
1996-01-21,0.0,0.0,0.0
1996-01-22,0.0,0.0,0.0
1996-01-23,0.0,16.12,0.1
1996-01-24,19.41,5.51,18.33
1996-01-25,0.0,0.22,0.0
1996-01-26,0.0,43.76,14.93
1996-01-27,55.8,14.69,39.5
1996-01-28,0.0,0.05,0.07
1996-01-29,0.0,2.35,0.09
1996-01-30,4.72,9.28,7.42
1996-01-31,9.18,4.41,7.64
1996-02-01,1.95,11.49,0.19
1996-02-02,16.64,38.51,49.92
1996-02-03,45.29,11.72,2.69
1996-02-04,0.0,0.04,0.0
1996-02-05,0.0,0.0,0.0
1996-02-06,0.0,0.0,0.0
1996-02-07,0.0,0.0,0.0
1996-02-08,0.0,0.0,0.0
1996-02-09,0.0,0.0,0.15
1996-02-10,0.0,0.0,0.01
1996-02-11,0.0,0.0,0.0
1996-02-12,0.0,0.0,0.04
1996-02-13,0.0,0.0,0.06
1996-02-14,0.0,0.51,1.63
1996-02-15,0.0,4.77,1.83
1996-02-16,6.42,1.53,1.09
1996-02-17,0.0,0.0,0.0
1996-02-18,0.0,0.0,0.87
1996-02-19,0.0,32.54,11.57
1996-02-20,38.6,11.03,29.48
1996-02-21,0.0,0.06,0.0
1996-02-22,0.0,0.0,0.0
1996-02-23,0.0,0.0,0.0
1996-02-24,0.0,0.0,0.0
1996-02-25,0.0,0.0,0.0
1996-02-26,0.0,0.0,0.0
1996-02-27,0.0,2.42,0.57
1996-02-28,0.12,15.33,24.64
1996-02-29,20.07,7.8,12.83
1996-03-01,3.48,0.26,1.02
1996-03-02,0.0,0.0,0.08
1996-03-03,0.0,0.0,0.02
1996-03-04,0.0,0.0,0.03
1996-03-05,0.0,1.57,0.42
1996-03-06,10.22,20.14,22.31
1996-03-07,31.36,23.04,22.13
1996-03-08,17.64,5.5,0.59
1996-03-09,0.0,0.0,2.54
1996-03-10,0.0,0.0,0.0
1996-03-11,0.0,0.0,0.0
1996-03-12,0.0,0.0,0.0
1996-03-13,0.0,0.0,0.0
1996-03-14,0.0,0.0,0.0
1996-03-15,0.0,0.5,0.52
1996-03-16,0.0,8.26,16.42
1996-03-17,21.59,27.86,20.51
1996-03-18,34.25,18.27,17.2
1996-03-19,12.72,3.3,4.11
1996-03-20,0.0,0.0,0.0
1996-03-21,0.0,0.0,0.42
1996-03-22,0.0,0.0,0.0
1996-03-23,0.0,0.0,0.0
1996-03-24,0.0,0.1,2.02
1996-03-25,0.0,17.98,23.84
1996-03-26,24.63,9.48,7.39
1996-03-27,7.26,27.09,21.99
1996-03-28,37.04,9.71,12.81
1996-03-29,2.39,11.43,2.58
1996-03-30,17.79,21.99,32.26
1996-03-31,23.93,9.02,1.32
1996-04-01,5.39,0.97,2.14
1996-04-02,0.0,0.0,0.0
1996-04-03,0.0,0.0,0.15
1996-04-04,0.0,0.0,0.33
1996-04-05,0.0,5.28,2.48
1996-04-06,9.07,5.91,12.36
1996-04-07,6.83,5.04,0.01
1996-04-08,0.0,1.22,0.0
1996-04-09,0.0,0.0,0.0
1996-04-10,0.0,0.0,0.0
1996-04-11,0.0,0.0,0.0
1996-04-12,0.0,0.06,0.01
1996-04-13,0.0,10.47,10.12
1996-04-14,12.78,37.07,6.48
1996-04-15,41.66,13.63,41.01
1996-04-16,4.56,0.86,0.03
1996-04-17,0.0,0.02,0.0
1996-04-18,0.0,0.81,0.8
1996-04-19,2.2,0.53,1.76
1996-04-20,0.0,0.09,0.1
1996-04-21,0.0,0.0,0.06
1996-04-22,0.0,0.23,0.03
1996-04-23,1.01,4.63,8.3
1996-04-24,9.69,1.52,0.92
1996-04-25,0.0,0.01,0.5
1996-04-26,0.0,8.08,9.37
1996-04-27,9.83,2.69,0.01
1996-04-28,0.0,0.4,0.32
1996-04-29,0.0,24.99,19.32
1996-04-30,37.57,8.37,20.18
1996-05-01,0.0,0.03,0.0
1996-05-02,0.0,0.0,0.0
1996-05-03,0.0,0.0,0.0
1996-05-04,0.0,0.0,0.0
1996-05-05,0.0,0.0,0.0
1996-05-06,0.0,0.0,0.0
1996-05-07,0.0,0.0,0.0
1996-05-08,0.0,0.0,0.01
1996-05-09,0.0,0.0,0.46
1996-05-10,0.0,0.78,0.35
1996-05-11,0.03,4.24,2.0
1996-05-12,6.81,1.38,5.29
1996-05-13,0.0,0.02,0.0
1996-05-14,0.0,0.0,0.01
1996-05-15,0.0,0.0,0.0
1996-05-16,0.0,0.0,0.0
1996-05-17,0.0,0.0,0.0
1996-05-18,0.0,0.0,0.0
1996-05-19,0.0,0.0,0.0
1996-05-20,0.0,0.0,0.0
1996-05-21,0.0,0.0,0.0
1996-05-22,0.0,0.0,0.0
1996-05-23,0.0,0.0,0.0
1996-05-24,0.0,14.81,7.7
1996-05-25,23.38,5.04,17.09
1996-05-26,0.0,0.18,0.0
1996-05-27,0.0,0.14,1.11
1996-05-28,0.0,43.94,63.72
1996-05-29,59.22,14.76,6.51
1996-05-30,0.0,0.04,0.0
1996-05-31,0.0,0.0,0.0
1996-06-01,0.0,0.0,0.0
1996-06-02,0.0,0.0,0.0
1996-06-03,0.0,0.24,0.12
1996-06-04,0.0,0.08,0.07
1996-06-05,0.0,0.0,0.0
1996-06-06,0.0,0.0,0.0
1996-06-07,0.0,24.33,11.11
1996-06-08,29.92,15.18,20.12
1996-06-09,10.36,2.39,4.08
1996-06-10,0.0,0.01,0.0
1996-06-11,0.0,0.0,0.0
1996-06-12,0.0,0.0,0.68
1996-06-13,0.0,2.2,2.44
1996-06-14,2.88,1.03,3.78
1996-06-15,0.0,0.17,0.16
1996-06-16,0.0,0.07,0.1
1996-06-17,0.0,0.02,0.05
1996-06-18,0.0,0.73,0.29
1996-06-19,0.0,0.96,2.17
1996-06-20,0.18,1.27,2.53
1996-06-21,0.47,2.49,0.76
1996-06-22,1.49,0.78,4.24
1996-06-23,0.0,0.35,1.07
1996-06-24,0.0,0.13,0.34
1996-06-25,0.0,0.01,0.24
1996-06-26,0.0,0.06,0.84
1996-06-27,0.0,0.1,0.36
1996-06-28,0.0,0.04,0.92
1996-06-29,0.0,0.0,0.0
1996-06-30,0.0,0.0,0.0
1996-07-01,0.0,0.0,0.0
1996-07-02,0.0,0.0,0.0
1996-07-03,0.0,0.7,1.08
1996-07-04,0.0,0.24,1.74
1996-07-05,0.0,2.45,4.09
1996-07-06,7.58,2.33,2.98
1996-07-07,3.64,0.87,3.39
1996-07-08,0.0,17.86,19.21
1996-07-09,24.97,11.68,8.65
1996-07-10,0.0,1.92,0.0
1996-07-11,0.0,0.01,0.25
1996-07-12,0.0,0.31,0.45
1996-07-13,0.37,4.59,6.84
1996-07-14,8.72,15.68,21.14
1996-07-15,16.95,25.34,15.69
1996-07-16,27.01,8.42,9.76
1996-07-17,0.0,13.01,5.91
1996-07-18,12.96,4.17,0.46
1996-07-19,0.0,0.0,0.0
1996-07-20,0.0,1.27,1.03
1996-07-21,0.0,5.51,9.3
1996-07-22,13.11,1.75,0.54
1996-07-23,0.0,0.05,1.54
1996-07-24,0.0,1.7,11.03
1996-07-25,5.5,18.5,21.3
1996-07-26,27.41,8.39,7.71
1996-07-27,0.0,4.31,3.22
1996-07-28,6.17,4.58,3.92
1996-07-29,5.46,1.14,0.08
1996-07-30,0.0,0.29,0.09
1996-07-31,0.0,0.48,1.93
1996-08-01,1.6,8.68,5.51
1996-08-02,12.36,13.38,8.36
1996-08-03,13.96,3.54,0.69
1996-08-04,0.0,0.01,0.0
1996-08-05,0.0,1.35,1.06
1996-08-06,1.21,5.79,9.88
1996-08-07,11.36,1.79,3.51
1996-08-08,0.0,5.22,5.43
1996-08-09,6.82,18.06,11.67
1996-08-10,25.46,10.58,3.52
1996-08-11,4.43,7.09,6.56
1996-08-12,6.14,1.8,1.84
1996-08-13,0.0,0.0,0.04
1996-08-14,0.0,0.0,0.01
1996-08-15,0.0,0.0,0.0
1996-08-16,0.0,0.0,0.0
1996-08-17,0.0,0.0,0.0
1996-08-18,0.0,0.0,0.0
1996-08-19,0.0,0.0,0.05
1996-08-20,0.0,0.0,0.02
1996-08-21,0.0,0.0,0.09
1996-08-22,0.0,0.0,0.01
1996-08-23,0.0,0.0,0.34
1996-08-24,0.0,2.91,0.76
1996-08-25,3.56,2.25,3.89
1996-08-26,2.47,0.57,2.36
1996-08-27,0.0,5.45,6.86
1996-08-28,9.55,3.98,6.24
1996-08-29,0.3,10.6,8.63
1996-08-30,13.17,38.69,35.65
1996-08-31,39.33,22.24,21.48
1996-09-01,12.69,14.09,9.86
1996-09-02,15.66,28.64,3.87
1996-09-03,37.56,12.92,42.67
1996-09-04,6.4,1.52,0.41
1996-09-05,0.0,0.13,0.5
1996-09-06,0.37,2.34,5.39
1996-09-07,0.0,0.78,0.05
1996-09-08,0.0,0.01,0.13
1996-09-09,0.0,6.26,4.07
1996-09-10,11.92,7.53,12.37
1996-09-11,7.56,1.82,0.74
1996-09-12,0.0,0.0,0.04
1996-09-13,0.0,0.0,0.0
1996-09-14,0.0,0.0,0.0
1996-09-15,0.0,5.53,0.04
1996-09-16,8.38,7.19,12.08
1996-09-17,11.6,1.88,7.62
1996-09-18,0.0,0.03,0.0
1996-09-19,0.0,0.0,0.0
1996-09-20,0.0,4.34,1.77
1996-09-21,0.0,2.1,2.22
1996-09-22,1.73,0.23,1.31
1996-09-23,0.0,0.0,0.0
1996-09-24,0.0,0.0,0.0
1996-09-25,0.0,0.0,0.0
1996-09-26,0.0,3.8,6.33
1996-09-27,12.47,10.26,14.79
1996-09-28,20.24,8.71,15.48
1996-09-29,15.09,5.96,1.03
1996-09-30,5.95,1.35,0.54
1996-10-01,0.0,3.42,2.18
1996-10-02,3.91,6.77,5.64
1996-10-03,9.04,1.97,0.09
1996-10-04,0.0,0.03,0.0
1996-10-05,0.0,0.0,0.0
1996-10-06,0.0,2.39,2.86
1996-10-07,3.84,6.74,6.58
1996-10-08,8.01,1.99,0.0
1996-10-09,0.0,0.0,0.01
1996-10-10,0.0,0.0,0.0
1996-10-11,0.0,0.0,0.0
1996-10-12,0.0,0.0,0.0
1996-10-13,0.0,0.0,0.0
1996-10-14,0.0,0.0,0.0
1996-10-15,0.0,0.0,0.0
1996-10-16,0.0,0.0,0.0
1996-10-17,0.0,0.03,0.0
1996-10-18,0.0,0.02,1.49
1996-10-19,0.0,0.01,0.0
1996-10-20,0.0,0.0,0.0
1996-10-21,0.0,0.0,0.0
1996-10-22,0.0,2.84,0.79
1996-10-23,4.46,0.97,3.47
1996-10-24,0.0,0.01,0.0
1996-10-25,0.0,0.0,0.01
1996-10-26,0.0,0.0,0.17
1996-10-27,0.0,0.01,0.0
1996-10-28,0.0,0.0,0.02
1996-10-29,0.0,0.0,0.48
1996-10-30,0.0,0.06,0.14
1996-10-31,0.0,0.02,0.02
1996-11-01,0.0,7.7,1.83
1996-11-02,8.68,3.12,6.96
1996-11-03,0.0,0.46,0.0
1996-11-04,0.0,0.14,0.0
1996-11-05,0.0,0.02,0.01
1996-11-06,0.0,0.0,0.13
1996-11-07,0.0,27.66,1.75
1996-11-08,30.69,9.3,29.97
1996-11-09,0.0,0.03,0.0
1996-11-10,0.0,0.0,0.0
1996-11-11,0.0,0.0,0.0
1996-11-12,0.0,0.0,0.0
1996-11-13,0.0,0.0,0.0
1996-11-14,0.0,0.0,0.0
1996-11-15,0.0,0.0,0.0
1996-11-16,0.0,0.0,0.0
1996-11-17,0.0,0.0,0.09
1996-11-18,0.0,6.03,3.59
1996-11-19,7.54,2.08,3.35
1996-11-20,0.0,1.04,0.0
1996-11-21,1.85,2.85,3.74
1996-11-22,0.0,0.84,0.01
1996-11-23,0.0,0.0,0.07
1996-11-24,0.0,0.79,0.06
1996-11-25,4.75,9.68,22.18
1996-11-26,18.58,3.18,0.92
1996-11-27,0.0,0.01,0.0
1996-11-28,0.0,0.0,0.0
1996-11-29,0.0,0.0,0.01
1996-11-30,0.0,28.71,0.78
1996-12-01,48.79,10.57,45.4
1996-12-02,0.0,0.33,0.0
1996-12-03,0.0,0.0,0.0
1996-12-04,0.0,0.0,0.0
1996-12-05,0.0,0.0,0.02
1996-12-06,0.0,0.82,0.0
1996-12-07,1.58,0.27,0.89
1996-12-08,0.0,0.0,0.0
1996-12-09,0.0,0.0,0.0
1996-12-10,0.0,0.0,0.0
1996-12-11,0.0,0.0,3.11
1996-12-12,0.0,7.9,3.65
1996-12-13,9.11,2.67,3.17
1996-12-14,0.0,0.01,0.0
1996-12-15,0.0,0.0,0.0
1996-12-16,0.0,9.9,4.11
1996-12-17,13.79,3.32,9.29
1996-12-18,0.0,5.71,2.01
1996-12-19,7.64,1.92,4.86
1996-12-20,0.0,0.01,0.61
1996-12-21,0.0,0.0,0.0
1996-12-22,0.0,1.55,0.0
1996-12-23,0.0,0.52,0.0
1996-12-24,0.0,2.37,3.81
1996-12-25,4.87,0.83,0.88
1996-12-26,0.0,1.6,3.62
1996-12-27,6.01,0.59,2.31
1996-12-28,0.0,0.12,0.09
1996-12-29,0.0,0.08,0.46
1996-12-30,0.0,0.02,0.06
1996-12-31,0.0,1.0,0.27
1997-01-01,1.93,1.42,1.81
1997-01-02,2.38,0.37,0.0
1997-01-03,0.0,0.0,0.0
1997-01-04,0.0,8.7,0.0
1997-01-05,12.03,2.92,10.17
1997-01-06,0.0,10.99,2.62
1997-01-07,13.02,17.83,30.53
1997-01-08,17.65,21.27,2.01
1997-01-09,22.9,5.94,19.57
1997-01-10,1.03,0.14,0.53
1997-01-11,0.0,0.0,0.0
1997-01-12,0.0,0.0,0.0
1997-01-13,0.0,0.0,0.0
1997-01-14,0.0,0.0,0.91
1997-01-15,0.0,19.76,1.3
1997-01-16,28.91,6.71,24.57
1997-01-17,0.0,0.04,0.06
1997-01-18,0.0,0.0,0.05
1997-01-19,0.0,0.0,0.0
1997-01-20,0.0,0.0,0.0
1997-01-21,0.0,0.0,0.0
1997-01-22,0.0,6.44,7.65
1997-01-23,7.61,2.56,7.59
1997-01-24,0.0,27.87,21.08
1997-01-25,33.82,9.42,2.94
1997-01-26,0.0,0.06,0.0
1997-01-27,0.0,5.82,0.0
1997-01-28,9.98,5.25,14.27
1997-01-29,6.36,7.12,3.89
1997-01-30,7.24,2.01,0.82
1997-01-31,0.0,0.0,0.0
1997-02-01,0.0,0.0,0.0
1997-02-02,0.0,0.05,0.0
1997-02-03,0.0,0.04,0.07
1997-02-04,0.0,1.76,0.02
1997-02-05,3.22,0.59,3.14
1997-02-06,0.0,0.0,0.0
1997-02-07,0.0,4.96,0.0
1997-02-08,6.8,1.67,6.6
1997-02-09,0.0,2.51,0.0
1997-02-10,1.95,1.17,0.68
1997-02-11,0.0,0.11,0.0
1997-02-12,0.0,11.2,3.5
1997-02-13,15.01,12.84,34.15
1997-02-14,13.65,45.42,33.33
1997-02-15,55.84,14.23,14.22
1997-02-16,0.0,0.22,0.24
1997-02-17,0.0,0.06,0.0
1997-02-18,0.0,0.0,0.0
1997-02-19,0.0,1.08,0.35
1997-02-20,2.18,0.38,14.44
1997-02-21,0.0,38.39,37.66
1997-02-22,50.95,12.96,0.04
1997-02-23,0.0,0.14,0.05
1997-02-24,0.07,10.0,3.32
1997-02-25,13.94,9.34,15.96
1997-02-26,6.72,2.03,0.0
1997-02-27,0.0,2.71,10.1
1997-02-28,7.92,5.28,10.45
1997-03-01,10.92,1.5,0.02
1997-03-02,0.0,0.07,0.04
1997-03-03,0.0,0.02,0.17
1997-03-04,0.0,0.01,0.0
1997-03-05,0.0,3.45,0.05
1997-03-06,5.14,1.16,4.98
1997-03-07,0.0,0.0,0.0
1997-03-08,0.0,0.0,0.0
1997-03-09,0.0,0.0,0.0
1997-03-10,0.0,0.02,0.04
1997-03-11,0.0,0.28,0.46
1997-03-12,0.0,0.09,0.06
1997-03-13,0.0,16.09,7.46
1997-03-14,22.22,6.72,15.48
1997-03-15,0.9,0.45,0.0
1997-03-16,0.0,1.01,0.0
1997-03-17,0.0,0.34,0.0
1997-03-18,0.0,0.0,0.35
1997-03-19,0.0,8.26,7.36
1997-03-20,11.97,2.9,2.91
1997-03-21,0.0,0.05,0.47
1997-03-22,0.0,0.0,0.07
1997-03-23,0.0,0.0,0.0
1997-03-24,0.0,0.0,0.47
1997-03-25,0.0,0.78,0.26
1997-03-26,0.31,0.26,0.6
1997-03-27,0.0,0.0,0.0
1997-03-28,0.0,0.18,1.25
1997-03-29,0.0,3.97,0.68
1997-03-30,7.4,23.77,7.18
1997-03-31,20.32,7.5,6.57
1997-04-01,0.0,0.0,0.02
1997-04-02,0.0,0.0,0.0
1997-04-03,0.0,0.0,0.0
1997-04-04,0.0,0.0,1.92
1997-04-05,0.0,7.87,6.15
1997-04-06,11.98,3.23,5.49
1997-04-07,0.2,0.2,0.0
1997-04-08,0.0,0.0,0.0
1997-04-09,0.0,0.0,0.0
1997-04-10,0.0,0.0,4.81
1997-04-11,0.0,14.32,6.8
1997-04-12,19.47,4.99,8.08
1997-04-13,0.81,0.07,0.0
1997-04-14,0.0,0.0,0.0
1997-04-15,0.0,0.0,0.0
1997-04-16,0.0,0.0,0.0
1997-04-17,0.0,0.0,0.0
1997-04-18,0.0,0.0,0.0
1997-04-19,0.0,0.0,0.0
1997-04-20,0.0,0.0,0.0
1997-04-21,0.0,0.53,0.51
1997-04-22,4.03,16.13,5.37
1997-04-23,22.05,5.37,18.01
1997-04-24,0.0,0.02,0.0
1997-04-25,0.0,3.77,0.68
1997-04-26,7.88,32.13,52.86
1997-04-27,42.0,54.47,34.02
1997-04-28,54.24,17.29,14.07
1997-04-29,2.28,0.86,0.09
1997-04-30,0.0,0.0,0.0
1997-05-01,0.0,0.0,0.0
1997-05-02,0.0,0.09,0.06
1997-05-03,0.0,5.71,8.7
1997-05-04,11.19,1.9,0.0
1997-05-05,0.0,0.0,0.0
1997-05-06,0.0,0.0,0.0
1997-05-07,0.0,0.0,0.0
1997-05-08,0.0,0.0,0.0
1997-05-09,0.0,5.27,5.36
1997-05-10,0.87,1.77,1.9
1997-05-11,0.0,0.0,0.0
1997-05-12,0.0,0.0,0.0
1997-05-13,0.0,0.0,0.0
1997-05-14,0.0,0.0,0.0
1997-05-15,0.0,0.0,0.0
1997-05-16,0.0,0.0,0.0
1997-05-17,0.0,0.0,0.0
1997-05-18,0.0,0.0,0.0
1997-05-19,0.0,5.69,7.5
1997-05-20,10.07,2.7,1.93
1997-05-21,0.0,0.27,1.16
1997-05-22,0.0,0.24,2.06
1997-05-23,0.0,0.68,3.82
1997-05-24,3.89,14.43,2.53
1997-05-25,19.15,6.59,13.73
1997-05-26,2.84,2.21,0.06
1997-05-27,3.32,7.99,8.09
1997-05-28,17.23,21.04,24.6
1997-05-29,22.49,11.5,9.86
1997-05-30,10.37,4.18,13.96
1997-05-31,4.63,10.2,13.46
1997-06-01,11.73,4.42,1.72
1997-06-02,1.29,1.03,0.5
1997-06-03,2.65,0.25,0.97
1997-06-04,0.0,0.02,0.01
1997-06-05,0.0,0.0,0.03
1997-06-06,0.0,0.0,0.0
1997-06-07,0.0,0.06,0.84
1997-06-08,0.0,0.02,0.07
1997-06-09,0.0,0.0,0.0
1997-06-10,0.0,0.08,0.37
1997-06-11,0.0,0.69,9.38
1997-06-12,1.11,0.22,0.0
1997-06-13,0.0,2.15,2.98
1997-06-14,2.8,1.31,1.01
1997-06-15,0.86,0.2,0.48
1997-06-16,0.0,15.91,12.3
1997-06-17,22.6,20.7,29.38
1997-06-18,18.23,13.0,10.03
1997-06-19,10.84,2.84,3.39
1997-06-20,0.0,8.93,13.61
1997-06-21,18.41,12.46,13.99
1997-06-22,15.27,3.17,2.72
1997-06-23,0.0,1.64,1.77
1997-06-24,1.04,1.04,4.09
1997-06-25,0.93,12.7,12.08
1997-06-26,14.98,7.94,11.01
1997-06-27,7.83,6.0,5.04
1997-06-28,8.12,7.96,1.84
1997-06-29,8.56,5.46,5.76
1997-06-30,6.12,3.06,5.22
1997-07-01,2.83,7.27,5.86
1997-07-02,9.52,2.21,1.43
1997-07-03,0.0,0.0,0.03
1997-07-04,0.0,0.0,0.29
1997-07-05,0.0,0.88,1.93
1997-07-06,0.32,17.83,9.51
1997-07-07,24.15,21.41,24.58
1997-07-08,15.45,5.19,0.13
1997-07-09,0.0,0.0,0.01
1997-07-10,0.0,0.01,0.13
1997-07-11,0.0,0.0,0.0
1997-07-12,0.0,0.0,0.0
1997-07-13,0.0,0.0,0.0
1997-07-14,0.0,4.27,4.25
1997-07-15,0.0,7.02,5.92
1997-07-16,3.96,3.92,7.36
1997-07-17,0.0,3.13,1.65
1997-07-18,0.0,1.5,1.63
1997-07-19,1.75,1.1,0.76
1997-07-20,0.43,1.26,5.98
1997-07-21,3.46,7.55,8.19
1997-07-22,10.11,4.13,3.92
1997-07-23,4.36,1.82,0.66
1997-07-24,0.0,1.11,2.02
1997-07-25,0.0,0.45,4.86
1997-07-26,0.0,0.07,0.74
1997-07-27,0.0,3.79,0.0
1997-07-28,0.0,14.25,11.68
1997-07-29,19.78,4.65,6.88
1997-07-30,0.0,1.69,1.61
1997-07-31,1.08,2.9,6.48
1997-08-01,2.06,0.79,0.42
1997-08-02,0.0,1.56,2.37
1997-08-03,3.49,1.53,1.93
1997-08-04,1.68,0.45,0.76
1997-08-05,0.1,0.46,0.38
1997-08-06,0.0,0.14,1.63
1997-08-07,0.0,1.74,3.7
1997-08-08,1.81,10.59,2.59
1997-08-09,13.21,10.19,17.07
1997-08-10,8.35,2.35,1.64
1997-08-11,0.0,0.03,0.93
1997-08-12,0.0,0.01,0.32
1997-08-13,0.0,0.0,0.07
1997-08-14,0.0,7.2,9.18
1997-08-15,15.85,3.02,4.38
1997-08-16,0.16,2.7,0.52
1997-08-17,0.0,0.83,1.65
1997-08-18,0.0,5.39,1.81
1997-08-19,11.64,1.83,11.44
1997-08-20,0.0,8.46,1.45
1997-08-21,10.97,4.11,1.37
1997-08-22,0.0,0.43,1.82
1997-08-23,0.0,0.0,0.0
1997-08-24,0.0,0.0,0.0
1997-08-25,0.0,0.0,0.46
1997-08-26,0.0,0.0,0.0
1997-08-27,0.0,0.14,0.27
1997-08-28,0.0,0.05,0.1
1997-08-29,0.0,0.0,0.4
1997-08-30,0.0,0.02,0.22
1997-08-31,0.0,0.02,0.77
1997-09-01,0.0,0.02,0.71
1997-09-02,0.0,0.01,0.06
1997-09-03,0.0,0.82,0.85
1997-09-04,0.0,0.27,0.52
1997-09-05,0.0,0.0,0.0
1997-09-06,0.0,0.0,0.0
1997-09-07,0.0,0.0,0.0
1997-09-08,0.0,0.0,0.0
1997-09-09,0.0,2.04,4.3
1997-09-10,7.55,2.24,3.22
1997-09-11,4.08,0.52,0.0
1997-09-12,0.0,0.0,0.03
1997-09-13,0.0,0.0,0.0
1997-09-14,0.0,0.0,0.0
1997-09-15,0.0,0.0,0.0
1997-09-16,0.0,0.0,0.0
1997-09-17,0.0,0.0,0.0
1997-09-18,0.0,0.0,0.0
1997-09-19,0.0,0.0,0.0
1997-09-20,0.0,0.0,0.0
1997-09-21,0.0,0.0,0.0
1997-09-22,0.0,0.0,0.0
1997-09-23,0.0,0.15,3.5
1997-09-24,0.0,10.72,11.42
1997-09-25,13.91,20.56,19.64
1997-09-26,22.31,8.42,0.63
1997-09-27,7.47,1.76,7.57
1997-09-28,1.7,0.3,0.16
1997-09-29,0.0,0.13,0.0
1997-09-30,0.0,0.04,0.12
1997-10-01,0.0,0.0,0.0
1997-10-02,0.0,0.0,0.0
1997-10-03,0.0,0.0,0.0
1997-10-04,0.0,0.0,0.0
1997-10-05,0.0,0.0,0.0
1997-10-06,0.0,0.0,0.0
1997-10-07,0.0,0.0,0.0
1997-10-08,0.0,0.0,0.0
1997-10-09,0.0,0.0,0.0
1997-10-10,0.0,0.0,0.0
1997-10-11,0.0,0.0,0.0
1997-10-12,0.0,0.0,0.03
1997-10-13,0.0,0.0,0.0
1997-10-14,0.0,0.19,1.33
1997-10-15,0.0,0.09,0.0
1997-10-16,0.0,0.01,0.0
1997-10-17,0.0,0.0,0.01
1997-10-18,0.0,0.0,0.0
1997-10-19,0.0,0.0,0.0
1997-10-20,0.0,0.0,0.0
1997-10-21,0.0,0.68,0.3
1997-10-22,2.33,0.46,2.24
1997-10-23,0.0,4.09,0.0
1997-10-24,7.31,40.84,49.28
1997-10-25,44.86,68.76,23.0
1997-10-26,52.06,44.65,35.03
1997-10-27,24.22,8.75,0.05
1997-10-28,0.0,0.01,0.0
1997-10-29,0.0,0.08,0.22
1997-10-30,0.0,0.03,0.0
1997-10-31,0.0,14.44,12.23
1997-11-01,17.39,13.43,10.86
1997-11-02,20.13,2.91,8.3
1997-11-03,0.0,0.01,0.0
1997-11-04,0.0,0.0,0.01
1997-11-05,0.0,1.82,0.0
1997-11-06,2.63,8.52,12.09
1997-11-07,8.3,2.64,0.0
1997-11-08,0.0,0.0,0.0
1997-11-09,0.0,0.0,0.0
1997-11-10,0.0,0.0,0.0
1997-11-11,0.0,0.79,0.0
1997-11-12,0.0,44.52,58.62
1997-11-13,56.36,25.59,10.54
1997-11-14,13.97,3.84,5.01
1997-11-15,0.0,0.07,0.0
1997-11-16,0.0,0.0,0.01
1997-11-17,0.0,0.0,0.0
1997-11-18,0.0,0.41,0.0
1997-11-19,0.9,0.14,0.55
1997-11-20,0.0,0.0,0.0
1997-11-21,0.0,26.6,1.27
1997-11-22,35.61,9.67,28.4
1997-11-23,1.91,0.27,0.0
1997-11-24,0.0,0.0,0.0
1997-11-25,0.0,0.0,0.0
1997-11-26,0.0,0.0,0.0
1997-11-27,0.0,0.0,0.34
1997-11-28,0.0,22.6,0.0
1997-11-29,32.73,60.77,89.72
1997-11-30,70.75,17.86,1.01
1997-12-01,0.0,0.04,0.0
1997-12-02,0.0,0.0,0.0
1997-12-03,0.0,8.33,8.9
1997-12-04,14.48,2.83,3.09
1997-12-05,0.0,0.02,0.0
1997-12-06,0.0,0.0,0.0
1997-12-07,0.0,0.07,0.15
1997-12-08,0.62,0.54,1.55
1997-12-09,1.45,10.58,0.07
1997-12-10,15.92,3.47,11.42
1997-12-11,0.0,8.93,2.93
1997-12-12,13.11,3.68,6.11
1997-12-13,1.93,7.04,6.76
1997-12-14,9.73,4.27,6.38
1997-12-15,2.89,0.67,0.52
1997-12-16,0.0,0.0,0.0
1997-12-17,0.0,0.0,0.0
1997-12-18,0.0,0.0,0.0
1997-12-19,0.0,0.0,0.0
1997-12-20,0.0,0.02,0.0
1997-12-21,0.0,5.36,3.65
1997-12-22,9.8,1.81,4.5
1997-12-23,0.0,31.45,31.56
1997-12-24,49.22,20.88,39.63
1997-12-25,20.74,3.51,0.0
1997-12-26,0.0,7.12,1.19
1997-12-27,8.3,2.39,7.87
1997-12-28,0.0,2.53,0.0
1997-12-29,4.32,1.06,4.51
1997-12-30,1.04,0.08,0.1
1997-12-31,0.0,0.0,0.0
1998-01-01,0.0,0.0,0.0
1998-01-02,0.0,0.06,0.01
1998-01-03,0.0,0.02,0.03
1998-01-04,0.0,0.0,0.0
1998-01-05,0.0,20.42,13.1
1998-01-06,23.74,15.66,11.98
1998-01-07,12.82,31.33,45.6
1998-01-08,34.26,9.8,0.77
1998-01-09,0.04,0.11,0.06
1998-01-10,0.0,0.0,0.0
1998-01-11,0.0,0.0,0.01
1998-01-12,0.0,1.16,1.48
1998-01-13,2.26,1.62,0.01
1998-01-14,2.18,8.36,3.36
1998-01-15,10.41,14.59,21.84
1998-01-16,17.87,4.04,0.81
1998-01-17,0.0,0.02,0.77
1998-01-18,0.0,9.4,0.0
1998-01-19,11.84,3.26,12.51
1998-01-20,0.0,0.15,0.0
1998-01-21,0.0,0.19,0.28
1998-01-22,0.0,21.79,30.04
1998-01-23,27.74,7.49,0.45
1998-01-24,0.0,0.09,0.0
1998-01-25,0.0,0.0,0.27
1998-01-26,0.0,7.79,0.0
1998-01-27,9.28,2.6,7.18
1998-01-28,0.0,0.0,0.0
1998-01-29,0.0,0.0,0.0
1998-01-30,0.0,0.0,0.0
1998-01-31,0.0,0.01,0.1
1998-02-01,0.0,0.59,0.0
1998-02-02,3.18,38.11,28.77
1998-02-03,54.6,30.33,45.84
1998-02-04,22.97,6.06,2.52
1998-02-05,0.0,0.06,0.0
1998-02-06,0.0,0.0,0.0
1998-02-07,0.0,0.0,0.0
1998-02-08,0.0,0.0,0.0
1998-02-09,0.0,0.0,0.08
1998-02-10,0.0,7.88,0.24
1998-02-11,9.89,2.73,10.21
1998-02-12,0.0,0.03,0.0
1998-02-13,0.0,0.0,0.01
1998-02-14,0.0,0.0,0.19
1998-02-15,0.0,27.4,0.0
1998-02-16,31.3,30.26,34.8
1998-02-17,30.52,7.12,24.57
1998-02-18,0.0,0.02,0.16
1998-02-19,0.0,0.01,0.02
1998-02-20,0.0,0.0,0.02
1998-02-21,0.0,0.29,0.0
1998-02-22,0.0,18.93,23.29
1998-02-23,26.77,6.33,2.46
1998-02-24,0.0,0.11,0.18
1998-02-25,0.0,0.03,1.27
1998-02-26,0.0,17.89,0.0
1998-02-27,26.91,6.18,23.7
1998-02-28,0.0,0.07,0.0
1998-03-01,0.0,0.0,0.0
1998-03-02,0.0,0.0,0.0
1998-03-03,0.0,0.0,0.0
1998-03-04,0.0,1.13,0.0
1998-03-05,0.0,9.29,16.02
1998-03-06,14.65,13.31,0.71
1998-03-07,18.25,87.19,53.39
1998-03-08,112.25,46.3,90.49
1998-03-09,31.94,6.2,0.6
1998-03-10,0.0,0.02,0.0
1998-03-11,0.0,0.0,0.0
1998-03-12,0.0,0.0,0.0
1998-03-13,0.0,0.0,0.0
1998-03-14,0.0,0.0,0.0
1998-03-15,0.0,0.0,0.0
1998-03-16,0.0,0.67,1.1
1998-03-17,0.0,0.79,2.73
1998-03-18,1.01,11.84,10.93
1998-03-19,15.28,4.74,1.94
1998-03-20,3.4,0.32,1.16
1998-03-21,0.0,0.01,0.01
1998-03-22,0.0,0.0,0.0
1998-03-23,0.0,0.0,0.0
1998-03-24,0.0,0.0,0.0
1998-03-25,0.0,0.0,0.0
1998-03-26,0.0,0.0,0.0
1998-03-27,0.0,0.0,0.0
1998-03-28,0.0,0.0,0.0
1998-03-29,0.0,0.0,0.0
1998-03-30,0.0,0.0,0.0
1998-03-31,0.0,13.09,0.47
1998-04-01,17.38,6.49,20.86
1998-04-02,1.72,3.77,2.93
1998-04-03,4.81,1.89,2.6
1998-04-04,0.07,0.29,0.05
1998-04-05,0.0,0.0,0.0
1998-04-06,0.0,0.0,0.35
1998-04-07,0.0,3.64,0.0
1998-04-08,2.31,25.56,21.46
1998-04-09,30.55,8.18,7.49
1998-04-10,0.0,0.02,0.0
1998-04-11,0.0,0.0,0.0
1998-04-12,0.0,0.0,0.0
1998-04-13,0.0,0.54,0.0
1998-04-14,2.83,3.76,7.83
1998-04-15,11.09,1.2,0.22
1998-04-16,0.0,6.06,0.0
1998-04-17,10.37,16.74,9.29
1998-04-18,20.72,19.58,17.4
1998-04-19,32.27,22.55,44.18
1998-04-20,17.7,5.89,0.06
1998-04-21,0.0,0.0,0.0
1998-04-22,0.0,0.09,0.02
1998-04-23,0.1,0.03,0.06
1998-04-24,0.0,0.0,0.0
1998-04-25,0.0,0.0,0.0
1998-04-26,0.0,0.0,0.0
1998-04-27,0.0,0.0,0.04
1998-04-28,0.0,0.0,1.0
1998-04-29,0.0,3.18,1.12
1998-04-30,4.43,2.2,2.96
1998-05-01,0.06,0.41,0.73
1998-05-02,0.0,0.09,0.2
1998-05-03,0.0,16.34,16.25
1998-05-04,20.48,5.55,7.18
1998-05-05,0.0,0.04,0.0
1998-05-06,0.0,1.18,0.37
1998-05-07,1.73,1.5,5.45
1998-05-08,0.46,0.37,0.12
1998-05-09,0.0,0.0,0.0
1998-05-10,0.0,0.0,0.01
1998-05-11,0.0,0.0,0.0
1998-05-12,0.0,0.0,0.0
1998-05-13,0.0,0.0,0.0
1998-05-14,0.0,0.0,0.0
1998-05-15,0.0,0.0,0.0
1998-05-16,0.0,0.0,0.0
1998-05-17,0.0,0.0,0.0
1998-05-18,0.0,0.0,0.0
1998-05-19,0.0,0.0,0.0
1998-05-20,0.0,0.0,0.0
1998-05-21,0.0,0.02,0.0
1998-05-22,0.0,0.01,0.04
1998-05-23,0.0,0.0,0.0
1998-05-24,0.0,0.0,0.0
1998-05-25,0.0,0.0,0.0
1998-05-26,0.0,0.0,0.0
1998-05-27,0.0,0.0,0.0
1998-05-28,0.0,0.0,0.39
1998-05-29,0.0,0.08,0.12
1998-05-30,0.0,3.41,4.67
1998-05-31,5.79,1.26,0.03
1998-06-01,0.0,0.05,0.11
1998-06-02,0.0,0.0,0.0
1998-06-03,0.0,0.0,0.0
1998-06-04,0.0,0.01,0.0
1998-06-05,0.0,21.54,9.62
1998-06-06,27.36,7.27,20.73
1998-06-07,0.0,0.03,0.0
1998-06-08,0.0,0.0,0.01
1998-06-09,0.0,0.0,0.08
1998-06-10,0.0,0.0,0.0
1998-06-11,0.0,0.0,0.43
1998-06-12,0.0,0.0,0.01
1998-06-13,0.0,0.0,0.01
1998-06-14,0.0,0.0,0.0
1998-06-15,0.0,0.47,0.22
1998-06-16,1.72,0.16,1.16
1998-06-17,0.0,0.0,0.0
1998-06-18,0.0,0.41,4.82
1998-06-19,0.0,13.0,10.11
1998-06-20,14.97,11.79,9.57
1998-06-21,9.93,2.54,1.48
1998-06-22,0.0,0.01,0.04
1998-06-23,0.0,0.61,0.97
1998-06-24,0.0,3.36,4.03
1998-06-25,3.47,12.96,4.83
1998-06-26,18.26,3.99,7.33
1998-06-27,0.0,0.01,0.01
1998-06-28,0.0,0.0,0.01
1998-06-29,0.0,0.0,0.02
1998-06-30,0.0,0.0,0.0
1998-07-01,0.0,5.23,0.18
1998-07-02,6.72,2.72,8.83
1998-07-03,0.98,5.05,12.6
1998-07-04,13.66,2.31,1.61
1998-07-05,0.9,0.28,0.0
1998-07-06,0.0,0.01,1.31
1998-07-07,0.0,0.0,1.14
1998-07-08,0.0,4.42,3.8
1998-07-09,2.03,13.67,17.51
1998-07-10,21.14,5.06,1.76
1998-07-11,0.0,0.94,1.39
1998-07-12,2.73,1.63,6.24
1998-07-13,7.62,22.37,21.78
1998-07-14,30.21,9.75,1.25
1998-07-15,2.17,0.86,0.73
1998-07-16,0.0,2.63,1.53
1998-07-17,5.38,0.87,0.22
1998-07-18,0.0,0.0,0.11
1998-07-19,0.0,0.0,0.05
1998-07-20,0.0,0.99,4.8
1998-07-21,0.0,0.81,0.72
1998-07-22,0.0,0.16,0.4
1998-07-23,0.0,0.04,2.98
1998-07-24,0.0,18.91,17.93
1998-07-25,32.96,6.65,15.62
1998-07-26,0.0,0.8,0.55
1998-07-27,0.0,0.3,6.08
1998-07-28,0.0,8.12,4.41
1998-07-29,8.85,11.92,7.91
1998-07-30,16.48,3.75,4.68
1998-07-31,0.82,12.04,1.86
1998-08-01,15.14,3.94,11.32
1998-08-02,0.0,0.0,0.0
1998-08-03,0.0,0.0,0.0
1998-08-04,0.0,0.0,0.0
1998-08-05,0.0,0.0,0.0
1998-08-06,0.0,0.49,0.14
1998-08-07,0.0,0.16,0.56
1998-08-08,0.0,9.05,4.04
1998-08-09,10.2,4.67,5.79
1998-08-10,0.0,0.93,2.32
1998-08-11,0.0,9.66,6.72
1998-08-12,11.49,9.35,11.03
1998-08-13,9.32,3.07,2.06
1998-08-14,2.67,1.28,4.08
1998-08-15,0.0,5.84,5.96
1998-08-16,9.28,8.56,8.88
1998-08-17,12.89,2.35,0.13
1998-08-18,0.01,0.38,0.26
1998-08-19,0.0,0.12,0.09
1998-08-20,0.0,0.15,0.07
1998-08-21,0.0,0.05,0.04
1998-08-22,0.0,0.0,0.0
1998-08-23,0.0,0.02,0.0
1998-08-24,0.0,0.01,0.13
1998-08-25,0.0,0.0,0.0
1998-08-26,0.0,0.0,0.0
1998-08-27,0.0,0.0,0.0
1998-08-28,0.0,0.0,0.0
1998-08-29,0.0,0.0,0.05
1998-08-30,0.0,0.83,1.27
1998-08-31,0.0,7.29,3.69
1998-09-01,13.78,2.37,8.96
1998-09-02,0.0,28.0,0.89
1998-09-03,38.49,9.33,28.83
1998-09-04,0.0,0.0,0.0
1998-09-05,0.0,0.0,0.0
1998-09-06,0.0,0.0,0.0
1998-09-07,0.0,0.11,0.07
1998-09-08,0.0,0.04,0.0
1998-09-09,0.0,0.0,0.0
1998-09-10,0.0,0.0,0.0
1998-09-11,0.0,0.0,0.0
1998-09-12,0.0,0.07,2.13
1998-09-13,0.12,0.03,0.01
1998-09-14,0.0,0.0,0.0
1998-09-15,0.0,0.61,0.42
1998-09-16,0.2,0.23,0.41
1998-09-17,0.0,5.61,5.11
1998-09-18,7.25,1.9,0.86
1998-09-19,0.0,0.01,0.96
1998-09-20,0.0,36.11,35.13
1998-09-21,42.67,22.57,24.26
1998-09-22,15.35,3.51,0.0
1998-09-23,0.0,0.0,0.0
1998-09-24,0.0,0.0,0.0
1998-09-25,0.0,0.0,0.04
1998-09-26,0.0,0.15,0.0
1998-09-27,0.0,11.0,0.96
1998-09-28,26.24,76.42,71.32
1998-09-29,121.33,100.59,119.9
1998-09-30,101.6,26.05,9.9
1998-10-01,3.24,0.2,0.0
1998-10-02,0.0,0.0,0.0
1998-10-03,0.0,2.68,5.32
1998-10-04,2.44,1.12,1.34
1998-10-05,0.0,0.53,2.58
1998-10-06,0.0,1.86,0.15
1998-10-07,1.85,19.67,25.12
1998-10-08,21.84,6.42,0.38
1998-10-09,0.0,0.02,0.0
1998-10-10,0.0,0.0,0.01
1998-10-11,0.0,0.0,0.01
1998-10-12,0.0,0.0,0.0
1998-10-13,0.0,0.0,0.0
1998-10-14,0.0,0.0,0.01
1998-10-15,0.0,0.0,0.0
1998-10-16,0.0,0.0,0.0
1998-10-17,0.0,0.0,0.0
1998-10-18,0.0,0.0,0.0
1998-10-19,0.0,0.0,0.0
1998-10-20,0.0,0.0,0.0
1998-10-21,0.0,0.0,0.0
1998-10-22,0.0,0.0,0.0
1998-10-23,0.0,0.0,0.0
1998-10-24,0.0,0.0,0.0
1998-10-25,0.0,0.0,0.0
1998-10-26,0.0,0.0,0.0
1998-10-27,0.0,0.0,0.0
1998-10-28,0.0,0.0,0.0
1998-10-29,0.0,0.0,0.0
1998-10-30,0.0,0.0,0.0
1998-10-31,0.0,0.0,0.0
1998-11-01,0.0,0.0,0.0
1998-11-02,0.0,1.85,0.12
1998-11-03,2.24,0.62,1.18
1998-11-04,0.0,0.0,0.0
1998-11-05,0.0,0.0,0.0
1998-11-06,0.0,0.0,0.0
1998-11-07,0.0,0.01,0.0
1998-11-08,0.0,0.01,0.28
1998-11-09,0.0,0.0,0.09
1998-11-10,0.0,13.76,12.76
1998-11-11,19.55,4.64,6.52
1998-11-12,0.0,0.02,0.0
1998-11-13,0.0,0.17,0.04
1998-11-14,0.95,11.11,1.13
1998-11-15,14.18,9.73,15.12
1998-11-16,7.16,2.22,5.6
1998-11-17,0.0,0.07,0.15
1998-11-18,0.0,0.01,0.1
1998-11-19,0.0,0.27,0.0
1998-11-20,0.0,0.09,0.29
1998-11-21,0.0,0.0,0.0
1998-11-22,0.0,0.46,0.01
1998-11-23,1.38,9.77,10.64
1998-11-24,12.43,3.22,0.14
1998-11-25,0.0,0.0,0.0
1998-11-26,0.0,0.0,0.0
1998-11-27,0.0,0.0,0.0
1998-11-28,0.0,0.0,0.0
1998-11-29,0.0,0.0,0.0
1998-11-30,0.0,0.0,0.0
1998-12-01,0.0,0.0,0.0
1998-12-02,0.0,0.0,0.0
1998-12-03,0.0,0.0,0.0
1998-12-04,0.0,0.0,0.0
1998-12-05,0.0,0.0,0.83
1998-12-06,0.0,0.0,1.09
1998-12-07,0.0,5.83,4.57
1998-12-08,9.75,5.23,4.29
1998-12-09,5.61,1.65,1.66
1998-12-10,0.0,0.18,0.4
1998-12-11,0.0,0.0,0.98
1998-12-12,0.0,7.45,7.5
1998-12-13,12.16,2.7,2.18
1998-12-14,0.0,0.07,0.01
1998-12-15,0.0,0.0,0.0
1998-12-16,0.0,0.0,0.0
1998-12-17,0.0,0.0,0.07
1998-12-18,0.0,0.0,0.0
1998-12-19,0.0,0.01,0.21
1998-12-20,0.0,0.01,0.0
1998-12-21,0.0,0.67,0.69
1998-12-22,2.97,1.76,0.5
1998-12-23,1.48,0.86,6.7
1998-12-24,3.75,6.11,1.83
1998-12-25,7.55,5.39,8.45
1998-12-26,3.63,1.47,4.08
1998-12-27,0.0,0.11,0.56
1998-12-28,0.0,0.16,0.61
1998-12-29,0.45,0.06,0.0
1998-12-30,0.0,0.0,0.0
1998-12-31,0.0,0.0,0.0
1999-01-01,0.0,0.0,0.0
1999-01-02,0.0,23.76,25.83
1999-01-03,33.85,8.0,2.39
1999-01-04,0.0,0.03,1.06
1999-01-05,0.0,0.0,0.0
1999-01-06,0.0,0.34,0.0
1999-01-07,1.15,0.12,0.87
1999-01-08,0.0,3.57,0.39
1999-01-09,9.8,11.87,13.98
1999-01-10,13.75,3.57,0.0
1999-01-11,0.0,0.0,0.0
1999-01-12,0.0,0.0,0.0
1999-01-13,0.0,0.82,0.23
1999-01-14,1.97,2.99,3.6
1999-01-15,3.23,0.91,2.14
1999-01-16,0.0,0.0,0.0
1999-01-17,0.0,0.18,0.69
1999-01-18,0.29,0.06,0.15
1999-01-19,0.0,0.0,0.0
1999-01-20,0.0,0.0,0.0
1999-01-21,0.0,0.0,0.01
1999-01-22,0.0,34.77,1.0
1999-01-23,45.31,17.31,49.33
1999-01-24,7.36,1.91,0.0
1999-01-25,0.0,0.06,0.0
1999-01-26,0.0,0.02,0.0
1999-01-27,0.0,0.0,0.02
1999-01-28,0.0,0.48,0.0
1999-01-29,0.0,0.43,3.18
1999-01-30,5.77,16.15,22.33
1999-01-31,23.19,18.96,17.81
1999-02-01,14.28,4.84,11.44
1999-02-02,0.0,0.1,0.02
1999-02-03,0.0,3.96,0.0
1999-02-04,5.0,1.33,6.67
1999-02-05,0.0,0.0,0.0
1999-02-06,0.0,0.0,0.0
1999-02-07,0.0,0.0,0.0
1999-02-08,0.0,0.0,0.02
1999-02-09,0.0,1.06,0.0
1999-02-10,0.93,0.35,1.73
1999-02-11,0.0,0.2,0.0
1999-02-12,0.17,0.24,1.67
1999-02-13,0.0,0.06,0.0
1999-02-14,0.0,0.0,0.0
1999-02-15,0.0,0.01,0.11
1999-02-16,0.0,0.0,0.0
1999-02-17,0.0,10.99,0.26
1999-02-18,13.14,4.02,13.66
1999-02-19,1.11,0.16,1.29
1999-02-20,0.0,0.97,0.0
1999-02-21,2.0,0.32,1.05
1999-02-22,0.0,0.0,0.0
1999-02-23,0.0,1.37,0.29
1999-02-24,2.14,0.46,1.31
1999-02-25,0.0,0.0,0.0
1999-02-26,0.0,0.0,0.0
1999-02-27,0.0,6.79,0.0
1999-02-28,9.02,2.29,9.64
1999-03-01,0.0,0.01,0.0
1999-03-02,0.0,8.54,0.0
1999-03-03,11.39,2.91,12.29
1999-03-04,0.0,0.02,0.04
1999-03-05,0.0,3.42,0.0
1999-03-06,11.29,7.2,14.94
1999-03-07,7.79,2.02,0.0
1999-03-08,0.0,13.12,0.02
1999-03-09,18.19,4.5,19.87
1999-03-10,0.0,0.04,0.0
1999-03-11,0.0,0.0,0.0
1999-03-12,0.0,0.01,0.0
1999-03-13,0.0,57.93,0.05
1999-03-14,71.65,19.5,84.81
1999-03-15,0.0,0.06,0.0
1999-03-16,0.0,0.0,0.0
1999-03-17,0.0,0.0,0.0
1999-03-18,0.0,0.0,0.0
1999-03-19,0.0,0.0,0.0
1999-03-20,0.0,3.34,0.0
1999-03-21,5.7,1.17,5.6
1999-03-22,0.0,0.02,0.0
1999-03-23,0.0,0.0,0.0
1999-03-24,0.0,0.01,0.0
1999-03-25,0.0,2.35,7.95
1999-03-26,5.89,0.79,0.0
1999-03-27,0.0,0.0,0.0
1999-03-28,0.0,0.0,0.02
1999-03-29,0.0,0.01,0.1
1999-03-30,0.0,1.95,0.26
1999-03-31,3.92,10.51,14.62
1999-04-01,13.44,3.33,0.09
1999-04-02,0.0,0.01,0.0
1999-04-03,0.0,0.0,0.05
1999-04-04,0.0,0.0,0.07
1999-04-05,0.0,0.0,0.0
1999-04-06,0.0,0.01,0.45
1999-04-07,0.0,0.0,0.0
1999-04-08,0.0,0.0,0.02
1999-04-09,0.0,0.0,0.0
1999-04-10,0.0,0.0,0.0
1999-04-11,0.0,0.0,0.0
1999-04-12,0.0,0.0,0.0
1999-04-13,0.0,0.05,0.0
1999-04-14,0.0,10.02,0.0
1999-04-15,19.23,10.28,37.71
1999-04-16,3.37,2.32,0.0
1999-04-17,0.0,0.0,0.03
1999-04-18,0.0,0.0,0.0
1999-04-19,0.0,0.0,0.0
1999-04-20,0.0,0.0,0.02
1999-04-21,0.0,0.0,0.0
1999-04-22,0.0,0.0,0.0
1999-04-23,0.0,0.0,0.0
1999-04-24,0.0,0.06,0.0
1999-04-25,0.17,0.02,0.51
1999-04-26,0.0,0.03,0.0
1999-04-27,0.0,7.75,11.18
1999-04-28,12.59,3.22,1.15
1999-04-29,0.0,2.25,5.92
1999-04-30,3.68,0.69,0.04
1999-05-01,0.0,0.0,0.02
1999-05-02,0.0,0.0,0.0
1999-05-03,0.0,0.0,0.02
1999-05-04,0.0,3.09,0.25
1999-05-05,3.8,1.04,3.57
1999-05-06,0.0,60.15,68.57
1999-05-07,68.0,20.69,0.79
1999-05-08,0.0,0.22,2.78
1999-05-09,0.0,0.0,0.12
1999-05-10,0.0,0.0,0.41
1999-05-11,0.0,5.88,4.27
1999-05-12,2.1,2.32,9.62
1999-05-13,1.06,3.6,0.81
1999-05-14,5.87,1.16,3.42
1999-05-15,0.0,0.0,0.16
1999-05-16,0.0,0.0,0.0
1999-05-17,0.0,0.0,0.02
1999-05-18,0.0,11.51,2.42
1999-05-19,19.43,8.54,13.86
1999-05-20,0.0,1.57,0.0
1999-05-21,0.0,0.0,0.0
1999-05-22,0.0,0.0,0.0
1999-05-23,0.0,5.17,1.58
1999-05-24,5.7,1.73,2.77
1999-05-25,0.0,0.0,0.0
1999-05-26,0.0,12.95,15.23
1999-05-27,16.66,4.35,0.48
1999-05-28,0.0,0.01,0.17
1999-05-29,0.0,2.16,0.33
1999-05-30,1.9,0.76,4.77
1999-05-31,0.0,1.34,6.45
1999-06-01,3.0,3.28,4.33
1999-06-02,0.0,0.95,0.03
1999-06-03,0.0,0.0,0.0
1999-06-04,0.0,7.01,0.26
1999-06-05,9.68,10.14,13.29
1999-06-06,12.52,2.89,4.65
1999-06-07,0.26,0.1,4.58
1999-06-08,0.0,2.05,1.32
1999-06-09,0.0,0.69,1.44
1999-06-10,0.0,0.51,0.82
1999-06-11,0.25,7.4,2.73
1999-06-12,16.0,10.77,17.53
1999-06-13,10.74,7.56,2.21
1999-06-14,7.83,3.16,6.45
1999-06-15,4.03,9.22,8.93
1999-06-16,11.61,17.48,18.43
1999-06-17,27.48,4.88,0.07
1999-06-18,0.0,0.01,0.0
1999-06-19,0.0,0.0,0.0
1999-06-20,0.0,0.0,0.0
1999-06-21,0.0,0.09,0.0
1999-06-22,0.0,2.66,2.28
1999-06-23,0.72,11.07,13.71
1999-06-24,17.4,10.85,8.13
1999-06-25,9.54,17.0,25.77
1999-06-26,20.77,16.39,12.94
1999-06-27,30.03,60.32,62.44
1999-06-28,69.31,23.13,7.74
1999-06-29,4.8,1.79,1.59
1999-06-30,1.29,8.53,9.6
1999-07-01,11.01,2.81,0.82
1999-07-02,0.0,0.02,0.04
1999-07-03,0.0,0.0,0.12
1999-07-04,0.0,3.74,0.05
1999-07-05,2.56,1.25,3.93
1999-07-06,0.0,5.46,1.92
1999-07-07,12.25,1.91,14.49
1999-07-08,0.0,4.98,6.81
1999-07-09,4.94,1.66,2.35
1999-07-10,0.0,3.54,6.7
1999-07-11,6.5,14.11,3.55
1999-07-12,18.09,11.16,18.4
1999-07-13,7.62,3.61,4.1
1999-07-14,0.0,0.48,4.15
1999-07-15,0.0,0.5,0.17
1999-07-16,0.0,23.31,6.47
1999-07-17,30.62,11.19,40.07
1999-07-18,4.74,13.83,12.61
1999-07-19,18.66,18.37,1.63
1999-07-20,10.32,4.71,7.09
1999-07-21,0.0,0.0,0.0
1999-07-22,0.0,0.05,0.4
1999-07-23,0.0,7.68,1.28
1999-07-24,14.02,2.71,6.5
1999-07-25,4.26,1.49,14.74
1999-07-26,0.0,0.48,0.0
1999-07-27,0.0,0.0,0.0
1999-07-28,0.0,0.0,0.0
1999-07-29,0.0,0.2,1.5
1999-07-30,0.0,0.07,0.58
1999-07-31,0.0,0.0,0.58
1999-08-01,0.0,0.0,0.0
1999-08-02,0.0,0.0,0.97
1999-08-03,0.0,2.01,1.14
1999-08-04,0.0,1.07,1.57
1999-08-05,0.0,0.13,0.34
1999-08-06,0.0,0.0,0.0
1999-08-07,0.0,0.0,0.0
1999-08-08,0.0,2.24,0.66
1999-08-09,0.6,25.41,26.07
1999-08-10,23.68,8.23,1.24
1999-08-11,0.0,0.05,0.0
1999-08-12,0.0,0.29,0.46
1999-08-13,0.0,0.09,0.0
1999-08-14,0.0,0.0,0.0
1999-08-15,0.0,0.0,0.0
1999-08-16,0.0,0.59,0.14
1999-08-17,0.0,0.22,0.32
1999-08-18,0.0,0.01,0.0
1999-08-19,0.0,0.19,0.0
1999-08-20,0.0,2.92,11.37
1999-08-21,1.27,0.96,2.4
1999-08-22,0.0,2.37,5.01
1999-08-23,7.85,2.0,4.07
1999-08-24,6.12,2.54,15.07
1999-08-25,8.92,11.22,13.93
1999-08-26,13.22,3.67,0.61
1999-08-27,0.0,0.06,0.0
1999-08-28,0.0,0.0,0.0
1999-08-29,0.0,0.3,0.67
1999-08-30,0.0,5.18,0.01
1999-08-31,7.19,1.89,4.52
1999-09-01,0.0,0.07,0.0
1999-09-02,0.0,0.0,0.0
1999-09-03,0.0,0.0,0.0
1999-09-04,0.0,0.0,2.54
1999-09-05,0.0,0.01,0.08
1999-09-06,0.0,3.85,0.7
1999-09-07,2.63,4.45,7.85
1999-09-08,0.33,1.22,2.19
1999-09-09,0.0,3.88,6.85
1999-09-10,5.44,1.28,1.23
1999-09-11,0.0,0.0,0.0
1999-09-12,0.0,0.0,0.0
1999-09-13,0.0,0.0,0.0
1999-09-14,0.0,0.0,0.0
1999-09-15,0.0,0.0,0.0
1999-09-16,0.0,0.0,0.0
1999-09-17,0.0,0.0,0.0
1999-09-18,0.0,5.47,0.0
1999-09-19,0.23,3.32,7.24
1999-09-20,5.32,7.57,9.93
1999-09-21,7.9,2.49,0.37
1999-09-22,0.0,0.04,0.0
1999-09-23,0.0,0.0,0.0
1999-09-24,0.0,0.0,0.0
1999-09-25,0.0,0.0,0.02
1999-09-26,0.0,0.55,0.05
1999-09-27,0.52,0.64,4.03
1999-09-28,0.0,0.73,3.35
1999-09-29,3.43,4.93,4.79
1999-09-30,6.7,1.58,0.0
1999-10-01,0.0,0.0,0.01
1999-10-02,0.0,0.0,0.0
1999-10-03,0.0,0.0,0.0
1999-10-04,0.0,3.97,8.02
1999-10-05,6.61,1.34,0.15
1999-10-06,0.0,0.01,0.0
1999-10-07,0.0,0.0,0.01
1999-10-08,0.0,0.0,0.0
1999-10-09,0.0,27.61,16.08
1999-10-10,30.41,30.23,48.18
1999-10-11,37.75,7.31,0.32
1999-10-12,0.0,9.42,4.12
1999-10-13,12.15,3.13,0.93
1999-10-14,0.0,0.01,0.05
1999-10-15,0.0,0.0,0.06
1999-10-16,0.0,0.0,0.0
1999-10-17,0.0,0.0,0.0
1999-10-18,0.0,0.01,0.0
1999-10-19,0.0,0.69,0.0
1999-10-20,1.53,3.32,2.93
1999-10-21,3.61,1.04,0.21
1999-10-22,0.0,0.0,0.05
1999-10-23,0.0,0.0,0.0
1999-10-24,0.0,0.0,0.0
1999-10-25,0.0,0.0,0.0
1999-10-26,0.0,0.0,0.0
1999-10-27,0.0,0.0,0.0
1999-10-28,0.0,0.0,0.0
1999-10-29,0.0,0.0,0.0
1999-10-30,0.0,0.0,0.0
1999-10-31,0.0,0.0,0.0
1999-11-01,0.0,28.66,30.99
1999-11-02,35.6,9.64,4.41
1999-11-03,0.0,0.03,0.0
1999-11-04,0.0,0.0,0.0
1999-11-05,0.0,0.0,0.0
1999-11-06,0.0,0.0,0.0
1999-11-07,0.0,0.0,0.0
1999-11-08,0.0,0.0,0.0
1999-11-09,0.0,0.0,0.0
1999-11-10,0.0,0.0,0.0
1999-11-11,0.0,0.0,0.0
1999-11-12,0.0,0.0,0.0
1999-11-13,0.0,0.0,0.0
1999-11-14,0.0,0.0,0.0
1999-11-15,0.0,0.0,0.0
1999-11-16,0.0,0.0,0.0
1999-11-17,0.0,0.0,0.0
1999-11-18,0.0,0.0,0.0
1999-11-19,0.0,0.0,0.0
1999-11-20,0.0,12.54,5.36
1999-11-21,11.47,4.24,0.59
1999-11-22,0.0,0.02,0.02
1999-11-23,0.0,0.0,0.01
1999-11-24,0.0,0.08,0.02
1999-11-25,0.0,2.55,1.59
1999-11-26,3.25,0.92,2.19
1999-11-27,0.0,0.02,0.12
1999-11-28,0.0,0.0,0.0
1999-11-29,0.0,0.0,0.0
1999-11-30,0.0,0.0,0.0
1999-12-01,0.0,0.0,0.0
1999-12-02,0.0,0.0,0.0
1999-12-03,0.0,0.0,0.0
1999-12-04,0.0,0.0,0.0
1999-12-05,0.0,4.02,0.26
1999-12-06,6.31,1.37,6.6
1999-12-07,0.0,0.01,0.02
1999-12-08,0.0,2.11,0.0
1999-12-09,2.69,2.17,1.78
1999-12-10,3.3,0.49,4.44
1999-12-11,0.0,0.0,0.01
1999-12-12,0.0,10.52,0.01
1999-12-13,20.89,6.28,24.55
1999-12-14,1.09,0.93,0.0
1999-12-15,0.0,0.0,0.02
1999-12-16,0.0,0.0,0.0
1999-12-17,0.0,0.48,0.0
1999-12-18,0.0,18.32,1.46
1999-12-19,23.41,6.52,27.77
1999-12-20,2.34,20.07,1.44
1999-12-21,26.88,6.91,26.25
1999-12-22,0.0,0.09,0.92
1999-12-23,0.0,0.0,0.0
1999-12-24,0.0,1.45,0.0
1999-12-25,0.0,0.48,0.0
1999-12-26,0.0,0.0,0.0
1999-12-27,0.0,0.0,0.0
1999-12-28,0.0,0.0,0.0
1999-12-29,0.0,0.0,0.0
1999-12-30,0.0,0.0,0.0
1999-12-31,0.0,0.0,0.0
2000-01-01,0.0,0.0,0.0
2000-01-02,0.0,0.0,0.0
2000-01-03,0.0,8.75,0.0
2000-01-04,10.46,2.94,9.4
2000-01-05,0.0,0.3,0.0
2000-01-06,0.0,0.1,0.0
2000-01-07,0.0,0.0,0.0
2000-01-08,0.0,3.69,0.14
2000-01-09,6.56,27.37,10.68
2000-01-10,34.96,8.75,20.74
2000-01-11,0.0,0.01,0.0
2000-01-12,0.0,1.14,0.02
2000-01-13,0.0,1.21,1.12
2000-01-14,1.42,0.28,0.12
2000-01-15,0.0,0.0,0.0
2000-01-16,0.0,0.01,0.18
2000-01-17,0.0,0.0,0.25
2000-01-18,0.0,3.08,1.08
2000-01-19,2.19,1.16,1.33
2000-01-20,0.18,1.76,0.02
2000-01-21,0.0,0.61,0.04
2000-01-22,0.0,7.76,0.04
2000-01-23,14.18,15.84,19.64
2000-01-24,26.94,4.88,20.61
2000-01-25,0.0,0.15,0.01
2000-01-26,0.0,0.0,0.0
2000-01-27,0.0,0.0,0.0
2000-01-28,0.0,5.76,3.01
2000-01-29,9.01,3.66,9.46
2000-01-30,3.68,3.53,3.15
2000-01-31,3.72,0.99,0.01
2000-02-01,0.0,0.0,0.0
2000-02-02,0.0,0.01,0.0
2000-02-03,0.0,0.0,0.0
2000-02-04,0.0,0.0,0.0
2000-02-05,0.0,0.0,0.0
2000-02-06,0.0,0.0,0.0
2000-02-07,0.0,0.0,0.0
2000-02-08,0.0,0.0,0.0
2000-02-09,0.0,0.0,0.0
2000-02-10,0.0,0.0,0.0
2000-02-11,0.0,0.0,0.02
2000-02-12,0.0,0.0,0.01
2000-02-13,0.0,8.17,5.57
2000-02-14,15.86,2.74,6.45
2000-02-15,0.0,0.01,0.0
2000-02-16,0.0,0.0,0.0
2000-02-17,0.0,0.01,0.01
2000-02-18,0.0,0.11,1.68
2000-02-19,0.0,0.12,1.38
2000-02-20,0.0,0.03,0.0
2000-02-21,0.0,0.0,0.0
2000-02-22,0.0,0.0,0.0
2000-02-23,0.0,0.0,0.0
2000-02-24,0.0,0.0,0.0
2000-02-25,0.0,0.28,0.0
2000-02-26,0.0,5.92,0.0
2000-02-27,15.14,10.24,20.57
2000-02-28,11.01,2.77,0.0
2000-02-29,0.0,1.38,0.0
2000-03-01,0.0,0.0,0.0
2000-03-02,0.0,0.0,0.0
2000-03-03,0.0,16.31,0.01
2000-03-04,24.66,5.51,29.65
2000-03-05,0.0,0.02,0.0
2000-03-06,0.0,0.0,0.0
2000-03-07,0.0,0.0,0.0
2000-03-08,0.0,0.0,0.0
2000-03-09,0.0,0.0,0.0
2000-03-10,0.0,0.74,4.2
2000-03-11,1.62,13.46,21.78
2000-03-12,14.93,4.42,0.3
2000-03-13,0.0,0.01,0.0
2000-03-14,0.0,0.0,0.0
2000-03-15,0.0,4.65,0.01
2000-03-16,8.72,10.72,13.33
2000-03-17,14.99,3.09,9.02
2000-03-18,0.0,0.01,0.0
2000-03-19,0.0,34.99,16.74
2000-03-20,45.13,11.76,26.36
2000-03-21,0.0,0.03,0.02
2000-03-22,0.0,0.0,0.01
2000-03-23,0.0,0.0,0.0
2000-03-24,0.0,0.0,0.0
2000-03-25,0.0,0.0,0.0
2000-03-26,0.0,1.99,0.36
2000-03-27,4.29,3.61,5.77
2000-03-28,5.34,0.98,1.05
2000-03-29,0.0,15.23,0.1
2000-03-30,18.78,5.23,11.0
2000-03-31,0.0,0.05,0.08
2000-04-01,0.0,0.12,0.1
2000-04-02,0.0,0.22,2.34
2000-04-03,0.75,6.84,5.46
2000-04-04,9.28,2.29,12.64
2000-04-05,0.0,0.01,0.0
2000-04-06,0.0,0.0,0.0
2000-04-07,0.0,0.0,0.18
2000-04-08,0.0,0.0,0.28
2000-04-09,0.0,0.0,0.0
2000-04-10,0.0,0.0,0.2
2000-04-11,0.0,0.0,0.24
2000-04-12,0.0,0.0,0.0
2000-04-13,0.0,8.54,0.02
2000-04-14,11.36,11.57,17.51
2000-04-15,8.49,2.91,1.15
2000-04-16,0.0,0.0,0.74
2000-04-17,0.0,0.0,0.07
2000-04-18,0.0,0.0,0.0
2000-04-19,0.0,0.0,0.0
2000-04-20,0.0,0.33,0.0
2000-04-21,0.2,0.11,0.34
2000-04-22,0.0,0.0,0.03
2000-04-23,0.0,0.65,1.36
2000-04-24,4.37,8.62,8.29
2000-04-25,8.63,2.8,0.44
2000-04-26,0.0,0.0,0.03
2000-04-27,0.0,3.0,0.0
2000-04-28,3.69,1.0,3.33
2000-04-29,0.0,0.0,0.0
2000-04-30,0.0,0.0,0.0
2000-05-01,0.0,0.0,0.0
2000-05-02,0.0,0.0,0.0
2000-05-03,0.0,0.0,0.0
2000-05-04,0.0,0.0,0.0
2000-05-05,0.0,0.0,0.0
2000-05-06,0.0,0.0,0.0
2000-05-07,0.0,0.0,0.0
2000-05-08,0.0,0.0,0.0
2000-05-09,0.0,0.0,0.0
2000-05-10,0.0,0.0,0.0
2000-05-11,0.0,0.0,0.0
2000-05-12,0.0,0.0,0.0
2000-05-13,0.0,0.64,1.94
2000-05-14,0.34,0.21,0.15
2000-05-15,0.0,0.0,0.0
2000-05-16,0.0,0.0,0.0
2000-05-17,0.0,0.0,0.0
2000-05-18,0.0,0.0,0.0
2000-05-19,0.0,0.0,0.02
2000-05-20,0.0,0.0,0.0
2000-05-21,0.0,9.18,9.1
2000-05-22,13.69,3.08,0.62
2000-05-23,0.0,0.01,0.01
2000-05-24,0.0,0.0,0.0
2000-05-25,0.0,6.75,0.62
2000-05-26,9.24,2.25,2.11
2000-05-27,0.0,0.37,0.04
2000-05-28,1.22,0.88,7.75
2000-05-29,0.76,0.25,0.13
2000-05-30,0.0,0.0,0.03
2000-05-31,0.0,0.0,0.0
2000-06-01,0.0,0.0,0.0
2000-06-02,0.0,0.0,0.0
2000-06-03,0.0,0.0,0.0
2000-06-04,0.0,1.98,2.36
2000-06-05,0.0,1.12,5.21
2000-06-06,0.0,0.15,0.4
2000-06-07,0.0,0.0,0.0
2000-06-08,0.0,0.0,0.0
2000-06-09,0.0,0.0,0.0
2000-06-10,0.0,0.0,0.0
2000-06-11,0.0,0.0,0.0
2000-06-12,0.0,2.22,0.03
2000-06-13,0.0,0.74,3.86
2000-06-14,0.0,0.51,1.31
2000-06-15,0.11,11.1,11.38
2000-06-16,11.73,11.75,9.97
2000-06-17,10.7,5.52,4.71
2000-06-18,5.57,1.13,3.22
2000-06-19,0.0,2.27,9.63
2000-06-20,0.0,0.74,0.06
2000-06-21,0.0,0.0,0.0
2000-06-22,0.0,3.21,2.63
2000-06-23,6.73,1.07,2.73
2000-06-24,0.0,2.36,0.02
2000-06-25,0.0,5.22,0.51
2000-06-26,9.51,3.8,11.73
2000-06-27,2.39,0.78,0.01
2000-06-28,0.0,0.6,1.72
2000-06-29,0.71,2.6,5.22
2000-06-30,6.22,0.85,0.09
2000-07-01,0.0,0.02,0.0
2000-07-02,0.0,0.0,0.0
2000-07-03,0.0,0.85,0.0
2000-07-04,0.0,0.28,0.0
2000-07-05,0.0,0.0,1.2
2000-07-06,0.0,0.0,0.0
2000-07-07,0.0,0.0,0.0
2000-07-08,0.0,0.52,0.3
2000-07-09,0.0,1.06,2.48
2000-07-10,0.0,0.29,0.43
2000-07-11,0.0,3.5,0.09
2000-07-12,0.53,1.5,5.49
2000-07-13,0.0,10.46,6.42
2000-07-14,12.37,3.45,3.71
2000-07-15,0.0,0.0,0.45
2000-07-16,0.0,0.0,0.73
2000-07-17,0.0,0.02,1.16
2000-07-18,0.0,0.01,0.0
2000-07-19,0.0,0.0,0.01
2000-07-20,0.0,5.58,0.45
2000-07-21,7.81,1.86,12.61
2000-07-22,0.0,2.05,0.62
2000-07-23,1.6,0.69,5.0
2000-07-24,0.0,0.02,3.4
2000-07-25,0.0,6.19,0.49
2000-07-26,5.26,6.01,2.28
2000-07-27,0.0,3.23,14.27
2000-07-28,2.32,1.59,1.49
2000-07-29,0.0,1.39,1.54
2000-07-30,0.01,7.65,5.75
2000-07-31,10.09,3.9,8.64
2000-08-01,6.19,3.75,7.16
2000-08-02,7.22,12.4,12.73
2000-08-03,20.34,3.95,3.13
2000-08-04,0.0,0.07,0.06
2000-08-05,0.0,0.0,2.39
2000-08-06,0.0,0.0,0.1
2000-08-07,0.0,5.5,0.14
2000-08-08,5.63,3.87,9.61
2000-08-09,0.0,0.92,0.8
2000-08-10,0.16,1.23,1.9
2000-08-11,4.72,0.47,5.59
2000-08-12,0.0,0.03,0.27
2000-08-13,0.0,0.0,0.0
2000-08-14,0.0,0.0,0.0
2000-08-15,0.0,0.0,0.0
2000-08-16,0.0,0.0,0.0
2000-08-17,0.0,0.0,0.0
2000-08-18,0.0,0.24,0.0
2000-08-19,0.0,4.84,1.14
2000-08-20,3.13,4.87,0.27
2000-08-21,0.0,1.09,3.11
2000-08-22,0.0,0.0,0.0
2000-08-23,0.0,0.0,0.0
2000-08-24,0.0,0.0,0.0
2000-08-25,0.0,0.0,0.49
2000-08-26,0.0,0.0,0.0
2000-08-27,0.0,7.82,8.94
2000-08-28,13.8,2.68,0.77
2000-08-29,0.0,0.02,0.09
2000-08-30,0.0,0.0,0.0
2000-08-31,0.0,7.81,0.01
2000-09-01,18.79,15.8,32.51
2000-09-02,21.54,5.16,1.89
2000-09-03,0.0,0.39,0.7
2000-09-04,0.0,0.04,0.0
2000-09-05,0.0,11.69,8.21
2000-09-06,16.76,25.62,29.59
2000-09-07,27.58,7.54,4.76
2000-09-08,0.64,0.1,0.19
2000-09-09,0.0,0.0,0.05
2000-09-10,0.0,0.0,0.0
2000-09-11,0.0,0.0,0.0
2000-09-12,0.0,0.0,0.0
2000-09-13,0.0,4.57,3.28
2000-09-14,7.07,9.76,8.92
2000-09-15,10.05,2.75,0.86
2000-09-16,0.0,0.0,0.02
2000-09-17,0.0,0.0,0.04
2000-09-18,0.0,0.0,0.03
2000-09-19,0.0,0.0,0.0
2000-09-20,0.0,0.01,0.01
2000-09-21,0.0,7.24,3.27
2000-09-22,15.03,13.47,15.75
2000-09-23,13.1,17.16,15.29
2000-09-24,13.6,4.99,12.44
2000-09-25,2.41,2.0,3.51
2000-09-26,5.35,0.61,0.12
2000-09-27,0.0,0.0,0.01
2000-09-28,0.0,0.0,0.02
2000-09-29,0.0,0.0,0.03
2000-09-30,0.0,0.0,0.0
2000-10-01,0.0,0.0,0.01
2000-10-02,0.0,0.0,0.03
2000-10-03,0.0,0.0,0.0
2000-10-04,0.0,0.0,0.0
2000-10-05,0.0,0.16,0.06
2000-10-06,0.0,12.26,14.94
2000-10-07,15.23,4.09,0.32
2000-10-08,0.0,0.01,0.05
2000-10-09,0.0,0.0,0.02
2000-10-10,0.0,0.0,0.02
2000-10-11,0.0,0.0,0.02
2000-10-12,0.0,0.0,0.01
2000-10-13,0.0,0.0,0.01
2000-10-14,0.0,0.0,0.0
2000-10-15,0.0,0.0,0.0
2000-10-16,0.0,0.0,0.0
2000-10-17,0.0,0.0,0.0
2000-10-18,0.0,0.0,0.13
2000-10-19,0.0,0.0,0.0
2000-10-20,0.0,0.0,0.03
2000-10-21,0.0,0.0,0.08
2000-10-22,0.0,0.0,0.0
2000-10-23,0.0,0.0,0.0
2000-10-24,0.0,0.0,0.0
2000-10-25,0.0,0.0,0.0
2000-10-26,0.0,0.0,0.0
2000-10-27,0.0,0.0,0.0
2000-10-28,0.0,0.0,0.0
2000-10-29,0.0,0.0,0.0
2000-10-30,0.0,0.0,0.0
2000-10-31,0.0,0.0,0.0
2000-11-01,0.0,0.0,0.0
2000-11-02,0.0,0.0,0.0
2000-11-03,0.0,0.0,0.0
2000-11-04,0.0,0.01,0.02
2000-11-05,0.0,0.08,0.28
2000-11-06,0.0,12.37,3.95
2000-11-07,19.46,8.41,24.69
2000-11-08,11.98,34.84,12.27
2000-11-09,41.59,21.32,43.76
2000-11-10,20.86,3.42,0.08
2000-11-11,0.0,0.01,0.05
2000-11-12,0.0,0.16,0.03
2000-11-13,0.0,2.1,2.17
2000-11-14,5.13,0.69,0.65
2000-11-15,0.0,0.27,0.05
2000-11-16,0.0,10.57,11.42
2000-11-17,23.31,4.46,11.71
2000-11-18,3.16,9.86,3.3
2000-11-19,22.06,5.06,20.38
2000-11-20,2.81,0.64,0.04
2000-11-21,0.0,0.0,0.04
2000-11-22,0.0,0.0,0.0
2000-11-23,0.0,0.73,0.49
2000-11-24,0.0,20.04,9.42
2000-11-25,26.53,6.69,17.11
2000-11-26,0.0,0.03,0.25
2000-11-27,0.0,0.0,0.04
2000-11-28,0.0,0.0,0.0
2000-11-29,0.0,0.0,0.0
2000-11-30,0.0,0.0,0.04
2000-12-01,0.0,0.09,0.11
2000-12-02,0.26,0.03,0.12
2000-12-03,0.0,0.0,0.07
2000-12-04,0.0,0.0,0.29
2000-12-05,0.0,0.0,0.03
2000-12-06,0.0,0.0,0.05
2000-12-07,0.0,0.0,0.0
2000-12-08,0.0,0.72,0.32
2000-12-09,0.12,0.97,1.64
2000-12-10,1.04,0.25,0.3
2000-12-11,0.0,0.27,0.12
2000-12-12,1.13,0.83,0.39
2000-12-13,0.0,19.99,0.0
2000-12-14,28.68,8.47,31.93
2000-12-15,4.21,4.22,4.92
2000-12-16,10.12,16.07,10.48
2000-12-17,17.82,5.36,3.52
2000-12-18,0.0,6.23,0.0
2000-12-19,9.12,2.23,7.92
2000-12-20,0.0,0.15,0.01
2000-12-21,0.0,6.95,6.69
2000-12-22,11.36,2.34,5.27
2000-12-23,0.0,0.01,0.0
2000-12-24,0.0,0.0,0.0
2000-12-25,0.0,0.0,0.0
2000-12-26,0.0,0.0,0.0
2000-12-27,0.0,35.9,6.78
2000-12-28,50.49,48.57,72.02
2000-12-29,48.49,12.4,7.19
2000-12-30,0.0,0.07,0.01
2000-12-31,24.25,0.0,0.0
2001-01-01,0.0,0.0,0.04
2001-01-02,0.0,0.0,0.0
2001-01-03,0.0,0.0,0.0
2001-01-04,0.0,0.0,0.0
2001-01-05,0.0,0.0,0.0
2001-01-06,0.0,0.0,0.0
2001-01-07,0.0,5.42,0.0
2001-01-08,7.62,2.56,9.15
2001-01-09,0.0,1.5,0.0
2001-01-10,0.0,0.41,0.0
2001-01-11,0.0,3.41,3.62
2001-01-12,4.15,1.19,0.25
2001-01-13,0.0,0.02,0.0
2001-01-14,0.0,0.43,0.0
2001-01-15,0.2,6.86,6.03
2001-01-16,8.43,5.83,9.68
2001-01-17,5.94,1.3,4.1
2001-01-18,0.0,1.06,0.12
2001-01-19,5.57,19.28,22.81
2001-01-20,25.64,7.38,6.73
2001-01-21,0.0,0.35,0.0
2001-01-22,0.0,0.0,0.0
2001-01-23,0.0,0.0,0.0
2001-01-24,0.0,0.0,0.0
2001-01-25,0.0,0.0,0.0
2001-01-26,0.0,0.0,0.0
2001-01-27,0.0,0.0,0.0
2001-01-28,0.0,0.0,0.05
2001-01-29,0.0,30.75,0.0
2001-01-30,37.07,10.35,34.34
2001-01-31,0.0,0.03,2.35
2001-02-01,0.0,0.05,0.99
2001-02-02,0.0,0.02,0.06
2001-02-03,0.0,0.07,0.0
2001-02-04,0.0,0.02,0.08
2001-02-05,0.0,0.0,0.0
2001-02-06,0.0,0.0,0.07
2001-02-07,0.0,0.0,0.0
2001-02-08,0.0,0.0,0.0
2001-02-09,0.0,12.92,0.31
2001-02-10,16.81,4.31,19.01
2001-02-11,0.0,0.0,0.52
2001-02-12,0.0,1.95,1.34
2001-02-13,1.86,0.65,2.06
2001-02-14,0.0,0.03,0.02
2001-02-15,0.0,0.01,0.14
2001-02-16,0.0,1.97,1.79
2001-02-17,4.37,0.67,2.97
2001-02-18,0.0,0.0,0.0
2001-02-19,0.0,0.0,0.0
2001-02-20,0.0,2.1,0.0
2001-02-21,0.0,4.13,1.59
2001-02-22,5.12,1.64,4.23
2001-02-23,0.0,0.16,0.0
2001-02-24,0.0,0.0,0.0
2001-02-25,0.0,14.02,20.21
2001-02-26,21.38,4.75,3.38
2001-02-27,0.0,7.47,0.0
2001-02-28,9.6,3.57,11.45
2001-03-01,2.96,9.09,3.49
2001-03-02,19.01,40.95,14.87
2001-03-03,52.18,92.78,98.01
2001-03-04,92.94,28.0,30.56
2001-03-05,0.0,0.44,0.0
2001-03-06,0.0,0.0,0.0
2001-03-07,0.0,0.0,0.0
2001-03-08,0.0,0.0,0.0
2001-03-09,0.0,1.8,2.85
2001-03-10,3.21,0.6,0.02
2001-03-11,0.0,1.82,0.0
2001-03-12,10.52,39.49,54.31
2001-03-13,50.82,13.03,1.24
2001-03-14,0.0,19.79,0.8
2001-03-15,30.2,6.7,29.82
2001-03-16,0.0,0.04,0.0
2001-03-17,0.0,0.06,0.0
2001-03-18,0.31,0.02,0.2
2001-03-19,0.0,54.6,14.79
2001-03-20,68.05,21.01,55.28
2001-03-21,3.6,0.94,0.04
2001-03-22,0.0,0.0,0.0
2001-03-23,0.0,0.0,0.0
2001-03-24,0.0,6.5,0.0
2001-03-25,8.99,2.2,9.83
2001-03-26,0.0,0.01,0.0
2001-03-27,0.0,0.0,0.0
2001-03-28,0.0,3.54,1.07
2001-03-29,6.84,16.95,22.14
2001-03-30,18.14,6.31,0.01
2001-03-31,1.78,0.35,0.31
2001-04-01,0.0,0.0,0.0
2001-04-02,0.0,0.3,0.02
2001-04-03,0.0,52.86,2.98
2001-04-04,63.9,21.84,63.88
2001-04-05,4.91,1.46,0.54
2001-04-06,0.0,0.01,0.0
2001-04-07,0.0,0.0,0.0
2001-04-08,0.0,0.0,0.0
2001-04-09,0.0,0.0,0.0
2001-04-10,0.0,0.0,0.0
2001-04-11,0.0,0.0,0.0
2001-04-12,0.0,0.0,0.0
2001-04-13,0.0,0.27,0.89
2001-04-14,0.0,0.11,0.01
2001-04-15,0.0,3.8,6.39
2001-04-16,7.61,1.28,0.42
2001-04-17,0.0,0.0,0.0
2001-04-18,0.0,0.0,0.0
2001-04-19,0.0,0.0,0.0
2001-04-20,0.0,0.0,0.0
2001-04-21,0.0,0.0,0.0
2001-04-22,0.0,0.0,0.0
2001-04-23,0.0,0.0,0.0
2001-04-24,0.0,11.45,12.33
2001-04-25,16.48,3.9,3.67
2001-04-26,0.0,0.03,0.0
2001-04-27,0.0,0.0,0.0
2001-04-28,0.0,0.0,0.01
2001-04-29,0.0,0.0,0.0
2001-04-30,0.0,0.0,0.0
2001-05-01,0.0,0.0,0.0
2001-05-02,0.0,0.0,0.06
2001-05-03,0.0,0.0,0.0
2001-05-04,0.0,0.0,0.0
2001-05-05,0.0,0.0,0.0
2001-05-06,0.0,0.0,0.0
2001-05-07,0.0,0.0,0.0
2001-05-08,0.0,0.0,0.0
2001-05-09,0.0,0.59,1.11
2001-05-10,1.3,4.82,0.34
2001-05-11,0.0,6.56,8.64
2001-05-12,2.56,2.98,2.39
2001-05-13,0.77,0.44,1.64
2001-05-14,0.0,0.0,0.0
2001-05-15,0.0,0.0,0.0
2001-05-16,0.0,0.0,0.0
2001-05-17,0.0,0.0,0.0
2001-05-18,0.0,0.0,0.0
2001-05-19,0.0,11.36,4.09
2001-05-20,28.62,3.84,21.3
2001-05-21,0.41,0.22,1.58
2001-05-22,0.0,9.74,9.47
2001-05-23,12.96,3.28,0.0
2001-05-24,0.0,0.02,0.0
2001-05-25,0.0,0.07,0.96
2001-05-26,0.0,0.03,0.0
2001-05-27,0.0,0.19,0.96
2001-05-28,0.0,3.14,1.85
2001-05-29,9.02,1.11,8.79
2001-05-30,0.0,0.06,0.43
2001-05-31,0.0,3.12,0.77
2001-06-01,5.15,1.7,8.65
2001-06-02,3.26,0.22,0.12
2001-06-03,0.0,0.16,0.93
2001-06-04,0.0,1.8,13.43
2001-06-05,6.84,0.78,1.01
2001-06-06,0.0,0.09,2.39
2001-06-07,0.0,5.0,8.58
2001-06-08,8.16,16.7,7.0
2001-06-09,18.67,22.6,28.24
2001-06-10,23.58,15.88,4.76
2001-06-11,13.26,61.15,24.84
2001-06-12,63.41,19.76,32.02
2001-06-13,0.33,1.5,0.27
2001-06-14,0.24,8.01,6.26
2001-06-15,10.7,14.08,1.45
2001-06-16,15.96,3.9,12.04
2001-06-17,0.0,0.02,0.0
2001-06-18,0.0,0.02,0.05
2001-06-19,0.0,2.13,3.65
2001-06-20,5.93,1.13,1.66
2001-06-21,0.0,0.99,1.4
2001-06-22,3.44,16.72,12.82
2001-06-23,20.94,5.48,8.31
2001-06-24,0.0,0.0,0.0
2001-06-25,0.0,0.41,0.08
2001-06-26,0.0,0.41,1.19
2001-06-27,0.0,0.7,0.44
2001-06-28,0.46,19.81,3.23
2001-06-29,26.52,10.32,22.72
2001-06-30,7.46,1.7,6.77
2001-07-01,0.67,0.76,1.17
2001-07-02,0.14,1.04,5.65
2001-07-03,0.0,0.37,2.26
2001-07-04,0.06,1.24,3.99
2001-07-05,4.19,7.12,1.69
2001-07-06,6.23,2.24,0.48
2001-07-07,0.0,0.17,0.01
2001-07-08,0.0,0.06,0.01
2001-07-09,0.0,0.02,0.0
2001-07-10,0.0,0.07,0.7
2001-07-11,0.0,0.26,1.81
2001-07-12,0.1,5.42,4.21
2001-07-13,5.49,1.87,0.08
2001-07-14,0.0,0.03,0.04
2001-07-15,0.0,0.0,0.0
2001-07-16,0.0,0.0,0.0
2001-07-17,0.0,0.0,0.0
2001-07-18,0.0,0.0,0.02
2001-07-19,0.0,0.32,0.11
2001-07-20,0.0,4.91,1.19
2001-07-21,10.1,2.25,12.44
2001-07-22,0.21,0.22,0.03
2001-07-23,0.0,0.09,0.0
2001-07-24,0.0,6.02,5.75
2001-07-25,10.92,3.74,4.44
2001-07-26,2.05,7.71,2.42
2001-07-27,9.28,2.65,2.57
2001-07-28,0.47,0.26,3.49
2001-07-29,0.0,3.75,2.29
2001-07-30,0.0,7.45,1.45
2001-07-31,8.78,3.11,6.34
2001-08-01,1.28,0.36,1.45
2001-08-02,0.0,0.0,0.0
2001-08-03,0.0,0.04,0.03
2001-08-04,0.0,0.01,0.01
2001-08-05,0.0,29.89,6.17
2001-08-06,44.69,31.7,59.94
2001-08-07,20.45,8.47,3.92
2001-08-08,6.17,7.54,13.19
2001-08-09,11.34,5.4,3.79
2001-08-10,5.58,4.31,4.83
2001-08-11,11.13,1.47,3.8
2001-08-12,0.06,7.41,4.08
2001-08-13,6.33,2.58,1.47
2001-08-14,0.0,0.51,9.39
2001-08-15,0.48,0.2,0.0
2001-08-16,0.0,2.6,2.48
2001-08-17,2.67,10.85,1.84
2001-08-18,10.34,4.6,4.83
2001-08-19,3.89,3.12,7.56
2001-08-20,4.88,0.92,0.17
2001-08-21,0.0,0.01,0.06
2001-08-22,0.0,0.0,0.05
2001-08-23,0.0,0.0,0.0
2001-08-24,0.0,0.0,0.0
2001-08-25,0.0,0.0,0.0
2001-08-26,0.0,0.0,0.07
2001-08-27,0.0,0.0,0.0
2001-08-28,0.0,1.15,1.04
2001-08-29,2.31,0.58,1.18
2001-08-30,0.0,0.07,0.72
2001-08-31,0.0,15.79,5.06
2001-09-01,18.78,12.24,18.69
2001-09-02,10.44,4.87,2.57
2001-09-03,4.77,9.83,13.66
2001-09-04,17.31,6.54,10.24
2001-09-05,4.11,3.62,3.36
2001-09-06,4.4,5.25,6.42
2001-09-07,7.6,1.48,2.63
2001-09-08,0.0,0.01,0.08
2001-09-09,0.0,0.01,0.31
2001-09-10,0.0,0.14,0.05
2001-09-11,0.0,0.69,0.03
2001-09-12,0.0,0.34,1.63
2001-09-13,0.0,0.04,0.2
2001-09-14,0.0,0.0,0.0
2001-09-15,0.0,0.0,0.0
2001-09-16,0.0,0.0,0.0
2001-09-17,0.0,0.01,0.0
2001-09-18,0.0,0.04,1.55
2001-09-19,0.0,0.08,0.21
2001-09-20,0.0,0.02,0.05
2001-09-21,0.0,0.0,0.0
2001-09-22,0.0,0.0,0.05
2001-09-23,0.0,0.41,0.0
2001-09-24,0.15,2.05,2.45
2001-09-25,3.57,0.64,0.3
2001-09-26,0.0,0.0,0.0
2001-09-27,0.0,0.0,0.05
2001-09-28,0.0,0.0,0.0
2001-09-29,0.0,0.0,0.0
2001-09-30,0.0,0.0,0.0
2001-10-01,0.0,0.0,0.0
2001-10-02,0.0,0.0,0.0
2001-10-03,0.0,0.0,0.0
2001-10-04,0.0,0.01,0.0
2001-10-05,0.0,3.18,2.85
2001-10-06,7.21,1.32,4.32
2001-10-07,0.08,0.09,0.0
2001-10-08,0.0,0.0,0.0
2001-10-09,0.0,0.0,0.0
2001-10-10,0.0,0.0,0.0
2001-10-11,0.0,0.96,0.08
2001-10-12,1.34,3.37,2.45
2001-10-13,7.75,26.83,1.61
2001-10-14,36.59,9.95,36.83
2001-10-15,0.0,0.45,0.04
2001-10-16,0.0,0.0,0.0
2001-10-17,0.0,0.0,0.0
2001-10-18,0.0,0.0,0.0
2001-10-19,0.0,0.0,0.0
2001-10-20,0.0,0.0,0.0
2001-10-21,0.0,0.0,0.0
2001-10-22,0.0,0.0,0.0
2001-10-23,0.0,0.0,0.0
2001-10-24,0.0,1.89,0.69
2001-10-25,0.0,0.63,0.0
2001-10-26,0.0,0.0,0.0
2001-10-27,0.0,0.0,0.0
2001-10-28,0.0,0.0,0.0
2001-10-29,0.0,0.0,0.0
2001-10-30,0.0,0.0,0.0
2001-10-31,0.0,0.0,0.0
2001-11-01,0.0,0.0,0.0
2001-11-02,0.0,0.0,0.0
2001-11-03,0.0,0.0,0.0
2001-11-04,0.0,0.0,0.0
2001-11-05,0.0,0.0,0.0
2001-11-06,0.0,0.0,0.0
2001-11-07,0.0,0.0,0.0
2001-11-08,0.0,0.0,0.0
2001-11-09,0.0,0.0,0.0
2001-11-10,0.0,0.0,0.0
2001-11-11,0.0,0.0,0.0
2001-11-12,0.0,0.0,0.0
2001-11-13,0.0,0.0,0.0
2001-11-14,0.0,0.0,0.0
2001-11-15,0.0,0.0,0.0
2001-11-16,0.0,0.0,0.0
2001-11-17,0.0,0.0,0.0
2001-11-18,0.0,0.0,0.0
2001-11-19,0.0,0.0,0.0
2001-11-20,0.0,0.08,0.91
2001-11-21,0.0,0.16,0.0
2001-11-22,0.0,1.48,0.0
2001-11-23,1.55,12.3,16.22
2001-11-24,15.41,65.13,0.09
2001-11-25,73.89,20.75,41.17
2001-11-26,0.0,0.12,0.91
2001-11-27,0.0,0.0,0.0
2001-11-28,0.0,0.0,0.05
2001-11-29,0.0,9.87,0.0
2001-11-30,13.53,3.33,14.03
2001-12-01,0.0,0.01,0.0
2001-12-02,0.0,0.0,0.0
2001-12-03,0.0,0.0,0.0
2001-12-04,0.0,0.0,0.07
2001-12-05,0.0,0.0,0.0
2001-12-06,0.0,0.0,0.0
2001-12-07,0.0,0.0,0.05
2001-12-08,0.0,0.02,0.0
2001-12-09,0.0,3.05,0.0
2001-12-10,8.1,4.62,13.25
2001-12-11,6.26,1.22,0.48
2001-12-12,0.0,0.38,0.0
2001-12-13,1.93,8.41,4.7
2001-12-14,12.43,2.99,10.77
2001-12-15,0.0,0.08,0.11
2001-12-16,0.0,0.73,0.0
2001-12-17,0.0,16.44,18.74
2001-12-18,18.9,5.45,0.04
2001-12-19,0.0,0.02,0.0
2001-12-20,0.0,0.0,0.0
2001-12-21,0.0,0.01,0.0
2001-12-22,0.0,0.3,0.0
2001-12-23,0.19,3.53,5.37
2001-12-24,4.85,2.75,0.25
2001-12-25,0.0,0.54,0.0
2001-12-26,0.0,0.0,0.0
2001-12-27,0.0,0.0,0.0
2001-12-28,0.0,0.0,0.0
2001-12-29,0.0,0.0,0.0
2001-12-30,0.0,0.0,0.0
2001-12-31,0.0,1.84,0.0
2002-01-01,0.0,2.68,0.0
2002-01-02,3.66,3.27,6.65
2002-01-03,5.31,0.87,2.37
2002-01-04,0.0,5.82,0.0
2002-01-05,0.0,7.09,0.0
2002-01-06,10.79,3.13,10.24
2002-01-07,3.2,0.47,2.51
2002-01-08,0.0,0.0,0.0
2002-01-09,0.0,0.0,0.0
2002-01-10,0.0,0.0,0.0
2002-01-11,0.0,0.0,0.18
2002-01-12,0.0,15.22,16.67
2002-01-13,19.14,5.25,1.14
2002-01-14,0.0,0.68,1.49
2002-01-15,1.75,0.21,0.0
2002-01-16,0.0,0.0,0.0
2002-01-17,0.0,0.0,0.0
2002-01-18,0.0,0.0,0.07
2002-01-19,0.0,16.62,21.6
2002-01-20,22.02,8.39,0.38
2002-01-21,8.74,1.4,6.18
2002-01-22,0.28,0.17,3.32
2002-01-23,0.0,0.14,0.02
2002-01-24,0.0,8.86,0.0
2002-01-25,11.09,2.96,5.52
2002-01-26,0.0,0.01,0.0
2002-01-27,0.0,0.0,0.0
2002-01-28,0.0,0.0,0.0
2002-01-29,0.0,0.0,0.1
2002-01-30,0.0,0.0,0.02
2002-01-31,0.0,0.82,0.61
2002-02-01,2.16,3.02,5.12
2002-02-02,3.57,0.92,0.0
2002-02-03,0.0,0.0,0.0
2002-02-04,0.0,0.0,0.0
2002-02-05,0.0,10.75,0.25
2002-02-06,20.06,29.77,51.43
2002-02-07,32.77,9.67,11.3
2002-02-08,0.0,0.31,0.03
2002-02-09,0.0,0.0,0.0
2002-02-10,0.0,0.0,0.01
2002-02-11,0.0,0.0,0.0
2002-02-12,0.0,0.0,0.0
2002-02-13,0.0,0.0,0.0
2002-02-14,0.0,0.0,0.0
2002-02-15,0.0,0.0,0.0
2002-02-16,0.0,0.0,0.0
2002-02-17,0.0,0.0,0.0
2002-02-18,0.0,0.0,0.0
2002-02-19,0.0,0.51,0.0
2002-02-20,0.0,11.51,16.48
2002-02-21,15.56,3.83,0.09
2002-02-22,0.0,0.02,0.0
2002-02-23,0.0,0.0,0.0
2002-02-24,0.0,0.0,0.0
2002-02-25,0.0,0.0,0.0
2002-02-26,0.0,0.0,0.16
2002-02-27,0.0,0.0,0.02
2002-02-28,0.0,0.4,0.01
2002-03-01,0.0,29.31,0.0
2002-03-02,40.55,14.74,34.15
2002-03-03,6.39,1.68,5.59
2002-03-04,0.0,0.0,0.01
2002-03-05,0.0,0.0,0.0
2002-03-06,0.0,0.0,0.0
2002-03-07,0.0,0.0,0.06
2002-03-08,0.0,0.14,0.0
2002-03-09,0.0,7.88,6.7
2002-03-10,12.03,2.65,1.78
2002-03-11,0.0,0.01,0.44
2002-03-12,0.0,23.43,22.91
2002-03-13,28.76,7.87,4.04
2002-03-14,0.0,0.02,0.25
2002-03-15,0.0,0.0,0.4
2002-03-16,0.0,0.03,0.1
2002-03-17,0.0,0.01,0.0
2002-03-18,0.0,0.0,0.0
2002-03-19,0.0,0.0,0.0
2002-03-20,0.0,38.34,0.12
2002-03-21,47.43,12.9,55.53
2002-03-22,0.0,0.04,0.0
2002-03-23,0.0,0.0,0.0
2002-03-24,0.0,0.0,0.0
2002-03-25,0.0,0.08,0.03
2002-03-26,0.0,5.56,7.04
2002-03-27,7.86,1.87,0.0
2002-03-28,0.0,0.01,0.0
2002-03-29,0.0,0.0,0.0
2002-03-30,0.0,0.0,0.0
2002-03-31,0.0,9.39,12.17
2002-04-01,14.33,3.54,0.12
2002-04-02,0.0,0.14,0.0
2002-04-03,0.0,0.0,0.0
2002-04-04,0.0,0.0,0.0
2002-04-05,0.0,0.0,0.0
2002-04-06,0.0,0.0,0.0
2002-04-07,0.0,0.0,0.0
2002-04-08,0.0,26.6,0.0
2002-04-09,32.34,14.52,31.84
2002-04-10,7.84,3.42,4.01
2002-04-11,0.47,6.89,1.57
2002-04-12,8.1,8.08,11.1
2002-04-13,11.0,7.02,4.83
2002-04-14,9.08,2.21,1.74
2002-04-15,0.0,0.22,0.35
2002-04-16,0.0,0.02,0.08
2002-04-17,0.0,0.0,0.0
2002-04-18,0.0,0.0,0.05
2002-04-19,0.0,0.0,0.0
2002-04-20,0.0,0.0,0.0
2002-04-21,0.0,0.0,0.0
2002-04-22,0.0,0.0,0.0
2002-04-23,0.0,0.01,0.01
2002-04-24,0.0,0.0,0.0
2002-04-25,0.0,0.0,0.0
2002-04-26,0.0,0.0,0.0
2002-04-27,0.0,0.0,0.0
2002-04-28,0.0,1.31,0.0
2002-04-29,0.37,0.44,1.1
2002-04-30,0.0,15.39,6.13
2002-05-01,17.26,5.13,22.06
2002-05-02,0.0,0.0,0.0
2002-05-03,0.0,0.0,0.0
2002-05-04,0.0,0.04,1.23
2002-05-05,0.0,0.01,0.68
2002-05-06,0.0,0.0,0.0
2002-05-07,0.0,0.0,0.0
2002-05-08,0.0,0.0,0.0
2002-05-09,0.0,0.0,0.0
2002-05-10,0.0,0.0,0.0
2002-05-11,0.0,1.81,0.09
2002-05-12,0.34,0.61,0.92
2002-05-13,0.0,3.45,3.19
2002-05-14,7.05,1.16,0.18
2002-05-15,0.0,0.0,0.05
2002-05-16,0.0,0.0,0.0
2002-05-17,0.0,13.7,7.51
2002-05-18,19.53,14.12,23.87
2002-05-19,12.81,3.19,0.0
2002-05-20,0.0,0.0,0.0
2002-05-21,0.0,0.0,0.0
2002-05-22,0.0,0.0,0.0
2002-05-23,0.0,0.0,0.0
2002-05-24,0.0,0.0,0.05
2002-05-25,0.0,0.0,0.0
2002-05-26,0.0,0.74,0.0
2002-05-27,0.0,0.25,0.17
2002-05-28,0.0,11.56,0.62
2002-05-29,14.67,9.35,17.83
2002-05-30,5.08,18.79,14.78
2002-05-31,21.04,5.65,0.17
2002-06-01,0.0,0.0,0.08
2002-06-02,0.0,0.0,0.0
2002-06-03,0.0,0.0,0.0
2002-06-04,0.0,13.07,8.47
2002-06-05,19.96,4.74,7.44
2002-06-06,0.0,0.37,1.03
2002-06-07,0.0,0.28,0.43
2002-06-08,0.0,0.12,0.15
2002-06-09,0.0,0.02,0.0
2002-06-10,0.0,0.0,0.0
2002-06-11,0.0,0.0,0.0
2002-06-12,0.0,0.1,0.0
2002-06-13,0.0,1.78,0.0
2002-06-14,5.64,2.84,4.7
2002-06-15,2.18,0.92,0.0
2002-06-16,0.0,0.86,0.0
2002-06-17,2.17,0.51,1.01
2002-06-18,0.0,0.26,0.17
2002-06-19,0.0,0.16,3.21
2002-06-20,0.0,0.44,0.68
2002-06-21,0.0,0.59,0.13
2002-06-22,1.61,3.39,5.95
2002-06-23,4.8,1.11,1.14
2002-06-24,0.0,1.08,2.33
2002-06-25,3.99,14.64,12.1
2002-06-26,17.06,11.89,8.17
2002-06-27,9.74,4.94,4.12
2002-06-28,5.69,13.0,9.81
2002-06-29,14.97,4.53,2.75
2002-06-30,0.0,3.38,1.25
2002-07-01,5.19,2.22,3.33
2002-07-02,3.6,0.38,1.3
2002-07-03,0.0,0.0,0.53
2002-07-04,0.0,24.8,19.88
2002-07-05,30.87,8.29,2.64
2002-07-06,0.0,4.74,1.51
2002-07-07,8.4,2.46,4.57
2002-07-08,0.56,6.1,2.8
2002-07-09,3.44,1.95,5.92
2002-07-10,0.0,0.01,0.18
2002-07-11,0.0,0.64,1.89
2002-07-12,0.0,2.68,3.16
2002-07-13,7.25,0.93,8.19
2002-07-14,0.0,0.24,0.07
2002-07-15,0.0,1.85,1.16
2002-07-16,0.0,0.61,3.56
2002-07-17,0.0,0.01,0.05
2002-07-18,0.0,0.0,0.0
2002-07-19,0.0,0.02,0.0
2002-07-20,0.0,0.81,4.66
2002-07-21,0.6,3.26,0.62
2002-07-22,0.0,2.01,9.85
2002-07-23,0.97,32.81,0.64
2002-07-24,36.25,13.54,20.22
2002-07-25,5.85,7.81,6.98
2002-07-26,12.74,4.12,11.06
2002-07-27,7.25,2.08,1.41
2002-07-28,1.63,3.28,11.01
2002-07-29,7.34,7.37,3.22
2002-07-30,8.65,9.17,10.78
2002-07-31,11.33,2.34,0.22
2002-08-01,0.0,2.63,3.34
2002-08-02,7.52,2.09,6.22
2002-08-03,0.0,0.41,2.57
2002-08-04,0.0,0.0,0.04
2002-08-05,0.0,0.45,6.13
2002-08-06,0.0,0.18,0.4
2002-08-07,0.0,0.01,0.04
2002-08-08,0.0,0.0,0.0
2002-08-09,0.0,0.0,0.0
2002-08-10,0.0,0.0,0.0
2002-08-11,0.0,0.0,0.0
2002-08-12,0.0,0.0,0.0
2002-08-13,0.0,0.0,0.0
2002-08-14,0.0,2.54,3.51
2002-08-15,10.9,1.99,2.02
2002-08-16,1.52,0.55,8.46
2002-08-17,0.05,0.06,0.02
2002-08-18,0.0,4.17,0.08
2002-08-19,8.11,21.96,19.43
2002-08-20,22.75,18.02,1.91
2002-08-21,10.84,4.55,11.14
2002-08-22,1.45,0.77,0.49
2002-08-23,0.0,0.16,0.07
2002-08-24,0.0,0.03,0.0
2002-08-25,0.0,0.4,1.84
2002-08-26,0.19,0.13,0.5
2002-08-27,0.0,0.0,0.01
2002-08-28,0.0,15.98,1.27
2002-08-29,30.57,5.97,20.28
2002-08-30,0.0,3.87,0.52
2002-08-31,4.34,3.75,3.47
2002-09-01,3.23,0.84,0.21
2002-09-02,0.0,0.0,0.25
2002-09-03,0.0,0.0,0.0
2002-09-04,0.0,0.0,0.0
2002-09-05,0.0,0.0,0.03
2002-09-06,0.0,0.24,0.21
2002-09-07,0.0,0.08,0.34
2002-09-08,0.0,0.0,0.0
2002-09-09,0.0,0.0,0.0
2002-09-10,0.0,0.0,0.0
2002-09-11,0.0,0.0,0.0
2002-09-12,0.0,0.65,0.09
2002-09-13,1.18,3.38,4.84
2002-09-14,5.55,5.37,4.44
2002-09-15,7.55,1.45,3.79
2002-09-16,0.0,0.65,2.17
2002-09-17,0.39,0.48,0.51
2002-09-18,0.0,0.09,1.19
2002-09-19,0.0,1.22,0.01
2002-09-20,1.18,7.77,6.7
2002-09-21,10.19,2.98,4.5
2002-09-22,0.0,1.13,4.15
2002-09-23,1.12,1.18,0.07
2002-09-24,0.0,16.13,3.25
2002-09-25,27.55,14.56,26.54
2002-09-26,14.54,23.69,34.27
2002-09-27,27.0,6.96,4.18
2002-09-28,0.0,0.03,0.11
2002-09-29,0.0,0.0,0.0
2002-09-30,0.0,0.0,0.0
2002-10-01,0.0,0.03,0.0
2002-10-02,0.0,0.01,0.0
2002-10-03,0.0,0.0,0.0
2002-10-04,0.0,2.04,4.35
2002-10-05,3.39,0.77,0.0
2002-10-06,0.0,2.78,1.66
2002-10-07,7.67,1.52,6.7
2002-10-08,0.06,0.25,0.08
2002-10-09,0.0,0.02,0.0
2002-10-10,0.0,0.27,0.02
2002-10-11,0.16,0.15,0.39
2002-10-12,0.0,2.56,0.48
2002-10-13,4.31,8.08,9.62
2002-10-14,6.8,21.84,0.0
2002-10-15,24.67,11.5,33.48
2002-10-16,7.55,1.71,1.12
2002-10-17,0.0,0.01,0.07
2002-10-18,0.0,0.0,0.0
2002-10-19,0.0,0.0,0.0
2002-10-20,0.0,13.34,1.66
2002-10-21,22.08,4.65,20.46
2002-10-22,0.0,2.19,0.19
2002-10-23,0.0,8.65,0.02
2002-10-24,11.42,7.55,7.43
2002-10-25,5.61,9.37,0.58
2002-10-26,11.36,33.24,38.44
2002-10-27,36.79,19.13,13.24
2002-10-28,12.62,13.89,4.15
2002-10-29,7.71,10.68,4.18
2002-10-30,6.75,2.36,0.18
2002-10-31,0.0,0.01,0.09
2002-11-01,0.0,0.0,0.06
2002-11-02,0.0,0.04,0.0
2002-11-03,0.0,8.92,1.07
2002-11-04,12.03,6.88,17.46
2002-11-05,6.07,8.09,8.71
2002-11-06,11.33,2.28,2.2
2002-11-07,0.0,0.01,0.0
2002-11-08,0.0,0.0,0.0
2002-11-09,0.0,1.27,0.86
2002-11-10,4.83,9.82,1.83
2002-11-11,25.84,37.65,31.08
2002-11-12,42.16,11.81,28.58
2002-11-13,0.76,0.1,0.0
2002-11-14,0.0,0.0,0.0
2002-11-15,0.0,17.95,1.58
2002-11-16,19.9,8.49,19.43
2002-11-17,3.65,0.84,0.0
2002-11-18,0.0,0.0,0.0
2002-11-19,0.0,0.28,0.03
2002-11-20,0.95,2.98,0.62
2002-11-21,4.75,0.98,5.54
2002-11-22,0.0,0.01,0.0
2002-11-23,0.0,0.0,0.0
2002-11-24,0.0,0.0,0.0
2002-11-25,0.0,0.0,0.0
2002-11-26,0.0,0.0,0.0
2002-11-27,0.0,0.0,0.0
2002-11-28,0.0,0.0,0.0
2002-11-29,0.0,0.0,0.05
2002-11-30,0.0,0.08,0.21
2002-12-01,0.0,0.03,0.0
2002-12-02,0.0,0.0,0.0
2002-12-03,0.0,0.03,0.01
2002-12-04,0.0,6.79,0.24
2002-12-05,13.74,4.88,11.93
2002-12-06,2.59,0.87,0.22
2002-12-07,0.0,0.0,0.04
2002-12-08,0.0,0.0,0.0
2002-12-09,0.0,0.2,0.0
2002-12-10,0.0,8.51,16.67
2002-12-11,15.55,3.3,0.25
2002-12-12,0.0,8.77,0.01
2002-12-13,12.46,2.91,12.51
2002-12-14,0.0,0.01,0.0
2002-12-15,0.0,0.02,0.99
2002-12-16,0.0,0.01,0.0
2002-12-17,0.0,0.0,0.0
2002-12-18,0.0,0.0,0.0
2002-12-19,0.0,21.17,6.76
2002-12-20,25.88,7.1,18.14
2002-12-21,0.0,0.02,0.0
2002-12-22,0.0,0.0,0.0
2002-12-23,0.0,40.58,0.0
2002-12-24,55.8,38.34,56.33
2002-12-25,20.71,8.27,0.3
2002-12-26,0.0,0.0,0.0
2002-12-27,0.0,0.0,0.0
2002-12-28,0.0,0.0,0.01
2002-12-29,0.0,0.0,0.0
2002-12-30,0.0,0.0,0.0
2002-12-31,0.0,0.08,29.48
2003-01-01,35.97,0.21,0.84
2003-01-02,0.09,1.46,2.84
2003-01-03,4.52,0.47,0.01
2003-01-04,0.0,0.0,0.0
2003-01-05,0.0,0.0,0.0
2003-01-06,0.0,0.0,0.0
2003-01-07,0.0,0.0,0.0
2003-01-08,0.0,0.0,0.0
2003-01-09,0.0,0.19,0.0
2003-01-10,0.13,0.06,0.13
2003-01-11,0.0,0.0,0.0
2003-01-12,0.0,0.0,0.01
2003-01-13,0.0,0.0,0.0
2003-01-14,0.0,0.0,0.0
2003-01-15,0.0,0.0,0.0
2003-01-16,0.0,1.65,0.2
2003-01-17,3.25,0.55,1.93
2003-01-18,0.0,0.0,0.18
2003-01-19,0.0,0.0,0.02
2003-01-20,0.0,0.0,0.0
2003-01-21,0.0,0.18,0.0
2003-01-22,0.82,0.22,1.71
2003-01-23,0.0,0.05,0.0
2003-01-24,0.0,0.0,0.0
2003-01-25,0.0,0.0,0.0
2003-01-26,0.0,0.0,0.0
2003-01-27,0.0,0.0,0.0
2003-01-28,0.0,0.0,0.0
2003-01-29,0.0,3.86,0.09
2003-01-30,9.63,2.54,10.28
2003-01-31,1.54,0.42,0.0
2003-02-01,0.0,0.0,0.0
2003-02-02,0.0,0.03,0.0
2003-02-03,0.0,3.42,0.01
2003-02-04,4.43,1.15,3.65
2003-02-05,0.0,0.72,0.02
2003-02-06,3.71,9.93,10.04
2003-02-07,13.44,3.34,6.52
2003-02-08,0.0,0.05,0.05
2003-02-09,0.0,2.94,0.0
2003-02-10,4.09,0.99,3.91
2003-02-11,0.0,0.0,0.0
2003-02-12,0.0,0.0,0.0
2003-02-13,0.0,0.0,0.0
2003-02-14,0.0,0.0,0.02
2003-02-15,0.0,25.75,0.0
2003-02-16,36.01,13.22,35.21
2003-02-17,5.77,1.55,0.6
2003-02-18,0.0,0.0,0.0
2003-02-19,0.0,0.0,0.0
2003-02-20,0.0,0.0,0.0
2003-02-21,0.0,34.88,10.78
2003-02-22,44.95,12.52,22.5
2003-02-23,0.92,0.3,2.23
2003-02-24,0.0,0.0,0.01
2003-02-25,0.0,0.0,0.02
2003-02-26,0.0,14.7,4.28
2003-02-27,24.91,5.11,22.54
2003-02-28,0.04,0.33,0.08
2003-03-01,0.0,1.36,0.84
2003-03-02,3.1,0.49,1.32
2003-03-03,0.0,1.72,0.05
2003-03-04,4.65,0.66,4.04
2003-03-05,0.07,0.8,1.55
2003-03-06,1.95,20.03,11.07
2003-03-07,32.66,7.11,39.71
2003-03-08,0.0,1.24,0.08
2003-03-09,5.18,0.66,4.71
2003-03-10,0.0,0.1,0.0
2003-03-11,0.0,0.05,0.0
2003-03-12,0.0,0.37,0.07
2003-03-13,0.18,18.59,16.98
2003-03-14,23.27,35.67,5.87
2003-03-15,37.95,12.0,33.3
2003-03-16,3.2,1.95,0.0
2003-03-17,0.0,15.39,13.38
2003-03-18,21.25,5.95,3.49
2003-03-19,0.41,1.87,0.43
2003-03-20,2.24,0.52,3.18
2003-03-21,0.0,1.11,0.0
2003-03-22,0.0,0.37,0.0
2003-03-23,0.0,0.0,0.62
2003-03-24,0.0,0.0,0.0
2003-03-25,0.0,0.0,0.0
2003-03-26,0.0,0.03,0.08
2003-03-27,0.0,0.09,3.76
2003-03-28,0.0,0.41,0.0
2003-03-29,0.0,11.16,0.0
2003-03-30,13.65,3.7,13.42
2003-03-31,0.0,0.01,0.0
2003-04-01,0.0,0.0,0.0
2003-04-02,0.0,0.0,0.0
2003-04-03,0.0,0.13,0.0
2003-04-04,0.0,0.87,2.36
2003-04-05,0.67,4.49,1.08
2003-04-06,14.09,7.05,4.2
2003-04-07,17.89,47.24,53.35
2003-04-08,63.22,25.49,36.91
2003-04-09,14.95,3.56,2.45
2003-04-10,0.0,0.06,0.98
2003-04-11,0.0,0.01,0.2
2003-04-12,0.0,0.0,0.15
2003-04-13,0.0,0.0,0.0
2003-04-14,0.0,0.0,0.0
2003-04-15,0.0,0.0,0.0
2003-04-16,0.0,0.0,0.03
2003-04-17,0.0,0.01,0.04
2003-04-18,0.0,0.0,0.06
2003-04-19,0.0,0.0,0.0
2003-04-20,0.0,1.69,0.04
2003-04-21,0.0,3.14,4.8
2003-04-22,8.69,0.88,2.0
2003-04-23,0.0,0.17,0.0
2003-04-24,0.0,39.76,6.76
2003-04-25,57.75,39.71,57.75
2003-04-26,30.36,8.9,26.48
2003-04-27,0.0,0.03,0.03
2003-04-28,0.0,0.0,0.0
2003-04-29,0.0,0.0,0.0
2003-04-30,0.0,0.93,0.0
2003-05-01,0.0,0.31,1.91
2003-05-02,0.0,3.37,0.07
2003-05-03,6.17,5.97,13.42
2003-05-04,11.33,1.64,0.08
2003-05-05,0.0,0.02,0.0
2003-05-06,0.0,0.0,0.0
2003-05-07,0.0,0.0,0.0
2003-05-08,0.0,0.0,0.02
2003-05-09,0.0,0.0,0.0
2003-05-10,0.0,0.11,0.0
2003-05-11,0.0,4.59,2.19
2003-05-12,10.8,1.53,6.61
2003-05-13,0.0,0.01,0.0
2003-05-14,0.0,0.05,5.42
2003-05-15,0.0,4.32,10.22
2003-05-16,10.25,1.47,0.03
2003-05-17,0.0,0.35,0.0
2003-05-18,0.0,23.39,30.71
2003-05-19,27.96,10.21,3.17
2003-05-20,2.86,1.46,0.38
2003-05-21,0.0,17.95,8.39
2003-05-22,22.5,30.45,44.26
2003-05-23,35.97,8.2,2.51
2003-05-24,0.0,0.01,0.0
2003-05-25,0.0,6.48,0.05
2003-05-26,12.79,3.82,9.88
2003-05-27,1.86,0.55,0.07
2003-05-28,0.0,0.0,0.0
2003-05-29,0.0,0.0,0.0
2003-05-30,0.0,0.0,0.0
2003-05-31,0.0,0.0,0.0
2003-06-01,0.0,0.28,0.0
2003-06-02,0.0,11.54,0.12
2003-06-03,16.27,18.92,17.11
2003-06-04,17.94,5.05,10.14
2003-06-05,0.0,0.5,0.2
2003-06-06,0.0,30.89,28.71
2003-06-07,39.06,34.99,33.21
2003-06-08,31.46,8.31,6.01
2003-06-09,0.0,0.02,0.35
2003-06-10,0.0,1.53,0.02
2003-06-11,0.51,5.94,5.3
2003-06-12,8.8,8.89,13.02
2003-06-13,14.99,20.51,16.82
2003-06-14,20.16,23.09,9.84
2003-06-15,21.32,29.74,10.34
2003-06-16,29.58,9.66,21.89
2003-06-17,4.11,7.0,6.27
2003-06-18,10.85,17.15,17.14
2003-06-19,30.52,14.11,31.35
2003-06-20,12.07,3.19,0.28
2003-06-21,0.0,0.05,0.04
2003-06-22,0.0,0.0,0.0
2003-06-23,0.0,0.0,0.01
2003-06-24,0.0,0.0,0.1
2003-06-25,0.0,0.0,0.0
2003-06-26,0.0,0.0,0.0
2003-06-27,0.0,2.71,1.13
2003-06-28,4.64,0.91,5.85
2003-06-29,0.0,10.11,7.82
2003-06-30,12.8,37.17,22.06
2003-07-01,54.76,42.99,54.17
2003-07-02,35.35,15.83,2.19
2003-07-03,5.07,6.96,7.0
2003-07-04,2.98,12.38,20.56
2003-07-05,16.86,4.59,3.46
2003-07-06,3.33,0.38,1.42
2003-07-07,0.0,8.04,5.76
2003-07-08,6.09,2.68,0.79
2003-07-09,0.0,0.26,0.1
2003-07-10,0.0,0.52,0.09
2003-07-11,0.0,7.7,10.98
2003-07-12,12.16,3.38,13.53
2003-07-13,0.0,39.38,8.66
2003-07-14,44.7,13.07,31.4
2003-07-15,0.0,0.05,0.06
2003-07-16,0.0,0.81,0.07
2003-07-17,0.0,5.3,4.76
2003-07-18,9.07,1.84,0.13
2003-07-19,0.0,9.5,13.82
2003-07-20,14.03,3.25,0.07
2003-07-21,0.0,1.83,2.26
2003-07-22,1.34,5.31,6.65
2003-07-23,7.41,5.3,9.59
2003-07-24,11.08,1.3,0.31
2003-07-25,0.0,0.06,0.38
2003-07-26,0.0,0.72,3.5
2003-07-27,0.0,0.34,2.14
2003-07-28,0.01,9.76,6.58
2003-07-29,12.84,13.49,11.05
2003-07-30,16.29,3.55,2.71
2003-07-31,0.0,3.43,9.39
2003-08-01,8.32,1.81,2.73
2003-08-02,0.69,1.52,4.11
2003-08-03,2.12,6.97,6.77
2003-08-04,3.6,12.41,1.91
2003-08-05,12.23,25.29,23.17
2003-08-06,30.98,30.39,26.37
2003-08-07,34.27,23.6,9.15
2003-08-08,13.93,5.3,0.35
2003-08-09,0.0,0.0,0.05
2003-08-10,0.0,0.0,0.07
2003-08-11,0.0,0.19,0.93
2003-08-12,0.0,3.56,2.13
2003-08-13,6.08,22.31,2.87
2003-08-14,28.31,7.05,18.49
2003-08-15,0.0,0.37,0.17
2003-08-16,0.0,4.37,4.67
2003-08-17,3.95,3.68,9.27
2003-08-18,0.24,2.27,2.58
2003-08-19,1.41,10.19,3.39
2003-08-20,4.63,5.51,11.19
2003-08-21,3.32,1.96,3.32
2003-08-22,0.0,2.25,2.69
2003-08-23,1.76,0.62,0.04
2003-08-24,0.0,0.0,0.04
2003-08-25,0.0,3.29,5.23
2003-08-26,1.81,2.84,1.37
2003-08-27,0.0,3.72,6.2
2003-08-28,4.59,13.2,0.51
2003-08-29,11.64,8.35,10.14
2003-08-30,3.02,2.49,1.65
2003-08-31,0.0,0.38,0.73
2003-09-01,0.0,0.01,0.12
2003-09-02,0.0,0.06,0.15
2003-09-03,0.0,0.41,0.06
2003-09-04,0.0,8.76,10.0
2003-09-05,9.68,22.45,18.37
2003-09-06,24.18,18.57,16.53
2003-09-07,22.33,6.27,23.31
2003-09-08,2.22,0.75,0.03
2003-09-09,0.0,0.0,0.02
2003-09-10,0.0,0.0,0.05
2003-09-11,0.0,0.0,0.0
2003-09-12,0.0,0.0,0.0
2003-09-13,0.0,0.03,0.04
2003-09-14,0.0,7.8,9.45
2003-09-15,11.98,2.6,0.13
2003-09-16,0.0,0.0,0.0
2003-09-17,0.0,0.0,0.0
2003-09-18,0.0,0.0,0.0
2003-09-19,0.0,0.0,0.0
2003-09-20,0.0,0.08,0.0
2003-09-21,0.0,6.47,8.61
2003-09-22,10.47,21.9,31.89
2003-09-23,28.71,6.66,4.55
2003-09-24,0.0,0.02,0.0
2003-09-25,0.0,0.25,0.3
2003-09-26,0.66,0.55,0.08
2003-09-27,0.0,4.03,0.0
2003-09-28,0.16,1.29,3.97
2003-09-29,0.0,0.0,0.0
2003-09-30,0.0,0.0,0.0
2003-10-01,0.0,0.0,0.0
2003-10-02,0.0,0.0,0.0
2003-10-03,0.0,0.0,0.0
2003-10-04,0.0,0.0,0.0
2003-10-05,0.0,0.07,0.0
2003-10-06,0.0,0.05,0.22
2003-10-07,0.0,0.11,0.96
2003-10-08,0.0,0.03,4.46
2003-10-09,0.0,0.02,0.01
2003-10-10,0.0,12.94,11.99
2003-10-11,17.37,4.79,4.35
2003-10-12,0.0,0.17,0.17
2003-10-13,0.0,0.0,0.0
2003-10-14,0.0,0.0,0.03
2003-10-15,0.0,0.0,0.04
2003-10-16,0.0,0.0,0.01
2003-10-17,0.0,0.09,0.48
2003-10-18,0.0,0.03,0.0
2003-10-19,0.0,0.0,0.0
2003-10-20,0.0,0.0,0.0
2003-10-21,0.0,0.0,0.0
2003-10-22,0.0,0.0,0.0
2003-10-23,0.0,0.0,0.0
2003-10-24,0.0,0.0,0.0
2003-10-25,0.0,0.0,0.0
2003-10-26,0.0,14.93,15.16
2003-10-27,19.11,5.08,0.05
2003-10-28,0.52,0.05,0.37
2003-10-29,0.0,0.0,0.06
2003-10-30,0.0,0.0,0.0
2003-10-31,0.0,0.0,0.0
2003-11-01,0.0,0.0,0.0
2003-11-02,0.0,0.0,0.0
2003-11-03,0.0,0.0,0.0
2003-11-04,0.0,0.92,0.85
2003-11-05,2.96,2.83,3.12
2003-11-06,4.02,0.84,0.04
2003-11-07,0.0,0.0,0.0
2003-11-08,0.0,0.0,0.0
2003-11-09,0.0,0.0,0.0
2003-11-10,0.0,0.0,0.0
2003-11-11,0.0,0.0,0.0
2003-11-12,0.0,0.0,0.0
2003-11-13,0.0,0.0,0.0
2003-11-14,0.0,0.0,0.0
2003-11-15,0.0,0.0,0.0
2003-11-16,0.0,0.71,0.92
2003-11-17,0.0,0.24,0.0
2003-11-18,0.0,21.7,4.44
2003-11-19,34.97,7.4,31.49
2003-11-20,0.0,0.05,0.0
2003-11-21,0.0,0.0,0.0
2003-11-22,0.0,0.0,0.0
2003-11-23,0.0,9.38,0.0
2003-11-24,15.41,3.2,16.31
2003-11-25,0.0,0.02,0.0
2003-11-26,0.0,0.42,0.0
2003-11-27,0.0,30.09,13.19
2003-11-28,42.58,10.06,22.52
2003-11-29,0.0,0.03,0.0
2003-11-30,0.0,0.0,0.02
2003-12-01,0.0,0.0,0.0
2003-12-02,0.0,0.12,0.0
2003-12-03,0.0,7.91,0.0
2003-12-04,11.68,3.08,12.19
2003-12-05,0.07,0.15,0.39
2003-12-06,0.0,0.0,0.0
2003-12-07,0.0,0.0,0.0
2003-12-08,0.0,0.2,0.01
2003-12-09,0.0,14.64,0.0
2003-12-10,21.27,5.18,27.44
2003-12-11,0.0,0.11,0.06
2003-12-12,0.0,0.29,0.0
2003-12-13,0.0,14.9,12.45
2003-12-14,20.27,4.98,3.32
2003-12-15,0.0,0.05,0.06
2003-12-16,0.0,2.98,0.0
2003-12-17,7.36,1.15,6.84
2003-12-18,0.0,0.05,0.02
2003-12-19,0.0,0.0,0.05
2003-12-20,0.0,0.0,0.0
2003-12-21,0.0,0.0,0.0
2003-12-22,0.0,0.12,0.0
2003-12-23,0.0,14.09,5.62
2003-12-24,19.81,4.73,16.04
2003-12-25,0.0,0.02,0.0
2003-12-26,0.0,0.0,0.0
2003-12-27,0.0,0.0,0.0
2003-12-28,0.0,0.26,0.0
2003-12-29,0.0,7.85,0.0
2003-12-30,11.51,2.63,12.17
2003-12-31,0.0,0.02,0.0
2004-01-01,0.0,0.01,0.0
2004-01-02,0.0,0.18,0.08
2004-01-03,0.0,0.08,0.0
2004-01-04,0.0,0.28,0.06
2004-01-05,0.0,2.78,3.47
2004-01-06,3.99,0.91,0.67
2004-01-07,0.0,0.04,0.0
2004-01-08,0.0,2.63,1.69
2004-01-09,6.02,1.49,4.56
2004-01-10,0.0,0.21,0.0
2004-01-11,0.0,0.0,0.01
2004-01-12,0.0,0.0,0.0
2004-01-13,0.0,0.0,0.0
2004-01-14,0.0,0.53,0.0
2004-01-15,0.0,0.18,0.0
2004-01-16,0.0,0.39,0.0
2004-01-17,0.0,11.31,2.01
2004-01-18,17.22,3.99,15.65
2004-01-19,0.0,0.22,0.93
2004-01-20,0.0,0.04,0.0
2004-01-21,0.0,0.0,0.0
2004-01-22,0.0,0.0,0.0
2004-01-23,0.0,0.0,0.0
2004-01-24,0.0,1.56,0.02
2004-01-25,5.9,30.08,5.44
2004-01-26,37.82,23.15,42.7
2004-01-27,14.7,4.44,0.76
2004-01-28,0.0,0.01,0.01
2004-01-29,0.0,0.03,0.0
2004-01-30,0.0,0.01,0.03
2004-01-31,0.0,0.1,0.0
2004-02-01,0.0,0.49,0.16
2004-02-02,0.0,0.19,0.31
2004-02-03,0.0,0.01,0.0
2004-02-04,0.0,0.04,0.0
2004-02-05,0.0,1.24,0.0
2004-02-06,3.25,27.28,27.74
2004-02-07,35.41,9.02,0.03
2004-02-08,0.0,0.02,0.0
2004-02-09,0.0,0.28,0.0
2004-02-10,1.99,1.56,0.79
2004-02-11,4.52,29.62,5.62
2004-02-12,37.5,10.08,27.71
2004-02-13,0.87,8.21,0.17
2004-02-14,11.39,4.25,11.1
2004-02-15,3.57,0.54,1.37
2004-02-16,0.0,0.06,0.07
2004-02-17,0.07,0.02,0.05
2004-02-18,0.0,0.0,0.0
2004-02-19,0.0,0.0,0.0
2004-02-20,0.0,0.0,0.0
2004-02-21,0.0,0.0,0.0
2004-02-22,0.0,0.49,0.0
2004-02-23,0.0,19.14,20.45
2004-02-24,23.24,10.18,4.73
2004-02-25,14.56,32.16,26.44
2004-02-26,31.63,12.4,11.19
2004-02-27,2.0,0.7,0.11
2004-02-28,0.0,0.0,0.22
2004-02-29,0.0,0.0,0.35
2004-03-01,0.0,0.0,0.47
2004-03-02,0.0,0.0,1.8
2004-03-03,0.0,0.0,0.1
2004-03-04,0.0,0.01,0.0
2004-03-05,0.0,0.77,0.0
2004-03-06,2.46,0.84,3.36
2004-03-07,0.0,0.19,0.0
2004-03-08,0.0,0.0,0.0
2004-03-09,0.0,0.0,0.0
2004-03-10,0.0,0.0,0.0
2004-03-11,0.0,0.0,0.0
2004-03-12,0.0,0.0,0.0
2004-03-13,0.0,0.0,0.0
2004-03-14,0.0,0.3,0.0
2004-03-15,0.52,2.53,0.18
2004-03-16,4.92,2.12,5.83
2004-03-17,1.03,0.44,0.0
2004-03-18,0.0,0.0,0.01
2004-03-19,0.0,0.0,0.0
2004-03-20,0.0,0.0,0.01
2004-03-21,0.0,0.0,0.0
2004-03-22,0.0,0.0,0.0
2004-03-23,0.0,0.0,0.0
2004-03-24,0.0,0.0,0.0
2004-03-25,0.0,0.0,0.0
2004-03-26,0.0,0.0,0.0
2004-03-27,0.0,0.0,0.0
2004-03-28,0.0,0.02,0.0
2004-03-29,0.0,0.52,0.0
2004-03-30,2.01,2.39,3.09
2004-03-31,3.02,0.74,2.56
2004-04-01,0.0,0.0,0.0
2004-04-02,0.0,0.0,0.0
2004-04-03,0.0,0.0,0.0
2004-04-04,0.0,0.0,0.0
2004-04-05,0.0,0.0,0.01
2004-04-06,0.0,0.0,0.0
2004-04-07,0.0,0.25,0.01
2004-04-08,0.15,1.83,9.55
2004-04-09,2.3,0.58,0.02
2004-04-10,0.0,0.01,0.0
2004-04-11,0.0,0.4,0.96
2004-04-12,1.78,2.97,2.18
2004-04-13,9.06,2.15,6.8
2004-04-14,2.21,0.41,1.18
2004-04-15,0.0,0.0,0.01
2004-04-16,0.0,0.0,0.01
2004-04-17,0.0,0.0,0.0
2004-04-18,0.0,0.0,0.0
2004-04-19,0.0,0.0,0.0
2004-04-20,0.0,0.0,0.0
2004-04-21,0.0,0.0,0.0
2004-04-22,0.0,0.0,0.01
2004-04-23,0.0,0.0,0.07
2004-04-24,0.0,0.0,0.0
2004-04-25,0.0,0.3,0.01
2004-04-26,0.97,7.98,10.64
2004-04-27,10.31,2.67,0.03
2004-04-28,0.0,0.01,0.0
2004-04-29,0.0,30.89,0.37
2004-04-30,37.87,25.29,40.32
2004-05-01,18.98,18.36,3.38
2004-05-02,20.1,4.53,13.59
2004-05-03,0.0,0.03,0.02
2004-05-04,0.0,0.0,0.08
2004-05-05,0.0,0.0,0.01
2004-05-06,0.0,0.0,0.0
2004-05-07,0.0,0.0,0.07
2004-05-08,0.0,0.0,0.02
2004-05-09,0.0,2.59,1.63
2004-05-10,2.04,1.58,7.66
2004-05-11,0.88,0.36,0.73
2004-05-12,0.0,2.27,6.63
2004-05-13,5.38,23.76,16.4
2004-05-14,27.24,7.78,2.64
2004-05-15,0.0,0.04,0.22
2004-05-16,0.0,1.29,0.3
2004-05-17,1.43,0.47,0.14
2004-05-18,0.0,14.12,0.87
2004-05-19,16.73,4.72,16.29
2004-05-20,0.0,0.01,0.29
2004-05-21,0.0,0.09,4.15
2004-05-22,0.0,0.98,0.52
2004-05-23,0.0,0.32,0.01
2004-05-24,0.0,0.0,0.0
2004-05-25,0.0,0.0,0.02
2004-05-26,0.0,0.07,0.0
2004-05-27,0.0,0.02,0.0
2004-05-28,0.0,0.0,0.0
2004-05-29,0.0,0.03,0.0
2004-05-30,0.0,0.16,0.1
2004-05-31,0.0,6.74,1.93
2004-06-01,10.99,15.1,23.44
2004-06-02,16.81,10.85,7.67
2004-06-03,11.65,4.97,4.96
2004-06-04,6.81,1.31,0.2
2004-06-05,0.0,0.14,0.07
2004-06-06,0.0,6.08,10.02
2004-06-07,9.81,2.05,0.49
2004-06-08,0.0,0.12,1.63
2004-06-09,0.0,0.04,1.1
2004-06-10,0.0,0.02,0.06
2004-06-11,0.0,0.01,0.69
2004-06-12,0.0,3.71,3.97
2004-06-13,4.95,6.09,5.59
2004-06-14,19.16,19.02,43.2
2004-06-15,20.69,22.12,39.81
2004-06-16,14.55,17.91,3.3
2004-06-17,3.43,5.22,1.14
2004-06-18,0.0,1.69,6.2
2004-06-19,4.44,0.58,2.92
2004-06-20,0.0,0.05,0.27
2004-06-21,0.0,0.68,0.02
2004-06-22,0.0,11.06,8.98
2004-06-23,17.35,19.39,18.86
2004-06-24,21.61,10.08,7.01
2004-06-25,8.5,7.6,8.26
2004-06-26,9.26,11.16,5.14
2004-06-27,12.28,7.82,12.61
2004-06-28,10.23,11.24,3.01
2004-06-29,13.48,5.78,3.77
2004-06-30,0.0,3.86,8.27
2004-07-01,0.0,2.24,4.28
2004-07-02,4.98,4.18,3.8
2004-07-03,3.15,1.29,3.61
2004-07-04,0.0,0.01,0.0
2004-07-05,0.0,0.0,0.0
2004-07-06,0.0,1.35,4.11
2004-07-07,4.33,21.72,0.74
2004-07-08,23.43,8.46,13.76
2004-07-09,0.0,0.46,2.09
2004-07-10,0.0,0.0,0.0
2004-07-11,0.0,0.0,0.05
2004-07-12,0.0,0.02,0.0
2004-07-13,0.0,4.2,12.07
2004-07-14,7.76,1.82,0.53
2004-07-15,0.0,4.17,0.57
2004-07-16,0.8,1.86,8.14
2004-07-17,0.19,10.56,12.11
2004-07-18,12.74,4.76,1.05
2004-07-19,0.0,0.43,0.96
2004-07-20,0.0,0.0,0.02
2004-07-21,0.0,0.0,0.0
2004-07-22,0.0,0.0,0.0
2004-07-23,0.0,0.0,0.0
2004-07-24,0.0,0.06,0.0
2004-07-25,0.0,0.09,0.03
2004-07-26,0.0,0.19,6.25
2004-07-27,0.0,8.54,0.42
2004-07-28,11.31,6.13,7.79
2004-07-29,0.0,1.56,0.46
2004-07-30,0.0,0.64,1.0
2004-07-31,0.0,0.39,1.76
2004-08-01,0.0,0.88,1.85
2004-08-02,0.0,0.27,0.29
2004-08-03,0.0,0.0,0.04
2004-08-04,0.0,0.0,0.01
2004-08-05,0.0,0.01,0.02
2004-08-06,0.0,0.0,0.87
2004-08-07,0.0,0.0,0.01
2004-08-08,0.0,0.09,0.0
2004-08-09,0.0,0.37,3.08
2004-08-10,0.48,38.89,30.74
2004-08-11,45.68,20.51,7.63
2004-08-12,12.32,17.58,15.91
2004-08-13,19.41,5.02,0.17
2004-08-14,0.0,0.0,0.0
2004-08-15,0.0,0.0,0.0
2004-08-16,0.0,0.0,0.0
2004-08-17,0.0,0.0,0.0
2004-08-18,0.0,0.0,0.0
2004-08-19,0.0,0.06,0.0
2004-08-20,0.0,12.01,6.43
2004-08-21,13.17,19.84,20.61
2004-08-22,22.13,12.18,6.61
2004-08-23,8.33,2.78,1.26
2004-08-24,0.0,0.17,0.05
2004-08-25,0.0,4.73,6.54
2004-08-26,14.65,1.87,0.66
2004-08-27,0.0,2.5,0.08
2004-08-28,2.15,1.69,0.03
2004-08-29,0.0,6.14,7.3
2004-08-30,6.94,4.53,7.37
2004-08-31,0.0,17.6,7.31
2004-09-01,14.41,13.33,11.34
2004-09-02,12.92,43.16,16.98
2004-09-03,47.62,14.15,23.6
2004-09-04,0.0,0.21,0.0
2004-09-05,0.0,0.14,0.01
2004-09-06,0.0,13.23,0.29
2004-09-07,22.1,8.34,22.39
2004-09-08,7.69,1.33,0.34
2004-09-09,0.0,0.01,0.01
2004-09-10,0.0,0.54,0.03
2004-09-11,0.0,4.19,2.9
2004-09-12,6.34,1.38,0.61
2004-09-13,0.0,1.29,2.06
2004-09-14,1.81,3.37,0.18
2004-09-15,0.0,41.15,1.6
2004-09-16,77.37,36.82,108.99
2004-09-17,75.76,7.95,0.61
2004-09-18,0.0,0.05,0.0
2004-09-19,0.0,0.0,0.0
2004-09-20,0.0,0.0,0.0
2004-09-21,0.0,0.0,0.01
2004-09-22,0.0,0.0,0.0
2004-09-23,0.0,0.0,0.01
2004-09-24,0.0,0.0,0.0
2004-09-25,0.0,0.0,0.0
2004-09-26,0.0,0.0,0.0
2004-09-27,0.0,0.11,0.65
2004-09-28,0.0,0.04,0.34
2004-09-29,0.0,0.0,0.0
2004-09-30,0.0,0.0,0.05
2004-10-01,0.0,0.0,0.01
2004-10-02,0.0,0.0,0.0
2004-10-03,0.0,0.0,0.0
2004-10-04,0.0,0.0,0.0
2004-10-05,0.0,0.0,0.0
2004-10-06,0.0,0.0,0.0
2004-10-07,0.0,0.0,0.04
2004-10-08,0.0,0.0,0.0
2004-10-09,0.0,0.0,0.0
2004-10-10,0.0,1.7,2.01
2004-10-11,3.6,5.56,3.89
2004-10-12,6.25,1.76,1.09
2004-10-13,0.0,0.03,0.02
2004-10-14,0.0,2.0,0.74
2004-10-15,2.39,0.68,2.77
2004-10-16,0.0,0.0,0.0
2004-10-17,0.0,0.0,0.0
2004-10-18,0.0,0.0,0.0
2004-10-19,0.0,26.8,8.02
2004-10-20,37.05,9.17,24.05
2004-10-21,0.0,0.08,1.51
2004-10-22,0.0,0.0,0.02
2004-10-23,0.0,18.78,0.0
2004-10-24,23.57,6.43,19.85
2004-10-25,0.0,0.08,0.37
2004-10-26,0.0,0.01,0.01
2004-10-27,0.0,0.0,0.0
2004-10-28,0.0,0.07,0.34
2004-10-29,0.0,0.02,0.15
2004-10-30,0.0,0.0,0.0
2004-10-31,0.0,0.0,0.0
2004-11-01,0.0,0.97,0.22
2004-11-02,6.28,6.17,1.87
2004-11-03,10.99,12.71,9.4
2004-11-04,15.68,5.55,20.05
2004-11-05,0.0,0.65,0.03
2004-11-06,0.0,0.0,0.0
2004-11-07,0.0,0.0,0.0
2004-11-08,0.0,0.0,0.0
2004-11-09,0.0,0.09,0.0
2004-11-10,0.0,1.15,0.0
2004-11-11,4.89,11.52,12.47
2004-11-12,16.27,3.78,7.36
2004-11-13,0.0,0.02,0.0
2004-11-14,0.0,0.0,0.0
2004-11-15,0.0,0.0,0.0
2004-11-16,0.0,0.0,0.0
2004-11-17,0.0,0.0,0.0
2004-11-18,0.0,0.06,0.09
2004-11-19,0.0,2.55,4.32
2004-11-20,6.0,6.73,0.76
2004-11-21,10.7,8.67,11.66
2004-11-22,10.76,7.29,4.28
2004-11-23,11.25,3.37,9.41
2004-11-24,6.56,33.3,40.43
2004-11-25,44.81,11.07,0.0
2004-11-26,0.0,0.25,0.0
2004-11-27,0.0,28.63,14.68
2004-11-28,32.77,9.57,0.03
2004-11-29,0.0,0.09,0.0
2004-11-30,0.0,6.74,0.0
2004-12-01,9.41,2.26,8.35
2004-12-02,0.0,0.01,0.0
2004-12-03,0.0,0.0,0.01
2004-12-04,0.0,0.14,0.01
2004-12-05,0.0,10.85,7.22
2004-12-06,14.79,5.89,5.45
2004-12-07,5.68,2.15,3.68
2004-12-08,2.22,1.84,0.0
2004-12-09,3.41,11.08,14.19
2004-12-10,14.56,3.57,0.32
2004-12-11,0.0,0.07,0.03
2004-12-12,0.0,0.02,0.0
2004-12-13,0.0,0.0,0.0
2004-12-14,0.0,0.0,0.0
2004-12-15,0.0,0.0,0.0
2004-12-16,0.0,0.0,0.0
2004-12-17,0.0,0.0,0.0
2004-12-18,0.0,0.0,0.0
2004-12-19,0.0,0.0,0.0
2004-12-20,0.0,0.0,0.0
2004-12-21,0.0,0.38,0.0
2004-12-22,0.0,22.55,6.9
2004-12-23,32.87,7.57,23.54
2004-12-24,0.0,0.11,0.0
2004-12-25,0.0,2.03,0.4
2004-12-26,1.95,0.67,1.38
2004-12-27,0.0,0.0,0.0
2004-12-28,0.0,0.0,0.0
2004-12-29,0.0,0.0,0.0
2004-12-30,0.0,0.0,0.0
2004-12-31,0.0,0.26,0.01
2005-01-01,0.0,0.38,0.0
2005-01-02,0.0,0.1,0.0
2005-01-03,0.0,0.0,0.0
2005-01-04,0.0,0.0,0.01
2005-01-05,0.0,0.31,0.0
2005-01-06,0.85,0.35,1.42
2005-01-07,0.0,3.56,0.07
2005-01-08,8.0,3.05,6.41
2005-01-09,0.75,0.77,0.0
2005-01-10,0.0,0.05,0.0
2005-01-11,0.0,0.0,0.01
2005-01-12,0.0,0.0,0.0
2005-01-13,0.0,31.04,29.41
2005-01-14,37.25,10.44,6.57
2005-01-15,0.0,0.03,0.0
2005-01-16,0.0,0.0,0.0
2005-01-17,0.0,0.0,0.0
2005-01-18,0.0,0.0,0.0
2005-01-19,0.0,0.0,0.0
2005-01-20,0.0,0.0,0.0
2005-01-21,0.0,0.0,0.0
2005-01-22,0.0,0.0,0.0
2005-01-23,0.0,0.0,0.0
2005-01-24,0.0,0.0,0.0
2005-01-25,0.0,0.0,0.01
2005-01-26,0.0,0.0,0.0
2005-01-27,0.0,0.0,0.0
2005-01-28,0.0,8.7,1.83
2005-01-29,13.02,8.15,16.34
2005-01-30,7.71,1.76,0.0
2005-01-31,0.0,4.24,0.55
2005-02-01,7.51,6.62,4.64
2005-02-02,11.94,13.43,21.29
2005-02-03,16.57,3.95,3.93
2005-02-04,0.0,0.02,0.0
2005-02-05,0.0,0.34,0.0
2005-02-06,0.0,0.11,0.0
2005-02-07,0.0,0.0,0.0
2005-02-08,0.0,0.51,0.38
2005-02-09,6.65,18.08,23.23
2005-02-10,22.87,6.03,0.11
2005-02-11,0.0,0.02,0.0
2005-02-12,0.0,0.15,0.0
2005-02-13,0.0,7.71,0.02
2005-02-14,10.18,2.78,10.27
2005-02-15,0.0,0.1,0.0
2005-02-16,0.0,0.01,0.07
2005-02-17,0.0,0.0,0.01
2005-02-18,0.0,0.0,0.0
2005-02-19,0.0,0.0,0.0
2005-02-20,0.0,0.25,0.01
2005-02-21,0.0,0.31,1.25
2005-02-22,0.0,0.11,0.0
2005-02-23,0.0,4.16,0.15
2005-02-24,5.61,3.1,4.18
2005-02-25,2.28,0.59,1.33
2005-02-26,0.0,0.43,0.0
2005-02-27,1.57,10.86,13.27
2005-02-28,15.81,3.78,2.17
2005-03-01,0.03,0.27,0.0
2005-03-02,0.0,0.21,0.0
2005-03-03,0.01,0.14,0.82
2005-03-04,0.15,0.03,0.05
2005-03-05,0.0,0.0,0.0
2005-03-06,0.0,0.05,0.0
2005-03-07,0.0,3.46,0.01
2005-03-08,6.7,1.16,6.66
2005-03-09,0.0,0.0,0.0
2005-03-10,0.0,0.0,0.0
2005-03-11,0.0,0.0,0.0
2005-03-12,0.0,0.0,0.0
2005-03-13,0.0,0.0,0.0
2005-03-14,0.0,0.25,0.23
2005-03-15,0.0,9.45,0.25
2005-03-16,20.38,5.38,20.98
2005-03-17,4.74,0.76,0.58
2005-03-18,0.0,0.0,0.02
2005-03-19,0.0,0.0,0.0
2005-03-20,0.0,2.81,0.2
2005-03-21,7.08,1.25,2.34
2005-03-22,0.0,6.88,8.34
2005-03-23,10.75,2.29,2.38
2005-03-24,0.0,3.5,0.0
2005-03-25,1.16,1.82,2.24
2005-03-26,0.0,54.51,0.44
2005-03-27,83.71,48.75,103.92
2005-03-28,35.17,10.26,0.49
2005-03-29,0.0,0.01,0.0
2005-03-30,0.0,1.1,0.0
2005-03-31,0.0,35.38,20.2
2005-04-01,59.66,43.67,71.44
2005-04-02,39.88,10.68,2.84
2005-04-03,0.0,0.01,0.0
2005-04-04,0.0,0.0,0.0
2005-04-05,0.0,1.93,0.0
2005-04-06,0.0,38.12,7.77
2005-04-07,51.1,12.7,42.34
2005-04-08,0.0,0.07,0.04
2005-04-09,0.0,0.01,0.06
2005-04-10,0.0,0.18,0.0
2005-04-11,0.0,11.68,0.0
2005-04-12,18.04,4.3,16.86
2005-04-13,0.0,0.14,1.01
2005-04-14,0.0,0.0,0.0
2005-04-15,0.0,0.0,0.0
2005-04-16,0.0,0.0,0.0
2005-04-17,0.0,0.0,0.0
2005-04-18,0.0,0.0,0.0
2005-04-19,0.0,0.0,0.0
2005-04-20,0.0,0.03,0.0
2005-04-21,0.0,4.93,11.6
2005-04-22,12.76,16.3,4.26
2005-04-23,20.53,4.94,15.63
2005-04-24,0.0,0.68,0.02
2005-04-25,0.0,6.55,1.12
2005-04-26,10.55,3.56,10.91
2005-04-27,4.19,0.49,0.34
2005-04-28,0.0,0.0,0.05
2005-04-29,0.0,13.81,0.0
2005-04-30,0.74,30.89,37.67
2005-05-01,34.26,8.84,0.16
2005-05-02,0.0,0.03,0.01
2005-05-03,0.0,0.0,0.0
2005-05-04,0.0,0.0,0.03
2005-05-05,0.0,0.69,1.19
2005-05-06,0.72,0.24,0.18
2005-05-07,0.0,0.0,0.0
2005-05-08,0.0,0.0,0.01
2005-05-09,0.0,0.01,0.02
2005-05-10,0.0,0.0,0.04
2005-05-11,0.0,0.03,0.32
2005-05-12,0.0,0.01,0.0
2005-05-13,0.0,0.0,0.05
2005-05-14,0.0,0.49,0.14
2005-05-15,0.03,1.29,1.23
2005-05-16,0.0,0.38,0.16
2005-05-17,0.0,0.0,0.04
2005-05-18,0.0,0.0,0.0
2005-05-19,0.0,0.21,0.0
2005-05-20,0.0,2.98,2.07
2005-05-21,6.62,0.97,3.52
2005-05-22,0.0,0.0,0.0
2005-05-23,0.0,0.0,0.0
2005-05-24,0.0,0.0,0.14
2005-05-25,0.0,0.0,0.01
2005-05-26,0.0,0.0,0.0
2005-05-27,0.0,0.0,0.0
2005-05-28,0.0,0.0,0.0
2005-05-29,0.0,9.8,11.51
2005-05-30,16.98,4.35,4.03
2005-05-31,1.98,9.21,17.99
2005-06-01,21.47,8.17,15.46
2005-06-02,5.94,12.88,11.47
2005-06-03,13.35,5.3,2.05
2005-06-04,1.15,0.53,0.08
2005-06-05,0.0,0.1,0.02
2005-06-06,0.0,17.88,8.84
2005-06-07,26.71,7.27,2.52
2005-06-08,0.0,9.79,12.61
2005-06-09,14.92,3.27,2.44
2005-06-10,0.0,11.65,1.77
2005-06-11,17.75,17.49,29.94
2005-06-12,22.88,5.6,2.92
2005-06-13,0.0,0.35,1.34
2005-06-14,0.0,0.0,0.02
2005-06-15,0.0,0.0,0.08
2005-06-16,0.0,0.0,0.03
2005-06-17,0.0,0.96,0.0
2005-06-18,1.37,0.41,2.55
2005-06-19,0.0,0.03,0.0
2005-06-20,0.0,0.0,0.0
2005-06-21,0.0,0.0,0.0
2005-06-22,0.0,0.0,0.18
2005-06-23,0.0,0.0,0.02
2005-06-24,0.0,0.06,0.0
2005-06-25,0.0,0.04,0.0
2005-06-26,0.0,0.01,0.0
2005-06-27,0.0,0.08,0.02
2005-06-28,0.0,3.32,11.51
2005-06-29,11.83,11.05,5.51
2005-06-30,14.23,3.7,0.59
2005-07-01,0.0,3.12,0.93
2005-07-02,8.29,10.58,21.95
2005-07-03,18.17,22.65,12.71
2005-07-04,22.56,13.75,12.39
2005-07-05,8.04,2.47,0.49
2005-07-06,0.0,10.31,22.24
2005-07-07,20.02,3.47,0.83
2005-07-08,0.0,0.01,0.06
2005-07-09,0.0,6.05,4.27
2005-07-10,16.78,26.21,46.41
2005-07-11,41.73,11.23,8.11
2005-07-12,0.0,1.19,0.39
2005-07-13,0.0,15.03,15.96
2005-07-14,16.72,15.96,14.4
2005-07-15,19.08,7.97,10.7
2005-07-16,12.88,7.4,3.61
2005-07-17,7.3,3.03,0.73
2005-07-18,0.0,1.54,4.75
2005-07-19,0.0,0.43,0.99
2005-07-20,0.0,5.62,0.17
2005-07-21,7.49,6.86,6.21
2005-07-22,5.29,1.76,1.2
2005-07-23,0.0,0.99,2.41
2005-07-24,0.0,0.32,0.81
2005-07-25,0.0,0.16,0.43
2005-07-26,0.0,0.05,0.2
2005-07-27,0.0,2.0,0.69
2005-07-28,0.0,1.04,2.19
2005-07-29,0.33,5.43,3.33
2005-07-30,17.6,5.41,6.44
2005-07-31,1.18,13.97,4.44
2005-08-01,20.47,8.84,7.37
2005-08-02,9.82,3.44,2.02
2005-08-03,4.38,4.0,8.46
2005-08-04,6.37,5.77,7.73
2005-08-05,4.98,8.58,13.15
2005-08-06,10.27,2.91,2.15
2005-08-07,4.19,5.83,6.94
2005-08-08,14.69,6.79,6.73
2005-08-09,7.32,6.78,2.67
2005-08-10,6.77,6.63,15.21
2005-08-11,12.89,6.09,0.21
2005-08-12,12.77,3.92,9.67
2005-08-13,4.2,3.31,1.89
2005-08-14,0.0,1.35,6.46
2005-08-15,0.46,18.58,5.56
2005-08-16,29.64,14.44,33.84
2005-08-17,16.35,18.61,25.55
2005-08-18,9.31,5.29,27.78
2005-08-19,0.0,0.0,0.01
2005-08-20,0.0,0.26,0.08
2005-08-21,0.0,0.89,0.06
2005-08-22,0.27,2.94,4.54
2005-08-23,6.45,0.91,0.82
2005-08-24,0.0,0.02,0.11
2005-08-25,0.0,0.0,0.49
2005-08-26,0.0,0.01,0.0
2005-08-27,0.0,0.04,0.0
2005-08-28,0.0,2.0,0.81
2005-08-29,1.25,40.7,18.77
2005-08-30,48.52,13.76,17.6
2005-08-31,0.43,5.86,3.23
2005-09-01,10.46,1.91,2.72
2005-09-02,0.0,0.0,0.0
2005-09-03,0.0,0.02,0.0
2005-09-04,0.0,0.01,0.0
2005-09-05,0.0,0.0,0.0
2005-09-06,0.0,0.0,0.0
2005-09-07,0.0,0.0,0.0
2005-09-08,0.0,0.0,0.0
2005-09-09,0.0,0.0,0.0
2005-09-10,0.0,0.0,0.0
2005-09-11,0.0,0.0,0.0
2005-09-12,0.0,0.0,0.03
2005-09-13,0.0,0.0,0.0
2005-09-14,0.0,0.0,0.0
2005-09-15,0.0,0.0,0.0
2005-09-16,0.0,0.0,0.0
2005-09-17,0.0,0.0,0.0
2005-09-18,0.0,0.11,0.0
2005-09-19,0.0,0.04,0.0
2005-09-20,0.0,0.0,0.0
2005-09-21,0.0,0.06,0.0
2005-09-22,0.0,1.9,1.36
2005-09-23,0.31,2.67,2.69
2005-09-24,0.68,4.89,7.09
2005-09-25,9.13,8.81,2.36
2005-09-26,16.67,23.9,40.93
2005-09-27,33.22,8.55,0.8
2005-09-28,5.57,0.47,0.48
2005-09-29,0.0,0.47,0.48
2005-09-30,0.0,0.16,0.35
2005-10-01,0.0,0.01,0.0
2005-10-02,0.0,0.19,0.0
2005-10-03,0.0,0.06,0.26
2005-10-04,0.0,0.02,0.0
2005-10-05,0.0,1.93,0.01
2005-10-06,13.76,11.09,12.48
2005-10-07,12.83,12.48,29.58
2005-10-08,18.01,4.94,0.11
2005-10-09,0.0,0.65,0.18
2005-10-10,0.0,0.0,0.01
2005-10-11,0.0,0.0,0.0
2005-10-12,0.0,0.0,0.0
2005-10-13,0.0,0.0,0.11
2005-10-14,0.0,0.0,0.0
2005-10-15,0.0,0.0,0.0
2005-10-16,0.0,0.0,0.0
2005-10-17,0.0,0.0,0.0
2005-10-18,0.0,0.0,0.17
2005-10-19,0.0,0.0,0.05
2005-10-20,0.0,0.0,0.0
2005-10-21,0.0,0.0,0.0
2005-10-22,0.0,0.0,0.02
2005-10-23,0.0,0.0,0.0
2005-10-24,0.0,0.0,0.0
2005-10-25,0.0,0.0,0.0
2005-10-26,0.0,0.0,0.0
2005-10-27,0.0,0.0,0.0
2005-10-28,0.0,0.0,0.0
2005-10-29,0.0,0.0,0.0
2005-10-30,0.0,0.0,0.0
2005-10-31,0.0,0.0,0.0
2005-11-01,0.0,10.5,8.71
2005-11-02,12.48,3.52,0.39
2005-11-03,0.0,0.01,0.0
2005-11-04,0.0,0.0,0.0
2005-11-05,0.0,0.86,0.0
2005-11-06,1.38,0.6,1.67
2005-11-07,0.0,0.1,0.03
2005-11-08,0.0,0.0,0.0
2005-11-09,0.0,0.0,0.0
2005-11-10,0.0,0.0,0.0
2005-11-11,0.0,0.0,0.0
2005-11-12,0.0,0.0,0.0
2005-11-13,0.0,0.06,0.0
2005-11-14,0.0,0.02,0.02
2005-11-15,0.0,6.41,0.14
2005-11-16,11.26,2.18,12.11
2005-11-17,0.0,0.02,0.0
2005-11-18,0.0,0.0,0.0
2005-11-19,0.0,0.0,0.0
2005-11-20,0.0,7.35,0.64
2005-11-21,11.57,8.34,13.37
2005-11-22,9.23,3.45,0.41
2005-11-23,0.0,0.5,0.0
2005-11-24,0.0,0.05,0.0
2005-11-25,0.0,0.03,0.0
2005-11-26,0.0,0.91,0.0
2005-11-27,5.53,24.86,13.64
2005-11-28,34.87,34.76,25.67
2005-11-29,30.45,8.88,19.27
2005-11-30,0.0,0.01,0.0
2005-12-01,0.0,0.0,0.0
2005-12-02,0.0,0.17,0.0
2005-12-03,0.0,0.32,0.5
2005-12-04,0.0,12.72,0.16
2005-12-05,18.46,6.46,22.63
2005-12-06,3.94,1.44,0.01
2005-12-07,0.0,0.5,0.0
2005-12-08,0.0,0.97,0.01
2005-12-09,0.0,0.31,3.77
2005-12-10,0.0,0.0,0.0
2005-12-11,0.0,0.0,0.0
2005-12-12,0.0,0.0,0.0
2005-12-13,0.0,0.2,0.0
2005-12-14,0.0,12.04,0.0
2005-12-15,18.59,12.24,25.23
2005-12-16,11.9,2.9,0.12
2005-12-17,0.0,3.4,0.55
2005-12-18,5.19,1.15,3.54
2005-12-19,0.0,0.01,0.01
2005-12-20,0.0,0.0,0.0
2005-12-21,0.0,0.0,0.0
2005-12-22,0.0,0.0,0.0
2005-12-23,0.0,0.4,0.0
2005-12-24,0.0,16.69,0.57
2005-12-25,20.24,5.58,13.43
2005-12-26,0.0,0.03,0.03
2005-12-27,0.0,0.0,0.0
2005-12-28,0.0,0.51,2.32
2005-12-29,0.47,0.18,0.11
2005-12-30,0.0,0.0,0.0
2005-12-31,0.0,11.01,0.04
2006-01-01,0.0,15.67,3.72
2006-01-02,23.37,9.99,16.94
2006-01-03,5.67,2.0,0.0
2006-01-04,0.0,0.0,0.0
2006-01-05,0.0,0.0,0.0
2006-01-06,0.0,0.0,0.0
2006-01-07,0.0,0.0,0.0
2006-01-08,0.0,0.0,0.0
2006-01-09,0.0,0.32,0.02
2006-01-10,0.0,0.19,0.64
2006-01-11,0.0,0.32,0.74
2006-01-12,0.06,0.35,0.09
2006-01-13,0.1,10.57,19.02
2006-01-14,19.46,3.56,0.2
2006-01-15,0.0,0.02,0.0
2006-01-16,0.0,0.0,0.02
2006-01-17,0.0,26.11,26.36
2006-01-18,31.73,8.79,5.78
2006-01-19,0.0,0.03,0.0
2006-01-20,0.0,0.19,0.2
2006-01-21,0.28,0.4,1.17
2006-01-22,0.37,0.25,0.0
2006-01-23,0.0,7.95,7.81
2006-01-24,10.11,2.65,0.59
2006-01-25,0.0,0.01,0.0
2006-01-26,0.0,0.0,0.0
2006-01-27,0.0,0.0,0.0
2006-01-28,0.0,5.23,0.0
2006-01-29,9.52,5.66,11.37
2006-01-30,4.51,5.74,2.48
2006-01-31,5.53,1.49,0.25
2006-02-01,0.0,0.0,0.0
2006-02-02,0.0,11.08,13.27
2006-02-03,15.01,3.73,0.02
2006-02-04,0.0,0.01,0.05
2006-02-05,0.0,0.01,0.0
2006-02-06,0.0,10.4,0.03
2006-02-07,13.1,3.48,9.63
2006-02-08,0.0,0.01,0.0
2006-02-09,0.0,0.0,0.0
2006-02-10,0.0,5.38,0.02
2006-02-11,18.13,1.85,16.68
2006-02-12,0.0,0.02,0.01
2006-02-13,0.0,0.0,0.0
2006-02-14,0.0,0.0,0.0
2006-02-15,0.0,0.0,0.0
2006-02-16,0.0,0.0,0.0
2006-02-17,0.0,0.03,0.03
2006-02-18,0.0,5.38,4.89
2006-02-19,8.2,1.9,1.33
2006-02-20,0.0,0.76,1.08
2006-02-21,1.84,0.24,1.07
2006-02-22,0.0,0.19,0.67
2006-02-23,0.01,0.07,0.82
2006-02-24,0.0,2.58,0.0
2006-02-25,15.05,42.34,39.4
2006-02-26,54.82,13.99,11.72
2006-02-27,0.0,0.05,0.0
2006-02-28,0.0,0.0,0.0
2006-03-01,0.0,0.0,0.0
2006-03-02,0.0,0.0,0.0
2006-03-03,0.0,0.0,0.0
2006-03-04,0.0,0.02,0.0
2006-03-05,0.0,0.85,0.0
2006-03-06,1.41,0.28,0.54
2006-03-07,0.0,0.0,0.0
2006-03-08,0.0,1.33,0.0
2006-03-09,0.0,12.69,0.0
2006-03-10,17.99,9.04,22.38
2006-03-11,6.64,1.65,0.0
2006-03-12,0.0,0.79,0.0
2006-03-13,0.0,4.14,0.17
2006-03-14,7.0,1.32,10.05
2006-03-15,0.0,0.01,0.0
2006-03-16,0.0,0.03,0.13
2006-03-17,0.0,0.01,0.0
2006-03-18,0.0,0.0,0.01
2006-03-19,0.0,2.22,0.0
2006-03-20,0.0,12.01,1.42
2006-03-21,18.22,3.79,27.06
2006-03-22,0.0,0.04,0.0
2006-03-23,0.0,0.01,0.01
2006-03-24,0.0,0.0,0.0
2006-03-25,0.0,0.0,0.0
2006-03-26,0.0,0.0,0.0
2006-03-27,0.0,0.0,0.0
2006-03-28,0.0,0.0,0.01
2006-03-29,0.0,0.0,0.0
2006-03-30,0.0,0.0,0.0
2006-03-31,0.0,0.0,0.0
2006-04-01,0.0,0.0,0.03
2006-04-02,0.0,0.0,0.06
2006-04-03,0.0,0.0,0.0
2006-04-04,0.0,0.0,0.0
2006-04-05,0.0,0.0,0.0
2006-04-06,0.0,0.0,0.0
2006-04-07,0.0,0.17,0.02
2006-04-08,0.0,15.72,24.0
2006-04-09,29.88,5.23,0.04
2006-04-10,0.0,0.0,0.0
2006-04-11,0.0,0.0,0.0
2006-04-12,0.0,0.0,0.0
2006-04-13,0.0,0.0,0.0
2006-04-14,0.0,0.0,0.0
2006-04-15,0.0,0.0,0.0
2006-04-16,0.0,0.0,0.0
2006-04-17,0.0,0.0,0.0
2006-04-18,0.0,0.0,0.0
2006-04-19,0.0,10.45,0.04
2006-04-20,12.39,3.94,9.72
2006-04-21,0.0,7.59,0.07
2006-04-22,11.79,2.51,15.39
2006-04-23,0.0,0.01,0.0
2006-04-24,0.0,0.04,0.0
2006-04-25,0.0,0.12,0.11
2006-04-26,0.0,3.21,2.57
2006-04-27,5.15,1.07,5.22
2006-04-28,0.0,0.0,0.0
2006-04-29,0.0,0.47,0.01
2006-04-30,0.0,2.19,0.7
2006-05-01,4.8,0.71,4.98
2006-05-02,0.0,0.01,0.0
2006-05-03,0.0,0.0,0.0
2006-05-04,0.0,0.0,0.0
2006-05-05,0.0,0.39,1.76
2006-05-06,0.38,1.06,0.0
2006-05-07,3.02,10.74,21.65
2006-05-08,23.54,4.12,0.66
2006-05-09,0.0,35.44,3.37
2006-05-10,47.27,51.52,42.77
2006-05-11,46.27,14.03,27.02
2006-05-12,0.0,0.26,0.0
2006-05-13,0.0,0.76,2.37
2006-05-14,0.39,5.52,1.24
2006-05-15,5.32,1.76,0.02
2006-05-16,0.0,0.0,0.0
2006-05-17,0.0,0.0,0.05
2006-05-18,0.0,0.0,0.0
2006-05-19,0.0,0.0,0.01
2006-05-20,0.0,0.0,0.0
2006-05-21,0.0,0.0,0.0
2006-05-22,0.0,0.0,0.0
2006-05-23,0.0,0.0,0.0
2006-05-24,0.0,0.0,0.0
2006-05-25,0.0,0.0,1.3
2006-05-26,0.0,0.05,0.16
2006-05-27,0.0,0.02,0.0
2006-05-28,0.0,0.0,0.0
2006-05-29,0.0,0.0,0.05
2006-05-30,0.0,0.0,0.0
2006-05-31,0.0,0.0,0.0
2006-06-01,0.0,0.14,0.0
2006-06-02,0.0,3.66,12.6
2006-06-03,7.42,1.22,4.25
2006-06-04,0.0,3.25,0.0
2006-06-05,0.0,1.08,1.62
2006-06-06,0.0,0.0,0.0
2006-06-07,0.0,0.0,0.0
2006-06-08,0.0,0.0,0.0
2006-06-09,0.0,0.0,0.0
2006-06-10,0.0,0.0,0.0
2006-06-11,0.0,0.0,0.0
2006-06-12,0.0,0.7,1.61
2006-06-13,1.81,0.23,3.63
2006-06-14,0.0,0.0,0.08
2006-06-15,0.0,0.0,0.0
2006-06-16,0.0,1.22,1.61
2006-06-17,0.0,1.48,0.14
2006-06-18,0.0,0.36,0.0
2006-06-19,0.0,0.0,0.0
2006-06-20,0.0,0.55,0.0
2006-06-21,0.0,0.18,0.89
2006-06-22,0.0,11.11,1.71
2006-06-23,17.58,3.83,16.52
2006-06-24,0.0,1.08,14.99
2006-06-25,1.53,9.96,2.98
2006-06-26,12.7,3.23,10.64
2006-06-27,0.0,0.1,0.33
2006-06-28,0.0,0.03,0.15
2006-06-29,0.0,0.0,0.0
2006-06-30,0.0,0.0,0.0
2006-07-01,0.0,0.0,0.0
2006-07-02,0.0,0.0,1.6
2006-07-03,0.0,0.0,0.47
2006-07-04,0.0,0.0,0.09
2006-07-05,0.0,0.48,0.01
2006-07-06,0.0,4.53,0.25
2006-07-07,6.0,2.38,5.37
2006-07-08,0.0,0.31,0.28
2006-07-09,0.0,0.0,0.0
2006-07-10,0.0,0.0,0.16
2006-07-11,0.0,0.01,0.15
2006-07-12,0.0,0.0,0.62
2006-07-13,0.0,0.04,0.31
2006-07-14,0.0,0.01,0.0
2006-07-15,0.0,4.45,0.82
2006-07-16,7.31,3.79,16.15
2006-07-17,0.0,3.42,4.42
2006-07-18,6.47,4.43,3.04
2006-07-19,1.61,2.03,4.22
2006-07-20,0.0,0.7,2.98
2006-07-21,0.1,1.39,0.22
2006-07-22,0.0,13.53,2.76
2006-07-23,23.81,5.54,15.47
2006-07-24,0.15,3.88,8.9
2006-07-25,11.19,1.66,1.54
2006-07-26,0.0,0.17,5.39
2006-07-27,0.0,0.0,0.04
2006-07-28,0.0,0.0,0.03
2006-07-29,0.0,11.02,4.1
2006-07-30,15.69,5.48,13.19
2006-07-31,3.99,1.06,1.51
2006-08-01,0.0,0.15,0.02
2006-08-02,0.0,0.39,0.04
2006-08-03,0.0,1.54,2.01
2006-08-04,0.0,0.47,0.34
2006-08-05,0.0,0.06,0.1
2006-08-06,0.0,0.02,0.0
2006-08-07,0.0,0.12,0.12
2006-08-08,0.0,1.4,2.95
2006-08-09,2.15,0.59,8.67
2006-08-10,0.0,0.1,1.15
2006-08-11,0.0,3.84,1.62
2006-08-12,8.82,4.58,8.88
2006-08-13,7.13,2.78,3.0
2006-08-14,2.85,2.04,3.33
2006-08-15,7.03,7.74,0.13
2006-08-16,10.88,5.37,15.26
2006-08-17,1.93,1.73,1.07
2006-08-18,0.0,0.25,0.01
2006-08-19,0.0,0.0,0.0
2006-08-20,0.0,1.42,0.01
2006-08-21,0.0,7.47,7.41
2006-08-22,6.49,6.24,5.09
2006-08-23,1.14,8.88,2.08
2006-08-24,8.64,2.54,0.28
2006-08-25,0.0,0.5,0.49
2006-08-26,1.05,7.45,1.04
2006-08-27,6.62,2.87,0.6
2006-08-28,0.0,5.32,1.33
2006-08-29,0.0,2.9,2.3
2006-08-30,1.41,13.63,9.6
2006-08-31,14.68,4.44,19.76
2006-09-01,0.0,0.03,0.34
2006-09-02,0.0,0.01,0.05
2006-09-03,0.0,0.0,0.0
2006-09-04,0.0,0.0,0.02
2006-09-05,0.0,0.19,2.19
2006-09-06,0.0,0.66,0.7
2006-09-07,0.61,0.74,1.46
2006-09-08,0.0,0.18,0.01
2006-09-09,0.0,0.69,0.66
2006-09-10,0.0,0.26,0.88
2006-09-11,0.0,0.12,0.01
2006-09-12,0.16,3.81,1.32
2006-09-13,8.3,2.83,8.09
2006-09-14,0.0,0.53,0.37
2006-09-15,0.0,0.0,0.0
2006-09-16,0.0,0.0,0.0
2006-09-17,0.0,0.24,0.0
2006-09-18,0.0,21.74,29.2
2006-09-19,29.4,9.53,7.85
2006-09-20,4.18,0.78,0.55
2006-09-21,0.0,0.18,0.0
2006-09-22,0.0,2.49,2.58
2006-09-23,0.91,4.23,0.52
2006-09-24,0.0,9.11,8.62
2006-09-25,8.32,2.67,4.89
2006-09-26,0.0,0.0,0.05
2006-09-27,0.0,0.13,0.0
2006-09-28,0.0,0.05,0.11
2006-09-29,0.0,0.0,0.28
2006-09-30,0.0,0.0,0.0
2006-10-01,0.0,0.0,0.02
2006-10-02,0.0,0.0,0.18
2006-10-03,0.0,0.0,0.0
2006-10-04,0.0,0.0,0.0
2006-10-05,0.0,0.0,0.0
2006-10-06,0.0,0.0,0.0
2006-10-07,0.0,0.0,0.0
2006-10-08,0.0,0.0,0.0
2006-10-09,0.0,0.0,0.0
2006-10-10,0.0,0.02,0.0
2006-10-11,0.0,5.88,0.02
2006-10-12,5.57,2.11,4.49
2006-10-13,0.07,0.56,0.81
2006-10-14,0.0,0.17,0.05
2006-10-15,0.0,0.72,0.0
2006-10-16,0.68,6.49,1.72
2006-10-17,19.29,37.35,43.76
2006-10-18,46.38,11.89,0.13
2006-10-19,0.0,0.05,0.01
2006-10-20,0.0,0.57,0.0
2006-10-21,0.0,4.08,0.0
2006-10-22,7.55,3.74,11.68
2006-10-23,0.0,0.82,0.16
2006-10-24,0.0,0.0,0.0
2006-10-25,0.0,0.64,0.0
2006-10-26,1.0,8.06,0.85
2006-10-27,16.35,38.98,47.62
2006-10-28,48.95,12.28,0.12
2006-10-29,0.0,0.06,0.0
2006-10-30,0.0,0.0,0.0
2006-10-31,0.0,0.0,0.0
2006-11-01,0.0,0.0,0.0
2006-11-02,0.0,0.0,0.17
2006-11-03,0.0,0.0,0.0
2006-11-04,0.0,0.0,0.0
2006-11-05,0.0,0.22,0.0
2006-11-06,0.0,12.37,0.0
2006-11-07,18.58,8.64,20.61
2006-11-08,5.78,1.51,0.0
2006-11-09,0.0,0.0,0.0
2006-11-10,0.0,0.17,0.0
2006-11-11,0.0,0.25,0.47
2006-11-12,0.0,0.06,0.0
2006-11-13,0.0,0.0,0.0
2006-11-14,0.0,20.01,0.01
2006-11-15,39.45,72.69,110.85
2006-11-16,92.08,22.13,0.37
2006-11-17,0.0,0.04,0.0
2006-11-18,0.0,0.0,0.0
2006-11-19,0.0,0.0,0.0
2006-11-20,0.0,0.0,0.0
2006-11-21,0.0,0.0,0.0
2006-11-22,0.0,0.0,0.0
2006-11-23,0.0,0.0,0.0
2006-11-24,0.0,0.0,0.0
2006-11-25,0.0,0.0,0.0
2006-11-26,0.0,0.0,0.0
2006-11-27,0.0,0.18,0.0
2006-11-28,0.0,0.18,0.14
2006-11-29,0.0,3.32,0.7
2006-11-30,3.91,1.78,0.92
2006-12-01,3.44,0.23,1.17
2006-12-02,0.0,0.0,0.0
2006-12-03,0.0,0.0,0.0
2006-12-04,0.0,0.0,0.0
2006-12-05,0.0,0.0,0.0
2006-12-06,0.0,0.0,0.0
2006-12-07,0.0,0.0,0.0
2006-12-08,0.0,0.0,0.0
2006-12-09,0.0,0.07,0.0
2006-12-10,0.0,0.02,0.0
2006-12-11,0.0,0.0,0.0
2006-12-12,0.0,2.25,0.0
2006-12-13,4.05,0.75,2.61
2006-12-14,0.0,0.02,0.0
2006-12-15,0.0,0.01,0.0
2006-12-16,0.0,0.0,0.0
2006-12-17,0.0,0.0,0.0
2006-12-18,0.0,0.0,0.0
2006-12-19,0.0,0.0,0.0
2006-12-20,0.0,0.0,0.0
2006-12-21,0.0,13.78,0.09
2006-12-22,20.99,7.56,21.17
2006-12-23,3.91,0.99,0.94
2006-12-24,0.0,16.36,3.61
2006-12-25,20.99,5.55,10.16
2006-12-26,0.0,0.48,0.02
2006-12-27,0.0,0.15,0.0
2006-12-28,0.0,0.0,0.0
2006-12-29,0.0,0.0,0.0
2006-12-30,0.0,1.51,0.0
2006-12-31,5.43,0.63,19.73
2007-01-01,19.3,1.26,0.77
2007-01-02,0.0,0.41,0.0
2007-01-03,0.0,0.05,0.0
2007-01-04,0.0,2.14,0.09
2007-01-05,15.77,24.05,30.75
2007-01-06,28.4,11.81,0.02
2007-01-07,12.03,18.84,10.95
2007-01-08,24.48,5.9,13.8
2007-01-09,0.0,0.02,0.0
2007-01-10,0.0,0.0,0.0
2007-01-11,0.0,0.0,0.0
2007-01-12,0.0,0.0,0.0
2007-01-13,0.0,0.0,0.0
2007-01-14,0.0,0.0,0.02
2007-01-15,0.0,0.91,0.0
2007-01-16,2.5,1.39,1.78
2007-01-17,3.09,0.68,0.88
2007-01-18,0.79,0.35,0.39
2007-01-19,0.72,0.1,0.97
2007-01-20,0.0,0.01,0.0
2007-01-21,0.0,24.01,1.11
2007-01-22,31.94,10.23,30.03
2007-01-23,1.25,0.81,0.1
2007-01-24,0.28,0.02,0.07
2007-01-25,0.0,0.0,0.0
2007-01-26,0.0,0.0,0.0
2007-01-27,0.0,7.34,0.49
2007-01-28,9.6,2.57,6.12
2007-01-29,0.0,0.04,0.0
2007-01-30,0.0,0.0,0.0
2007-01-31,0.0,6.7,0.0
2007-02-01,17.68,8.35,18.02
2007-02-02,6.64,2.05,1.04
2007-02-03,0.0,0.0,0.0
2007-02-04,0.0,0.0,0.0
2007-02-05,0.0,0.0,0.0
2007-02-06,0.0,0.0,0.0
2007-02-07,0.0,0.0,0.0
2007-02-08,0.0,0.0,0.0
2007-02-09,0.0,3.45,0.95
2007-02-10,4.88,1.16,0.87
2007-02-11,0.0,0.0,0.0
2007-02-12,0.0,3.01,0.0
2007-02-13,0.0,19.59,23.53
2007-02-14,26.9,6.24,2.41
2007-02-15,0.0,0.01,0.0
2007-02-16,0.0,0.0,0.0
2007-02-17,0.0,0.13,0.0
2007-02-18,0.0,0.04,0.08
2007-02-19,0.0,0.67,0.0
2007-02-20,0.0,0.98,0.29
2007-02-21,1.69,2.03,6.99
2007-02-22,1.85,0.6,0.06
2007-02-23,0.0,0.0,0.0
2007-02-24,0.0,2.54,0.0
2007-02-25,9.57,7.04,9.8
2007-02-26,0.36,2.28,0.0
2007-02-27,0.0,0.07,0.0
2007-02-28,0.0,0.18,0.0
2007-03-01,0.0,35.9,28.16
2007-03-02,58.34,12.15,27.06
2007-03-03,0.0,0.07,0.0
2007-03-04,0.0,0.0,0.0
2007-03-05,0.0,0.0,0.0
2007-03-06,0.0,0.0,0.0
2007-03-07,0.0,0.0,0.0
2007-03-08,0.0,0.0,0.0
2007-03-09,0.0,0.0,0.06
2007-03-10,0.0,0.0,0.0
2007-03-11,0.0,0.0,0.0
2007-03-12,0.0,0.0,0.0
2007-03-13,0.0,0.0,0.0
2007-03-14,0.0,0.0,0.0
2007-03-15,0.0,13.49,2.63
2007-03-16,16.95,4.51,12.16
2007-03-17,0.0,0.52,0.0
2007-03-18,0.0,0.17,0.0
2007-03-19,0.0,0.0,0.0
2007-03-20,0.0,0.0,0.0
2007-03-21,0.0,0.0,0.0
2007-03-22,0.0,0.0,0.0
2007-03-23,0.0,0.0,0.0
2007-03-24,0.0,0.0,0.0
2007-03-25,0.0,0.0,0.0
2007-03-26,0.0,0.0,0.0
2007-03-27,0.0,0.0,0.0
2007-03-28,0.0,0.0,0.0
2007-03-29,0.0,0.0,0.0
2007-03-30,0.0,0.0,0.0
2007-03-31,0.0,0.86,0.02
2007-04-01,7.02,34.49,23.96
2007-04-02,42.53,19.34,24.42
2007-04-03,13.42,6.54,0.45
2007-04-04,6.15,1.62,6.29
2007-04-05,0.0,0.11,0.0
2007-04-06,0.0,0.0,0.0
2007-04-07,0.0,0.0,0.0
2007-04-08,0.0,0.0,0.0
2007-04-09,0.0,0.0,0.0
2007-04-10,0.0,0.13,0.23
2007-04-11,1.33,0.17,0.97
2007-04-12,0.74,0.05,0.35
2007-04-13,0.0,0.0,0.0
2007-04-14,0.0,64.7,28.09
2007-04-15,74.15,23.11,40.93
2007-04-16,0.0,0.51,0.03
2007-04-17,0.0,0.0,0.0
2007-04-18,0.0,0.11,0.15
2007-04-19,0.0,0.05,0.02
2007-04-20,0.0,0.0,0.0
2007-04-21,0.0,0.0,0.0
2007-04-22,0.0,0.0,0.0
2007-04-23,0.0,0.0,0.0
2007-04-24,0.0,0.0,0.0
2007-04-25,0.0,2.44,0.0
2007-04-26,0.0,8.08,15.08
2007-04-27,8.65,2.49,0.46
2007-04-28,0.0,0.02,0.0
2007-04-29,0.0,0.0,0.0
2007-04-30,0.0,0.0,0.0
2007-05-01,0.0,0.0,0.0
2007-05-02,0.0,0.0,0.0
2007-05-03,0.0,0.0,0.0
2007-05-04,0.0,0.0,0.0
2007-05-05,0.0,0.0,0.0
2007-05-06,0.0,0.0,0.01
2007-05-07,0.0,0.0,0.0
2007-05-08,0.0,0.0,0.0
2007-05-09,0.0,0.0,0.0
2007-05-10,0.0,0.0,0.0
2007-05-11,0.0,1.47,0.38
2007-05-12,0.0,1.72,2.2
2007-05-13,3.93,0.47,4.67
2007-05-14,0.0,0.13,0.0
2007-05-15,0.0,0.26,0.0
2007-05-16,0.0,0.68,0.21
2007-05-17,0.0,0.2,0.0
2007-05-18,0.0,0.04,0.02
2007-05-19,0.0,0.01,0.0
2007-05-20,0.0,0.0,0.0
2007-05-21,0.0,0.0,0.0
2007-05-22,0.0,0.0,0.0
2007-05-23,0.0,5.88,0.31
2007-05-24,8.47,1.96,0.93
2007-05-25,0.0,0.0,0.0
2007-05-26,0.0,0.0,0.0
2007-05-27,0.0,0.0,0.0
2007-05-28,0.0,0.0,0.0
2007-05-29,0.0,0.0,0.0
2007-05-30,0.0,0.08,0.0
2007-05-31,0.0,0.03,0.0
2007-06-01,0.0,0.0,0.0
2007-06-02,0.0,0.0,0.0
2007-06-03,0.0,0.0,0.24
2007-06-04,0.0,0.0,0.1
2007-06-05,0.0,0.37,2.47
2007-06-06,0.0,0.12,1.4
2007-06-07,0.0,4.47,0.99
2007-06-08,6.25,5.56,5.87
2007-06-09,6.66,1.94,5.33
2007-06-10,0.03,0.19,0.08
2007-06-11,0.0,0.51,0.0
2007-06-12,0.0,1.08,2.35
2007-06-13,0.0,0.3,0.29
2007-06-14,0.0,0.01,0.04
2007-06-15,0.0,4.07,0.94
2007-06-16,0.0,1.36,0.02
2007-06-17,0.0,0.0,0.0
2007-06-18,0.0,1.01,3.06
2007-06-19,6.89,22.57,34.32
2007-06-20,32.22,7.52,0.0
2007-06-21,0.0,0.04,0.58
2007-06-22,0.0,0.0,0.0
2007-06-23,0.0,0.0,0.0
2007-06-24,0.0,0.0,0.0
2007-06-25,0.0,0.0,0.15
2007-06-26,0.0,0.8,2.62
2007-06-27,0.0,0.27,2.27
2007-06-28,0.0,7.2,1.92
2007-06-29,0.72,4.79,4.07
2007-06-30,1.11,5.59,10.02
2007-07-01,2.14,10.36,1.36
2007-07-02,14.57,30.25,28.05
2007-07-03,27.9,17.1,23.77
2007-07-04,1.8,2.77,7.43
2007-07-05,0.0,0.04,0.07
2007-07-06,0.0,0.28,0.36
2007-07-07,0.01,20.95,8.07
2007-07-08,21.65,9.76,28.1
2007-07-09,8.19,4.86,8.86
2007-07-10,15.69,3.92,3.9
2007-07-11,7.5,1.95,6.43
2007-07-12,3.23,2.21,0.45
2007-07-13,0.0,5.37,10.7
2007-07-14,12.78,3.39,6.41
2007-07-15,2.0,0.6,6.14
2007-07-16,0.0,0.35,0.79
2007-07-17,2.44,2.28,0.16
2007-07-18,0.74,0.73,1.65
2007-07-19,0.0,1.09,0.0
2007-07-20,0.0,3.64,2.94
2007-07-21,21.62,1.1,4.83
2007-07-22,0.0,0.48,0.27
2007-07-23,0.0,0.16,0.15
2007-07-24,0.0,6.62,0.89
2007-07-25,0.0,2.21,0.62
2007-07-26,0.0,0.48,1.25
2007-07-27,0.0,0.3,0.51
2007-07-28,0.0,4.44,0.16
2007-07-29,0.0,1.51,0.0
2007-07-30,0.0,1.53,10.38
2007-07-31,4.56,8.24,3.12
2007-08-01,3.42,2.58,3.17
2007-08-02,0.0,0.0,0.0
2007-08-03,0.0,0.0,0.0
2007-08-04,0.0,0.0,0.0
2007-08-05,0.0,0.0,0.23
2007-08-06,0.0,0.0,0.03
2007-08-07,0.0,0.24,0.93
2007-08-08,0.0,0.13,0.97
2007-08-09,0.0,1.52,0.1
2007-08-10,0.0,0.5,0.05
2007-08-11,0.0,0.0,0.07
2007-08-12,0.0,0.93,2.37
2007-08-13,0.0,0.31,0.01
2007-08-14,0.0,0.0,0.0
2007-08-15,0.0,0.0,0.0
2007-08-16,0.0,0.0,0.0
2007-08-17,0.0,23.74,0.12
2007-08-18,34.75,8.12,18.42
2007-08-19,0.0,0.07,0.0
2007-08-20,0.0,0.0,0.0
2007-08-21,0.0,0.0,0.06
2007-08-22,0.0,0.0,0.0
2007-08-23,0.0,0.0,0.0
2007-08-24,0.0,1.27,3.21
2007-08-25,7.93,7.91,4.23
2007-08-26,9.53,7.88,20.43
2007-08-27,13.26,7.5,6.68
2007-08-28,13.49,2.93,26.35
2007-08-29,2.33,0.34,0.11
2007-08-30,0.0,1.47,9.59
2007-08-31,10.7,3.42,6.56
2007-09-01,2.89,2.59,2.82
2007-09-02,0.0,1.0,1.07
2007-09-03,0.0,0.3,0.26
2007-09-04,0.0,0.05,0.11
2007-09-05,0.0,0.0,0.0
2007-09-06,0.0,0.0,0.0
2007-09-07,0.0,0.0,0.0
2007-09-08,0.0,0.0,0.0
2007-09-09,0.0,0.0,0.0
2007-09-10,0.0,0.0,0.0
2007-09-11,0.0,6.56,0.64
2007-09-12,0.0,9.07,12.63
2007-09-13,18.28,7.44,18.13
2007-09-14,9.51,5.49,4.73
2007-09-15,3.49,2.66,4.83
2007-09-16,0.0,0.47,0.26
2007-09-17,0.0,0.0,0.0
2007-09-18,0.0,0.0,0.0
2007-09-19,0.0,0.0,0.0
2007-09-20,0.0,0.0,0.0
2007-09-21,0.0,8.68,7.2
2007-09-22,11.44,8.05,6.23
2007-09-23,5.44,6.87,12.15
2007-09-24,8.49,1.72,9.57
2007-09-25,0.0,0.0,0.0
2007-09-26,0.0,0.0,0.01
2007-09-27,0.0,0.01,1.85
2007-09-28,0.0,0.0,3.79
2007-09-29,0.0,0.0,0.0
2007-09-30,0.0,0.0,0.0
2007-10-01,0.0,0.0,0.0
2007-10-02,0.0,0.0,0.0
2007-10-03,0.0,0.0,0.24
2007-10-04,0.0,2.48,0.16
2007-10-05,0.0,0.84,2.34
2007-10-06,0.0,0.0,0.01
2007-10-07,0.0,0.0,0.0
2007-10-08,0.0,0.0,0.0
2007-10-09,0.0,1.23,2.63
2007-10-10,0.0,0.41,4.69
2007-10-11,0.0,0.0,0.0
2007-10-12,0.0,0.0,0.0
2007-10-13,0.0,0.0,0.0
2007-10-14,0.0,0.0,0.0
2007-10-15,0.0,0.0,0.0
2007-10-16,0.0,0.33,0.0
2007-10-17,0.0,0.58,0.01
2007-10-18,5.21,41.16,9.87
2007-10-19,46.1,17.17,49.83
2007-10-20,14.23,1.32,0.23
2007-10-21,0.0,1.42,0.0
2007-10-22,4.36,15.13,2.37
2007-10-23,17.5,14.5,31.3
2007-10-24,14.07,3.76,1.75
2007-10-25,2.6,0.23,0.15
2007-10-26,0.0,0.06,0.0
2007-10-27,0.0,0.01,0.0
2007-10-28,0.0,0.0,0.0
2007-10-29,0.0,0.0,0.0
2007-10-30,0.0,0.0,0.0
2007-10-31,0.0,0.0,0.0
2007-11-01,0.0,0.0,0.0
2007-11-02,0.0,0.0,0.0
2007-11-03,0.0,0.0,0.0
2007-11-04,0.0,0.0,0.0
2007-11-05,0.0,0.0,0.0
2007-11-06,0.0,0.0,0.0
2007-11-07,0.0,0.0,0.0
2007-11-08,0.0,0.0,0.0
2007-11-09,0.0,0.0,0.0
2007-11-10,0.0,0.0,0.0
2007-11-11,0.0,0.0,0.0
2007-11-12,0.0,0.0,0.0
2007-11-13,0.0,0.0,0.0
2007-11-14,0.0,3.78,0.0
2007-11-15,8.52,1.28,0.0
2007-11-16,0.0,0.27,0.0
2007-11-17,0.0,0.09,0.0
2007-11-18,0.0,0.85,4.25
2007-11-19,2.37,0.29,4.39
2007-11-20,0.0,1.17,0.0
2007-11-21,0.0,14.8,0.01
2007-11-22,15.61,4.83,1.11
2007-11-23,0.0,0.01,0.0
2007-11-24,0.0,1.9,0.0
2007-11-25,5.05,36.0,0.0
2007-11-26,59.17,29.24,15.93
2007-11-27,25.74,5.83,0.0
2007-11-28,0.0,0.01,1.91
2007-11-29,0.0,0.0,36.87
2007-11-30,0.0,0.0,29.89
2007-12-01,0.0,0.0,0.0
2007-12-02,0.0,1.41,0.0
2007-12-03,2.13,0.48,0.0
2007-12-04,0.0,0.0,0.0
2007-12-05,0.0,0.0,0.0
2007-12-06,0.0,0.0,0.0
2007-12-07,0.0,0.0,0.0
2007-12-08,0.0,0.0,0.0
2007-12-09,0.0,0.0,0.0
2007-12-10,0.0,0.0,0.0
2007-12-11,0.0,0.0,0.0
2007-12-12,0.0,0.04,0.02
2007-12-13,0.0,3.27,0.02
2007-12-14,6.6,1.09,0.0
2007-12-15,0.0,22.45,0.01
2007-12-16,24.77,8.16,0.11
2007-12-17,0.0,0.23,5.38
2007-12-18,0.0,0.0,0.0
2007-12-19,0.0,0.0,2.3
2007-12-20,0.0,3.86,27.28
2007-12-21,8.96,1.31,0.0
2007-12-22,0.0,2.05,0.0
2007-12-23,8.42,0.71,0.13
2007-12-24,0.0,0.54,0.0
2007-12-25,1.62,5.93,8.88
2007-12-26,8.9,2.4,0.0
2007-12-27,2.48,3.43,3.07
2007-12-28,5.35,11.51,0.38
2007-12-29,22.04,40.65,1.33
2007-12-30,63.83,32.09,6.03
2007-12-31,14.82,6.69,1.62
2008-01-01,0.0,0.04,0.0
2008-01-02,0.0,0.0,0.0
2008-01-03,0.0,0.0,0.0
2008-01-04,0.0,0.0,0.0
2008-01-05,0.0,0.0,0.0
2008-01-06,0.0,0.0,0.0
2008-01-07,0.0,0.0,0.0
2008-01-08,0.0,1.17,0.01
2008-01-09,2.63,2.64,3.59
2008-01-10,0.0,32.85,0.21
2008-01-11,39.36,10.88,43.1
2008-01-12,0.0,0.06,0.03
2008-01-13,0.0,0.0,0.0
2008-01-14,0.0,0.0,0.0
2008-01-15,0.0,0.0,0.0
2008-01-16,0.0,24.82,18.1
2008-01-17,31.5,8.64,11.82
2008-01-18,0.0,5.06,0.0
2008-01-19,14.01,19.64,23.18
2008-01-20,25.12,6.03,0.0
2008-01-21,0.0,0.01,0.0
2008-01-22,0.0,10.96,0.73
2008-01-23,14.26,3.99,0.69
2008-01-24,1.59,2.51,2.87
2008-01-25,4.55,5.18,0.0
2008-01-26,6.69,6.38,9.97
2008-01-27,5.74,1.64,0.0
2008-01-28,0.0,0.0,0.0
2008-01-29,0.0,7.71,0.0
2008-01-30,11.11,2.59,10.17
2008-01-31,0.0,35.15,0.19
2008-02-01,42.87,11.8,39.87
2008-02-02,0.0,0.03,0.0
2008-02-03,0.0,0.13,0.01
2008-02-04,0.0,0.05,0.02
2008-02-05,0.0,1.37,0.61
2008-02-06,4.83,12.93,15.77
2008-02-07,18.81,4.19,0.0
2008-02-08,0.0,0.01,0.0
2008-02-09,0.0,0.0,0.0
2008-02-10,0.0,0.0,0.0
2008-02-11,0.0,0.0,0.0
2008-02-12,0.0,11.53,0.02
2008-02-13,17.51,3.9,18.55
2008-02-14,0.0,0.02,0.0
2008-02-15,0.0,0.0,0.0
2008-02-16,0.0,0.05,0.01
2008-02-17,0.0,21.48,22.57
2008-02-18,26.37,7.19,3.99
2008-02-19,0.0,0.01,0.0
2008-02-20,0.0,0.04,0.0
2008-02-21,0.0,5.53,5.13
2008-02-22,11.06,11.66,18.13
2008-02-23,13.3,3.29,1.95
2008-02-24,0.0,0.01,0.0
2008-02-25,0.0,0.17,0.0
2008-02-26,0.0,16.66,16.04
2008-02-27,20.88,5.53,0.0
2008-02-28,0.0,0.0,0.0
2008-02-29,0.0,0.0,0.0
2008-03-01,0.0,0.0,0.0
2008-03-02,0.0,0.0,0.0
2008-03-03,0.0,17.59,0.0
2008-03-04,31.16,9.82,37.28
2008-03-05,0.0,1.32,0.0
2008-03-06,0.0,18.48,0.27
2008-03-07,23.78,10.51,26.68
2008-03-08,8.01,1.45,0.11
2008-03-09,0.0,0.0,0.0
2008-03-10,0.0,0.0,0.0
2008-03-11,0.0,0.88,1.64
2008-03-12,1.46,0.35,0.0
2008-03-13,0.0,0.02,0.0
2008-03-14,0.0,0.38,1.19
2008-03-15,0.8,0.13,0.0
2008-03-16,0.0,0.0,0.01
2008-03-17,0.0,0.0,0.0
2008-03-18,0.0,0.0,0.0
2008-03-19,0.0,16.73,23.47
2008-03-20,23.12,5.62,0.0
2008-03-21,0.0,0.01,0.0
2008-03-22,0.0,0.0,0.0
2008-03-23,0.0,0.0,0.0
2008-03-24,0.0,0.0,0.0
2008-03-25,0.0,0.0,0.0
2008-03-26,0.0,0.0,0.0
2008-03-27,0.0,0.0,0.0
2008-03-28,0.0,0.0,0.0
2008-03-29,0.0,0.01,0.0
2008-03-30,0.0,0.01,4.89
2008-03-31,0.0,0.0,0.0
2008-04-01,0.0,2.62,5.52
2008-04-02,4.96,0.99,0.83
2008-04-03,0.0,0.04,0.06
2008-04-04,0.0,25.1,0.16
2008-04-05,30.36,45.02,53.36
2008-04-06,44.1,14.34,0.13
2008-04-07,6.85,0.71,0.14
2008-04-08,0.0,0.0,0.0
2008-04-09,0.0,0.0,0.0
2008-04-10,0.0,0.0,0.0
2008-04-11,0.0,6.39,0.0
2008-04-12,11.74,8.5,13.42
2008-04-13,7.12,2.12,0.02
2008-04-14,0.0,0.2,0.37
2008-04-15,0.0,0.07,0.0
2008-04-16,0.0,0.0,0.0
2008-04-17,0.0,0.32,0.0
2008-04-18,0.0,13.82,0.0
2008-04-19,19.29,5.34,14.9
2008-04-20,0.0,0.26,0.07
2008-04-21,0.0,0.0,0.0
2008-04-22,0.0,0.0,0.0
2008-04-23,0.0,0.0,0.0
2008-04-24,0.0,0.0,0.0
2008-04-25,0.0,1.71,0.07
2008-04-26,0.0,0.57,0.43
2008-04-27,0.0,5.51,1.92
2008-04-28,10.29,1.85,0.64
2008-04-29,0.0,0.0,0.11
2008-04-30,0.0,0.0,0.02
2008-05-01,0.0,0.0,0.0
2008-05-02,0.0,0.0,0.0
2008-05-03,0.0,6.86,12.6
2008-05-04,10.5,2.54,0.51
2008-05-05,0.0,0.09,0.0
2008-05-06,0.0,0.0,0.0
2008-05-07,0.0,0.0,0.0
2008-05-08,0.0,0.63,0.0
2008-05-09,0.93,0.21,8.9
2008-05-10,0.0,0.87,0.0
2008-05-11,0.65,1.01,3.34
2008-05-12,0.0,0.24,0.0
2008-05-13,0.0,0.0,0.0
2008-05-14,0.0,0.0,0.0
2008-05-15,0.0,14.1,25.33
2008-05-16,20.98,5.83,2.91
2008-05-17,0.93,0.4,0.0
2008-05-18,0.0,0.01,0.0
2008-05-19,0.0,0.0,0.0
2008-05-20,0.0,0.25,0.0
2008-05-21,0.0,0.08,0.51
2008-05-22,0.0,1.51,1.78
2008-05-23,0.0,0.6,2.29
2008-05-24,0.0,0.12,0.21
2008-05-25,0.0,0.03,1.19
2008-05-26,0.0,0.0,0.0
2008-05-27,0.0,0.0,0.0
2008-05-28,0.0,1.52,0.1
2008-05-29,0.0,1.67,0.49
2008-05-30,0.0,0.43,0.0
2008-05-31,0.0,0.02,0.0
2008-06-01,0.0,0.0,0.0
2008-06-02,0.0,0.0,0.0
2008-06-03,0.0,0.26,0.0
2008-06-04,0.0,0.09,0.31
2008-06-05,0.0,0.0,0.0
2008-06-06,0.0,0.02,0.08
2008-06-07,0.0,0.01,0.44
2008-06-08,0.0,0.0,0.0
2008-06-09,0.0,0.27,0.51
2008-06-10,0.0,5.05,1.31
2008-06-11,12.16,3.99,8.23
2008-06-12,0.0,11.51,6.81
2008-06-13,11.32,11.19,4.8
2008-06-14,14.83,11.21,10.2
2008-06-15,9.02,9.43,3.2
2008-06-16,0.0,2.32,0.35
2008-06-17,0.0,0.11,0.14
2008-06-18,0.0,0.02,0.28
2008-06-19,0.0,0.0,0.0
2008-06-20,0.0,0.0,0.0
2008-06-21,0.0,1.86,2.3
2008-06-22,2.47,2.58,1.95
2008-06-23,4.06,0.74,0.45
2008-06-24,0.0,0.03,0.0
2008-06-25,0.0,1.98,0.8
2008-06-26,0.76,0.66,1.12
2008-06-27,0.0,0.41,2.06
2008-06-28,0.0,0.26,0.06
2008-06-29,0.0,5.98,27.42
2008-06-30,10.6,2.87,7.89
2008-07-01,0.0,0.3,15.88
2008-07-02,0.0,0.0,0.04
2008-07-03,0.0,1.88,8.58
2008-07-04,0.0,1.76,6.41
2008-07-05,0.0,3.01,3.24
2008-07-06,3.2,1.05,7.27
2008-07-07,0.0,0.34,1.07
2008-07-08,0.0,1.83,4.0
2008-07-09,1.81,1.51,2.55
2008-07-10,0.0,5.81,0.54
2008-07-11,18.19,11.39,22.26
2008-07-12,13.94,6.14,15.49
2008-07-13,13.9,19.57,19.1
2008-07-14,25.32,6.2,7.21
2008-07-15,0.0,0.07,2.17
2008-07-16,0.0,0.02,1.82
2008-07-17,0.0,0.0,17.92
2008-07-18,0.0,0.0,2.28
2008-07-19,0.0,0.0,2.45
2008-07-20,0.0,0.0,0.0
2008-07-21,0.0,0.0,4.4
2008-07-22,0.0,18.23,1.04
2008-07-23,24.3,12.48,23.26
2008-07-24,17.67,2.21,6.71
2008-07-25,0.0,0.29,4.12
2008-07-26,0.0,1.39,9.18
2008-07-27,6.68,0.79,0.67
2008-07-28,0.0,0.12,3.3
2008-07-29,0.0,0.0,3.76
2008-07-30,0.0,0.0,2.64
2008-07-31,0.0,1.06,1.23
2008-08-01,0.0,7.48,9.59
2008-08-02,9.94,2.43,1.79
2008-08-03,0.0,0.02,4.63
2008-08-04,0.0,0.0,1.96
2008-08-05,0.0,0.0,1.94
2008-08-06,0.0,0.12,1.51
2008-08-07,0.0,0.1,3.95
2008-08-08,0.0,0.07,1.43
2008-08-09,0.0,0.02,3.92
2008-08-10,0.0,0.0,0.92
2008-08-11,0.0,15.95,2.92
2008-08-12,23.29,52.49,22.13
2008-08-13,54.85,16.69,31.94
2008-08-14,0.93,0.82,0.25
2008-08-15,0.0,1.38,1.93
2008-08-16,6.04,2.68,8.87
2008-08-17,0.0,3.11,7.34
2008-08-18,0.0,0.92,6.29
2008-08-19,0.0,0.07,0.22
2008-08-20,0.0,0.01,1.95
2008-08-21,0.0,0.37,5.02
2008-08-22,0.0,7.68,0.25
2008-08-23,19.52,105.53,100.74
2008-08-24,127.3,38.9,30.67
2008-08-25,15.51,52.93,23.69
2008-08-26,66.67,18.86,13.06
2008-08-27,0.0,0.57,0.03
2008-08-28,0.0,0.0,3.26
2008-08-29,0.0,0.0,0.75
2008-08-30,0.0,0.0,2.17
2008-08-31,0.0,0.31,4.74
2008-09-01,0.33,1.21,1.86
2008-09-02,0.31,0.7,0.03
2008-09-03,0.0,0.11,0.0
2008-09-04,0.0,0.0,0.0
2008-09-05,0.0,0.0,2.22
2008-09-06,0.0,5.17,3.89
2008-09-07,0.25,1.72,4.76
2008-09-08,0.0,0.0,2.93
2008-09-09,0.0,3.84,9.05
2008-09-10,1.93,1.75,3.95
2008-09-11,0.0,0.22,2.45
2008-09-12,0.0,0.14,0.36
2008-09-13,0.0,0.58,0.87
2008-09-14,0.0,2.31,0.21
2008-09-15,0.0,4.68,4.88
2008-09-16,7.89,1.34,2.17
2008-09-17,0.0,0.01,2.08
2008-09-18,0.0,0.0,0.0
2008-09-19,0.0,0.0,2.59
2008-09-20,0.0,0.0,1.82
2008-09-21,0.0,0.0,4.46
2008-09-22,0.0,0.0,0.0
2008-09-23,0.0,0.0,1.97
2008-09-24,0.0,0.0,0.0
2008-09-25,0.0,0.0,1.16
2008-09-26,0.0,0.0,3.32
2008-09-27,0.0,0.0,0.02
2008-09-28,0.0,0.0,9.15
2008-09-29,0.0,0.0,1.97
2008-09-30,0.0,0.0,0.0
2008-10-01,0.0,0.0,5.68
2008-10-02,0.0,0.0,2.15
2008-10-03,0.0,0.0,2.29
2008-10-04,0.0,0.0,2.0
2008-10-05,0.0,0.0,2.0
2008-10-06,0.0,0.0,1.9
2008-10-07,0.0,25.77,2.01
2008-10-08,27.6,31.43,42.19
2008-10-09,25.67,7.82,0.61
2008-10-10,0.0,0.07,1.92
2008-10-11,0.0,0.02,2.2
2008-10-12,0.0,0.01,4.1
2008-10-13,0.0,0.0,2.0
2008-10-14,0.0,0.06,0.0
2008-10-15,0.0,0.02,2.57
2008-10-16,0.0,0.0,2.15
2008-10-17,0.0,4.16,5.88
2008-10-18,6.25,1.39,6.32
2008-10-19,0.0,0.0,2.65
2008-10-20,0.0,0.0,2.0
2008-10-21,0.0,0.0,2.0
2008-10-22,0.0,0.48,1.9
2008-10-23,0.0,35.67,9.96
2008-10-24,47.61,15.55,43.87
2008-10-25,1.87,1.24,0.0
2008-10-26,0.0,0.0,2.24
2008-10-27,0.0,0.0,2.0
2008-10-28,0.0,0.0,4.47
2008-10-29,0.0,0.0,2.0
2008-10-30,0.0,0.0,0.0
2008-10-31,0.0,0.0,3.67
2008-11-01,0.0,0.0,2.89
2008-11-02,0.0,0.04,0.0
2008-11-03,0.0,0.01,2.37
2008-11-04,0.0,0.0,1.99
2008-11-05,0.0,0.0,1.99
2008-11-06,0.0,0.0,2.09
2008-11-07,0.0,12.15,16.51
2008-11-08,16.25,4.07,3.1
2008-11-09,0.0,0.01,2.1
2008-11-10,0.0,0.0,0.0
2008-11-11,0.0,0.0,17.54
2008-11-12,0.0,1.35,0.0
2008-11-13,2.0,1.54,3.8
2008-11-14,0.45,5.89,12.02
2008-11-15,8.99,1.88,3.77
2008-11-16,0.0,0.01,1.99
2008-11-17,0.0,0.0,0.0
2008-11-18,0.0,0.0,0.0
2008-11-19,0.0,0.0,0.0
2008-11-20,0.0,0.0,0.0
2008-11-21,0.0,0.0,0.0
2008-11-22,0.0,0.0,0.0
2008-11-23,0.0,0.0,0.0
2008-11-24,0.0,1.3,0.38
2008-11-25,3.89,0.45,3.01
2008-11-26,0.0,0.01,0.0
2008-11-27,0.0,4.94,0.0
2008-11-28,8.86,23.89,27.83
2008-11-29,39.71,29.05,26.81
2008-11-30,31.31,7.25,20.17
2008-12-01,0.0,0.01,0.0
2008-12-02,0.0,0.0,17.64
2008-12-03,0.0,0.0,1.06
2008-12-04,0.0,0.22,6.24
2008-12-05,0.02,0.07,2.32
2008-12-06,0.0,0.0,2.32
2008-12-07,0.0,0.01,2.49
2008-12-08,0.0,0.0,3.14
2008-12-09,0.0,12.94,0.2
2008-12-10,36.41,60.4,70.53
2008-12-11,67.81,21.49,30.92
2008-12-12,6.81,0.96,0.0
2008-12-13,0.0,0.01,0.0
2008-12-14,0.0,0.0,0.0
2008-12-15,0.0,0.19,0.0
2008-12-16,1.44,0.32,4.36
2008-12-17,0.04,0.16,0.0
2008-12-18,0.0,0.05,0.03
2008-12-19,0.0,0.46,0.08
2008-12-20,0.0,0.16,0.0
2008-12-21,0.0,0.96,1.73
2008-12-22,0.0,0.32,0.0
2008-12-23,0.0,0.0,0.0
2008-12-24,0.0,12.46,0.13
2008-12-25,28.33,5.65,17.67
2008-12-26,2.0,0.6,0.18
2008-12-27,0.02,2.62,0.38
2008-12-28,3.96,4.86,6.01
2008-12-29,1.31,1.33,1.04
2008-12-30,0.0,0.0,0.0
2008-12-31,0.65,0.0,0.0
2009-01-01,0.0,,0.0
2009-01-02,0.0,,2.52
2009-01-03,15.19,,5.4
2009-01-04,18.6,,13.01
2009-01-05,2.77,,1.35
2009-01-06,8.08,,0.33
2009-01-07,15.56,,24.67
2009-01-08,0.0,,0.0
2009-01-09,0.0,,0.0
2009-01-10,0.0,,1.14
2009-01-11,7.7,,11.54
2009-01-12,0.0,,0.0
2009-01-13,0.0,,0.0
2009-01-14,0.0,,0.0
2009-01-15,0.0,,0.0
2009-01-16,0.0,,0.0
2009-01-17,0.0,,0.0
2009-01-18,5.18,,7.17
2009-01-19,0.64,,0.0
2009-01-20,0.0,,0.0
2009-01-21,0.0,,0.0
2009-01-22,0.0,,0.0
2009-01-23,0.0,,0.0
2009-01-24,1.53,,1.75
2009-01-25,0.85,,0.19
2009-01-26,0.0,,0.0
2009-01-27,0.0,,0.01
2009-01-28,6.24,,5.69
2009-01-29,0.24,,0.06
2009-01-30,0.0,,0.0
2009-01-31,0.0,,0.0
2009-02-01,0.0,,0.0
2009-02-02,0.0,,7.91
2009-02-03,1.21,,0.0
2009-02-04,0.0,,0.0
2009-02-05,0.0,,0.0
2009-02-06,0.0,,0.0
2009-02-07,0.0,,0.0
2009-02-08,0.0,,0.0
2009-02-09,0.0,,0.0
2009-02-10,0.0,,0.0
2009-02-11,1.18,,4.14
2009-02-12,3.52,,0.0
2009-02-13,0.04,,2.93
2009-02-14,9.62,,16.7
2009-02-15,3.67,,1.44
2009-02-16,0.0,,0.0
2009-02-17,0.0,,0.03
2009-02-18,0.15,,0.53
2009-02-19,4.14,,9.98
2009-02-20,0.0,,0.0
2009-02-21,0.0,,0.0
2009-02-22,0.14,,0.3
2009-02-23,0.0,,0.0
2009-02-24,0.0,,0.0
2009-02-25,0.0,,0.0
2009-02-26,0.0,,0.0
2009-02-27,0.0,,1.81
2009-02-28,10.37,,23.71
2009-03-01,7.79,,1.4
2009-03-02,1.71,,0.0
2009-03-03,0.0,,0.0
2009-03-04,0.0,,0.0
2009-03-05,0.0,,0.0
2009-03-06,0.0,,0.0
2009-03-07,0.0,,0.0
2009-03-08,0.0,,0.0
2009-03-09,0.0,,0.0
2009-03-10,0.0,,0.0
2009-03-11,0.0,,0.0
2009-03-12,0.0,,0.0
2009-03-13,0.0,,0.0
2009-03-14,15.87,,9.06
2009-03-15,52.24,,62.15
2009-03-16,52.61,,29.05
2009-03-17,14.5,,0.29
2009-03-18,0.0,,0.0
2009-03-19,0.0,,0.0
2009-03-20,0.0,,0.0
2009-03-21,0.0,,0.0
2009-03-22,0.0,,0.0
2009-03-23,0.0,,0.0
2009-03-24,0.0,,0.0
2009-03-25,0.0,,3.95
2009-03-26,17.13,,12.65
2009-03-27,44.92,,45.68
2009-03-28,55.87,,62.82
2009-03-29,31.97,,0.01
2009-03-30,0.0,,0.01
2009-03-31,0.05,,34.41
2009-04-01,25.39,,8.74
2009-04-02,12.68,,17.3
2009-04-03,10.68,,0.2
2009-04-04,0.0,,0.41
2009-04-05,2.52,,2.41
2009-04-06,10.52,,8.58
2009-04-07,0.0,,0.0
2009-04-08,0.0,,0.0
2009-04-09,0.0,,0.0
2009-04-10,0.0,,0.0
2009-04-11,0.02,,4.93
2009-04-12,0.0,,0.02
2009-04-13,45.53,,52.43
2009-04-14,4.97,,0.15
2009-04-15,0.0,,0.0
2009-04-16,0.0,,0.0
2009-04-17,0.0,,0.0
2009-04-18,0.0,,0.0
2009-04-19,0.0,,0.35
2009-04-20,1.46,,1.06
2009-04-21,0.0,,0.59
2009-04-22,0.29,,0.21
2009-04-23,0.0,,0.0
2009-04-24,0.0,,0.0
2009-04-25,0.0,,0.0
2009-04-26,0.0,,0.0
2009-04-27,0.0,,0.0
2009-04-28,0.0,,0.0
2009-04-29,0.0,,0.0
2009-04-30,0.0,,0.0
2009-05-01,0.0,,0.03
2009-05-02,0.0,,0.0
2009-05-03,0.02,,5.22
2009-05-04,22.83,,28.06
2009-05-05,12.93,,8.8
2009-05-06,12.89,,16.67
2009-05-07,11.9,,30.02
2009-05-08,2.8,,4.56
2009-05-09,0.0,,0.0
2009-05-10,0.0,,0.22
2009-05-11,0.5,,0.65
2009-05-12,0.0,,1.72
2009-05-13,0.0,,1.32
2009-05-14,0.0,,0.53
2009-05-15,6.75,,2.79
2009-05-16,18.26,,3.33
2009-05-17,23.76,,30.49
2009-05-18,8.2,,3.25
2009-05-19,0.0,,0.0
2009-05-20,0.0,,0.0
2009-05-21,0.0,,0.06
2009-05-22,10.21,,6.4
2009-05-23,13.45,,27.72
2009-05-24,19.43,,15.65
2009-05-25,13.13,,6.29
2009-05-26,18.07,,21.82
2009-05-27,19.96,,9.92
2009-05-28,0.98,,0.02
2009-05-29,0.0,,0.43
2009-05-30,0.0,,0.0
2009-05-31,0.0,,0.0
2009-06-01,0.0,,0.0
2009-06-02,0.0,,4.37
2009-06-03,0.0,,0.04
2009-06-04,22.22,,33.01
2009-06-05,29.52,,14.97
2009-06-06,1.43,,0.0
2009-06-07,0.0,,0.0
2009-06-08,0.0,,0.0
2009-06-09,0.0,,0.0
2009-06-10,0.0,,0.0
2009-06-11,0.0,,0.0
2009-06-12,0.0,,0.0
2009-06-13,0.0,,3.83
2009-06-14,7.08,,8.88
2009-06-15,8.51,,0.5
2009-06-16,0.0,,0.17
2009-06-17,0.0,,0.0
2009-06-18,0.0,,0.0
2009-06-19,0.0,,0.0
2009-06-20,0.0,,0.0
2009-06-21,0.0,,0.0
2009-06-22,0.0,,0.0
2009-06-23,0.0,,0.07
2009-06-24,0.0,,0.27
2009-06-25,0.0,,0.03
2009-06-26,0.0,,0.01
2009-06-27,0.0,,0.0
2009-06-28,0.0,,0.11
2009-06-29,0.0,,0.64
2009-06-30,0.0,,0.0
2009-07-01,0.0,,0.01
2009-07-02,0.0,,1.23
2009-07-03,0.0,,0.0
2009-07-04,0.0,,0.0
2009-07-05,0.0,,1.8
2009-07-06,45.48,,54.34
2009-07-07,26.58,,13.02
2009-07-08,11.44,,11.83
2009-07-09,25.24,,4.43
2009-07-10,0.0,,0.27
2009-07-11,0.0,,0.01
2009-07-12,0.0,,0.19
2009-07-13,2.98,,10.74
2009-07-14,1.0,,0.38
2009-07-15,0.0,,0.35
2009-07-16,1.21,,3.49
2009-07-17,13.36,,8.92
2009-07-18,0.0,,1.77
2009-07-19,0.0,,0.0
2009-07-20,0.0,,0.0
2009-07-21,0.0,,0.0
2009-07-22,0.0,,0.0
2009-07-23,0.0,,2.99
2009-07-24,0.0,,0.01
2009-07-25,0.0,,0.0
2009-07-26,0.0,,3.2
2009-07-27,0.25,,1.88
2009-07-28,19.07,,19.89
2009-07-29,16.55,,14.37
2009-07-30,10.29,,8.01
2009-07-31,10.28,,12.1
2009-08-01,12.51,,1.78
2009-08-02,14.72,,24.68
2009-08-03,4.04,,0.64
2009-08-04,0.0,,0.58
2009-08-05,0.67,,11.59
2009-08-06,0.0,,0.94
2009-08-07,0.0,,0.0
2009-08-08,0.0,,0.04
2009-08-09,0.0,,0.03
2009-08-10,0.0,,1.05
2009-08-11,0.0,,0.34
2009-08-12,9.79,,9.61
2009-08-13,8.99,,11.12
2009-08-14,0.0,,0.26
2009-08-15,0.14,,0.31
2009-08-16,4.18,,6.07
2009-08-17,5.19,,5.84
2009-08-18,14.39,,14.35
2009-08-19,3.07,,1.42
2009-08-20,1.39,,4.94
2009-08-21,8.99,,10.34
2009-08-22,0.0,,1.97
2009-08-23,0.0,,0.03
2009-08-24,0.0,,0.02
2009-08-25,0.0,,0.0
2009-08-26,0.0,,0.0
2009-08-27,20.67,,28.49
2009-08-28,20.44,,11.68
2009-08-29,0.76,,0.05
2009-08-30,16.45,,9.61
2009-08-31,0.15,,0.42
2009-09-01,0.0,,0.27
2009-09-02,8.1,,13.16
2009-09-03,3.98,,1.78
2009-09-04,0.0,,1.14
2009-09-05,0.0,,7.23
2009-09-06,0.85,,0.66
2009-09-07,0.0,,2.12
2009-09-08,0.0,,0.2
2009-09-09,0.0,,0.0
2009-09-10,7.22,,3.79
2009-09-11,9.88,,12.53
2009-09-12,0.0,,0.18
2009-09-13,0.0,,0.29
2009-09-14,25.75,,35.79
2009-09-15,21.76,,6.15
2009-09-16,18.57,,19.04
2009-09-17,11.7,,15.87
2009-09-18,9.85,,8.82
2009-09-19,5.3,,6.51
2009-09-20,0.0,,4.13
2009-09-21,11.04,,2.78
2009-09-22,0.47,,4.56
2009-09-23,0.0,,0.23
2009-09-24,0.0,,0.3
2009-09-25,0.0,,7.59
2009-09-26,9.07,,5.42
2009-09-27,0.17,,4.77
2009-09-28,0.0,,0.21
2009-09-29,0.0,,0.93
2009-09-30,0.0,,0.05
2009-10-01,0.0,,0.0
2009-10-02,0.0,,0.0
2009-10-03,0.08,,0.21
2009-10-04,0.03,,0.06
2009-10-05,12.25,,29.99
2009-10-06,0.67,,0.09
2009-10-07,0.0,,0.59
2009-10-08,0.0,,0.51
2009-10-09,1.76,,0.22
2009-10-10,0.0,,2.99
2009-10-11,0.0,,0.12
2009-10-12,0.0,,5.29
2009-10-13,0.47,,0.4
2009-10-14,6.79,,8.66
2009-10-15,0.0,,1.81
2009-10-16,5.37,,9.74
2009-10-17,0.0,,0.26
2009-10-18,0.0,,0.0
2009-10-19,0.0,,0.0
2009-10-20,0.0,,0.0
2009-10-21,0.0,,0.0
2009-10-22,0.0,,0.0
2009-10-23,0.01,,9.06
2009-10-24,0.0,,0.26
2009-10-25,0.0,,0.26
2009-10-26,0.0,,0.14
2009-10-27,36.73,,44.34
2009-10-28,13.44,,0.02
2009-10-29,0.0,,0.01
2009-10-30,0.0,,0.05
2009-10-31,6.68,,8.31
2009-11-01,0.4,,0.06
2009-11-02,0.0,,0.0
2009-11-03,0.0,,0.0
2009-11-04,0.0,,0.0
2009-11-05,0.0,,0.0
2009-11-06,0.0,,0.0
2009-11-07,0.0,,0.0
2009-11-08,0.0,,0.0
2009-11-09,0.06,,4.49
2009-11-10,96.53,,87.92
2009-11-11,22.2,,6.55
2009-11-12,0.0,,0.01
2009-11-13,0.0,,0.0
2009-11-14,0.0,,0.0
2009-11-15,0.0,,0.0
2009-11-16,0.0,,0.03
2009-11-17,1.82,,0.69
2009-11-18,0.0,,0.0
2009-11-19,0.0,,0.0
2009-11-20,0.0,,0.0
2009-11-21,7.14,,0.95
2009-11-22,18.55,,19.7
2009-11-23,1.75,,0.0
2009-11-24,0.1,,0.08
2009-11-25,0.0,,0.0
2009-11-26,0.0,,0.0
2009-11-27,0.0,,0.0
2009-11-28,0.0,,0.0
2009-11-29,0.0,,0.0
2009-11-30,2.99,,1.41
2009-12-01,10.66,,3.73
2009-12-02,48.16,,61.14
2009-12-03,2.73,,0.0
2009-12-04,0.0,,0.0
2009-12-05,4.05,,0.47
2009-12-06,0.0,,0.0
2009-12-07,0.0,,0.01
2009-12-08,10.96,,12.38
2009-12-09,10.18,,3.41
2009-12-10,0.0,,0.0
2009-12-11,0.0,,0.02
2009-12-12,46.68,,17.76
2009-12-13,45.47,,58.47
2009-12-14,47.57,,20.79
2009-12-15,47.05,,49.75
2009-12-16,0.55,,0.31
2009-12-17,0.0,,0.0
2009-12-18,38.54,,48.64
2009-12-19,1.65,,0.02
2009-12-20,0.0,,0.0
2009-12-21,0.0,,0.0
2009-12-22,0.0,,0.0
2009-12-23,0.0,,0.0
2009-12-24,28.05,,10.75
2009-12-25,26.43,,24.09
2009-12-26,0.0,,0.0
2009-12-27,0.0,,0.0
2009-12-28,0.0,,0.0
2009-12-29,0.0,,0.0
2009-12-30,8.35,,0.26
2009-12-31,5.85,,9.4
2010-01-01,1.73,,1.2
2010-01-02,0.0,,0.0
2010-01-03,0.0,,0.0
2010-01-04,0.0,,0.0
2010-01-05,0.0,,0.0
2010-01-06,0.0,,0.0
2010-01-07,5.37,,0.55
2010-01-08,0.0,,1.09
2010-01-09,0.0,,0.0
2010-01-10,0.0,,0.0
2010-01-11,0.0,,0.01
2010-01-12,0.0,,0.0
2010-01-13,0.0,,0.0
2010-01-14,0.0,,0.0
2010-01-15,0.0,,0.1
2010-01-16,23.55,,26.97
2010-01-17,18.93,,5.55
2010-01-18,0.73,,0.0
2010-01-19,0.0,,0.0
2010-01-20,26.45,,5.38
2010-01-21,56.33,,71.04
2010-01-22,0.51,,3.95
2010-01-23,0.0,,0.0
2010-01-24,19.6,,30.4
2010-01-25,25.13,,4.32
2010-01-26,0.0,,0.0
2010-01-27,0.0,,0.0
2010-01-28,0.0,,0.0
2010-01-29,20.92,,0.19
2010-01-30,23.68,,43.43
2010-01-31,0.0,,0.01
2010-02-01,0.17,,0.0
2010-02-02,1.49,,0.83
2010-02-03,0.0,,0.0
2010-02-04,3.62,,1.5
2010-02-05,39.53,,43.97
2010-02-06,0.86,,0.14
2010-02-07,0.0,,0.0
2010-02-08,0.0,,0.0
2010-02-09,4.38,,5.41
2010-02-10,0.8,,0.0
2010-02-11,0.0,,0.0
2010-02-12,9.45,,7.98
2010-02-13,3.07,,9.62
2010-02-14,0.0,,0.0
2010-02-15,6.81,,5.32
2010-02-16,0.0,,0.0
2010-02-17,0.0,,0.0
2010-02-18,0.0,,0.0
2010-02-19,0.0,,0.0
2010-02-20,0.0,,0.0
2010-02-21,0.0,,0.01
2010-02-22,23.69,,21.67
2010-02-23,0.0,,0.12
2010-02-24,0.0,,0.49
2010-02-25,0.0,,0.0
2010-02-26,0.0,,0.0
2010-02-27,0.0,,0.0
2010-02-28,0.0,,0.0
2010-03-01,6.76,,0.0
2010-03-02,16.81,,24.31
2010-03-03,0.47,,0.0
2010-03-04,0.0,,0.01
2010-03-05,0.0,,0.0
2010-03-06,0.0,,0.0
2010-03-07,0.0,,0.0
2010-03-08,0.0,,0.0
2010-03-09,8.53,,0.28
2010-03-10,34.32,,27.74
2010-03-11,43.92,,43.3
2010-03-12,1.1,,2.82
2010-03-13,0.38,,0.44
2010-03-14,0.05,,0.0
2010-03-15,0.0,,0.0
2010-03-16,0.0,,0.0
2010-03-17,2.88,,3.36
2010-03-18,0.62,,0.0
2010-03-19,0.0,,0.0
2010-03-20,0.0,,0.0
2010-03-21,5.85,,5.31
2010-03-22,0.29,,0.0
2010-03-23,0.0,,0.0
2010-03-24,0.0,,0.0
2010-03-25,1.01,,1.15
2010-03-26,0.53,,0.1
2010-03-27,0.0,,0.0
2010-03-28,0.0,,0.05
2010-03-29,0.5,,1.15
2010-03-30,0.0,,0.0
2010-03-31,0.0,,0.0
2010-04-01,0.0,,0.0
2010-04-02,0.0,,0.0
2010-04-03,0.0,,0.0
2010-04-04,0.0,,0.0
2010-04-05,0.0,,0.0
2010-04-06,0.0,,0.0
2010-04-07,0.0,,0.16
2010-04-08,9.61,,15.33
2010-04-09,14.13,,0.01
2010-04-10,0.0,,0.0
2010-04-11,0.0,,0.0
2010-04-12,0.0,,0.0
2010-04-13,0.0,,0.33
2010-04-14,0.0,,0.0
2010-04-15,0.0,,0.0
2010-04-16,0.0,,0.0
2010-04-17,0.0,,0.0
2010-04-18,0.0,,0.0
2010-04-19,0.0,,0.4
2010-04-20,0.0,,0.12
2010-04-21,0.0,,0.03
2010-04-22,0.0,,0.0
2010-04-23,0.0,,0.05
2010-04-24,16.87,,10.81
2010-04-25,8.23,,9.16
2010-04-26,0.0,,0.0
2010-04-27,0.0,,0.08
2010-04-28,0.0,,0.0
2010-04-29,0.0,,0.0
2010-04-30,5.73,,3.09
2010-05-01,0.0,,0.17
2010-05-02,0.0,,0.0
2010-05-03,73.97,,85.67
2010-05-04,41.52,,3.6
2010-05-05,0.0,,0.22
2010-05-06,0.0,,0.0
2010-05-07,0.0,,0.0
2010-05-08,0.0,,0.0
2010-05-09,0.0,,0.0
2010-05-10,0.0,,0.0
2010-05-11,0.0,,0.0
2010-05-12,0.0,,0.0
2010-05-13,0.0,,0.0
2010-05-14,0.0,,0.0
2010-05-15,0.0,,0.1
2010-05-16,0.02,,3.71
2010-05-17,4.62,,3.99
2010-05-18,0.0,,0.11
2010-05-19,0.0,,0.13
2010-05-20,0.0,,0.52
2010-05-21,2.14,,7.27
2010-05-22,0.0,,2.28
2010-05-23,0.0,,0.0
2010-05-24,0.0,,0.01
2010-05-25,0.0,,0.39
2010-05-26,0.0,,0.0
2010-05-27,0.0,,0.01
2010-05-28,0.0,,0.8
2010-05-29,8.77,,6.73
2010-05-30,5.57,,5.48
2010-05-31,2.9,,3.97
2010-06-01,13.22,,13.62
2010-06-02,11.08,,11.38
2010-06-03,2.58,,9.18
2010-06-04,3.63,,1.16
2010-06-05,2.57,,3.78
2010-06-06,7.87,,8.99
2010-06-07,0.0,,0.0
2010-06-08,0.0,,0.0
2010-06-09,0.0,,0.0
2010-06-10,0.0,,0.0
2010-06-11,0.0,,0.02
2010-06-12,0.0,,0.0
2010-06-13,0.0,,0.0
2010-06-14,0.0,,0.01
2010-06-15,0.0,,5.32
2010-06-16,0.52,,9.69
2010-06-17,0.0,,0.05
2010-06-18,0.0,,1.98
2010-06-19,9.75,,9.59
2010-06-20,0.95,,1.06
2010-06-21,0.0,,0.26
2010-06-22,0.0,,1.78
2010-06-23,0.0,,0.06
2010-06-24,0.0,,0.0
2010-06-25,0.0,,0.67
2010-06-26,0.0,,2.79
2010-06-27,9.73,,5.39
2010-06-28,4.9,,5.33
2010-06-29,10.83,,17.8
2010-06-30,10.01,,4.49
2010-07-01,11.66,,11.76
2010-07-02,7.21,,3.36
2010-07-03,0.0,,0.07
2010-07-04,0.0,,0.0
2010-07-05,2.6,,1.0
2010-07-06,2.83,,4.45
2010-07-07,0.0,,0.05
2010-07-08,0.0,,0.01
2010-07-09,0.0,,7.36
2010-07-10,3.48,,5.4
2010-07-11,0.0,,0.99
2010-07-12,0.0,,1.38
2010-07-13,1.19,,0.12
2010-07-14,3.95,,5.93
2010-07-15,1.59,,4.45
2010-07-16,5.24,,2.1
2010-07-17,2.27,,3.18
2010-07-18,5.2,,7.24
2010-07-19,0.35,,0.1
2010-07-20,0.0,,0.44
2010-07-21,0.0,,0.22
2010-07-22,0.0,,0.0
2010-07-23,3.48,,2.18
2010-07-24,0.39,,4.69
2010-07-25,0.4,,1.33
2010-07-26,0.0,,0.54
2010-07-27,0.61,,3.22
2010-07-28,0.0,,0.02
2010-07-29,0.0,,0.4
2010-07-30,0.0,,3.88
2010-07-31,0.0,,0.03
2010-08-01,0.0,,0.0
2010-08-02,0.0,,6.2
2010-08-03,9.19,,3.03
2010-08-04,14.7,,6.6
2010-08-05,1.37,,2.21
2010-08-06,10.54,,1.37
2010-08-07,18.79,,14.23
2010-08-08,3.24,,9.43
2010-08-09,0.0,,1.44
2010-08-10,0.0,,0.0
2010-08-11,0.0,,0.0
2010-08-12,0.0,,3.54
2010-08-13,9.53,,10.38
2010-08-14,21.22,,9.27
2010-08-15,11.0,,16.71
2010-08-16,9.33,,7.3
2010-08-17,6.66,,1.44
2010-08-18,0.0,,5.03
2010-08-19,7.8,,8.9
2010-08-20,1.62,,0.15
2010-08-21,1.72,,5.67
2010-08-22,3.55,,4.68
2010-08-23,0.42,,0.13
2010-08-24,0.0,,0.0
2010-08-25,0.0,,0.01
2010-08-26,0.0,,0.01
2010-08-27,1.44,,8.33
2010-08-28,7.52,,1.98
2010-08-29,10.61,,14.8
2010-08-30,0.22,,2.41
2010-08-31,0.0,,0.02
2010-09-01,0.0,,0.0
2010-09-02,0.0,,0.0
2010-09-03,0.0,,0.01
2010-09-04,0.0,,0.01
2010-09-05,0.0,,0.02
2010-09-06,0.0,,0.0
2010-09-07,0.0,,0.01
2010-09-08,0.0,,0.0
2010-09-09,0.0,,0.0
2010-09-10,0.0,,0.01
2010-09-11,0.0,,1.44
2010-09-12,0.0,,0.56
2010-09-13,0.0,,0.0
2010-09-14,0.0,,0.0
2010-09-15,0.0,,0.01
2010-09-16,0.0,,0.0
2010-09-17,0.0,,0.01
2010-09-18,0.0,,0.03
2010-09-19,0.0,,0.07
2010-09-20,0.0,,0.02
2010-09-21,0.0,,0.29
2010-09-22,0.0,,0.02
2010-09-23,0.0,,0.0
2010-09-24,0.0,,0.0
2010-09-25,11.47,,13.09
2010-09-26,53.46,,54.0
2010-09-27,28.52,,10.36
2010-09-28,0.0,,1.35
2010-09-29,0.0,,0.08
2010-09-30,0.0,,0.0
2010-10-01,0.0,,0.0
2010-10-02,0.0,,0.0
2010-10-03,0.0,,0.0
2010-10-04,0.0,,0.0
2010-10-05,0.0,,0.0
2010-10-06,0.0,,0.0
2010-10-07,0.0,,0.0
2010-10-08,0.0,,0.0
2010-10-09,0.0,,0.0
2010-10-10,0.0,,0.0
2010-10-11,0.0,,0.0
2010-10-12,2.42,,4.01
2010-10-13,5.61,,7.03
2010-10-14,0.0,,0.08
2010-10-15,0.0,,0.0
2010-10-16,0.0,,0.0
2010-10-17,0.0,,0.0
2010-10-18,0.0,,0.0
2010-10-19,0.0,,0.0
2010-10-20,0.0,,0.0
2010-10-21,0.0,,0.0
2010-10-22,0.0,,0.0
2010-10-23,0.0,,0.0
2010-10-24,0.07,,0.0
2010-10-25,8.98,,5.99
2010-10-26,0.0,,0.3
2010-10-27,3.87,,0.67
2010-10-28,26.59,,29.4
2010-10-29,0.0,,0.09
2010-10-30,0.0,,0.0
2010-10-31,0.0,,0.0
2010-11-01,0.0,,0.0
2010-11-02,0.0,,0.0
2010-11-03,4.14,,5.36
2010-11-04,4.86,,1.52
2010-11-05,0.0,,0.0
2010-11-06,0.0,,0.0
2010-11-07,0.0,,0.39
2010-11-08,0.0,,0.0
2010-11-09,0.0,,0.0
2010-11-10,0.0,,0.0
2010-11-11,0.0,,0.0
2010-11-12,0.0,,0.0
2010-11-13,0.0,,0.0
2010-11-14,0.0,,0.0
2010-11-15,44.48,,27.25
2010-11-16,34.73,,23.82
2010-11-17,0.0,,0.01
2010-11-18,0.0,,0.02
2010-11-19,0.0,,0.0
2010-11-20,0.0,,0.0
2010-11-21,0.0,,0.0
2010-11-22,0.0,,0.0
2010-11-23,4.65,,0.53
2010-11-24,4.67,,7.41
2010-11-25,0.26,,0.11
2010-11-26,8.39,,9.84
2010-11-27,2.3,,1.19
2010-11-28,0.0,,0.0
2010-11-29,1.97,,0.36
2010-11-30,32.85,,26.04
2010-12-01,6.54,,12.35
2010-12-02,0.0,,0.0
2010-12-03,0.0,,0.0
2010-12-04,0.0,,0.0
2010-12-05,0.0,,0.0
2010-12-06,0.0,,0.0
2010-12-07,0.0,,0.0
2010-12-08,0.0,,0.0
2010-12-09,0.0,,0.0
2010-12-10,0.0,,0.0
2010-12-11,2.06,,0.0
2010-12-12,16.94,,17.33
2010-12-13,0.0,,1.38
2010-12-14,0.0,,0.0
2010-12-15,0.0,,0.02
2010-12-16,0.0,,1.05
2010-12-17,0.0,,0.84
2010-12-18,3.23,,2.22
2010-12-19,0.56,,0.0
2010-12-20,0.0,,0.0
2010-12-21,0.0,,0.0
2010-12-22,0.0,,0.0
2010-12-23,0.0,,0.0
2010-12-24,0.0,,0.0
2010-12-25,5.45,,4.97
2010-12-26,0.17,,1.9
2010-12-27,0.0,,0.0
2010-12-28,0.0,,0.0
2010-12-29,0.0,,0.0
2010-12-30,0.0,,0.1
2010-12-31,0.0,,0.09
2011-01-01,29.04,,36.25
2011-01-02,4.89,,0.03
2011-01-03,0.0,,0.0
2011-01-04,0.0,,0.11
2011-01-05,6.93,,9.55
2011-01-06,0.99,,0.01
2011-01-07,0.0,,0.0
2011-01-08,0.0,,0.0
2011-01-09,0.45,,0.06
2011-01-10,8.63,,8.25
2011-01-11,0.0,,0.02
2011-01-12,0.0,,0.0
2011-01-13,0.0,,0.0
2011-01-14,0.0,,0.0
2011-01-15,0.0,,0.0
2011-01-16,0.0,,0.0
2011-01-17,0.0,,0.47
2011-01-18,12.35,,0.02
2011-01-19,7.14,,14.98
2011-01-20,0.42,,0.0
2011-01-21,3.0,,2.03
2011-01-22,0.0,,0.0
2011-01-23,0.0,,0.0
2011-01-24,0.0,,0.0
2011-01-25,7.99,,7.42
2011-01-26,2.76,,0.23
2011-01-27,0.0,,0.0
2011-01-28,0.0,,0.0
2011-01-29,0.0,,0.0
2011-01-30,3.12,,0.28
2011-01-31,8.52,,11.88
2011-02-01,12.1,,1.31
2011-02-02,11.83,,24.31
2011-02-03,4.39,,1.31
2011-02-04,37.75,,45.88
2011-02-05,38.67,,8.49
2011-02-06,0.0,,0.0
2011-02-07,5.58,,5.26
2011-02-08,0.0,,0.0
2011-02-09,1.51,,0.0
2011-02-10,7.54,,7.09
2011-02-11,0.0,,0.0
2011-02-12,0.0,,0.0
2011-02-13,0.0,,0.0
2011-02-14,0.0,,0.0
2011-02-15,0.0,,0.0
2011-02-16,0.0,,0.0
2011-02-17,0.0,,0.0
2011-02-18,0.0,,0.0
2011-02-19,0.0,,0.0
2011-02-20,0.0,,0.0
2011-02-21,0.0,,0.0
2011-02-22,0.0,,0.0
2011-02-23,0.0,,0.0
2011-02-24,0.0,,0.03
2011-02-25,9.42,,10.36
2011-02-26,0.0,,0.0
2011-02-27,0.0,,0.0
2011-02-28,11.26,,6.63
2011-03-01,9.82,,6.98
2011-03-02,0.0,,0.0
2011-03-03,0.0,,0.0
2011-03-04,0.0,,0.0
2011-03-05,19.1,,17.36
2011-03-06,17.67,,18.12
2011-03-07,0.0,,0.04
2011-03-08,0.0,,0.0
2011-03-09,0.33,,54.93
2011-03-10,28.71,,0.47
2011-03-11,0.0,,0.0
2011-03-12,0.0,,0.0
2011-03-13,0.0,,0.0
2011-03-14,0.0,,0.0
2011-03-15,3.59,,9.99
2011-03-16,0.0,,0.0
2011-03-17,0.0,,0.0
2011-03-18,0.0,,0.0
2011-03-19,0.0,,0.0
2011-03-20,0.0,,0.0
2011-03-21,0.0,,0.0
2011-03-22,0.0,,0.0
2011-03-23,0.0,,0.0
2011-03-24,0.0,,0.0
2011-03-25,0.0,,0.0
2011-03-26,0.0,,3.21
2011-03-27,1.43,,5.13
2011-03-28,1.39,,1.45
2011-03-29,0.0,,0.0
2011-03-30,35.65,,30.84
2011-03-31,0.99,,0.0
2011-04-01,0.0,,0.1
2011-04-02,0.58,,0.26
2011-04-03,0.0,,0.0
2011-04-04,13.62,,0.0
2011-04-05,14.68,,32.61
2011-04-06,0.0,,0.0
2011-04-07,0.0,,0.01
2011-04-08,0.0,,0.0
2011-04-09,0.0,,0.0
2011-04-10,0.0,,0.0
2011-04-11,1.07,,0.0
2011-04-12,2.96,,4.86
2011-04-13,0.0,,0.0
2011-04-14,0.0,,0.0
2011-04-15,0.0,,0.03
2011-04-16,5.01,,3.89
2011-04-17,0.0,,0.0
2011-04-18,0.0,,0.0
2011-04-19,0.0,,0.12
2011-04-20,0.0,,0.0
2011-04-21,0.0,,0.0
2011-04-22,0.0,,0.1
2011-04-23,0.0,,0.0
2011-04-24,0.0,,0.01
2011-04-25,0.0,,0.73
2011-04-26,0.0,,0.0
2011-04-27,5.47,,0.01
2011-04-28,1.58,,6.28
2011-04-29,0.0,,0.0
2011-04-30,0.0,,0.0
2011-05-01,0.0,,0.0
2011-05-02,0.0,,0.0
2011-05-03,2.67,,1.25
2011-05-04,0.91,,3.67
2011-05-05,0.0,,0.0
2011-05-06,0.0,,0.0
2011-05-07,0.0,,0.0
2011-05-08,0.0,,0.0
2011-05-09,0.0,,0.0
2011-05-10,0.0,,0.0
2011-05-11,0.0,,0.0
2011-05-12,0.0,,0.0
2011-05-13,9.89,,12.22
2011-05-14,12.54,,6.16
2011-05-15,0.0,,0.0
2011-05-16,0.0,,0.0
2011-05-17,0.0,,0.02
2011-05-18,0.0,,0.0
2011-05-19,0.0,,0.0
2011-05-20,0.0,,0.0
2011-05-21,0.0,,0.0
2011-05-22,0.0,,0.0
2011-05-23,0.0,,0.0
2011-05-24,0.0,,0.0
2011-05-25,0.0,,0.0
2011-05-26,5.15,,11.71
2011-05-27,5.1,,4.53
2011-05-28,0.0,,0.01
2011-05-29,0.0,,0.0
2011-05-30,0.0,,0.0
2011-05-31,0.0,,0.0
2011-06-01,0.0,,0.0
2011-06-02,0.0,,0.06
2011-06-03,0.0,,0.29
2011-06-04,0.0,,0.0
2011-06-05,0.0,,0.55
2011-06-06,0.0,,0.0
2011-06-07,0.0,,0.02
2011-06-08,0.0,,0.47
2011-06-09,0.0,,0.11
2011-06-10,2.97,,1.89
2011-06-11,5.44,,3.33
2011-06-12,0.0,,0.5
2011-06-13,0.0,,0.33
2011-06-14,0.0,,0.0
2011-06-15,0.0,,0.0
2011-06-16,10.43,,2.96
2011-06-17,21.06,,37.38
2011-06-18,3.62,,0.0
2011-06-19,0.0,,0.0
2011-06-20,0.0,,0.0
2011-06-21,3.23,,5.34
2011-06-22,6.85,,11.12
2011-06-23,0.29,,1.2
2011-06-24,0.0,,3.7
2011-06-25,0.0,,11.55
2011-06-26,0.0,,3.33
2011-06-27,0.0,,1.61
2011-06-28,8.31,,4.41
2011-06-29,1.28,,1.35
2011-06-30,0.0,,0.07
2011-07-01,0.0,,1.25
2011-07-02,1.53,,13.04
2011-07-03,0.42,,1.91
2011-07-04,0.0,,0.63
2011-07-05,0.02,,2.97
2011-07-06,0.0,,0.73
2011-07-07,0.0,,0.16
2011-07-08,0.0,,0.04
2011-07-09,0.0,,5.66
2011-07-10,27.9,,14.78
2011-07-11,18.09,,16.23
2011-07-12,0.0,,0.37
2011-07-13,0.0,,7.25
2011-07-14,16.57,,15.15
2011-07-15,12.67,,18.07
2011-07-16,19.93,,20.22
2011-07-17,7.29,,7.66
2011-07-18,0.69,,1.66
2011-07-19,0.0,,0.0
2011-07-20,0.0,,6.35
2011-07-21,0.0,,0.0
2011-07-22,0.0,,0.59
2011-07-23,2.56,,4.67
2011-07-24,0.62,,0.08
2011-07-25,0.34,,0.38
2011-07-26,8.07,,6.36
2011-07-27,15.74,,4.87
2011-07-28,14.29,,7.82
2011-07-29,3.26,,0.0
2011-07-30,0.0,,2.12
2011-07-31,0.0,,2.88
2011-08-01,5.64,,8.52
2011-08-02,0.0,,1.07
2011-08-03,0.0,,0.0
2011-08-04,0.0,,0.34
2011-08-05,0.0,,0.88
2011-08-06,0.0,,0.87
2011-08-07,0.0,,0.39
2011-08-08,0.0,,1.9
2011-08-09,11.2,,10.54
2011-08-10,6.39,,2.31
2011-08-11,0.0,,2.33
2011-08-12,0.0,,0.99
2011-08-13,0.0,,0.0
2011-08-14,0.0,,0.39
2011-08-15,0.0,,0.05
2011-08-16,0.0,,0.0
2011-08-17,0.0,,0.0
2011-08-18,0.0,,0.0
2011-08-19,0.0,,6.19
2011-08-20,8.08,,1.42
2011-08-21,0.0,,0.71
2011-08-22,0.0,,0.82
2011-08-23,0.0,,0.42
2011-08-24,0.0,,0.0
2011-08-25,0.0,,0.0
2011-08-26,0.0,,0.0
2011-08-27,0.0,,0.01
2011-08-28,0.0,,0.0
2011-08-29,0.0,,0.0
2011-08-30,0.0,,0.0
2011-08-31,0.0,,0.16
2011-09-01,0.0,,0.23
2011-09-02,0.0,,0.0
2011-09-03,0.0,,0.0
2011-09-04,11.49,,9.86
2011-09-05,64.17,,70.33
2011-09-06,26.5,,0.42
2011-09-07,0.0,,0.0
2011-09-08,0.0,,0.0
2011-09-09,0.0,,0.01
2011-09-10,0.0,,0.05
2011-09-11,0.0,,0.0
2011-09-12,0.0,,0.0
2011-09-13,0.0,,0.0
2011-09-14,0.0,,0.02
2011-09-15,0.0,,0.0
2011-09-16,0.0,,0.0
2011-09-17,0.0,,0.0
2011-09-18,0.0,,0.0
2011-09-19,0.0,,0.0
2011-09-20,3.22,,3.11
2011-09-21,5.48,,4.75
2011-09-22,0.59,,17.93
2011-09-23,0.65,,0.27
2011-09-24,0.0,,0.27
2011-09-25,0.0,,0.0
2011-09-26,0.0,,0.0
2011-09-27,0.0,,2.82
2011-09-28,4.99,,6.68
2011-09-29,1.02,,0.18
2011-09-30,0.0,,0.22
2011-10-01,0.0,,0.0
2011-10-02,0.0,,0.0
2011-10-03,0.0,,0.0
2011-10-04,0.0,,0.0
2011-10-05,0.0,,0.0
2011-10-06,0.0,,0.0
2011-10-07,0.0,,0.0
2011-10-08,0.0,,0.0
2011-10-09,0.0,,0.2
2011-10-10,6.11,,14.1
2011-10-11,7.2,,0.32
2011-10-12,0.21,,0.25
2011-10-13,4.8,,6.55
2011-10-14,1.0,,2.09
2011-10-15,0.0,,0.0
2011-10-16,0.0,,0.0
2011-10-17,0.0,,0.0
2011-10-18,1.39,,0.11
2011-10-19,1.66,,5.44
2011-10-20,0.0,,0.0
2011-10-21,0.0,,0.0
2011-10-22,0.0,,0.0
2011-10-23,0.0,,0.0
2011-10-24,0.0,,0.0
2011-10-25,0.0,,0.0
2011-10-26,0.0,,0.0
2011-10-27,0.0,,0.0
2011-10-28,0.0,,0.0
2011-10-29,0.0,,0.32
2011-10-30,0.0,,0.0
2011-10-31,0.0,,0.0
2011-11-01,0.0,,0.0
2011-11-02,0.0,,0.0
2011-11-03,5.67,,7.14
2011-11-04,1.55,,0.32
2011-11-05,0.0,,0.0
2011-11-06,0.0,,0.0
2011-11-07,0.0,,0.0
2011-11-08,0.0,,0.0
2011-11-09,4.65,,0.0
2011-11-10,3.85,,8.06
2011-11-11,0.0,,0.0
2011-11-12,0.0,,0.0
2011-11-13,0.0,,0.0
2011-11-14,0.0,,0.04
2011-11-15,0.0,,0.01
2011-11-16,21.62,,36.95
2011-11-17,4.02,,0.02
2011-11-18,0.0,,0.0
2011-11-19,0.0,,0.0
2011-11-20,0.0,,0.15
2011-11-21,0.0,,0.0
2011-11-22,4.85,,2.2
2011-11-23,8.41,,10.98
2011-11-24,0.0,,0.0
2011-11-25,0.0,,0.0
2011-11-26,0.0,,0.0
2011-11-27,17.12,,9.83
2011-11-28,21.15,,19.91
2011-11-29,0.06,,1.03
2011-11-30,0.0,,0.14
2011-12-01,0.0,,0.0
2011-12-02,0.0,,0.0
2011-12-03,0.0,,0.0
2011-12-04,0.0,,0.0
2011-12-05,0.86,,0.0
2011-12-06,13.67,,1.23
2011-12-07,8.85,,0.81
2011-12-08,0.14,,0.0
2011-12-09,0.0,,0.0
2011-12-10,0.0,,0.0
2011-12-11,0.0,,0.01
2011-12-12,3.7,,2.15
2011-12-13,0.0,,0.0
2011-12-14,0.0,,0.0
2011-12-15,0.0,,0.0
2011-12-16,0.1,,0.01
2011-12-17,0.0,,0.26
2011-12-18,0.0,,0.0
2011-12-19,0.0,,0.0
2011-12-20,19.76,,19.03
2011-12-21,17.09,,23.22
2011-12-22,29.15,,30.85
2011-12-23,3.79,,2.3
2011-12-24,0.0,,0.0
2011-12-25,7.55,,10.1
2011-12-26,12.69,,2.63
2011-12-27,20.79,,18.87
2011-12-28,0.0,,0.0
2011-12-29,0.0,,0.0
2011-12-30,0.0,,0.0
2011-12-31,0.0,,0.0
2012-01-01,0.0,,0.0
2012-01-02,0.0,,0.0
2012-01-03,0.0,,0.0
2012-01-04,0.0,,0.0
2012-01-05,0.0,,0.0
2012-01-06,0.0,,0.0
2012-01-07,1.22,,0.12
2012-01-08,3.11,,2.9
2012-01-09,0.75,,2.2
2012-01-10,6.15,,7.68
2012-01-11,4.82,,2.15
2012-01-12,0.0,,0.1
2012-01-13,0.0,,0.0
2012-01-14,0.0,,0.0
2012-01-15,0.0,,0.0
2012-01-16,0.0,,0.0
2012-01-17,15.7,,9.88
2012-01-18,4.58,,11.96
2012-01-19,0.0,,0.0
2012-01-20,9.67,,10.35
2012-01-21,5.46,,5.82
2012-01-22,8.8,,12.49
2012-01-23,24.15,,24.67
2012-01-24,4.32,,0.31
2012-01-25,0.0,,0.0
2012-01-26,15.29,,15.37
2012-01-27,0.98,,0.0
2012-01-28,0.0,,0.0
2012-01-29,0.0,,0.0
2012-01-30,0.0,,0.0
2012-01-31,0.0,,0.0
2012-02-01,5.87,,6.51
2012-02-02,0.66,,0.06
2012-02-03,0.95,,0.83
2012-02-04,0.09,,0.25
2012-02-05,2.6,,0.95
2012-02-06,0.0,,0.0
2012-02-07,0.0,,0.0
2012-02-08,0.0,,0.0
2012-02-09,0.0,,0.0
2012-02-10,0.64,,0.0
2012-02-11,0.0,,0.67
2012-02-12,0.0,,0.0
2012-02-13,0.93,,0.0
2012-02-14,9.91,,9.48
2012-02-15,0.0,,0.0
2012-02-16,25.07,,23.56
2012-02-17,0.0,,0.55
2012-02-18,52.34,,35.59
2012-02-19,30.83,,27.86
2012-02-20,0.0,,0.29
2012-02-21,1.1,,0.0
2012-02-22,0.0,,0.0
2012-02-23,0.0,,0.0
2012-02-24,9.5,,2.39
2012-02-25,0.0,,1.74
2012-02-26,0.0,,0.68
2012-02-27,0.38,,0.19
2012-02-28,0.0,,0.76
2012-02-29,1.57,,0.56
2012-03-01,3.16,,0.37
2012-03-02,2.34,,6.99
2012-03-03,5.68,,0.38
2012-03-04,0.63,,3.59
2012-03-05,0.0,,0.17
2012-03-06,0.0,,0.0
2012-03-07,0.0,,0.0
2012-03-08,0.0,,0.0
2012-03-09,5.15,,0.0
2012-03-10,0.0,,2.88
2012-03-11,0.0,,0.0
2012-03-12,0.0,,0.0
2012-03-13,8.82,,0.04
2012-03-14,0.13,,7.16
2012-03-15,0.0,,0.04
2012-03-16,0.0,,0.0
2012-03-17,0.0,,0.0
2012-03-18,0.0,,0.0
2012-03-19,0.0,,0.0
2012-03-20,0.0,,0.0
2012-03-21,0.0,,0.0
2012-03-22,1.0,,0.0
2012-03-23,49.01,,0.48
2012-03-24,2.65,,58.45
2012-03-25,0.0,,0.02
2012-03-26,0.0,,0.0
2012-03-27,0.0,,0.0
2012-03-28,0.0,,0.0
2012-03-29,0.0,,0.0
2012-03-30,23.14,,0.0
2012-03-31,36.93,,22.45
2012-04-01,0.0,,18.38
2012-04-02,0.0,,0.13
2012-04-03,3.39,,0.0
2012-04-04,2.39,,24.8
2012-04-05,4.99,,0.22
2012-04-06,0.45,,14.09
2012-04-07,0.0,,1.06
2012-04-08,0.0,,0.0
2012-04-09,0.0,,0.0
2012-04-10,0.0,,0.0
2012-04-11,0.0,,0.0
2012-04-12,0.0,,0.0
2012-04-13,0.0,,0.0
2012-04-14,0.0,,0.0
2012-04-15,0.0,,0.0
2012-04-16,6.92,,0.0
2012-04-17,9.42,,9.55
2012-04-18,11.86,,2.65
2012-04-19,1.34,,17.3
2012-04-20,0.0,,0.01
2012-04-21,2.82,,0.0
2012-04-22,0.89,,0.04
2012-04-23,0.0,,1.2
2012-04-24,0.0,,0.0
2012-04-25,0.0,,0.0
2012-04-26,0.0,,0.0
2012-04-27,0.0,,0.0
2012-04-28,0.0,,0.0
2012-04-29,0.0,,0.0
2012-04-30,0.0,,0.0
2012-05-01,0.0,,0.0
2012-05-02,3.41,,0.0
2012-05-03,16.31,,0.28
2012-05-04,1.32,,17.4
2012-05-05,0.0,,0.05
2012-05-06,4.66,,0.0
2012-05-07,0.0,,8.93
2012-05-08,6.34,,0.16
2012-05-09,3.99,,15.82
2012-05-10,0.53,,2.57
2012-05-11,0.0,,0.06
2012-05-12,21.67,,0.0
2012-05-13,37.55,,1.4
2012-05-14,10.35,,56.42
2012-05-15,0.0,,11.48
2012-05-16,0.0,,0.0
2012-05-17,0.0,,0.0
2012-05-18,0.0,,0.0
2012-05-19,0.0,,0.0
2012-05-20,0.0,,0.0
2012-05-21,0.0,,0.0
2012-05-22,11.04,,1.46
2012-05-23,0.0,,13.71
2012-05-24,0.0,,0.01
2012-05-25,0.0,,0.0
2012-05-26,0.0,,0.0
2012-05-27,0.0,,0.0
2012-05-28,0.0,,0.0
2012-05-29,0.0,,0.18
2012-05-30,0.0,,0.13
2012-05-31,0.0,,0.11
2012-06-01,0.51,,3.83
2012-06-02,0.0,,1.05
2012-06-03,0.0,,0.0
2012-06-04,0.0,,0.0
2012-06-05,6.14,,0.0
2012-06-06,1.73,,12.71
2012-06-07,0.0,,1.49
2012-06-08,0.0,,0.0
2012-06-09,12.22,,0.0
2012-06-10,34.41,,12.65
2012-06-11,39.81,,59.17
2012-06-12,4.72,,41.4
2012-06-13,0.0,,6.32
2012-06-14,0.44,,0.0
2012-06-15,0.07,,3.6
2012-06-16,0.0,,2.81
2012-06-17,0.0,,0.01
2012-06-18,0.0,,0.0
2012-06-19,0.0,,0.0
2012-06-20,0.0,,0.0
2012-06-21,0.0,,0.0
2012-06-22,0.0,,0.0
2012-06-23,4.07,,0.0
2012-06-24,0.0,,5.9
2012-06-25,0.0,,1.06
2012-06-26,0.0,,0.0
2012-06-27,0.0,,0.0
2012-06-28,0.0,,0.0
2012-06-29,0.0,,0.0
2012-06-30,0.0,,0.0
2012-07-01,0.0,,0.0
2012-07-02,12.04,,0.0
2012-07-03,24.67,,17.88
2012-07-04,5.0,,24.53
2012-07-05,0.0,,12.61
2012-07-06,0.0,,0.76
2012-07-07,0.58,,0.67
2012-07-08,0.0,,0.0
2012-07-09,0.0,,0.0
2012-07-10,7.59,,1.02
2012-07-11,6.17,,11.46
2012-07-12,15.75,,3.82
2012-07-13,8.0,,7.93
2012-07-14,0.0,,9.67
2012-07-15,0.0,,4.67
2012-07-16,0.0,,0.4
2012-07-17,15.79,,0.0
2012-07-18,30.98,,14.18
2012-07-19,0.0,,13.84
2012-07-20,0.0,,29.47
2012-07-21,0.0,,0.69
2012-07-22,0.0,,0.02
2012-07-23,0.0,,0.0
2012-07-24,0.0,,0.02
2012-07-25,0.0,,1.38
2012-07-26,0.0,,1.64
2012-07-27,8.92,,6.57
2012-07-28,1.03,,3.58
2012-07-29,1.33,,12.07
2012-07-30,18.87,,1.48
2012-07-31,13.69,,5.56
2012-08-01,0.57,,51.63
2012-08-02,0.18,,0.0
2012-08-03,4.51,,0.41
2012-08-04,4.33,,0.84
2012-08-05,6.21,,3.91
2012-08-06,4.92,,5.9
2012-08-07,13.11,,6.74
2012-08-08,2.96,,16.98
2012-08-09,2.4,,3.39
2012-08-10,2.07,,1.96
2012-08-11,11.36,,3.44
2012-08-12,0.0,,12.59
2012-08-13,0.0,,0.38
2012-08-14,6.23,,0.0
2012-08-15,0.18,,7.03
2012-08-16,0.0,,0.0
2012-08-17,0.0,,0.23
2012-08-18,16.13,,0.13
2012-08-19,6.2,,0.63
2012-08-20,9.46,,14.99
2012-08-21,0.0,,5.89
2012-08-22,0.0,,5.29
2012-08-23,0.0,,3.76
2012-08-24,0.0,,3.14
2012-08-25,0.0,,0.0
2012-08-26,0.0,,0.0
2012-08-27,2.15,,0.0
2012-08-28,2.79,,2.38
2012-08-29,2.49,,3.38
2012-08-30,4.82,,2.39
2012-08-31,0.0,,7.12
2012-09-01,0.0,,0.64
2012-09-02,4.52,,0.0
2012-09-03,30.61,,12.0
2012-09-04,49.87,,2.32
2012-09-05,4.17,,89.24
2012-09-06,0.0,,1.08
2012-09-07,6.31,,0.0
2012-09-08,0.0,,7.94
2012-09-09,0.0,,0.03
2012-09-10,0.0,,0.01
2012-09-11,0.0,,0.0
2012-09-12,0.0,,0.11
2012-09-13,0.0,,0.0
2012-09-14,0.0,,0.0
2012-09-15,0.0,,0.0
2012-09-16,3.95,,0.0
2012-09-17,8.49,,0.45
2012-09-18,23.2,,12.69
2012-09-19,0.0,,20.49
2012-09-20,0.0,,0.64
2012-09-21,0.0,,0.0
2012-09-22,0.0,,0.0
2012-09-23,0.0,,0.0
2012-09-24,0.0,,0.0
2012-09-25,0.0,,0.0
2012-09-26,0.0,,0.0
2012-09-27,0.0,,0.0
2012-09-28,0.0,,0.0
2012-09-29,0.33,,0.0
2012-09-30,11.61,,0.31
2012-10-01,29.06,,12.91
2012-10-02,1.02,,39.98
2012-10-03,0.0,,0.02
2012-10-04,0.0,,0.0
2012-10-05,0.0,,0.0
2012-10-06,0.0,,0.0
2012-10-07,0.0,,0.0
2012-10-08,0.0,,0.0
2012-10-09,0.0,,0.0
2012-10-10,0.0,,0.0
2012-10-11,0.0,,0.0
2012-10-12,0.0,,0.0
2012-10-13,0.0,,0.0
2012-10-14,0.0,,0.0
2012-10-15,4.49,,0.0
2012-10-16,0.0,,1.26
2012-10-17,0.0,,0.15
2012-10-18,7.56,,0.0
2012-10-19,0.0,,9.19
2012-10-20,0.0,,0.0
2012-10-21,0.0,,0.0
2012-10-22,0.0,,0.0
2012-10-23,0.0,,0.0
2012-10-24,0.0,,0.0
2012-10-25,0.0,,0.0
2012-10-26,0.0,,0.0
2012-10-27,0.0,,0.0
2012-10-28,0.0,,0.0
2012-10-29,0.0,,0.0
2012-10-30,0.0,,0.0
2012-10-31,0.0,,0.0
2012-11-01,0.0,,0.0
2012-11-02,0.0,,0.0
2012-11-03,0.0,,0.0
2012-11-04,0.0,,0.0
2012-11-05,2.92,,0.0
2012-11-06,2.21,,0.58
2012-11-07,0.15,,3.89
2012-11-08,0.0,,0.0
2012-11-09,0.0,,0.1
2012-11-10,0.0,,0.0
2012-11-11,0.0,,0.0
2012-11-12,14.76,,0.0
2012-11-13,3.91,,17.97
2012-11-14,0.0,,1.45
2012-11-15,0.0,,0.08
2012-11-16,0.0,,0.0
2012-11-17,0.0,,0.0
2012-11-18,0.0,,0.0
2012-11-19,0.0,,0.0
2012-11-20,0.0,,0.0
2012-11-21,0.0,,0.0
2012-11-22,0.0,,0.0
2012-11-23,0.0,,0.0
2012-11-24,0.0,,0.0
2012-11-25,0.0,,0.0
2012-11-26,0.0,,0.0
2012-11-27,9.09,,0.0
2012-11-28,0.31,,12.4
2012-11-29,0.0,,0.0
2012-11-30,0.0,,0.0
2012-12-01,0.0,,0.0
2012-12-02,0.0,,0.0
2012-12-03,0.0,,0.0
2012-12-04,0.0,,0.0
2012-12-05,0.0,,0.0
2012-12-06,0.0,,0.0
2012-12-07,0.0,,0.0
2012-12-08,0.0,,0.0
2012-12-09,0.0,,0.0
2012-12-10,8.26,,0.0
2012-12-11,1.85,,12.64
2012-12-12,0.0,,0.0
2012-12-13,0.0,,0.0
2012-12-14,0.0,,0.0
2012-12-15,0.0,,0.0
2012-12-16,10.51,,0.0
2012-12-17,32.12,,1.43
2012-12-18,2.37,,45.17
2012-12-19,0.0,,0.19
2012-12-20,14.91,,0.0
2012-12-21,3.16,,17.73
2012-12-22,0.0,,0.0
2012-12-23,0.0,,0.0
2012-12-24,14.36,,0.01
2012-12-25,36.91,,14.41
2012-12-26,15.6,,24.66
2012-12-27,0.0,,28.51
2012-12-28,10.71,,0.0
2012-12-29,7.47,,0.0
2012-12-30,0.0,,15.15
2012-12-31,3.74,,0.0
2013-01-01,3.62,,0.05
2013-01-02,11.47,,8.7
2013-01-03,6.51,,7.19
2013-01-04,0.0,,0.0
2013-01-05,0.0,,0.01
2013-01-06,0.15,,0.25
2013-01-07,0.0,,0.0
2013-01-08,0.0,,0.0
2013-01-09,0.0,,0.0
2013-01-10,0.68,,0.14
2013-01-11,0.0,,0.03
2013-01-12,0.0,,0.0
2013-01-13,0.0,,0.36
2013-01-14,4.83,,3.98
2013-01-15,5.58,,2.84
2013-01-16,18.43,,24.05
2013-01-17,8.2,,4.9
2013-01-18,0.0,,0.0
2013-01-19,0.0,,0.0
2013-01-20,0.0,,0.0
2013-01-21,0.0,,0.0
2013-01-22,0.0,,0.0
2013-01-23,0.0,,0.0
2013-01-24,0.0,,0.0
2013-01-25,0.0,,0.0
2013-01-26,0.0,,0.0
2013-01-27,0.0,,0.0
2013-01-28,0.0,,0.0
2013-01-29,0.0,,0.0
2013-01-30,15.91,,25.69
2013-01-31,15.1,,1.86
2013-02-01,0.0,,0.0
2013-02-02,0.63,,0.0
2013-02-03,0.11,,1.1
2013-02-04,0.0,,0.0
2013-02-05,0.0,,0.03
2013-02-06,0.0,,0.0
2013-02-07,18.53,,30.85
2013-02-08,3.06,,0.04
2013-02-09,0.0,,0.0
2013-02-10,24.88,,1.79
2013-02-11,49.24,,70.84
2013-02-12,43.25,,62.1
2013-02-13,25.31,,7.85
2013-02-14,3.31,,0.0
2013-02-15,0.0,,0.0
2013-02-16,0.0,,0.0
2013-02-17,0.0,,0.0
2013-02-18,0.0,,0.0
2013-02-19,8.57,,5.61
2013-02-20,0.0,,0.0
2013-02-21,0.0,,0.01
2013-02-22,21.6,,19.62
2013-02-23,29.88,,31.46
2013-02-24,7.37,,0.05
2013-02-25,34.03,,23.94
2013-02-26,46.16,,47.27
2013-02-27,0.0,,0.0
2013-02-28,0.0,,0.0
2013-03-01,0.0,,0.0
2013-03-02,0.0,,0.0
2013-03-03,0.0,,0.0
2013-03-04,0.0,,0.0
2013-03-05,1.01,,3.68
2013-03-06,0.0,,0.0
2013-03-07,0.0,,0.0
2013-03-08,0.0,,0.0
2013-03-09,0.0,,0.0
2013-03-10,0.0,,0.0
2013-03-11,6.24,,27.45
2013-03-12,1.29,,0.21
2013-03-13,0.0,,0.0
2013-03-14,0.0,,0.0
2013-03-15,0.0,,0.0
2013-03-16,0.0,,0.0
2013-03-17,0.0,,0.0
2013-03-18,5.69,,0.92
2013-03-19,13.07,,19.58
2013-03-20,0.0,,0.0
2013-03-21,0.0,,0.0
2013-03-22,0.86,,4.49
2013-03-23,18.11,,4.92
2013-03-24,18.07,,25.66
2013-03-25,0.0,,0.0
2013-03-26,0.0,,0.0
2013-03-27,0.0,,0.0
2013-03-28,0.0,,0.0
2013-03-29,0.0,,0.0
2013-03-30,0.0,,0.0
2013-03-31,5.48,,4.56
2013-04-01,11.64,,9.13
2013-04-02,0.0,,0.0
2013-04-03,0.2,,1.86
2013-04-04,3.55,,4.21
2013-04-05,3.14,,3.87
2013-04-06,0.0,,0.0
2013-04-07,0.0,,0.0
2013-04-08,0.0,,0.0
2013-04-09,0.0,,0.0
2013-04-10,0.0,,0.0
2013-04-11,21.62,,2.19
2013-04-12,3.78,,26.72
2013-04-13,0.0,,0.0
2013-04-14,29.31,,32.92
2013-04-15,0.0,,0.0
2013-04-16,0.0,,0.0
2013-04-17,0.0,,0.0
2013-04-18,0.0,,0.0
2013-04-19,5.34,,12.43
2013-04-20,11.53,,0.12
2013-04-21,0.0,,0.0
2013-04-22,0.0,,0.0
2013-04-23,0.0,,0.0
2013-04-24,0.0,,0.05
2013-04-25,0.0,,0.2
2013-04-26,0.0,,0.0
2013-04-27,0.0,,0.0
2013-04-28,0.0,,2.27
2013-04-29,7.68,,5.19
2013-04-30,0.0,,0.22
2013-05-01,1.58,,2.5
2013-05-02,2.08,,0.23
2013-05-03,4.2,,0.88
2013-05-04,22.54,,27.91
2013-05-05,4.98,,0.0
2013-05-06,0.33,,0.21
2013-05-07,0.0,,0.01
2013-05-08,0.0,,0.1
2013-05-09,0.0,,0.0
2013-05-10,0.0,,0.0
2013-05-11,0.0,,0.0
2013-05-12,0.0,,0.01
2013-05-13,0.0,,0.0
2013-05-14,0.0,,0.0
2013-05-15,0.0,,0.0
2013-05-16,0.0,,0.0
2013-05-17,0.0,,0.0
2013-05-18,0.0,,0.16
2013-05-19,0.0,,0.0
2013-05-20,1.61,,7.99
2013-05-21,0.0,,0.17
2013-05-22,0.0,,0.0
2013-05-23,0.0,,0.0
2013-05-24,0.0,,0.0
2013-05-25,0.0,,0.0
2013-05-26,0.0,,0.0
2013-05-27,0.0,,0.0
2013-05-28,0.0,,0.1
2013-05-29,0.0,,0.16
2013-05-30,0.0,,0.0
2013-05-31,0.0,,0.0
2013-06-01,0.0,,0.7
2013-06-02,4.2,,7.11
2013-06-03,9.23,,3.94
2013-06-04,0.0,,0.91
2013-06-05,17.41,,16.69
2013-06-06,6.57,,3.44
2013-06-07,7.36,,5.96
2013-06-08,0.6,,2.08
2013-06-09,6.25,,10.76
2013-06-10,11.89,,4.82
2013-06-11,0.65,,0.18
2013-06-12,0.0,,0.0
2013-06-13,1.33,,0.0
2013-06-14,14.27,,17.69
2013-06-15,0.0,,0.0
2013-06-16,0.0,,0.51
2013-06-17,3.65,,3.31
2013-06-18,10.04,,25.2
2013-06-19,14.3,,16.02
2013-06-20,1.15,,0.23
2013-06-21,0.0,,0.11
2013-06-22,0.0,,0.0
2013-06-23,1.38,,2.09
2013-06-24,1.29,,1.9
2013-06-25,12.12,,3.86
2013-06-26,2.84,,1.09
2013-06-27,0.0,,0.09
2013-06-28,21.47,,5.47
2013-06-29,18.95,,31.14
2013-06-30,0.6,,10.46
2013-07-01,11.39,,1.56
2013-07-02,3.64,,20.69
2013-07-03,11.17,,20.0
2013-07-04,35.35,,57.09
2013-07-05,22.81,,4.54
2013-07-06,14.93,,23.15
2013-07-07,15.19,,4.64
2013-07-08,15.25,,3.18
2013-07-09,24.63,,18.02
2013-07-10,11.29,,9.59
2013-07-11,19.43,,4.29
2013-07-12,20.23,,15.51
2013-07-13,22.36,,4.93
2013-07-14,10.81,,15.62
2013-07-15,7.22,,5.22
2013-07-16,1.59,,4.44
2013-07-17,7.16,,0.11
2013-07-18,4.75,,11.82
2013-07-19,0.0,,1.15
2013-07-20,1.44,,19.42
2013-07-21,8.65,,12.6
2013-07-22,13.06,,4.62
2013-07-23,18.22,,18.32
2013-07-24,26.46,,36.43
2013-07-25,23.44,,3.27
2013-07-26,0.0,,0.08
2013-07-27,6.42,,9.92
2013-07-28,2.77,,3.98
2013-07-29,0.0,,3.29
2013-07-30,0.0,,3.06
2013-07-31,14.52,,33.32
2013-08-01,17.59,,15.03
2013-08-02,0.0,,0.0
2013-08-03,0.0,,0.0
2013-08-04,0.0,,0.12
2013-08-05,0.0,,0.0
2013-08-06,2.69,,2.41
2013-08-07,10.26,,15.13
2013-08-08,0.0,,3.65
2013-08-09,0.0,,2.07
2013-08-10,0.0,,2.32
2013-08-11,0.0,,1.09
2013-08-12,0.75,,5.03
2013-08-13,3.33,,5.48
2013-08-14,24.63,,11.37
2013-08-15,13.35,,3.04
2013-08-16,2.11,,18.01
2013-08-17,11.12,,15.16
2013-08-18,13.34,,15.22
2013-08-19,12.8,,3.05
2013-08-20,4.01,,29.51
2013-08-21,0.0,,2.62
2013-08-22,0.02,,7.28
2013-08-23,0.0,,0.04
2013-08-24,0.0,,0.41
2013-08-25,0.0,,3.89
2013-08-26,0.0,,0.0
2013-08-27,0.0,,0.0
2013-08-28,0.0,,0.0
2013-08-29,0.0,,0.0
2013-08-30,0.0,,0.19
2013-08-31,0.0,,0.66
2013-09-01,0.0,,0.97
2013-09-02,0.0,,0.77
2013-09-03,2.77,,3.32
2013-09-04,8.8,,5.47
2013-09-05,1.88,,2.55
2013-09-06,0.0,,0.0
2013-09-07,0.0,,0.0
2013-09-08,0.0,,0.0
2013-09-09,0.0,,0.22
2013-09-10,0.0,,3.19
2013-09-11,0.0,,0.0
2013-09-12,0.0,,0.0
2013-09-13,0.0,,0.15
2013-09-14,0.0,,0.67
2013-09-15,0.0,,0.0
2013-09-16,0.0,,0.21
2013-09-17,0.0,,0.01
2013-09-18,0.0,,0.0
2013-09-19,0.0,,0.0
2013-09-20,0.0,,0.0
2013-09-21,13.23,,16.46
2013-09-22,0.0,,3.95
2013-09-23,0.0,,0.29
2013-09-24,14.87,,0.65
2013-09-25,11.89,,16.94
2013-09-26,0.0,,1.06
2013-09-27,0.0,,0.0
2013-09-28,0.0,,0.0
2013-09-29,0.0,,0.0
2013-09-30,0.0,,0.0
2013-10-01,0.0,,0.0
2013-10-02,0.0,,0.0
2013-10-03,0.0,,0.0
2013-10-04,0.0,,0.0
2013-10-05,0.0,,0.0
2013-10-06,2.49,,8.53
2013-10-07,8.06,,4.98
2013-10-08,0.0,,0.08
2013-10-09,0.0,,0.0
2013-10-10,0.0,,0.0
2013-10-11,0.0,,0.0
2013-10-12,0.0,,0.0
2013-10-13,0.0,,0.0
2013-10-14,0.0,,0.0
2013-10-15,0.0,,0.0
2013-10-16,0.0,,0.1
2013-10-17,3.03,,6.44
2013-10-18,0.59,,0.54
2013-10-19,0.96,,0.8
2013-10-20,0.0,,0.13
2013-10-21,0.0,,0.0
2013-10-22,0.0,,0.13
2013-10-23,0.0,,0.0
2013-10-24,0.0,,0.0
2013-10-25,0.0,,0.0
2013-10-26,0.0,,0.0
2013-10-27,0.0,,0.0
2013-10-28,0.0,,0.0
2013-10-29,0.0,,0.0
2013-10-30,0.0,,0.0
2013-10-31,0.0,,0.03
2013-11-01,7.86,,16.21
2013-11-02,4.69,,0.43
2013-11-03,0.0,,0.0
2013-11-04,0.0,,0.0
2013-11-05,0.0,,0.0
2013-11-06,0.0,,0.0
2013-11-07,2.49,,1.56
2013-11-08,0.0,,0.0
2013-11-09,0.0,,0.0
2013-11-10,0.0,,0.0
2013-11-11,0.0,,0.0
2013-11-12,0.0,,0.0
2013-11-13,0.0,,0.0
2013-11-14,0.0,,0.0
2013-11-15,0.0,,0.1
2013-11-16,0.0,,0.03
2013-11-17,0.0,,1.39
2013-11-18,4.49,,2.7
2013-11-19,0.0,,0.0
2013-11-20,0.0,,0.0
2013-11-21,0.0,,0.0
2013-11-22,0.0,,0.0
2013-11-23,0.0,,0.02
2013-11-24,0.0,,0.0
2013-11-25,0.0,,0.0
2013-11-26,18.04,,25.52
2013-11-27,20.85,,10.23
2013-11-28,0.01,,0.0
2013-11-29,0.0,,0.0
2013-11-30,0.0,,0.0
2013-12-01,0.0,,0.0
2013-12-02,0.0,,0.0
2013-12-03,8.67,,6.8
2013-12-04,7.11,,9.13
2013-12-05,11.7,,8.65
2013-12-06,5.97,,0.03
2013-12-07,8.06,,7.51
2013-12-08,0.0,,0.21
2013-12-09,0.0,,0.64
2013-12-10,4.15,,8.63
2013-12-11,0.0,,0.01
2013-12-12,0.0,,0.0
2013-12-13,0.0,,0.0
2013-12-14,4.35,,6.87
2013-12-15,9.04,,6.85
2013-12-16,0.0,,0.0
2013-12-17,0.0,,0.0
2013-12-18,0.0,,0.0
2013-12-19,0.0,,0.0
2013-12-20,0.0,,0.0
2013-12-21,0.0,,0.0
2013-12-22,63.04,,44.67
2013-12-23,56.98,,36.77
2013-12-24,0.0,,0.0
2013-12-25,0.0,,0.0
2013-12-26,0.0,,0.0
2013-12-27,0.0,,0.0
2013-12-28,30.35,,34.3
2013-12-29,30.76,,14.28
2013-12-30,0.0,,0.0
2013-12-31,0.0,,0.0
2014-01-01,1.21,,1.02
2014-01-02,6.04,,6.89
2014-01-03,0.24,,0.0
2014-01-04,0.0,,0.0
2014-01-05,1.18,,0.0
2014-01-06,8.43,,2.45
2014-01-07,0.0,,0.0
2014-01-08,0.0,,0.0
2014-01-09,0.62,,0.76
2014-01-10,3.18,,2.4
2014-01-11,21.16,,41.19
2014-01-12,14.81,,0.0
2014-01-13,3.22,,9.54
2014-01-14,6.32,,0.68
2014-01-15,0.0,,0.0
2014-01-16,0.0,,0.0
2014-01-17,0.0,,0.0
2014-01-18,0.0,,0.0
2014-01-19,0.65,,0.52
2014-01-20,0.0,,0.0
2014-01-21,0.0,,0.0
2014-01-22,0.0,,0.0
2014-01-23,0.0,,0.0
2014-01-24,0.0,,0.0
2014-01-25,0.0,,0.0
2014-01-26,0.0,,0.0
2014-01-27,3.2,,5.63
2014-01-28,8.7,,3.1
2014-01-29,0.0,,2.22
2014-01-30,0.0,,0.0
2014-01-31,0.0,,0.0
2014-02-01,0.0,,0.0
2014-02-02,0.0,,0.0
2014-02-03,9.58,,5.19
2014-02-04,0.0,,0.02
2014-02-05,20.06,,16.79
2014-02-06,0.42,,0.4
2014-02-07,0.45,,1.23
2014-02-08,0.0,,0.35
2014-02-09,0.0,,0.0
2014-02-10,2.23,,0.01
2014-02-11,17.11,,19.68
2014-02-12,39.45,,43.12
2014-02-13,6.51,,2.44
2014-02-14,0.0,,0.0
2014-02-15,0.11,,3.82
2014-02-16,0.0,,0.0
2014-02-17,0.0,,0.01
2014-02-18,1.52,,0.89
2014-02-19,0.0,,0.01
2014-02-20,0.0,,0.01
2014-02-21,29.62,,34.84
2014-02-22,0.0,,0.0
2014-02-23,5.07,,6.27
2014-02-24,0.0,,0.0
2014-02-25,0.0,,0.0
2014-02-26,8.67,,8.48
2014-02-27,0.03,,0.0
2014-02-28,0.0,,0.0
2014-03-01,0.0,,0.0
2014-03-02,0.0,,0.16
2014-03-03,2.42,,2.24
2014-03-04,1.48,,0.32
2014-03-05,0.06,,0.68
2014-03-06,3.29,,4.74
2014-03-07,5.22,,0.21
2014-03-08,0.0,,0.0
2014-03-09,0.0,,0.0
2014-03-10,0.0,,0.0
2014-03-11,1.22,,0.0
2014-03-12,9.32,,4.08
2014-03-13,0.0,,0.0
2014-03-14,0.0,,0.0
2014-03-15,3.12,,0.0
2014-03-16,39.2,,28.29
2014-03-17,23.78,,13.5
2014-03-18,15.05,,0.19
2014-03-19,0.0,,0.0
2014-03-20,0.0,,0.0
2014-03-21,0.0,,0.0
2014-03-22,0.0,,0.0
2014-03-23,2.91,,4.33
2014-03-24,0.0,,0.01
2014-03-25,0.0,,0.0
2014-03-26,0.0,,0.0
2014-03-27,0.0,,0.0
2014-03-28,36.16,,60.34
2014-03-29,34.08,,7.47
2014-03-30,0.49,,0.0
2014-03-31,0.0,,0.0
2014-04-01,0.0,,0.0
2014-04-02,0.0,,0.0
2014-04-03,0.0,,0.0
2014-04-04,0.24,,0.52
2014-04-05,5.97,,0.0
2014-04-06,71.54,,80.48
2014-04-07,48.47,,60.01
2014-04-08,20.03,,0.02
2014-04-09,0.0,,0.1
2014-04-10,0.0,,0.0
2014-04-11,0.0,,0.0
2014-04-12,0.0,,0.0
2014-04-13,0.0,,0.0
2014-04-14,7.71,,6.21
2014-04-15,26.48,,30.25
2014-04-16,0.0,,0.0
2014-04-17,0.0,,0.0
2014-04-18,34.5,,57.44
2014-04-19,40.41,,0.76
2014-04-20,0.0,,0.0
2014-04-21,0.0,,0.0
2014-04-22,0.0,,1.23
2014-04-23,0.04,,0.14
2014-04-24,0.0,,0.0
2014-04-25,0.0,,0.0
2014-04-26,0.0,,0.0
2014-04-27,0.0,,0.04
2014-04-28,0.0,,0.08
2014-04-29,19.3,,27.67
2014-04-30,19.63,,21.42
2014-05-01,0.0,,0.02
2014-05-02,0.0,,0.0
2014-05-03,0.0,,0.0
2014-05-04,0.0,,0.0
2014-05-05,0.0,,0.0
2014-05-06,0.0,,0.0
2014-05-07,0.0,,0.0
2014-05-08,0.0,,0.19
2014-05-09,4.34,,7.27
2014-05-10,12.68,,22.96
2014-05-11,1.0,,0.78
2014-05-12,2.87,,4.98
2014-05-13,0.0,,0.03
2014-05-14,32.83,,51.54
2014-05-15,53.81,,18.53
2014-05-16,0.0,,0.0
2014-05-17,0.0,,0.0
2014-05-18,0.0,,0.0
2014-05-19,0.0,,0.0
2014-05-20,0.0,,0.0
2014-05-21,0.0,,0.0
2014-05-22,0.0,,0.0
2014-05-23,0.0,,0.0
2014-05-24,0.0,,0.0
2014-05-25,0.0,,0.3
2014-05-26,6.18,,1.92
2014-05-27,7.44,,7.09
2014-05-28,0.44,,0.38
2014-05-29,1.38,,2.72
2014-05-30,8.76,,9.46
2014-05-31,10.61,,3.04
2014-06-01,7.51,,14.18
2014-06-02,2.58,,5.37
2014-06-03,0.0,,0.19
2014-06-04,0.0,,0.0
2014-06-05,0.0,,0.0
2014-06-06,2.96,,0.0
2014-06-07,6.58,,13.53
2014-06-08,11.31,,13.91
2014-06-09,1.62,,0.44
2014-06-10,5.45,,9.69
2014-06-11,8.21,,3.19
2014-06-12,5.84,,9.75
2014-06-13,0.0,,0.05
2014-06-14,0.0,,0.0
2014-06-15,0.0,,0.0
2014-06-16,0.0,,3.84
2014-06-17,4.54,,0.17
2014-06-18,0.0,,0.3
2014-06-19,0.0,,0.65
2014-06-20,0.0,,0.96
2014-06-21,0.0,,0.0
2014-06-22,14.64,,5.33
2014-06-23,3.56,,11.06
2014-06-24,5.57,,14.88
2014-06-25,0.53,,0.86
2014-06-26,0.0,,3.89
2014-06-27,3.28,,0.62
2014-06-28,0.15,,9.99
2014-06-29,0.0,,0.12
2014-06-30,0.0,,0.0
2014-07-01,0.0,,0.12
2014-07-02,0.0,,0.0
2014-07-03,0.0,,0.0
2014-07-04,0.0,,0.0
2014-07-05,0.0,,0.0
2014-07-06,0.0,,0.0
2014-07-07,0.0,,0.0
2014-07-08,0.0,,0.0
2014-07-09,0.0,,15.28
2014-07-10,19.1,,11.28
2014-07-11,1.05,,0.0
2014-07-12,0.0,,0.08
2014-07-13,0.0,,0.01
2014-07-14,0.0,,0.62
2014-07-15,1.18,,20.87
2014-07-16,0.1,,3.73
2014-07-17,0.0,,0.0
2014-07-18,2.28,,1.13
2014-07-19,11.94,,18.33
2014-07-20,17.61,,12.97
2014-07-21,13.44,,7.76
2014-07-22,9.88,,1.0
2014-07-23,0.0,,0.0
2014-07-24,0.0,,0.0
2014-07-25,0.0,,4.42
2014-07-26,0.0,,0.6
2014-07-27,0.0,,0.0
2014-07-28,0.0,,2.39
2014-07-29,0.0,,0.03
2014-07-30,0.0,,0.0
2014-07-31,0.0,,0.0
2014-08-01,0.0,,0.0
2014-08-02,0.0,,0.0
2014-08-03,0.0,,3.86
2014-08-04,1.29,,12.13
2014-08-05,0.0,,7.35
2014-08-06,0.0,,6.34
2014-08-07,0.0,,3.79
2014-08-08,0.0,,0.57
2014-08-09,9.09,,3.49
2014-08-10,8.04,,18.16
2014-08-11,6.55,,1.23
2014-08-12,0.0,,1.12
2014-08-13,0.0,,0.0
2014-08-14,0.0,,0.0
2014-08-15,0.0,,0.0
2014-08-16,0.0,,0.0
2014-08-17,0.0,,4.83
2014-08-18,8.9,,6.69
2014-08-19,15.27,,27.08
2014-08-20,0.0,,1.5
2014-08-21,0.0,,0.0
2014-08-22,0.0,,0.11
2014-08-23,0.0,,0.0
2014-08-24,0.0,,5.1
2014-08-25,0.0,,0.63
2014-08-26,0.0,,0.4
2014-08-27,0.0,,0.0
2014-08-28,0.0,,0.0
2014-08-29,0.0,,0.0
2014-08-30,0.0,,3.28
2014-08-31,0.0,,0.01
2014-09-01,0.0,,0.04
2014-09-02,0.0,,0.2
2014-09-03,4.04,,1.31
2014-09-04,25.8,,18.72
2014-09-05,10.95,,5.49
2014-09-06,0.0,,4.57
2014-09-07,13.79,,5.86
2014-09-08,9.36,,2.04
2014-09-09,0.0,,0.11
2014-09-10,0.0,,0.0
2014-09-11,0.0,,0.0
2014-09-12,0.0,,0.0
2014-09-13,0.0,,2.09
2014-09-14,0.53,,2.56
2014-09-15,0.36,,0.52
2014-09-16,5.91,,4.14
2014-09-17,0.0,,2.07
2014-09-18,0.0,,4.09
2014-09-19,0.0,,3.46
2014-09-20,0.0,,0.01
2014-09-21,0.0,,0.0
2014-09-22,0.0,,2.79
2014-09-23,0.93,,0.39
2014-09-24,0.0,,0.0
2014-09-25,0.0,,0.0
2014-09-26,0.0,,0.0
2014-09-27,0.0,,0.0
2014-09-28,0.0,,0.23
2014-09-29,2.79,,1.52
2014-09-30,0.0,,3.84
2014-10-01,0.0,,0.0
2014-10-02,0.0,,0.0
2014-10-03,7.65,,7.6
2014-10-04,1.22,,1.18
2014-10-05,0.0,,0.0
2014-10-06,0.0,,0.0
2014-10-07,0.0,,0.0
2014-10-08,0.0,,0.0
2014-10-09,0.0,,0.0
2014-10-10,0.0,,0.0
2014-10-11,0.0,,0.0
2014-10-12,0.0,,0.0
2014-10-13,15.24,,7.56
2014-10-14,56.28,,69.75
2014-10-15,2.19,,0.48
2014-10-16,0.0,,0.0
2014-10-17,0.0,,0.0
2014-10-18,0.0,,0.0
2014-10-19,0.0,,0.0
2014-10-20,0.0,,0.0
2014-10-21,0.0,,0.0
2014-10-22,0.0,,0.0
2014-10-23,0.0,,0.0
2014-10-24,0.0,,0.0
2014-10-25,0.0,,0.0
2014-10-26,0.0,,0.0
2014-10-27,0.0,,0.0
2014-10-28,0.0,,0.0
2014-10-29,0.0,,1.06
2014-10-30,0.0,,0.04
2014-10-31,0.0,,0.01
2014-11-01,0.0,,0.0
2014-11-02,0.0,,0.0
2014-11-03,0.0,,0.0
2014-11-04,0.0,,0.0
2014-11-05,0.0,,0.0
2014-11-06,0.02,,0.64
2014-11-07,0.0,,0.0
2014-11-08,0.0,,0.0
2014-11-09,0.0,,0.0
2014-11-10,0.0,,0.0
2014-11-11,0.0,,0.0
2014-11-12,0.0,,0.0
2014-11-13,1.57,,2.39
2014-11-14,0.0,,0.0
2014-11-15,0.0,,0.0
2014-11-16,0.0,,0.0
2014-11-17,30.81,,31.31
2014-11-18,0.0,,0.0
2014-11-19,0.0,,0.0
2014-11-20,0.0,,0.0
2014-11-21,0.0,,0.0
2014-11-22,0.0,,0.0
2014-11-23,19.11,,34.21
2014-11-24,8.09,,0.0
2014-11-25,0.0,,0.01
2014-11-26,0.0,,0.38
2014-11-27,0.0,,0.0
2014-11-28,0.0,,0.0
2014-11-29,0.0,,0.0
2014-11-30,0.0,,0.0
2014-12-01,0.0,,0.0
2014-12-02,0.0,,0.0
2014-12-03,0.0,,0.0
2014-12-04,0.0,,0.0
2014-12-05,0.0,,0.0
2014-12-06,0.42,,2.74
2014-12-07,0.59,,0.0
2014-12-08,0.0,,0.0
2014-12-09,0.0,,0.0
2014-12-10,0.0,,0.0
2014-12-11,0.0,,0.0
2014-12-12,0.0,,0.0
2014-12-13,0.0,,0.0
2014-12-14,0.0,,0.0
2014-12-15,0.0,,0.0
2014-12-16,3.47,,1.83
2014-12-17,0.0,,0.0
2014-12-18,0.0,,0.0
2014-12-19,3.35,,0.55
2014-12-20,11.44,,12.88
2014-12-21,0.0,,0.0
2014-12-22,5.16,,2.19
2014-12-23,27.91,,5.16
2014-12-24,52.29,,59.34
2014-12-25,0.0,,0.05
2014-12-26,0.0,,0.0
2014-12-27,7.14,,16.61
2014-12-28,25.07,,29.02
2014-12-29,13.85,,2.08
2014-12-30,0.0,,0.0
2014-12-31,0.0,,0.0
