date,gage_height_ft,gage_height_m
1980-01-01,4.3,1.31064
1980-01-02,4.12,1.255776
1980-01-03,3.99,1.2161520000000001
1980-01-04,4.07,1.240536
1980-01-05,4.36,1.328928
1980-01-06,4.47,1.362456
1980-01-07,4.46,1.359408
1980-01-08,4.44,1.3533120000000003
1980-01-09,4.41,1.344168
1980-01-10,4.28,1.3045440000000001
1980-01-11,4.67,1.423416
1980-01-12,5.61,1.7099280000000001
1980-01-13,5.57,1.6977360000000001
1980-01-14,5.36,1.633728
1980-01-15,5.32,1.621536
1980-01-16,5.08,1.5483840000000002
1980-01-17,5.03,1.533144
1980-01-18,7.11,2.1671280000000004
1980-01-19,7.37,2.246376
1980-01-20,7.23,2.203704
1980-01-21,7.22,2.200656
1980-01-22,7.48,2.279904
1980-01-23,8.28,2.5237439999999998
1980-01-24,8.48,2.5847040000000003
1980-01-25,8.15,2.4841200000000003
1980-01-26,7.81,2.380488
1980-01-27,7.49,2.2829520000000003
1980-01-28,7.01,2.136648
1980-01-29,6.41,1.9537680000000002
1980-01-30,5.95,1.81356
1980-01-31,6.44,1.9629120000000002
1980-02-01,6.05,1.8440400000000001
1980-02-02,5.63,1.716024
1980-02-03,5.37,1.636776
1980-02-04,5.21,1.588008
1980-02-05,4.97,1.514856
1980-02-06,5.04,1.536192
1980-02-07,5.08,1.5483840000000002
1980-02-08,4.93,1.502664
1980-02-09,4.83,1.4721840000000002
1980-02-10,5.22,1.591056
1980-02-11,5.7,1.7373600000000002
1980-02-12,5.89,1.795272
1980-02-13,6.16,1.8775680000000001
1980-02-14,6.32,1.9263360000000003
1980-02-15,6.08,1.8531840000000002
1980-02-16,5.66,1.725168
1980-02-17,5.08,1.5483840000000002
1980-02-18,4.66,1.420368
1980-02-19,4.48,1.3655040000000003
1980-02-20,4.37,1.331976
1980-02-21,4.26,1.298448
1980-02-22,4.24,1.2923520000000002
1980-02-23,4.5,1.3716000000000002
1980-02-24,5.58,1.700784
1980-02-25,5.64,1.719072
1980-02-26,5.41,1.6489680000000002
1980-02-27,4.94,1.5057120000000002
1980-02-28,4.49,1.3685520000000002
1980-02-29,4.14,1.2618719999999999
1980-03-01,4.59,1.399032
1980-03-02,5.76,1.755648
1980-03-03,6.11,1.8623280000000002
1980-03-04,6.03,1.8379440000000002
1980-03-05,6.15,1.8745200000000002
1980-03-06,6.44,1.9629120000000002
1980-03-07,6.6,2.01168
1980-03-08,12.05,3.6728400000000003
1980-03-09,12.4,3.77952
1980-03-10,11.07,3.3741360000000005
1980-03-11,10.21,3.1120080000000003
1980-03-12,9.7,2.95656
1980-03-13,12.85,3.91668
1980-03-14,13.13,4.0020240000000005
1980-03-15,11.44,3.4869120000000002
1980-03-16,10.06,3.066288
1980-03-17,10.0,3.048
1980-03-18,12.09,3.685032
1980-03-19,11.94,3.639312
1980-03-20,11.15,3.3985200000000004
1980-03-21,10.8,3.2918400000000005
1980-03-22,11.62,3.541776
1980-03-23,11.84,3.608832
1980-03-24,11.31,3.4472880000000004
1980-03-25,10.89,3.3192720000000002
1980-03-26,10.17,3.099816
1980-03-27,10.16,3.0967680000000004
1980-03-28,9.95,3.03276
1980-03-29,10.66,3.249168
1980-03-30,14.41,4.392168
1980-03-31,16.14,4.919472000000001
1980-04-01,17.48,5.327904
1980-04-02,17.12,5.218176000000001
1980-04-03,15.31,4.666488
1980-04-04,14.09,4.294632
1980-04-05,12.45,3.79476
1980-04-06,10.97,3.343656
1980-04-07,9.87,3.0083759999999997
1980-04-08,9.12,2.779776
1980-04-09,8.9,2.7127200000000005
1980-04-10,8.39,2.557272
1980-04-11,7.88,2.401824
1980-04-12,7.96,2.426208
1980-04-13,10.23,3.118104
1980-04-14,14.77,4.501896
1980-04-15,15.03,4.581144
1980-04-16,18.37,5.599176000000001
1980-04-17,17.43,5.312664
1980-04-18,15.16,4.620768
1980-04-19,13.35,4.0690800000000005
1980-04-20,11.56,3.5234880000000004
1980-04-21,10.03,3.057144
1980-04-22,8.98,2.7371040000000004
1980-04-23,8.13,2.4780240000000004
1980-04-24,7.4,2.25552
1980-04-25,6.65,2.02692
1980-04-26,9.4,2.86512
1980-04-27,10.32,3.1455360000000003
1980-04-28,9.77,2.977896
1980-04-29,9.22,2.8102560000000003
1980-04-30,9.18,2.798064
1980-05-01,9.56,2.9138880000000005
1980-05-02,9.17,2.795016
1980-05-03,8.07,2.4597360000000004
1980-05-04,7.61,2.319528
1980-05-05,6.42,1.956816
1980-05-06,5.58,1.700784
1980-05-07,5.17,1.575816
1980-05-08,6.31,1.9232879999999999
1980-05-09,6.98,2.127504
1980-05-10,6.6,2.01168
1980-05-11,5.95,1.81356
1980-05-12,5.52,1.682496
1980-05-13,5.01,1.527048
1980-05-14,4.67,1.423416
1980-05-15,4.7,1.43256
1980-05-16,4.76,1.450848
1980-05-17,6.57,2.002536
1980-05-18,10.16,3.0967680000000004
1980-05-19,10.83,3.300984
1980-05-20,11.09,3.3802320000000003
1980-05-21,11.4,3.4747200000000005
1980-05-22,12.13,3.6972240000000003
1980-05-23,12.34,3.761232
1980-05-24,11.95,3.64236
1980-05-25,10.3,3.1394400000000005
1980-05-26,9.28,2.828544
1980-05-27,8.17,2.490216
1980-05-28,8.9,2.7127200000000005
1980-05-29,8.67,2.6426160000000003
1980-05-30,7.75,2.3622
1980-05-31,7.02,2.139696
1980-06-01,6.32,1.9263360000000003
1980-06-02,5.55,1.69164
1980-06-03,4.83,1.4721840000000002
1980-06-04,4.2,1.2801600000000002
1980-06-05,3.82,1.164336
1980-06-06,3.6,1.09728
1980-06-07,3.38,1.030224
1980-06-08,3.18,0.9692640000000001
1980-06-09,3.1,0.94488
1980-06-10,2.98,0.908304
1980-06-11,2.84,0.865632
1980-06-12,2.7,0.8229600000000001
1980-06-13,2.6,0.7924800000000001
1980-06-14,2.5,0.762
1980-06-15,2.35,0.71628
1980-06-16,2.23,0.679704
1980-06-17,2.2,0.67056
1980-06-18,2.18,0.664464
1980-06-19,2.72,0.8290560000000001
1980-06-20,3.59,1.094232
1980-06-21,3.41,1.039368
1980-06-22,3.38,1.030224
1980-06-23,3.3,1.00584
1980-06-24,3.47,1.0576560000000002
1980-06-25,4.38,1.335024
1980-06-26,5.7,1.7373600000000002
1980-06-27,5.6,1.70688
1980-06-28,5.2,1.5849600000000001
1980-06-29,4.62,1.408176
1980-06-30,3.6,1.09728
1980-07-01,3.15,0.96012
1980-07-02,2.81,0.856488
1980-07-03,2.58,0.7863840000000001
1980-07-04,2.4,0.7315200000000001
1980-07-05,2.26,0.688848
1980-07-06,2.16,0.6583680000000001
1980-07-07,2.09,0.637032
1980-07-08,2.04,0.621792
1980-07-09,2.01,0.612648
1980-07-10,1.94,0.5913120000000001
1980-07-11,1.85,0.56388
1980-07-12,1.78,0.542544
1980-07-13,1.71,0.521208
1980-07-14,1.64,0.499872
1980-07-15,1.58,0.48158400000000007
1980-07-16,1.53,0.46634400000000004
1980-07-17,1.49,0.454152
1980-07-18,1.53,0.46634400000000004
1980-07-19,1.51,0.46024800000000005
1980-07-20,1.49,0.454152
1980-07-21,1.58,0.48158400000000007
1980-07-22,1.58,0.48158400000000007
1980-07-23,1.65,0.50292
1980-07-24,1.92,0.585216
1980-07-25,1.82,0.554736
1980-07-26,1.72,0.524256
1980-07-27,1.78,0.542544
1980-07-28,1.91,0.582168
1980-07-29,2.07,0.6309359999999999
1980-07-30,2.11,0.643128
1980-07-31,1.94,0.5913120000000001
1980-08-01,1.86,0.5669280000000001
1980-08-02,1.74,0.530352
1980-08-03,1.61,0.49072800000000005
1980-08-04,1.51,0.46024800000000005
1980-08-05,1.42,0.432816
1980-08-06,1.35,0.41148000000000007
1980-08-07,1.29,0.39319200000000004
1980-08-08,1.25,0.381
1980-08-09,1.22,0.371856
1980-08-10,1.25,0.381
1980-08-11,1.48,0.451104
1980-08-12,3.08,0.9387840000000001
1980-08-13,2.77,0.844296
1980-08-14,2.12,0.6461760000000001
1980-08-15,2.01,0.612648
1980-08-16,1.9,0.57912
1980-08-17,2.03,0.618744
1980-08-18,2.0,0.6096
1980-08-19,1.78,0.542544
1980-08-20,1.65,0.50292
1980-08-21,1.56,0.475488
1980-08-22,1.48,0.451104
1980-08-23,1.42,0.432816
1980-08-24,1.38,0.420624
1980-08-25,1.33,0.405384
1980-08-26,1.29,0.39319200000000004
1980-08-27,1.3,0.39624000000000004
1980-08-28,1.39,0.423672
1980-08-29,1.31,0.39928800000000003
1980-08-30,1.31,0.39928800000000003
1980-08-31,1.46,0.445008
1980-09-01,1.35,0.41148000000000007
1980-09-02,1.32,0.402336
1980-09-03,1.3,0.39624000000000004
1980-09-04,1.4,0.42672
1980-09-05,1.36,0.41452800000000006
1980-09-06,1.29,0.39319200000000004
1980-09-07,1.25,0.381
1980-09-08,1.21,0.368808
1980-09-09,1.21,0.368808
1980-09-10,1.19,0.362712
1980-09-11,1.14,0.347472
1980-09-12,1.11,0.3383280000000001
1980-09-13,1.1,0.33528
1980-09-14,1.11,0.3383280000000001
1980-09-15,1.11,0.3383280000000001
1980-09-16,1.11,0.3383280000000001
1980-09-17,1.17,0.356616
1980-09-18,1.49,0.454152
1980-09-19,2.48,0.755904
1980-09-20,2.75,0.8382000000000001
1980-09-21,2.5,0.762
1980-09-22,2.18,0.664464
1980-09-23,1.92,0.585216
1980-09-24,1.77,0.5394960000000001
1980-09-25,1.66,0.505968
1980-09-26,1.57,0.478536
1980-09-27,1.5,0.45720000000000005
1980-09-28,1.45,0.44196
1980-09-29,1.51,0.46024800000000005
1980-09-30,1.62,0.49377600000000005
1980-10-01,1.63,0.496824
1980-10-02,2.11,0.643128
1980-10-03,2.08,0.6339840000000001
1980-10-04,1.88,0.573024
1980-10-05,1.75,0.5334
1980-10-06,1.64,0.499872
1980-10-07,1.54,0.46939200000000003
1980-10-08,1.49,0.454152
1980-10-09,1.45,0.44196
1980-10-10,1.41,0.429768
1980-10-11,1.39,0.423672
1980-10-12,1.37,0.41757600000000006
1980-10-13,1.35,0.41148000000000007
1980-10-14,1.32,0.402336
1980-10-15,1.31,0.39928800000000003
1980-10-16,1.3,0.39624000000000004
1980-10-17,1.3,0.39624000000000004
1980-10-18,1.31,0.39928800000000003
1980-10-19,1.34,0.408432
1980-10-20,1.4,0.42672
1980-10-21,1.66,0.505968
1980-10-22,1.69,0.515112
1980-10-23,1.58,0.48158400000000007
1980-10-24,1.5,0.45720000000000005
1980-10-25,1.48,0.451104
1980-10-26,1.53,0.46634400000000004
1980-10-27,1.66,0.505968
1980-10-28,2.3,0.70104
1980-10-29,4.38,1.335024
1980-10-30,4.98,1.5179040000000001
1980-10-31,3.95,1.2039600000000001
1980-11-01,3.2,0.9753600000000001
1980-11-02,2.73,0.8321040000000001
1980-11-03,2.42,0.737616
1980-11-04,2.22,0.6766560000000001
1980-11-05,2.09,0.637032
1980-11-06,2.0,0.6096
1980-11-07,1.94,0.5913120000000001
1980-11-08,1.87,0.569976
1980-11-09,1.81,0.5516880000000001
1980-11-10,1.77,0.5394960000000001
1980-11-11,1.75,0.5334
1980-11-12,1.75,0.5334
1980-11-13,1.72,0.524256
1980-11-14,1.7,0.5181600000000001
1980-11-15,1.7,0.5181600000000001
1980-11-16,1.71,0.521208
1980-11-17,1.77,0.5394960000000001
1980-11-18,1.81,0.5516880000000001
1980-11-19,1.86,0.5669280000000001
1980-11-20,1.89,0.576072
1980-11-21,1.9,0.57912
1980-11-22,1.97,0.600456
1980-11-23,2.19,0.667512
1980-11-24,2.77,0.844296
1980-11-25,3.49,1.063752
1980-11-26,3.65,1.11252
1980-11-27,3.96,1.207008
1980-11-28,4.06,1.237488
1980-11-29,3.79,1.155192
1980-11-30,3.34,1.018032
1980-12-01,2.99,0.9113520000000002
1980-12-02,2.78,0.847344
1980-12-03,2.59,0.789432
1980-12-04,2.45,0.7467600000000001
1980-12-05,2.39,0.7284720000000001
1980-12-06,2.35,0.71628
1980-12-07,2.29,0.6979920000000001
1980-12-08,2.25,0.6858000000000001
1980-12-09,2.28,0.694944
1980-12-10,2.83,0.862584
1980-12-11,2.72,0.8290560000000001
1980-12-12,3.26,0.993648
1980-12-13,3.14,0.957072
1980-12-14,3.06,0.9326880000000001
1980-12-15,2.89,0.8808720000000001
1980-12-16,2.69,0.819912
1980-12-17,2.55,0.7772399999999999
1980-12-18,2.49,0.7589520000000001
1980-12-19,2.41,0.7345680000000001
1980-12-20,2.33,0.710184
1980-12-21,2.28,0.694944
1980-12-22,2.23,0.679704
1980-12-23,2.19,0.667512
1980-12-24,2.2,0.67056
1980-12-25,2.3,0.70104
1980-12-26,2.46,0.749808
1980-12-27,2.46,0.749808
1980-12-28,2.37,0.722376
1980-12-29,2.32,0.707136
1980-12-30,2.3,0.70104
1980-12-31,2.28,0.694944
1981-01-01,2.24,0.6827520000000001
1981-01-02,2.2,0.67056
1981-01-03,2.17,0.661416
1981-01-04,2.15,0.65532
1981-01-05,2.11,0.643128
1981-01-06,2.1,0.6400800000000001
1981-01-07,2.28,0.694944
1981-01-08,2.59,0.789432
1981-01-09,2.83,0.862584
1981-01-10,2.72,0.8290560000000001
1981-01-11,2.6,0.7924800000000001
1981-01-12,2.52,0.768096
1981-01-13,2.4,0.7315200000000001
1981-01-14,2.33,0.710184
1981-01-15,2.3,0.70104
1981-01-16,2.3,0.70104
1981-01-17,2.29,0.6979920000000001
1981-01-18,2.24,0.6827520000000001
1981-01-19,2.2,0.67056
1981-01-20,2.19,0.667512
1981-01-21,2.23,0.679704
1981-01-22,2.32,0.707136
1981-01-23,2.35,0.71628
1981-01-24,2.31,0.704088
1981-01-25,2.29,0.6979920000000001
1981-01-26,2.26,0.688848
1981-01-27,2.23,0.679704
1981-01-28,2.25,0.6858000000000001
1981-01-29,2.28,0.694944
1981-01-30,2.3,0.70104
1981-01-31,2.26,0.688848
1981-02-01,2.23,0.679704
1981-02-02,2.76,0.841248
1981-02-03,3.54,1.0789920000000002
1981-02-04,3.73,1.1369040000000001
1981-02-05,3.41,1.039368
1981-02-06,3.44,1.048512
1981-02-07,3.82,1.164336
1981-02-08,4.01,1.222248
1981-02-09,3.72,1.1338560000000002
1981-02-10,8.53,2.599944
1981-02-11,16.83,5.129784
1981-02-12,15.39,4.690872000000001
1981-02-13,14.66,4.468368
1981-02-14,16.74,5.102352
1981-02-15,15.37,4.684776
1981-02-16,13.64,4.157472
1981-02-17,11.81,3.5996880000000004
1981-02-18,10.14,3.0906720000000005
1981-02-19,8.76,2.670048
1981-02-20,7.55,2.30124
1981-02-21,6.83,2.0817840000000003
1981-02-22,6.64,2.023872
1981-02-23,6.45,1.9659600000000002
1981-02-24,6.09,1.856232
1981-02-25,5.62,1.712976
1981-02-26,4.98,1.5179040000000001
1981-02-27,4.57,1.3929360000000002
1981-02-28,4.31,1.313688
1981-03-01,4.13,1.258824
1981-03-02,4.01,1.222248
1981-03-03,3.89,1.185672
1981-03-04,4.08,1.243584
1981-03-05,6.78,2.0665440000000004
1981-03-06,7.09,2.161032
1981-03-07,6.39,1.947672
1981-03-08,6.08,1.8531840000000002
1981-03-09,5.97,1.819656
1981-03-10,5.48,1.6703040000000002
1981-03-11,4.72,1.438656
1981-03-12,4.17,1.2710160000000001
1981-03-13,3.86,1.176528
1981-03-14,3.71,1.130808
1981-03-15,3.59,1.094232
1981-03-16,3.8,1.15824
1981-03-17,3.89,1.185672
1981-03-18,3.88,1.1826240000000001
1981-03-19,4.25,1.2954
1981-03-20,4.74,1.444752
1981-03-21,5.34,1.627632
1981-03-22,6.76,2.060448
1981-03-23,8.29,2.526792
1981-03-24,8.18,2.493264
1981-03-25,7.89,2.404872
1981-03-26,7.81,2.380488
1981-03-27,8.12,2.474976
1981-03-28,8.34,2.5420320000000003
1981-03-29,7.56,2.304288
1981-03-30,7.11,2.1671280000000004
1981-03-31,8.03,2.4475439999999997
1981-04-01,7.48,2.279904
1981-04-02,7.48,2.279904
1981-04-03,7.81,2.380488
1981-04-04,8.16,2.487168
1981-04-05,8.34,2.5420320000000003
1981-04-06,8.16,2.487168
1981-04-07,7.91,2.410968
1981-04-08,7.51,2.289048
1981-04-09,6.54,1.993392
1981-04-10,5.37,1.636776
1981-04-11,4.69,1.4295120000000001
1981-04-12,4.3,1.31064
1981-04-13,3.98,1.213104
1981-04-14,3.72,1.1338560000000002
1981-04-15,3.51,1.069848
1981-04-16,3.33,1.014984
1981-04-17,3.15,0.96012
1981-04-18,3.0,0.9144000000000001
1981-04-19,2.85,0.8686800000000001
1981-04-20,2.73,0.8321040000000001
1981-04-21,2.62,0.7985760000000001
1981-04-22,2.52,0.768096
1981-04-23,2.46,0.749808
1981-04-24,2.55,0.7772399999999999
1981-04-25,3.58,1.0911840000000002
1981-04-26,3.7,1.12776
1981-04-27,3.4,1.0363200000000001
1981-04-28,3.07,0.935736
1981-04-29,2.75,0.8382000000000001
1981-04-30,2.72,0.8290560000000001
1981-05-01,3.15,0.96012
1981-05-02,2.88,0.877824
1981-05-03,2.77,0.844296
1981-05-04,2.55,0.7772399999999999
1981-05-05,2.31,0.704088
1981-05-06,2.28,0.694944
1981-05-07,2.4,0.7315200000000001
1981-05-08,2.45,0.7467600000000001
1981-05-09,2.32,0.707136
1981-05-10,2.18,0.664464
1981-05-11,2.19,0.667512
1981-05-12,2.07,0.6309359999999999
1981-05-13,1.95,0.59436
1981-05-14,1.85,0.56388
1981-05-15,1.77,0.5394960000000001
1981-05-16,1.69,0.515112
1981-05-17,1.65,0.50292
1981-05-18,1.62,0.49377600000000005
1981-05-19,1.84,0.560832
1981-05-20,2.43,0.7406640000000001
1981-05-21,2.95,0.8991600000000001
1981-05-22,2.71,0.8260080000000001
1981-05-23,2.4,0.7315200000000001
1981-05-24,2.21,0.673608
1981-05-25,2.0,0.6096
1981-05-26,2.07,0.6309359999999999
1981-05-27,3.27,0.996696
1981-05-28,3.74,1.139952
1981-05-29,3.1,0.94488
1981-05-30,2.6,0.7924800000000001
1981-05-31,2.38,0.725424
1981-06-01,2.14,0.6522720000000001
1981-06-02,1.94,0.5913120000000001
1981-06-03,2.43,0.7406640000000001
1981-06-04,3.43,1.0454640000000002
1981-06-05,3.1,0.94488
1981-06-06,3.16,0.9631680000000001
1981-06-07,2.64,0.804672
1981-06-08,2.34,0.713232
1981-06-09,2.34,0.713232
1981-06-10,2.18,0.664464
1981-06-11,2.0,0.6096
1981-06-12,1.87,0.569976
1981-06-13,1.77,0.5394960000000001
1981-06-14,1.87,0.569976
1981-06-15,2.06,0.627888
1981-06-16,2.12,0.6461760000000001
1981-06-17,1.98,0.603504
1981-06-18,1.78,0.542544
1981-06-19,1.61,0.49072800000000005
1981-06-20,1.49,0.454152
1981-06-21,1.39,0.423672
1981-06-22,1.32,0.402336
1981-06-23,1.26,0.384048
1981-06-24,1.23,0.374904
1981-06-25,1.21,0.368808
1981-06-26,1.3,0.39624000000000004
1981-06-27,1.31,0.39928800000000003
1981-06-28,1.31,0.39928800000000003
1981-06-29,1.29,0.39319200000000004
1981-06-30,1.19,0.362712
1981-07-01,1.14,0.347472
1981-07-02,1.24,0.377952
1981-07-03,1.32,0.402336
1981-07-04,1.57,0.478536
1981-07-05,1.6,0.48768000000000006
1981-07-06,1.61,0.49072800000000005
1981-07-07,1.61,0.49072800000000005
1981-07-08,1.7,0.5181600000000001
1981-07-09,1.73,0.527304
1981-07-10,1.6,0.48768000000000006
1981-07-11,1.87,0.569976
1981-07-12,3.15,0.96012
1981-07-13,2.49,0.7589520000000001
1981-07-14,2.12,0.6461760000000001
1981-07-15,1.77,0.5394960000000001
1981-07-16,1.55,0.47244
1981-07-17,1.43,0.43586400000000003
1981-07-18,1.29,0.39319200000000004
1981-07-19,1.24,0.377952
1981-07-20,1.13,0.344424
1981-07-21,1.07,0.32613600000000004
1981-07-22,1.02,0.310896
1981-07-23,0.99,0.301752
1981-07-24,0.95,0.28956
1981-07-25,0.91,0.277368
1981-07-26,1.09,0.332232
1981-07-27,1.08,0.32918400000000003
1981-07-28,1.0,0.3048
1981-07-29,0.94,0.286512
1981-07-30,0.96,0.292608
1981-07-31,0.93,0.28346400000000005
1981-08-01,0.99,0.301752
1981-08-02,1.26,0.384048
1981-08-03,1.53,0.46634400000000004
1981-08-04,1.47,0.448056
1981-08-05,1.39,0.423672
1981-08-06,1.31,0.39928800000000003
1981-08-07,1.18,0.359664
1981-08-08,1.8,0.54864
1981-08-09,1.98,0.603504
1981-08-10,2.27,0.6918960000000001
1981-08-11,2.3,0.70104
1981-08-12,2.92,0.890016
1981-08-13,2.7,0.8229600000000001
1981-08-14,2.02,0.615696
1981-08-15,1.73,0.527304
1981-08-16,1.8,0.54864
1981-08-17,1.98,0.603504
1981-08-18,1.94,0.5913120000000001
1981-08-19,2.08,0.6339840000000001
1981-08-20,1.66,0.505968
1981-08-21,1.77,0.5394960000000001
1981-08-22,1.78,0.542544
1981-08-23,1.91,0.582168
1981-08-24,1.82,0.554736
1981-08-25,1.64,0.499872
1981-08-26,1.49,0.454152
1981-08-27,1.37,0.41757600000000006
1981-08-28,1.28,0.39014400000000005
1981-08-29,1.31,0.39928800000000003
1981-08-30,1.74,0.530352
1981-08-31,1.71,0.521208
1981-09-01,2.34,0.713232
1981-09-02,2.18,0.664464
1981-09-03,2.3,0.70104
1981-09-04,2.9,0.88392
1981-09-05,2.31,0.704088
1981-09-06,2.68,0.816864
1981-09-07,2.24,0.6827520000000001
1981-09-08,1.86,0.5669280000000001
1981-09-09,1.6,0.48768000000000006
1981-09-10,1.47,0.448056
1981-09-11,1.37,0.41757600000000006
1981-09-12,1.28,0.39014400000000005
1981-09-13,1.23,0.374904
1981-09-14,1.17,0.356616
1981-09-15,1.18,0.359664
1981-09-16,1.33,0.405384
1981-09-17,1.33,0.405384
1981-09-18,1.38,0.420624
1981-09-19,1.36,0.41452800000000006
1981-09-20,1.3,0.39624000000000004
1981-09-21,1.25,0.381
1981-09-22,1.18,0.359664
1981-09-23,1.17,0.356616
1981-09-24,1.09,0.332232
1981-09-25,1.05,0.32004000000000005
1981-09-26,1.02,0.310896
1981-09-27,0.97,0.29565600000000003
1981-09-28,0.93,0.28346400000000005
1981-09-29,0.93,0.28346400000000005
1981-09-30,0.94,0.286512
1981-10-01,0.93,0.28346400000000005
1981-10-02,0.91,0.277368
1981-10-03,0.89,0.271272
1981-10-04,0.87,0.265176
1981-10-05,0.87,0.265176
1981-10-06,0.85,0.25908000000000003
1981-10-07,0.85,0.25908000000000003
1981-10-08,0.85,0.25908000000000003
1981-10-09,0.88,0.268224
1981-10-10,0.95,0.28956
1981-10-11,1.03,0.313944
1981-10-12,1.16,0.353568
1981-10-13,1.2,0.36576000000000003
1981-10-14,1.18,0.359664
1981-10-15,1.13,0.344424
1981-10-16,1.12,0.34137600000000007
1981-10-17,1.08,0.32918400000000003
1981-10-18,1.04,0.31699200000000005
1981-10-19,1.04,0.31699200000000005
1981-10-20,1.0,0.3048
1981-10-21,1.03,0.313944
1981-10-22,1.02,0.310896
1981-10-23,1.02,0.310896
1981-10-24,1.02,0.310896
1981-10-25,1.12,0.34137600000000007
1981-10-26,1.42,0.432816
1981-10-27,1.51,0.46024800000000005
1981-10-28,1.67,0.509016
1981-10-29,1.63,0.496824
1981-10-30,1.5,0.45720000000000005
1981-10-31,1.39,0.423672
1981-11-01,1.3,0.39624000000000004
1981-11-02,1.25,0.381
1981-11-03,1.21,0.368808
1981-11-04,1.19,0.362712
1981-11-05,1.18,0.359664
1981-11-06,1.17,0.356616
1981-11-07,1.15,0.35052
1981-11-08,1.14,0.347472
1981-11-09,1.14,0.347472
1981-11-10,1.63,0.496824
1981-11-11,2.42,0.737616
1981-11-12,3.25,0.9906
1981-11-13,2.84,0.865632
1981-11-14,2.32,0.707136
1981-11-15,2.02,0.615696
1981-11-16,1.84,0.560832
1981-11-17,1.71,0.521208
1981-11-18,1.62,0.49377600000000005
1981-11-19,1.55,0.47244
1981-11-20,1.83,0.5577840000000001
1981-11-21,1.62,0.49377600000000005
1981-11-22,1.54,0.46939200000000003
1981-11-23,1.52,0.46329600000000004
1981-11-24,1.55,0.47244
1981-11-25,1.52,0.46329600000000004
1981-11-26,1.5,0.45720000000000005
1981-11-27,1.5,0.45720000000000005
1981-11-28,1.48,0.451104
1981-11-29,1.48,0.451104
1981-11-30,1.51,0.46024800000000005
1981-12-01,1.61,0.49072800000000005
1981-12-02,1.75,0.5334
1981-12-03,2.18,0.664464
1981-12-04,2.21,0.673608
1981-12-05,1.94,0.5913120000000001
1981-12-06,1.78,0.542544
1981-12-07,1.7,0.5181600000000001
1981-12-08,1.65,0.50292
1981-12-09,1.61,0.49072800000000005
1981-12-10,1.58,0.48158400000000007
1981-12-11,1.56,0.475488
1981-12-12,1.61,0.49072800000000005
1981-12-13,1.89,0.576072
1981-12-14,2.79,0.850392
1981-12-15,3.82,1.164336
1981-12-16,4.45,1.3563600000000002
1981-12-17,4.17,1.2710160000000001
1981-12-18,3.84,1.170432
1981-12-19,3.55,1.08204
1981-12-20,3.28,0.999744
1981-12-21,3.0,0.9144000000000001
1981-12-22,2.79,0.850392
1981-12-23,2.67,0.813816
1981-12-24,2.64,0.804672
1981-12-25,4.09,1.246632
1981-12-26,5.56,1.694688
1981-12-27,6.21,1.892808
1981-12-28,6.22,1.895856
1981-12-29,6.84,2.084832
1981-12-30,6.55,1.99644
1981-12-31,7.99,2.4353520000000004
1982-01-01,8.35,2.54508
1982-01-02,7.92,2.414016
1982-01-03,8.04,2.450592
1982-01-04,8.62,2.627376
1982-01-05,8.78,2.676144
1982-01-06,9.19,2.801112
1982-01-07,9.58,2.9199840000000004
1982-01-08,10.97,3.343656
1982-01-09,12.19,3.715512
1982-01-10,11.06,3.3710880000000003
1982-01-11,9.38,2.8590240000000002
1982-01-12,9.13,2.782824
1982-01-13,9.72,2.9626560000000004
1982-01-14,9.91,3.0205680000000004
1982-01-15,8.99,2.740152
1982-01-16,8.22,2.505456
1982-01-17,7.78,2.371344
1982-01-18,7.82,2.3835360000000003
1982-01-19,8.01,2.441448
1982-01-20,7.71,2.3500080000000003
1982-01-21,6.84,2.084832
1982-01-22,5.83,1.7769840000000001
1982-01-23,5.3,1.61544
1982-01-24,5.24,1.5971520000000001
1982-01-25,5.23,1.5941040000000002
1982-01-26,5.22,1.591056
1982-01-27,5.28,1.609344
1982-01-28,5.11,1.5575280000000002
1982-01-29,4.77,1.4538959999999999
1982-01-30,4.39,1.338072
1982-01-31,4.46,1.359408
1982-02-01,5.09,1.5514320000000001
1982-02-02,6.13,1.868424
1982-02-03,12.18,3.712464
1982-02-04,13.64,4.157472
1982-02-05,13.66,4.163568000000001
1982-02-06,17.96,5.474208000000001
1982-02-07,16.61,5.062728
1982-02-08,14.52,4.425696
1982-02-09,12.72,3.8770560000000005
1982-02-10,11.08,3.377184
1982-02-11,9.58,2.9199840000000004
1982-02-12,8.62,2.627376
1982-02-13,8.45,2.57556
1982-02-14,7.91,2.410968
1982-02-15,7.64,2.328672
1982-02-16,8.27,2.520696
1982-02-17,9.97,3.0388560000000004
1982-02-18,9.38,2.8590240000000002
1982-02-19,8.89,2.7096720000000003
1982-02-20,8.75,2.6670000000000003
1982-02-21,9.27,2.8254960000000002
1982-02-22,9.36,2.852928
1982-02-23,8.43,2.569464
1982-02-24,7.15,2.17932
1982-02-25,5.96,1.816608
1982-02-26,5.39,1.6428719999999999
1982-02-27,5.51,1.679448
1982-02-28,5.91,1.801368
1982-03-01,5.98,1.8227040000000003
1982-03-02,6.01,1.831848
1982-03-03,6.13,1.868424
1982-03-04,6.04,1.8409920000000002
1982-03-05,5.74,1.7495520000000002
1982-03-06,6.94,2.1153120000000003
1982-03-07,9.52,2.901696
1982-03-08,8.96,2.7310080000000005
1982-03-09,8.32,2.5359360000000004
1982-03-10,8.07,2.4597360000000004
1982-03-11,8.53,2.599944
1982-03-12,9.16,2.7919680000000002
1982-03-13,8.76,2.670048
1982-03-14,7.63,2.325624
1982-03-15,6.15,1.8745200000000002
1982-03-16,5.42,1.6520160000000002
1982-03-17,5.1,1.5544799999999999
1982-03-18,4.86,1.4813280000000002
1982-03-19,4.71,1.435608
1982-03-20,4.68,1.426464
1982-03-21,4.62,1.408176
1982-03-22,4.6,1.40208
1982-03-23,4.65,1.4173200000000001
1982-03-24,4.38,1.335024
1982-03-25,4.43,1.350264
1982-03-26,4.96,1.511808
1982-03-27,4.8,1.4630400000000001
1982-03-28,4.86,1.4813280000000002
1982-03-29,4.77,1.4538959999999999
1982-03-30,4.42,1.347216
1982-03-31,4.07,1.240536
1982-04-01,3.9,1.18872
1982-04-02,3.78,1.152144
1982-04-03,3.64,1.109472
1982-04-04,3.51,1.069848
1982-04-05,3.47,1.0576560000000002
1982-04-06,3.77,1.1490960000000001
1982-04-07,4.75,1.4478
1982-04-08,4.78,1.4569440000000002
1982-04-09,4.79,1.4599920000000002
1982-04-10,4.41,1.344168
1982-04-11,3.99,1.2161520000000001
1982-04-12,3.61,1.100328
1982-04-13,3.36,1.024128
1982-04-14,3.19,0.9723120000000001
1982-04-15,3.05,0.92964
1982-04-16,2.95,0.8991600000000001
1982-04-17,2.89,0.8808720000000001
1982-04-18,3.06,0.9326880000000001
1982-04-19,3.51,1.069848
1982-04-20,5.66,1.725168
1982-04-21,9.03,2.752344
1982-04-22,8.27,2.520696
1982-04-23,7.82,2.3835360000000003
1982-04-24,8.5,2.5908
1982-04-25,10.79,3.288792
1982-04-26,11.64,3.5478720000000004
1982-04-27,10.44,3.182112
1982-04-28,9.08,2.7675840000000003
1982-04-29,8.21,2.5024080000000004
1982-04-30,8.13,2.4780240000000004
1982-05-01,8.49,2.587752
1982-05-02,8.46,2.5786080000000005
1982-05-03,8.03,2.4475439999999997
1982-05-04,6.68,2.036064
1982-05-05,4.71,1.435608
1982-05-06,3.96,1.207008
1982-05-07,3.59,1.094232
1982-05-08,4.68,1.426464
1982-05-09,6.8,2.0726400000000003
1982-05-10,7.8,2.37744
1982-05-11,9.03,2.752344
1982-05-12,11.13,3.3924240000000006
1982-05-13,10.72,3.267456
1982-05-14,8.64,2.6334720000000003
1982-05-15,6.08,1.8531840000000002
1982-05-16,4.23,1.2893040000000002
1982-05-17,3.63,1.106424
1982-05-18,3.3,1.00584
1982-05-19,3.11,0.947928
1982-05-20,2.96,0.902208
1982-05-21,2.79,0.850392
1982-05-22,2.77,0.844296
1982-05-23,2.77,0.844296
1982-05-24,2.72,0.8290560000000001
1982-05-25,2.67,0.813816
1982-05-26,2.82,0.859536
1982-05-27,3.56,1.085088
1982-05-28,4.21,1.2832080000000001
1982-05-29,4.46,1.359408
1982-05-30,3.84,1.170432
1982-05-31,3.08,0.9387840000000001
1982-06-01,2.83,0.862584
1982-06-02,2.78,0.847344
1982-06-03,3.32,1.011936
1982-06-04,4.51,1.374648
1982-06-05,3.98,1.213104
1982-06-06,2.91,0.8869680000000001
1982-06-07,2.48,0.755904
1982-06-08,2.21,0.673608
1982-06-09,2.04,0.621792
1982-06-10,1.9,0.57912
1982-06-11,1.8,0.54864
1982-06-12,1.71,0.521208
1982-06-13,1.64,0.499872
1982-06-14,1.63,0.496824
1982-06-15,1.92,0.585216
1982-06-16,2.17,0.661416
1982-06-17,2.28,0.694944
1982-06-18,2.16,0.6583680000000001
1982-06-19,1.93,0.588264
1982-06-20,1.92,0.585216
1982-06-21,1.76,0.536448
1982-06-22,1.68,0.512064
1982-06-23,1.58,0.48158400000000007
1982-06-24,1.5,0.45720000000000005
1982-06-25,1.43,0.43586400000000003
1982-06-26,1.36,0.41452800000000006
1982-06-27,1.36,0.41452800000000006
1982-06-28,1.42,0.432816
1982-06-29,1.76,0.536448
1982-06-30,2.49,0.7589520000000001
1982-07-01,3.11,0.947928
1982-07-02,3.9,1.18872
1982-07-03,4.48,1.3655040000000003
1982-07-04,3.86,1.176528
1982-07-05,2.87,0.8747760000000001
1982-07-06,2.34,0.713232
1982-07-07,2.02,0.615696
1982-07-08,1.81,0.5516880000000001
1982-07-09,1.72,0.524256
1982-07-10,1.85,0.56388
1982-07-11,1.96,0.597408
1982-07-12,2.22,0.6766560000000001
1982-07-13,2.54,0.7741920000000001
1982-07-14,2.86,0.8717280000000001
1982-07-15,3.73,1.1369040000000001
1982-07-16,3.11,0.947928
1982-07-17,3.08,0.9387840000000001
1982-07-18,2.8,0.85344
1982-07-19,2.77,0.844296
1982-07-20,5.06,1.5422879999999999
1982-07-21,4.48,1.3655040000000003
1982-07-22,4.36,1.328928
1982-07-23,5.38,1.639824
1982-07-24,6.21,1.892808
1982-07-25,7.11,2.1671280000000004
1982-07-26,7.08,2.1579840000000003
1982-07-27,6.77,2.0634959999999998
1982-07-28,5.31,1.618488
1982-07-29,3.82,1.164336
1982-07-30,3.69,1.124712
1982-07-31,4.61,1.4051280000000002
1982-08-01,6.12,1.8653760000000001
1982-08-02,5.82,1.7739360000000002
1982-08-03,5.17,1.575816
1982-08-04,5.02,1.530096
1982-08-05,5.16,1.5727680000000002
1982-08-06,5.01,1.527048
1982-08-07,4.39,1.338072
1982-08-08,3.44,1.048512
1982-08-09,3.14,0.957072
1982-08-10,3.3,1.00584
1982-08-11,3.07,0.935736
1982-08-12,3.84,1.170432
1982-08-13,4.9,1.4935200000000002
1982-08-14,4.85,1.47828
1982-08-15,4.57,1.3929360000000002
1982-08-16,4.59,1.399032
1982-08-17,4.18,1.274064
1982-08-18,3.56,1.085088
1982-08-19,3.21,0.978408
1982-08-20,3.12,0.950976
1982-08-21,3.21,0.978408
1982-08-22,3.15,0.96012
1982-08-23,2.87,0.8747760000000001
1982-08-24,2.72,0.8290560000000001
1982-08-25,2.54,0.7741920000000001
1982-08-26,2.41,0.7345680000000001
1982-08-27,2.22,0.6766560000000001
1982-08-28,2.06,0.627888
1982-08-29,1.93,0.588264
1982-08-30,1.82,0.554736
1982-08-31,1.72,0.524256
1982-09-01,1.63,0.496824
1982-09-02,1.55,0.47244
1982-09-03,1.88,0.573024
1982-09-04,2.31,0.704088
1982-09-05,1.97,0.600456
1982-09-06,1.84,0.560832
1982-09-07,1.72,0.524256
1982-09-08,1.63,0.496824
1982-09-09,1.58,0.48158400000000007
1982-09-10,1.6,0.48768000000000006
1982-09-11,1.72,0.524256
1982-09-12,2.1,0.6400800000000001
1982-09-13,2.32,0.707136
1982-09-14,2.41,0.7345680000000001
1982-09-15,2.52,0.768096
1982-09-16,2.36,0.719328
1982-09-17,2.18,0.664464
1982-09-18,2.14,0.6522720000000001
1982-09-19,2.08,0.6339840000000001
1982-09-20,2.02,0.615696
1982-09-21,1.85,0.56388
1982-09-22,1.71,0.521208
1982-09-23,1.63,0.496824
1982-09-24,1.56,0.475488
1982-09-25,1.51,0.46024800000000005
1982-09-26,1.46,0.445008
1982-09-27,1.42,0.432816
1982-09-28,1.39,0.423672
1982-09-29,1.35,0.41148000000000007
1982-09-30,1.32,0.402336
1982-10-01,1.3,0.39624000000000004
1982-10-02,1.28,0.39014400000000005
1982-10-03,1.25,0.381
1982-10-04,1.24,0.377952
1982-10-05,1.23,0.374904
1982-10-06,1.24,0.377952
1982-10-07,1.3,0.39624000000000004
1982-10-08,1.29,0.39319200000000004
1982-10-09,1.29,0.39319200000000004
1982-10-10,1.31,0.39928800000000003
1982-10-11,1.3,0.39624000000000004
1982-10-12,1.28,0.39014400000000005
1982-10-13,1.36,0.41452800000000006
1982-10-14,1.55,0.47244
1982-10-15,2.08,0.6339840000000001
1982-10-16,2.02,0.615696
1982-10-17,1.72,0.524256
1982-10-18,1.55,0.47244
1982-10-19,1.45,0.44196
1982-10-20,1.4,0.42672
1982-10-21,1.37,0.41757600000000006
1982-10-22,1.34,0.408432
1982-10-23,1.31,0.39928800000000003
1982-10-24,1.29,0.39319200000000004
1982-10-25,1.29,0.39319200000000004
1982-10-26,1.28,0.39014400000000005
1982-10-27,1.28,0.39014400000000005
1982-10-28,1.27,0.38709600000000005
1982-10-29,1.26,0.384048
1982-10-30,1.25,0.381
1982-10-31,1.24,0.377952
1982-11-01,1.24,0.377952
1982-11-02,1.25,0.381
1982-11-03,1.35,0.41148000000000007
1982-11-04,1.56,0.475488
1982-11-05,1.95,0.59436
1982-11-06,2.28,0.694944
1982-11-07,2.03,0.618744
1982-11-08,1.81,0.5516880000000001
1982-11-09,1.76,0.536448
1982-11-10,1.69,0.515112
1982-11-11,1.64,0.499872
1982-11-12,1.62,0.49377600000000005
1982-11-13,1.71,0.521208
1982-11-14,1.98,0.603504
1982-11-15,2.32,0.707136
1982-11-16,2.16,0.6583680000000001
1982-11-17,2.04,0.621792
1982-11-18,2.22,0.6766560000000001
1982-11-19,3.06,0.9326880000000001
1982-11-20,4.03,1.228344
1982-11-21,3.85,1.17348
1982-11-22,3.6,1.09728
1982-11-23,3.24,0.9875520000000001
1982-11-24,2.9,0.88392
1982-11-25,2.63,0.801624
1982-11-26,2.43,0.7406640000000001
1982-11-27,2.29,0.6979920000000001
1982-11-28,2.46,0.749808
1982-11-29,4.11,1.252728
1982-11-30,5.39,1.6428719999999999
1982-12-01,5.62,1.712976
1982-12-02,5.6,1.70688
1982-12-03,5.16,1.5727680000000002
1982-12-04,4.61,1.4051280000000002
1982-12-05,6.81,2.075688
1982-12-06,7.53,2.295144
1982-12-07,7.65,2.3317200000000002
1982-12-08,7.65,2.3317200000000002
1982-12-09,7.86,2.395728
1982-12-10,8.4,2.5603200000000004
1982-12-11,8.74,2.663952
1982-12-12,8.58,2.615184
1982-12-13,8.05,2.4536400000000005
1982-12-14,7.48,2.279904
1982-12-15,7.37,2.246376
1982-12-16,8.1,2.46888
1982-12-17,8.2,2.49936
1982-12-18,7.86,2.395728
1982-12-19,7.34,2.237232
1982-12-20,6.56,1.999488
1982-12-21,5.62,1.712976
1982-12-22,4.93,1.502664
1982-12-23,4.47,1.362456
1982-12-24,4.2,1.2801600000000002
1982-12-25,4.04,1.231392
1982-12-26,3.95,1.2039600000000001
1982-12-27,3.87,1.1795760000000002
1982-12-28,4.36,1.328928
1982-12-29,6.75,2.0574
1982-12-30,7.39,2.252472
1982-12-31,7.42,2.261616
1983-01-01,8.34,2.5420320000000003
1983-01-02,9.72,2.9626560000000004
1983-01-03,10.43,3.179064
1983-01-04,10.33,3.148584
1983-01-05,10.33,3.148584
1983-01-06,11.87,3.617976
1983-01-07,12.48,3.803904
1983-01-08,11.34,3.456432
1983-01-09,9.68,2.950464
1983-01-10,7.91,2.410968
1983-01-11,6.23,1.8989040000000001
1983-01-12,5.55,1.69164
1983-01-13,5.19,1.5819120000000002
1983-01-14,4.92,1.499616
1983-01-15,4.69,1.4295120000000001
1983-01-16,4.52,1.377696
1983-01-17,4.37,1.331976
1983-01-18,4.23,1.2893040000000002
1983-01-19,4.11,1.252728
1983-01-20,4.69,1.4295120000000001
1983-01-21,6.33,1.9293840000000002
1983-01-22,6.63,2.020824
1983-01-23,6.65,2.02692
1983-01-24,6.87,2.093976
1983-01-25,7.11,2.1671280000000004
1983-01-26,7.12,2.170176
1983-01-27,7.12,2.170176
1983-01-28,6.91,2.1061680000000003
1983-01-29,6.62,2.017776
1983-01-30,7.47,2.276856
1983-01-31,7.65,2.3317200000000002
1983-02-01,9.29,2.8315919999999997
1983-02-02,13.51,4.117848
1983-02-03,13.21,4.026408000000001
1983-02-04,12.25,3.7338
1983-02-05,15.2,4.63296
1983-02-06,15.06,4.590288
1983-02-07,13.62,4.151376
1983-02-08,11.9,3.62712
1983-02-09,10.22,3.1150560000000005
1983-02-10,9.36,2.852928
1983-02-11,9.1,2.77368
1983-02-12,8.59,2.618232
1983-02-13,8.06,2.456688
1983-02-14,8.21,2.5024080000000004
1983-02-15,8.03,2.4475439999999997
1983-02-16,7.86,2.395728
1983-02-17,7.98,2.4323040000000002
1983-02-18,8.41,2.563368
1983-02-19,8.95,2.72796
1983-02-20,8.75,2.6670000000000003
1983-02-21,7.99,2.4353520000000004
1983-02-22,7.72,2.353056
1983-02-23,7.86,2.395728
1983-02-24,7.54,2.2981920000000002
1983-02-25,7.43,2.2646640000000002
1983-02-26,7.64,2.328672
1983-02-27,8.22,2.505456
1983-02-28,8.78,2.676144
1983-03-01,9.28,2.828544
1983-03-02,8.04,2.450592
1983-03-03,6.57,2.002536
1983-03-04,5.87,1.789176
1983-03-05,6.76,2.060448
1983-03-06,14.59,4.447032
1983-03-07,15.37,4.684776
1983-03-08,14.26,4.3464480000000005
1983-03-09,15.98,4.870704000000001
1983-03-10,14.78,4.504944
1983-03-11,12.89,3.9288720000000006
1983-03-12,10.7,3.26136
1983-03-13,8.76,2.670048
1983-03-14,7.11,2.1671280000000004
1983-03-15,6.2,1.88976
1983-03-16,6.06,1.847088
1983-03-17,6.92,2.109216
1983-03-18,7.6,2.31648
1983-03-19,7.15,2.17932
1983-03-20,7.18,2.188464
1983-03-21,7.89,2.404872
1983-03-22,8.02,2.444496
1983-03-23,8.11,2.471928
1983-03-24,8.59,2.618232
1983-03-25,8.87,2.703576
1983-03-26,8.77,2.673096
1983-03-27,12.01,3.660648
1983-03-28,12.92,3.938016
1983-03-29,14.12,4.303776
1983-03-30,16.96,5.169408000000001
1983-03-31,15.38,4.687824000000001
1983-04-01,13.48,4.108704
1983-04-02,11.43,3.483864
1983-04-03,9.58,2.9199840000000004
1983-04-04,8.33,2.538984
1983-04-05,7.41,2.2585680000000004
1983-04-06,6.87,2.093976
1983-04-07,8.08,2.462784
1983-04-08,10.89,3.3192720000000002
1983-04-09,11.98,3.6515040000000005
1983-04-10,11.5,3.5052000000000003
1983-04-11,10.95,3.33756
1983-04-12,12.0,3.6576000000000004
1983-04-13,12.42,3.785616
1983-04-14,11.46,3.4930080000000006
1983-04-15,10.79,3.288792
1983-04-16,9.76,2.974848
1983-04-17,8.8,2.68224
1983-04-18,8.34,2.5420320000000003
1983-04-19,8.47,2.581656
1983-04-20,8.26,2.517648
1983-04-21,7.58,2.310384
1983-04-22,6.63,2.020824
1983-04-23,10.08,3.072384
1983-04-24,10.52,3.206496
1983-04-25,9.03,2.752344
1983-04-26,8.15,2.4841200000000003
1983-04-27,8.18,2.493264
1983-04-28,8.5,2.5908
1983-04-29,8.07,2.4597360000000004
1983-04-30,6.94,2.1153120000000003
1983-05-01,5.55,1.69164
1983-05-02,4.9,1.4935200000000002
1983-05-03,4.59,1.399032
1983-05-04,4.42,1.347216
1983-05-05,4.33,1.319784
1983-05-06,4.2,1.2801600000000002
1983-05-07,4.04,1.231392
1983-05-08,3.86,1.176528
1983-05-09,3.66,1.1155680000000001
1983-05-10,3.51,1.069848
1983-05-11,3.51,1.069848
1983-05-12,4.0,1.2192
1983-05-13,4.31,1.313688
1983-05-14,4.06,1.237488
1983-05-15,3.57,1.088136
1983-05-16,3.33,1.014984
1983-05-17,3.2,0.9753600000000001
1983-05-18,3.18,0.9692640000000001
1983-05-19,3.63,1.106424
1983-05-20,9.19,2.801112
1983-05-21,6.95,2.11836
1983-05-22,5.52,1.682496
1983-05-23,4.76,1.450848
1983-05-24,4.25,1.2954
1983-05-25,3.81,1.161288
1983-05-26,3.4,1.0363200000000001
1983-05-27,3.08,0.9387840000000001
1983-05-28,2.85,0.8686800000000001
1983-05-29,2.68,0.816864
1983-05-30,2.56,0.7802880000000001
1983-05-31,2.43,0.7406640000000001
1983-06-01,2.34,0.713232
1983-06-02,2.28,0.694944
1983-06-03,2.24,0.6827520000000001
1983-06-04,2.23,0.679704
1983-06-05,2.23,0.679704
1983-06-06,3.15,0.96012
1983-06-07,4.38,1.335024
1983-06-08,5.89,1.795272
1983-06-09,5.61,1.7099280000000001
1983-06-10,5.09,1.5514320000000001
1983-06-11,4.69,1.4295120000000001
1983-06-12,4.08,1.243584
1983-06-13,3.44,1.048512
1983-06-14,2.87,0.8747760000000001
1983-06-15,2.54,0.7741920000000001
1983-06-16,2.34,0.713232
1983-06-17,2.28,0.694944
1983-06-18,3.13,0.954024
1983-06-19,3.36,1.024128
1983-06-20,2.79,0.850392
1983-06-21,3.54,1.0789920000000002
1983-06-22,5.27,1.606296
1983-06-23,4.94,1.5057120000000002
1983-06-24,5.5,1.6764000000000001
1983-06-25,6.02,1.8348959999999999
1983-06-26,6.89,2.100072
1983-06-27,8.17,2.490216
1983-06-28,9.44,2.877312
1983-06-29,10.73,3.2705040000000003
1983-06-30,9.77,2.977896
1983-07-01,8.34,2.5420320000000003
1983-07-02,8.8,2.68224
1983-07-03,11.84,3.608832
1983-07-04,11.91,3.6301680000000003
1983-07-05,9.88,3.0114240000000003
1983-07-06,7.38,2.249424
1983-07-07,5.15,1.5697200000000002
1983-07-08,4.95,1.50876
1983-07-09,4.91,1.4965680000000001
1983-07-10,4.87,1.4843760000000001
1983-07-11,4.37,1.331976
1983-07-12,3.53,1.075944
1983-07-13,3.07,0.935736
1983-07-14,2.81,0.856488
1983-07-15,2.6,0.7924800000000001
1983-07-16,2.44,0.743712
1983-07-17,2.33,0.710184
1983-07-18,2.37,0.722376
1983-07-19,2.23,0.679704
1983-07-20,2.1,0.6400800000000001
1983-07-21,2.0,0.6096
1983-07-22,1.93,0.588264
1983-07-23,1.84,0.560832
1983-07-24,1.78,0.542544
1983-07-25,1.72,0.524256
1983-07-26,1.68,0.512064
1983-07-27,1.82,0.554736
1983-07-28,1.86,0.5669280000000001
1983-07-29,1.84,0.560832
1983-07-30,1.76,0.536448
1983-07-31,1.79,0.5455920000000001
1983-08-01,1.94,0.5913120000000001
1983-08-02,2.03,0.618744
1983-08-03,2.06,0.627888
1983-08-04,2.64,0.804672
1983-08-05,2.5,0.762
1983-08-06,2.43,0.7406640000000001
1983-08-07,2.56,0.7802880000000001
1983-08-08,3.05,0.92964
1983-08-09,2.81,0.856488
1983-08-10,2.61,0.795528
1983-08-11,2.32,0.707136
1983-08-12,2.55,0.7772399999999999
1983-08-13,2.48,0.755904
1983-08-14,2.32,0.707136
1983-08-15,2.32,0.707136
1983-08-16,2.09,0.637032
1983-08-17,1.88,0.573024
1983-08-18,1.73,0.527304
1983-08-19,1.64,0.499872
1983-08-20,1.55,0.47244
1983-08-21,1.49,0.454152
1983-08-22,1.44,0.438912
1983-08-23,1.42,0.432816
1983-08-24,1.53,0.46634400000000004
1983-08-25,1.71,0.521208
1983-08-26,1.78,0.542544
1983-08-27,1.57,0.478536
1983-08-28,1.7,0.5181600000000001
1983-08-29,1.65,0.50292
1983-08-30,1.54,0.46939200000000003
1983-08-31,1.45,0.44196
1983-09-01,1.4,0.42672
1983-09-02,1.38,0.420624
1983-09-03,1.39,0.423672
1983-09-04,1.45,0.44196
1983-09-05,1.54,0.46939200000000003
1983-09-06,2.1,0.6400800000000001
1983-09-07,3.01,0.9174479999999999
1983-09-08,3.57,1.088136
1983-09-09,3.08,0.9387840000000001
1983-09-10,2.65,0.80772
1983-09-11,2.45,0.7467600000000001
1983-09-12,2.51,0.765048
1983-09-13,3.18,0.9692640000000001
1983-09-14,2.87,0.8747760000000001
1983-09-15,2.91,0.8869680000000001
1983-09-16,2.96,0.902208
1983-09-17,3.02,0.9204960000000001
1983-09-18,3.51,1.069848
1983-09-19,4.3,1.31064
1983-09-20,4.5,1.3716000000000002
1983-09-21,3.5,1.0668
1983-09-22,4.16,1.2679680000000002
1983-09-23,4.0,1.2192
1983-09-24,3.16,0.9631680000000001
1983-09-25,2.86,0.8717280000000001
1983-09-26,2.75,0.8382000000000001
1983-09-27,2.62,0.7985760000000001
1983-09-28,2.32,0.707136
1983-09-29,2.09,0.637032
1983-09-30,1.94,0.5913120000000001
1983-10-01,1.83,0.5577840000000001
1983-10-02,1.76,0.536448
1983-10-03,1.69,0.515112
1983-10-04,1.62,0.49377600000000005
1983-10-05,1.58,0.48158400000000007
1983-10-06,1.55,0.47244
1983-10-07,1.55,0.47244
1983-10-08,1.52,0.46329600000000004
1983-10-09,1.47,0.448056
1983-10-10,1.46,0.445008
1983-10-11,1.47,0.448056
1983-10-12,1.49,0.454152
1983-10-13,1.64,0.499872
1983-10-14,1.77,0.5394960000000001
1983-10-15,2.01,0.612648
1983-10-16,1.98,0.603504
1983-10-17,1.89,0.576072
1983-10-18,1.86,0.5669280000000001
1983-10-19,1.79,0.5455920000000001
1983-10-20,1.73,0.527304
1983-10-21,1.7,0.5181600000000001
1983-10-22,1.65,0.50292
1983-10-23,1.62,0.49377600000000005
1983-10-24,1.6,0.48768000000000006
1983-10-25,1.58,0.48158400000000007
1983-10-26,1.58,0.48158400000000007
1983-10-27,1.55,0.47244
1983-10-28,1.52,0.46329600000000004
1983-10-29,1.5,0.45720000000000005
1983-10-30,1.48,0.451104
1983-10-31,1.46,0.445008
1983-11-01,1.45,0.44196
1983-11-02,1.44,0.438912
1983-11-03,1.44,0.438912
1983-11-04,1.44,0.438912
1983-11-05,1.52,0.46329600000000004
1983-11-06,1.67,0.509016
1983-11-07,1.94,0.5913120000000001
1983-11-08,1.81,0.5516880000000001
1983-11-09,1.69,0.515112
1983-11-10,1.63,0.496824
1983-11-11,1.6,0.48768000000000006
1983-11-12,1.58,0.48158400000000007
1983-11-13,1.56,0.475488
1983-11-14,1.55,0.47244
1983-11-15,1.59,0.48463200000000006
1983-11-16,1.76,0.536448
1983-11-17,2.02,0.615696
1983-11-18,2.07,0.6309359999999999
1983-11-19,1.97,0.600456
1983-11-20,2.57,0.783336
1983-11-21,4.45,1.3563600000000002
1983-11-22,4.92,1.499616
1983-11-23,4.11,1.252728
1983-11-24,5.24,1.5971520000000001
1983-11-25,6.46,1.969008
1983-11-26,6.92,2.109216
1983-11-27,6.97,2.124456
1983-11-28,8.1,2.46888
1983-11-29,7.98,2.4323040000000002
1983-11-30,8.16,2.487168
1983-12-01,8.02,2.444496
1983-12-02,7.85,2.39268
1983-12-03,7.5,2.286
1983-12-04,7.32,2.2311360000000002
1983-12-05,6.86,2.0909280000000003
1983-12-06,6.8,2.0726400000000003
1983-12-07,6.29,1.917192
1983-12-08,5.91,1.801368
1983-12-09,5.66,1.725168
1983-12-10,5.42,1.6520160000000002
1983-12-11,7.28,2.218944
1983-12-12,8.75,2.6670000000000003
1983-12-13,8.43,2.569464
1983-12-14,8.18,2.493264
1983-12-15,8.13,2.4780240000000004
1983-12-16,8.81,2.6852880000000003
1983-12-17,9.49,2.8925520000000002
1983-12-18,9.1,2.77368
1983-12-19,8.04,2.450592
1983-12-20,6.33,1.9293840000000002
1983-12-21,5.24,1.5971520000000001
1983-12-22,4.82,1.4691360000000002
1983-12-23,4.96,1.511808
1983-12-24,5.66,1.725168
1983-12-25,5.53,1.6855440000000002
1983-12-26,5.45,1.6611600000000002
1983-12-27,5.35,1.63068
1983-12-28,7.34,2.237232
1983-12-29,9.61,2.929128
1983-12-30,9.43,2.874264
1983-12-31,8.92,2.718816
1984-01-01,8.89,2.7096720000000003
1984-01-02,10.03,3.057144
1984-01-03,10.75,3.2766
1984-01-04,9.92,3.023616
1984-01-05,8.37,2.551176
1984-01-06,6.61,2.0147280000000003
1984-01-07,5.62,1.712976
1984-01-08,5.21,1.588008
1984-01-09,4.93,1.502664
1984-01-10,5.24,1.5971520000000001
1984-01-11,5.84,1.780032
1984-01-12,5.93,1.807464
1984-01-13,5.85,1.78308
1984-01-14,6.01,1.831848
1984-01-15,6.27,1.911096
1984-01-16,6.57,2.002536
1984-01-17,6.34,1.9324320000000001
1984-01-18,6.09,1.856232
1984-01-19,7.15,2.17932
1984-01-20,7.24,2.2067520000000003
1984-01-21,7.31,2.228088
1984-01-22,7.53,2.295144
1984-01-23,8.1,2.46888
1984-01-24,9.88,3.0114240000000003
1984-01-25,10.63,3.2400240000000005
1984-01-26,9.7,2.95656
1984-01-27,8.73,2.6609040000000004
1984-01-28,8.14,2.481072
1984-01-29,8.1,2.46888
1984-01-30,8.08,2.462784
1984-01-31,7.74,2.3591520000000004
1984-02-01,7.13,2.1732240000000003
1984-02-02,6.29,1.917192
1984-02-03,5.69,1.7343120000000003
1984-02-04,5.71,1.7404080000000002
1984-02-05,5.82,1.7739360000000002
1984-02-06,5.74,1.7495520000000002
1984-02-07,5.69,1.7343120000000003
1984-02-08,5.65,1.72212
1984-02-09,5.39,1.6428719999999999
1984-02-10,5.03,1.533144
1984-02-11,4.75,1.4478
1984-02-12,4.97,1.514856
1984-02-13,8.83,2.691384
1984-02-14,8.12,2.474976
1984-02-15,7.34,2.237232
1984-02-16,7.1,2.16408
1984-02-17,7.32,2.2311360000000002
1984-02-18,7.54,2.2981920000000002
1984-02-19,7.25,2.2098
1984-02-20,6.22,1.895856
1984-02-21,5.32,1.621536
1984-02-22,4.99,1.520952
1984-02-23,4.88,1.487424
1984-02-24,4.83,1.4721840000000002
1984-02-25,4.69,1.4295120000000001
1984-02-26,4.56,1.389888
1984-02-27,8.27,2.520696
1984-02-28,9.63,2.9352240000000003
1984-02-29,9.28,2.828544
1984-03-01,8.57,2.612136
1984-03-02,8.96,2.7310080000000005
1984-03-03,9.9,3.01752
1984-03-04,9.36,2.852928
1984-03-05,9.24,2.816352
1984-03-06,12.38,3.7734240000000003
1984-03-07,13.02,3.968496
1984-03-08,11.63,3.544824
1984-03-09,11.06,3.3710880000000003
1984-03-10,12.37,3.770376
1984-03-11,11.91,3.6301680000000003
1984-03-12,10.23,3.118104
1984-03-13,8.59,2.618232
1984-03-14,6.95,2.11836
1984-03-15,6.1,1.85928
1984-03-16,5.69,1.7343120000000003
1984-03-17,5.41,1.6489680000000002
1984-03-18,5.19,1.5819120000000002
1984-03-19,5.01,1.527048
1984-03-20,5.47,1.667256
1984-03-21,6.65,2.02692
1984-03-22,6.82,2.078736
1984-03-23,6.67,2.033016
1984-03-24,7.19,2.1915120000000003
1984-03-25,11.71,3.5692080000000006
1984-03-26,11.63,3.544824
1984-03-27,9.45,2.88036
1984-03-28,8.19,2.496312
1984-03-29,7.7,2.34696
1984-03-30,7.73,2.356104
1984-03-31,7.55,2.30124
1984-04-01,6.8,2.0726400000000003
1984-04-02,5.53,1.6855440000000002
1984-04-03,5.97,1.819656
1984-04-04,7.72,2.353056
1984-04-05,8.22,2.505456
1984-04-06,7.39,2.252472
1984-04-07,6.86,2.0909280000000003
1984-04-08,6.4,1.9507200000000002
1984-04-09,6.1,1.85928
1984-04-10,5.61,1.7099280000000001
1984-04-11,5.19,1.5819120000000002
1984-04-12,4.97,1.514856
1984-04-13,4.8,1.4630400000000001
1984-04-14,4.58,1.3959840000000001
1984-04-15,4.36,1.328928
1984-04-16,4.18,1.274064
1984-04-17,4.02,1.225296
1984-04-18,3.85,1.17348
1984-04-19,3.73,1.1369040000000001
1984-04-20,3.69,1.124712
1984-04-21,3.77,1.1490960000000001
1984-04-22,3.85,1.17348
1984-04-23,4.43,1.350264
1984-04-24,4.91,1.4965680000000001
1984-04-25,4.52,1.377696
1984-04-26,3.92,1.194816
1984-04-27,3.54,1.0789920000000002
1984-04-28,3.31,1.008888
1984-04-29,3.8,1.15824
1984-04-30,5.82,1.7739360000000002
1984-05-01,5.48,1.6703040000000002
1984-05-02,4.2,1.2801600000000002
1984-05-03,6.96,2.121408
1984-05-04,9.9,3.01752
1984-05-05,7.37,2.246376
1984-05-06,5.58,1.700784
1984-05-07,5.97,1.819656
1984-05-08,6.42,1.956816
1984-05-09,6.86,2.0909280000000003
1984-05-10,6.71,2.045208
1984-05-11,5.21,1.588008
1984-05-12,4.51,1.374648
1984-05-13,4.09,1.246632
1984-05-14,3.68,1.121664
1984-05-15,3.4,1.0363200000000001
1984-05-16,3.16,0.9631680000000001
1984-05-17,2.98,0.908304
1984-05-18,2.79,0.850392
1984-05-19,2.64,0.804672
1984-05-20,2.51,0.765048
1984-05-21,2.64,0.804672
1984-05-22,4.29,1.307592
1984-05-23,3.96,1.207008
1984-05-24,3.38,1.030224
1984-05-25,3.13,0.954024
1984-05-26,2.91,0.8869680000000001
1984-05-27,2.74,0.8351520000000001
1984-05-28,2.65,0.80772
1984-05-29,2.75,0.8382000000000001
1984-05-30,2.85,0.8686800000000001
1984-05-31,3.03,0.923544
1984-06-01,3.13,0.954024
1984-06-02,3.03,0.923544
1984-06-03,2.74,0.8351520000000001
1984-06-04,2.49,0.7589520000000001
1984-06-05,2.29,0.6979920000000001
1984-06-06,2.15,0.65532
1984-06-07,2.04,0.621792
1984-06-08,1.93,0.588264
1984-06-09,1.86,0.5669280000000001
1984-06-10,1.81,0.5516880000000001
1984-06-11,1.74,0.530352
1984-06-12,1.69,0.515112
1984-06-13,1.65,0.50292
1984-06-14,1.6,0.48768000000000006
1984-06-15,1.57,0.478536
1984-06-16,1.54,0.46939200000000003
1984-06-17,1.55,0.47244
1984-06-18,1.65,0.50292
1984-06-19,1.83,0.5577840000000001
1984-06-20,1.76,0.536448
1984-06-21,1.64,0.499872
1984-06-22,1.57,0.478536
1984-06-23,1.56,0.475488
1984-06-24,1.56,0.475488
1984-06-25,1.6,0.48768000000000006
1984-06-26,1.65,0.50292
1984-06-27,1.56,0.475488
1984-06-28,1.46,0.445008
1984-06-29,1.47,0.448056
1984-06-30,1.58,0.48158400000000007
1984-07-01,1.43,0.43586400000000003
1984-07-02,1.42,0.432816
1984-07-03,1.43,0.43586400000000003
1984-07-04,1.44,0.438912
1984-07-05,1.53,0.46634400000000004
1984-07-06,1.54,0.46939200000000003
1984-07-07,1.48,0.451104
1984-07-08,1.45,0.44196
1984-07-09,1.53,0.46634400000000004
1984-07-10,1.58,0.48158400000000007
1984-07-11,1.53,0.46634400000000004
1984-07-12,1.51,0.46024800000000005
1984-07-13,1.56,0.475488
1984-07-14,1.75,0.5334
1984-07-15,1.72,0.524256
1984-07-16,1.79,0.5455920000000001
1984-07-17,1.73,0.527304
1984-07-18,1.91,0.582168
1984-07-19,2.4,0.7315200000000001
1984-07-20,2.05,0.62484
1984-07-21,1.91,0.582168
1984-07-22,1.76,0.536448
1984-07-23,1.67,0.509016
1984-07-24,1.6,0.48768000000000006
1984-07-25,1.55,0.47244
1984-07-26,1.48,0.451104
1984-07-27,1.43,0.43586400000000003
1984-07-28,1.4,0.42672
1984-07-29,1.51,0.46024800000000005
1984-07-30,1.62,0.49377600000000005
1984-07-31,1.97,0.600456
1984-08-01,2.6,0.7924800000000001
1984-08-02,3.67,1.118616
1984-08-03,5.03,1.533144
1984-08-04,5.35,1.63068
1984-08-05,5.19,1.5819120000000002
1984-08-06,5.0,1.524
1984-08-07,4.48,1.3655040000000003
1984-08-08,3.42,1.042416
1984-08-09,2.77,0.844296
1984-08-10,2.46,0.749808
1984-08-11,2.56,0.7802880000000001
1984-08-12,2.56,0.7802880000000001
1984-08-13,3.03,0.923544
1984-08-14,3.89,1.185672
1984-08-15,3.87,1.1795760000000002
1984-08-16,3.6,1.09728
1984-08-17,3.16,0.9631680000000001
1984-08-18,2.72,0.8290560000000001
1984-08-19,2.34,0.713232
1984-08-20,2.15,0.65532
1984-08-21,2.46,0.749808
1984-08-22,2.33,0.710184
1984-08-23,2.14,0.6522720000000001
1984-08-24,2.15,0.65532
1984-08-25,2.45,0.7467600000000001
1984-08-26,2.34,0.713232
1984-08-27,2.2,0.67056
1984-08-28,2.47,0.7528560000000001
1984-08-29,2.5,0.762
1984-08-30,2.17,0.661416
1984-08-31,1.93,0.588264
1984-09-01,1.8,0.54864
1984-09-02,1.7,0.5181600000000001
1984-09-03,1.65,0.50292
1984-09-04,1.82,0.554736
1984-09-05,1.71,0.521208
1984-09-06,1.69,0.515112
1984-09-07,1.79,0.5455920000000001
1984-09-08,1.68,0.512064
1984-09-09,1.58,0.48158400000000007
1984-09-10,1.51,0.46024800000000005
1984-09-11,1.46,0.445008
1984-09-12,1.41,0.429768
1984-09-13,1.37,0.41757600000000006
1984-09-14,1.34,0.408432
1984-09-15,1.33,0.405384
1984-09-16,1.33,0.405384
1984-09-17,1.39,0.423672
1984-09-18,1.31,0.39928800000000003
1984-09-19,1.27,0.38709600000000005
1984-09-20,1.25,0.381
1984-09-21,1.23,0.374904
1984-09-22,1.21,0.368808
1984-09-23,1.2,0.36576000000000003
1984-09-24,1.19,0.362712
1984-09-25,1.17,0.356616
1984-09-26,1.16,0.353568
1984-09-27,1.15,0.35052
1984-09-28,1.14,0.347472
1984-09-29,1.13,0.344424
1984-09-30,1.13,0.344424
1984-10-01,1.11,0.3383280000000001
1984-10-02,1.11,0.3383280000000001
1984-10-03,1.1,0.33528
1984-10-04,1.09,0.332232
1984-10-05,1.09,0.332232
1984-10-06,1.11,0.3383280000000001
1984-10-07,1.12,0.34137600000000007
1984-10-08,1.11,0.3383280000000001
1984-10-09,1.1,0.33528
1984-10-10,1.09,0.332232
1984-10-11,1.09,0.332232
1984-10-12,1.09,0.332232
1984-10-13,1.09,0.332232
1984-10-14,1.09,0.332232
1984-10-15,1.13,0.344424
1984-10-16,1.2,0.36576000000000003
1984-10-17,1.19,0.362712
1984-10-18,1.17,0.356616
1984-10-19,1.19,0.362712
1984-10-20,1.21,0.368808
1984-10-21,1.2,0.36576000000000003
1984-10-22,1.19,0.362712
1984-10-23,1.17,0.356616
1984-10-24,1.16,0.353568
1984-10-25,1.16,0.353568
1984-10-26,1.16,0.353568
1984-10-27,1.16,0.353568
1984-10-28,1.27,0.38709600000000005
1984-10-29,1.36,0.41452800000000006
1984-10-30,1.47,0.448056
1984-10-31,2.23,0.679704
1984-11-01,1.98,0.603504
1984-11-02,1.69,0.515112
1984-11-03,1.61,0.49072800000000005
1984-11-04,1.68,0.512064
1984-11-13,1.52,0.46329600000000004
1984-11-14,1.51,0.46024800000000005
1984-11-15,1.49,0.454152
1984-11-16,1.47,0.448056
1984-11-17,1.47,0.448056
1984-11-18,1.47,0.448056
1984-11-19,1.51,0.46024800000000005
1984-11-20,1.52,0.46329600000000004
1984-11-21,1.54,0.46939200000000003
1984-11-22,1.56,0.475488
1984-11-23,1.55,0.47244
1984-11-24,1.53,0.46634400000000004
1984-11-25,1.52,0.46329600000000004
1984-11-26,1.51,0.46024800000000005
1984-11-27,1.5,0.45720000000000005
1984-11-28,2.06,0.627888
1984-11-29,2.94,0.896112
1984-11-30,3.46,1.054608
1984-12-01,2.86,0.8717280000000001
1984-12-02,2.42,0.737616
1984-12-03,2.3,0.70104
1984-12-04,2.23,0.679704
1984-12-05,3.61,1.100328
1984-12-06,6.07,1.8501360000000002
1984-12-07,6.71,2.045208
1984-12-08,6.76,2.060448
1984-12-09,6.25,1.905
1984-12-10,5.8,1.76784
1984-12-11,5.28,1.609344
1984-12-12,4.23,1.2893040000000002
1984-12-13,3.59,1.094232
1984-12-14,3.27,0.996696
1984-12-15,3.08,0.9387840000000001
1984-12-16,2.93,0.8930640000000001
1984-12-17,2.83,0.862584
1984-12-18,2.74,0.8351520000000001
1984-12-19,2.66,0.810768
1984-12-20,2.59,0.789432
1984-12-21,2.54,0.7741920000000001
1984-12-22,2.51,0.765048
1984-12-23,2.5,0.762
1984-12-24,2.48,0.755904
1984-12-25,2.44,0.743712
1984-12-26,2.4,0.7315200000000001
1984-12-27,2.37,0.722376
1984-12-28,2.34,0.713232
1984-12-29,2.32,0.707136
1984-12-30,2.28,0.694944
1984-12-31,2.26,0.688848
1985-01-01,2.25,0.6858000000000001
1985-01-02,2.24,0.6827520000000001
1985-01-03,2.46,0.749808
1985-01-04,3.46,1.054608
1985-01-05,4.31,1.313688
1985-01-06,4.59,1.399032
1985-01-07,4.42,1.347216
1985-01-08,3.91,1.1917680000000002
1985-01-09,3.44,1.048512
1985-01-10,3.15,0.96012
1985-01-11,2.96,0.902208
1985-01-12,2.84,0.865632
1985-01-13,2.73,0.8321040000000001
1985-01-14,2.65,0.80772
1985-01-15,2.59,0.789432
1985-01-16,2.53,0.7711439999999999
1985-01-17,2.78,0.847344
1985-01-18,3.2,0.9753600000000001
1985-01-19,3.43,1.0454640000000002
1985-01-20,3.28,0.999744
1985-01-21,3.2,0.9753600000000001
1985-01-22,2.98,0.908304
1985-01-23,2.76,0.841248
1985-01-24,2.69,0.819912
1985-01-25,2.69,0.819912
1985-01-26,2.68,0.816864
1985-01-27,2.66,0.810768
1985-01-28,2.83,0.862584
1985-01-29,3.03,0.923544
1985-01-30,3.33,1.014984
1985-01-31,4.26,1.298448
1985-02-01,5.58,1.700784
1985-02-02,5.99,1.8257520000000003
1985-02-03,5.43,1.655064
1985-02-04,5.13,1.5636240000000001
1985-02-05,5.99,1.8257520000000003
1985-02-06,10.31,3.142488
1985-02-07,10.22,3.1150560000000005
1985-02-08,9.66,2.9443680000000003
1985-02-09,9.36,2.852928
1985-02-10,11.21,3.4168080000000005
1985-02-11,12.0,3.6576000000000004
1985-02-12,10.72,3.267456
1985-02-13,9.11,2.776728
1985-02-14,7.45,2.27076
1985-02-15,6.02,1.8348959999999999
1985-02-16,5.37,1.636776
1985-02-17,4.8,1.4630400000000001
1985-02-18,4.31,1.313688
1985-02-19,3.88,1.1826240000000001
1985-02-20,3.68,1.121664
1985-02-21,3.53,1.075944
1985-02-22,3.41,1.039368
1985-02-23,3.3,1.00584
1985-02-24,3.31,1.008888
1985-02-25,5.8,1.76784
1985-02-26,8.08,2.462784
1985-02-27,8.28,2.5237439999999998
1985-02-28,8.12,2.474976
1985-03-01,9.54,2.9077919999999997
1985-03-02,12.77,3.892296
1985-03-03,12.9,3.9319200000000003
1985-03-04,11.49,3.502152
1985-03-05,10.39,3.166872
1985-03-06,10.06,3.066288
1985-03-07,9.41,2.8681680000000003
1985-03-08,8.05,2.4536400000000005
1985-03-09,6.34,1.9324320000000001
1985-03-10,5.41,1.6489680000000002
1985-03-11,5.0,1.524
1985-03-12,4.74,1.444752
1985-03-13,4.56,1.389888
1985-03-14,4.42,1.347216
1985-03-15,4.28,1.3045440000000001
1985-03-16,4.24,1.2923520000000002
1985-03-17,4.39,1.338072
1985-03-18,4.35,1.32588
1985-03-19,4.17,1.2710160000000001
1985-03-20,4.04,1.231392
1985-03-21,4.25,1.2954
1985-03-22,4.56,1.389888
1985-03-23,4.64,1.414272
1985-03-24,4.47,1.362456
1985-03-25,4.62,1.408176
1985-03-26,4.71,1.435608
1985-03-27,4.34,1.322832
1985-03-28,4.02,1.225296
1985-03-29,3.8,1.15824
1985-03-30,3.65,1.11252
1985-03-31,3.57,1.088136
1985-04-01,3.52,1.072896
1985-04-02,3.49,1.063752
1985-04-03,3.42,1.042416
1985-04-04,3.41,1.039368
1985-04-05,3.35,1.02108
1985-04-06,4.06,1.237488
1985-04-07,4.57,1.3929360000000002
1985-04-08,4.55,1.38684
1985-04-09,4.38,1.335024
1985-04-10,4.14,1.2618719999999999
1985-04-11,3.88,1.1826240000000001
1985-04-12,3.55,1.08204
1985-04-13,3.24,0.9875520000000001
1985-04-14,3.08,0.9387840000000001
1985-04-15,3.32,1.011936
1985-04-16,4.25,1.2954
1985-04-17,4.26,1.298448
1985-04-18,4.26,1.298448
1985-04-19,4.44,1.3533120000000003
1985-04-20,4.3,1.31064
1985-04-21,3.78,1.152144
1985-04-22,3.27,0.996696
1985-04-23,2.94,0.896112
1985-04-24,2.75,0.8382000000000001
1985-04-25,2.63,0.801624
1985-04-26,2.51,0.765048
1985-04-27,2.43,0.7406640000000001
1985-04-28,2.33,0.710184
1985-04-29,2.24,0.6827520000000001
1985-04-30,2.17,0.661416
1985-05-01,2.1,0.6400800000000001
1985-05-02,2.07,0.6309359999999999
1985-05-03,2.13,0.649224
1985-05-04,3.75,1.143
1985-05-05,3.37,1.027176
1985-05-06,3.25,0.9906
1985-05-07,3.46,1.054608
1985-05-08,3.72,1.1338560000000002
1985-05-09,3.78,1.152144
1985-05-10,4.2,1.2801600000000002
1985-05-11,5.42,1.6520160000000002
1985-05-12,5.87,1.789176
1985-05-13,5.45,1.6611600000000002
1985-05-14,5.04,1.536192
1985-05-15,4.64,1.414272
1985-05-16,3.77,1.1490960000000001
1985-05-17,2.98,0.908304
1985-05-18,2.56,0.7802880000000001
1985-05-19,2.32,0.707136
1985-05-20,2.14,0.6522720000000001
1985-05-21,2.02,0.615696
1985-05-22,1.98,0.603504
1985-05-23,1.98,0.603504
1985-05-24,1.91,0.582168
1985-05-25,1.87,0.569976
1985-05-26,1.79,0.5455920000000001
1985-05-27,1.71,0.521208
1985-05-28,1.65,0.50292
1985-05-29,1.56,0.475488
1985-05-30,1.51,0.46024800000000005
1985-05-31,1.46,0.445008
1985-06-01,1.42,0.432816
1985-06-02,1.39,0.423672
1985-06-03,1.37,0.41757600000000006
1985-06-04,1.33,0.405384
1985-06-05,1.28,0.39014400000000005
1985-06-06,1.24,0.377952
1985-06-07,1.21,0.368808
1985-06-08,1.17,0.356616
1985-06-09,1.19,0.362712
1985-06-10,1.24,0.377952
1985-06-11,1.22,0.371856
1985-06-12,1.29,0.39319200000000004
1985-06-13,1.32,0.402336
1985-06-14,1.33,0.405384
1985-06-15,1.31,0.39928800000000003
1985-06-16,1.3,0.39624000000000004
1985-06-17,1.24,0.377952
1985-06-18,1.26,0.384048
1985-06-19,1.39,0.423672
1985-06-20,1.45,0.44196
1985-06-21,1.53,0.46634400000000004
1985-06-22,1.67,0.509016
1985-06-23,1.64,0.499872
1985-06-24,1.66,0.505968
1985-06-25,1.59,0.48463200000000006
1985-06-26,1.48,0.451104
1985-06-27,1.42,0.432816
1985-06-28,1.34,0.408432
1985-06-29,1.26,0.384048
1985-06-30,1.2,0.36576000000000003
1985-07-01,1.17,0.356616
1985-07-02,1.16,0.353568
1985-07-03,1.16,0.353568
1985-07-04,1.12,0.34137600000000007
1985-07-05,1.09,0.332232
1985-07-06,1.16,0.353568
1985-07-07,1.19,0.362712
1985-07-08,1.17,0.356616
1985-07-09,1.24,0.377952
1985-07-10,1.27,0.38709600000000005
1985-07-11,1.2,0.36576000000000003
1985-07-12,1.15,0.35052
1985-07-13,1.21,0.368808
1985-07-14,1.32,0.402336
1985-07-15,1.29,0.39319200000000004
1985-07-16,1.21,0.368808
1985-07-17,1.6,0.48768000000000006
1985-07-18,1.78,0.542544
1985-07-19,1.54,0.46939200000000003
1985-07-20,1.33,0.405384
1985-07-21,1.29,0.39319200000000004
1985-07-22,1.23,0.374904
1985-07-23,1.17,0.356616
1985-07-24,1.28,0.39014400000000005
1985-07-25,1.22,0.371856
1985-07-26,1.31,0.39928800000000003
1985-07-27,1.29,0.39319200000000004
1985-07-28,1.66,0.505968
1985-07-29,2.05,0.62484
1985-07-30,2.28,0.694944
1985-07-31,2.21,0.673608
1985-08-01,1.99,0.606552
1985-08-02,1.91,0.582168
1985-08-03,1.92,0.585216
1985-08-04,1.77,0.5394960000000001
1985-08-05,1.64,0.499872
1985-08-06,1.64,0.499872
1985-08-07,1.8,0.54864
1985-08-08,2.1,0.6400800000000001
1985-08-09,2.37,0.722376
1985-08-10,2.17,0.661416
1985-08-11,2.34,0.713232
1985-08-12,2.4,0.7315200000000001
1985-08-13,2.24,0.6827520000000001
1985-08-14,1.95,0.59436
1985-08-15,1.72,0.524256
1985-08-16,1.55,0.47244
1985-08-17,1.47,0.448056
1985-08-18,1.45,0.44196
1985-08-19,1.43,0.43586400000000003
1985-08-20,1.41,0.429768
1985-08-21,1.36,0.41452800000000006
1985-08-22,1.31,0.39928800000000003
1985-08-23,1.24,0.377952
1985-08-24,1.2,0.36576000000000003
1985-08-25,1.26,0.384048
1985-08-26,1.35,0.41148000000000007
1985-08-27,1.92,0.585216
1985-08-28,3.57,1.088136
1985-08-29,3.94,1.200912
1985-08-30,4.0,1.2192
1985-08-31,3.81,1.161288
1985-09-01,3.14,0.957072
1985-09-02,3.17,0.9662160000000001
1985-09-03,3.03,0.923544
1985-09-04,2.55,0.7772399999999999
1985-09-05,2.38,0.725424
1985-09-06,2.34,0.713232
1985-09-07,2.17,0.661416
1985-09-08,2.0,0.6096
1985-09-09,2.01,0.612648
1985-09-10,1.95,0.59436
1985-09-11,1.93,0.588264
1985-09-12,1.74,0.530352
1985-09-13,1.6,0.48768000000000006
1985-09-14,1.5,0.45720000000000005
1985-09-15,1.41,0.429768
1985-09-16,1.35,0.41148000000000007
1985-09-17,1.29,0.39319200000000004
1985-09-18,1.25,0.381
1985-09-19,1.21,0.368808
1985-09-20,1.17,0.356616
1985-09-21,1.14,0.347472
1985-09-22,1.12,0.34137600000000007
1985-09-23,1.2,0.36576000000000003
1985-09-24,1.31,0.39928800000000003
1985-09-25,1.43,0.43586400000000003
1985-09-26,1.8,0.54864
1985-09-27,1.68,0.512064
1985-09-28,1.57,0.478536
1985-09-29,1.45,0.44196
1985-09-30,1.36,0.41452800000000006
1985-10-01,1.32,0.402336
1985-10-02,1.36,0.41452800000000006
1985-10-03,1.87,0.569976
1985-10-04,2.28,0.694944
1985-10-05,2.01,0.612648
1985-10-06,1.96,0.597408
1985-10-07,1.82,0.554736
1985-10-08,1.65,0.50292
1985-10-09,1.55,0.47244
1985-10-10,1.45,0.44196
1985-10-11,1.37,0.41757600000000006
1985-10-12,1.31,0.39928800000000003
1985-10-13,1.27,0.38709600000000005
1985-10-14,1.23,0.374904
1985-10-15,1.27,0.38709600000000005
1985-10-16,1.49,0.454152
1985-10-17,1.68,0.512064
1985-10-18,1.47,0.448056
1985-10-19,1.42,0.432816
1985-10-20,1.38,0.420624
1985-10-21,1.34,0.408432
1985-10-22,1.32,0.402336
1985-10-23,1.3,0.39624000000000004
1985-10-24,1.4,0.42672
1985-10-25,1.5,0.45720000000000005
1985-10-26,1.56,0.475488
1985-10-27,1.51,0.46024800000000005
1985-10-28,1.66,0.505968
1985-10-29,4.44,1.3533120000000003
1985-10-30,5.31,1.618488
1985-10-31,4.53,1.3807440000000002
1985-11-01,3.85,1.17348
1985-11-02,3.36,1.024128
1985-11-03,3.23,0.984504
1985-11-04,3.09,0.941832
1985-11-05,2.93,0.8930640000000001
1985-11-06,2.69,0.819912
1985-11-07,2.48,0.755904
1985-11-08,2.33,0.710184
1985-11-09,2.21,0.673608
1985-11-10,2.13,0.649224
1985-11-11,2.05,0.62484
1985-11-12,1.98,0.603504
1985-11-13,1.91,0.582168
1985-11-14,1.87,0.569976
1985-11-15,1.83,0.5577840000000001
1985-11-16,1.82,0.554736
1985-11-17,1.8,0.54864
1985-11-18,1.76,0.536448
1985-11-19,1.71,0.521208
1985-11-20,1.68,0.512064
1985-11-21,1.72,0.524256
1985-11-22,1.85,0.56388
1985-11-23,2.3,0.70104
1985-11-24,2.64,0.804672
1985-11-25,2.58,0.7863840000000001
1985-11-26,2.53,0.7711439999999999
1985-11-27,2.43,0.7406640000000001
1985-11-28,2.36,0.719328
1985-11-29,2.57,0.783336
1985-11-30,3.53,1.075944
1985-12-01,5.02,1.530096
1985-12-02,6.3,1.92024
1985-12-03,6.13,1.868424
1985-12-04,5.8,1.76784
1985-12-05,5.73,1.7465040000000003
1985-12-06,5.48,1.6703040000000002
1985-12-07,4.87,1.4843760000000001
1985-12-08,3.88,1.1826240000000001
1985-12-09,3.34,1.018032
1985-12-10,3.09,0.941832
1985-12-11,3.07,0.935736
1985-12-12,7.43,2.2646640000000002
1985-12-13,11.18,3.407664
1985-12-14,10.87,3.313176
1985-12-15,9.59,2.923032
1985-12-16,8.65,2.6365200000000004
1985-12-17,8.75,2.6670000000000003
1985-12-18,9.58,2.9199840000000004
1985-12-19,9.18,2.798064
1985-12-20,7.61,2.319528
1985-12-21,5.34,1.627632
1985-12-22,4.51,1.374648
1985-12-23,4.19,1.2771120000000002
1985-12-24,3.97,1.210056
1985-12-25,3.8,1.15824
1985-12-26,3.64,1.109472
1985-12-27,3.53,1.075944
1985-12-28,3.67,1.118616
1985-12-29,4.1,1.24968
1985-12-30,4.07,1.240536
1985-12-31,4.21,1.2832080000000001
1986-01-01,6.37,1.9415760000000002
1986-01-02,6.9,2.10312
1986-01-03,6.75,2.0574
1986-01-04,6.78,2.0665440000000004
1986-01-05,7.05,2.14884
1986-01-06,7.29,2.221992
1986-01-07,7.2,2.19456
1986-01-08,6.02,1.8348959999999999
1986-01-09,4.62,1.408176
1986-01-10,5.24,1.5971520000000001
1986-01-11,6.63,2.020824
1986-01-12,6.18,1.883664
1986-01-13,5.71,1.7404080000000002
1986-01-14,5.52,1.682496
1986-01-15,5.24,1.5971520000000001
1986-01-16,4.77,1.4538959999999999
1986-01-17,4.31,1.313688
1986-01-18,4.31,1.313688
1986-01-19,6.44,1.9629120000000002
1986-01-20,5.12,1.5605760000000002
1986-01-21,4.47,1.362456
1986-01-22,4.29,1.307592
1986-01-23,4.14,1.2618719999999999
1986-01-24,4.05,1.23444
1986-01-25,4.05,1.23444
1986-01-26,4.04,1.231392
1986-01-27,4.06,1.237488
1986-01-28,4.06,1.237488
1986-01-29,4.04,1.231392
1986-01-30,4.03,1.228344
1986-01-31,4.03,1.228344
1986-02-01,4.02,1.225296
1986-02-02,4.02,1.225296
1986-02-03,4.02,1.225296
1986-02-04,4.02,1.225296
1986-02-05,4.17,1.2710160000000001
1986-02-06,5.82,1.7739360000000002
1986-02-07,7.36,2.243328
1986-02-08,7.37,2.246376
1986-02-09,7.42,2.261616
1986-02-10,7.82,2.3835360000000003
1986-02-11,8.68,2.645664
1986-02-12,8.87,2.703576
1986-02-13,8.6,2.62128
1986-02-14,8.22,2.505456
1986-02-15,8.36,2.548128
1986-02-16,8.64,2.6334720000000003
1986-02-17,8.23,2.5085040000000003
1986-02-18,7.09,2.161032
1986-02-19,5.93,1.807464
1986-02-20,5.72,1.7434560000000001
1986-02-21,5.83,1.7769840000000001
1986-02-22,6.12,1.8653760000000001
1986-02-23,6.31,1.9232879999999999
1986-02-24,6.2,1.88976
1986-02-25,5.68,1.731264
1986-02-26,5.15,1.5697200000000002
1986-02-27,4.82,1.4691360000000002
1986-02-28,4.5,1.3716000000000002
1986-03-01,4.21,1.2832080000000001
1986-03-02,4.03,1.228344
1986-03-03,3.89,1.185672
1986-03-04,3.77,1.1490960000000001
1986-03-05,3.67,1.118616
1986-03-06,3.56,1.085088
1986-03-07,3.47,1.0576560000000002
1986-03-08,3.39,1.0332720000000002
1986-03-09,3.34,1.018032
1986-03-10,3.28,0.999744
1986-03-11,3.24,0.9875520000000001
1986-03-12,3.24,0.9875520000000001
1986-03-13,4.45,1.3563600000000002
1986-03-14,4.91,1.4965680000000001
1986-03-15,4.92,1.499616
1986-03-16,4.93,1.502664
1986-03-17,4.96,1.511808
1986-03-18,4.96,1.511808
1986-03-19,4.96,1.511808
1986-03-20,10.03,3.057144
1986-03-21,12.82,3.9075360000000003
1986-03-22,11.86,3.614928
1986-03-23,12.92,3.938016
1986-03-24,13.49,4.111752
1986-03-25,12.47,3.8008560000000005
1986-03-26,10.73,3.2705040000000003
1986-03-27,9.17,2.795016
1986-03-28,7.64,2.328672
1986-03-29,6.41,1.9537680000000002
1986-03-30,5.88,1.792224
1986-03-31,5.54,1.688592
1986-04-01,5.27,1.606296
1986-04-02,5.04,1.536192
1986-04-03,4.85,1.47828
1986-04-04,4.63,1.411224
1986-04-05,4.47,1.362456
1986-04-06,4.32,1.3167360000000001
1986-04-07,4.16,1.2679680000000002
1986-04-08,4.02,1.225296
1986-04-09,3.92,1.194816
1986-04-10,3.76,1.146048
1986-04-11,3.59,1.094232
1986-04-12,3.48,1.060704
1986-04-13,3.47,1.0576560000000002
1986-04-14,3.51,1.069848
1986-04-15,3.61,1.100328
1986-04-16,3.97,1.210056
1986-04-17,4.08,1.243584
1986-04-18,3.87,1.1795760000000002
1986-04-19,3.6,1.09728
1986-04-20,3.35,1.02108
1986-04-21,3.21,0.978408
1986-04-22,3.11,0.947928
1986-04-23,2.99,0.9113520000000002
1986-04-24,2.88,0.877824
1986-04-25,2.79,0.850392
1986-04-26,2.7,0.8229600000000001
1986-04-27,2.63,0.801624
1986-04-28,2.59,0.789432
1986-04-29,2.48,0.755904
1986-04-30,2.38,0.725424
1986-05-01,2.3,0.70104
1986-05-02,2.23,0.679704
1986-05-03,2.17,0.661416
1986-05-04,2.1,0.6400800000000001
1986-05-05,2.04,0.621792
1986-05-06,1.99,0.606552
1986-05-07,1.93,0.588264
1986-05-08,1.91,0.582168
1986-05-09,1.88,0.573024
1986-05-10,1.83,0.5577840000000001
1986-05-11,1.78,0.542544
1986-05-12,1.75,0.5334
1986-05-13,1.74,0.530352
1986-05-14,1.72,0.524256
1986-05-15,1.7,0.5181600000000001
1986-05-16,1.67,0.509016
1986-05-17,1.63,0.496824
1986-05-18,1.61,0.49072800000000005
1986-05-19,2.02,0.615696
1986-05-20,2.66,0.810768
1986-05-21,2.91,0.8869680000000001
1986-05-22,2.52,0.768096
1986-05-23,2.32,0.707136
1986-05-24,2.16,0.6583680000000001
1986-05-25,1.99,0.606552
1986-05-26,1.84,0.560832
1986-05-27,1.75,0.5334
1986-05-28,1.72,0.524256
1986-05-29,1.84,0.560832
1986-05-30,3.02,0.9204960000000001
1986-05-31,3.24,0.9875520000000001
1986-06-01,2.62,0.7985760000000001
1986-06-02,2.47,0.7528560000000001
1986-06-03,2.25,0.6858000000000001
1986-06-04,2.04,0.621792
1986-06-05,1.89,0.576072
1986-06-06,1.81,0.5516880000000001
1986-06-07,1.72,0.524256
1986-06-08,1.73,0.527304
1986-06-09,1.64,0.499872
1986-06-10,1.59,0.48463200000000006
1986-06-11,1.53,0.46634400000000004
1986-06-12,1.51,0.46024800000000005
1986-06-13,1.5,0.45720000000000005
1986-06-14,1.5,0.45720000000000005
1986-06-15,1.43,0.43586400000000003
1986-06-16,1.37,0.41757600000000006
1986-06-17,1.33,0.405384
1986-06-18,1.3,0.39624000000000004
1986-06-19,1.57,0.478536
1986-06-20,1.68,0.512064
1986-06-21,1.67,0.509016
1986-06-22,1.47,0.448056
1986-06-23,1.41,0.429768
1986-06-24,1.35,0.41148000000000007
1986-06-25,1.29,0.39319200000000004
1986-06-26,1.26,0.384048
1986-06-27,1.35,0.41148000000000007
1986-06-28,1.58,0.48158400000000007
1986-06-29,1.46,0.445008
1986-06-30,1.37,0.41757600000000006
1986-07-01,1.28,0.39014400000000005
1986-07-02,1.27,0.38709600000000005
1986-07-03,1.27,0.38709600000000005
1986-07-04,1.24,0.377952
1986-07-05,1.2,0.36576000000000003
1986-07-06,1.19,0.362712
1986-07-07,1.19,0.362712
1986-07-08,1.17,0.356616
1986-07-09,1.13,0.344424
1986-07-10,1.09,0.332232
1986-07-11,1.06,0.32308800000000004
1986-07-12,1.03,0.313944
1986-07-13,1.02,0.310896
1986-07-14,1.03,0.313944
1986-07-15,1.08,0.32918400000000003
1986-07-16,1.07,0.32613600000000004
1986-07-17,1.29,0.39319200000000004
1986-07-18,1.3,0.39624000000000004
1986-07-19,1.32,0.402336
1986-07-20,1.3,0.39624000000000004
1986-07-21,1.21,0.368808
1986-07-22,1.15,0.35052
1986-07-23,1.14,0.347472
1986-07-24,1.11,0.3383280000000001
1986-07-25,1.12,0.34137600000000007
1986-07-26,1.27,0.38709600000000005
1986-07-27,1.44,0.438912
1986-07-28,2.13,0.649224
1986-07-29,2.26,0.688848
1986-07-30,1.87,0.569976
1986-07-31,1.58,0.48158400000000007
1986-08-01,1.41,0.429768
1986-08-02,1.31,0.39928800000000003
1986-08-03,1.23,0.374904
1986-08-04,1.16,0.353568
1986-08-05,1.12,0.34137600000000007
1986-08-06,1.07,0.32613600000000004
1986-08-07,1.05,0.32004000000000005
1986-08-08,1.03,0.313944
1986-08-09,1.06,0.32308800000000004
1986-08-10,1.02,0.310896
1986-08-11,1.01,0.307848
1986-08-12,1.06,0.32308800000000004
1986-08-13,1.08,0.32918400000000003
1986-08-14,1.14,0.347472
1986-08-15,1.21,0.368808
1986-08-16,1.29,0.39319200000000004
1986-08-17,1.22,0.371856
1986-08-18,1.31,0.39928800000000003
1986-08-19,1.27,0.38709600000000005
1986-08-20,1.22,0.371856
1986-08-21,1.2,0.36576000000000003
1986-08-22,1.19,0.362712
1986-08-23,1.21,0.368808
1986-08-24,1.33,0.405384
1986-08-25,1.39,0.423672
1986-08-26,1.31,0.39928800000000003
1986-08-27,1.23,0.374904
1986-08-28,1.15,0.35052
1986-08-29,1.1,0.33528
1986-08-30,1.11,0.3383280000000001
1986-08-31,1.18,0.359664
1986-09-01,1.23,0.374904
1986-09-02,1.43,0.43586400000000003
1986-09-03,1.97,0.600456
1986-09-04,2.14,0.6522720000000001
1986-09-05,3.86,1.176528
1986-09-06,2.36,0.719328
1986-09-07,2.07,0.6309359999999999
1986-09-08,2.06,0.627888
1986-09-09,1.93,0.588264
1986-09-10,1.75,0.5334
1986-09-11,1.62,0.49377600000000005
1986-09-12,1.64,0.499872
1986-09-13,1.86,0.5669280000000001
1986-09-14,1.67,0.509016
1986-09-15,1.59,0.48463200000000006
1986-09-16,1.48,0.451104
1986-09-17,1.51,0.46024800000000005
1986-09-18,1.58,0.48158400000000007
1986-09-19,1.48,0.451104
1986-09-20,1.46,0.445008
1986-09-21,1.42,0.432816
1986-09-22,1.38,0.420624
1986-09-23,1.49,0.454152
1986-09-24,1.45,0.44196
1986-09-25,1.38,0.420624
1986-09-26,1.34,0.408432
1986-09-27,1.29,0.39319200000000004
1986-09-28,1.25,0.381
1986-09-29,1.22,0.371856
1986-09-30,1.23,0.374904
1986-10-01,1.36,0.41452800000000006
1986-10-02,1.22,0.371856
1986-10-03,1.17,0.356616
1986-10-04,1.15,0.35052
1986-10-05,1.13,0.344424
1986-10-06,1.11,0.3383280000000001
1986-10-07,1.08,0.32918400000000003
1986-10-08,1.06,0.32308800000000004
1986-10-09,1.07,0.32613600000000004
1986-10-10,1.19,0.362712
1986-10-11,1.15,0.35052
1986-10-12,1.28,0.39014400000000005
1986-10-13,1.44,0.438912
1986-10-14,1.54,0.46939200000000003
1986-10-15,1.82,0.554736
1986-10-16,2.19,0.667512
1986-10-17,1.94,0.5913120000000001
1986-10-18,1.75,0.5334
1986-10-19,1.61,0.49072800000000005
1986-10-20,1.5,0.45720000000000005
1986-10-21,1.43,0.43586400000000003
1986-10-22,1.38,0.420624
1986-10-23,1.33,0.405384
1986-10-24,1.3,0.39624000000000004
1986-10-25,1.74,0.530352
1986-10-26,2.07,0.6309359999999999
1986-10-27,2.6,0.7924800000000001
1986-10-28,2.34,0.713232
1986-10-29,2.12,0.6461760000000001
1986-10-30,1.94,0.5913120000000001
1986-10-31,1.79,0.5455920000000001
1986-11-01,1.68,0.512064
1986-11-02,1.6,0.48768000000000006
1986-11-03,1.53,0.46634400000000004
1986-11-04,1.47,0.448056
1986-11-05,1.48,0.451104
1986-11-06,1.49,0.454152
1986-11-07,1.46,0.445008
1986-11-08,1.46,0.445008
1986-11-09,1.46,0.445008
1986-11-10,1.43,0.43586400000000003
1986-11-11,1.42,0.432816
1986-11-12,1.41,0.429768
1986-11-13,1.4,0.42672
1986-11-14,1.54,0.46939200000000003
1986-11-15,1.7,0.5181600000000001
1986-11-16,1.61,0.49072800000000005
1986-11-17,1.62,0.49377600000000005
1986-11-18,1.97,0.600456
1986-11-19,3.16,0.9631680000000001
1986-11-20,3.42,1.042416
1986-11-21,3.58,1.0911840000000002
1986-11-22,3.54,1.0789920000000002
1986-11-23,3.34,1.018032
1986-11-24,3.37,1.027176
1986-11-25,3.5,1.0668
1986-11-26,7.56,2.304288
1986-11-27,7.68,2.340864
1986-11-28,7.3,2.22504
1986-11-29,6.69,2.0391120000000003
1986-11-30,8.08,2.462784
1986-12-01,8.45,2.57556
1986-12-02,8.55,2.60604
1986-12-03,7.88,2.401824
1986-12-04,6.9,2.10312
1986-12-05,5.7,1.7373600000000002
1986-12-06,4.85,1.47828
1986-12-07,4.22,1.286256
1986-12-08,3.77,1.1490960000000001
1986-12-09,3.49,1.063752
1986-12-10,3.44,1.048512
1986-12-11,3.73,1.1369040000000001
1986-12-12,4.06,1.237488
1986-12-13,4.31,1.313688
1986-12-14,4.28,1.3045440000000001
1986-12-15,4.2,1.2801600000000002
1986-12-16,4.33,1.319784
1986-12-17,4.28,1.3045440000000001
1986-12-18,4.1,1.24968
1986-12-19,3.97,1.210056
1986-12-20,3.94,1.200912
1986-12-21,3.88,1.1826240000000001
1986-12-22,3.74,1.139952
1986-12-23,4.45,1.3563600000000002
1986-12-24,5.27,1.606296
1986-12-25,5.27,1.606296
1986-12-26,5.26,1.603248
1986-12-27,5.4,1.6459200000000003
1986-12-28,5.31,1.618488
1986-12-29,4.96,1.511808
1986-12-30,4.47,1.362456
1986-12-31,3.93,1.197864
1987-01-01,3.72,1.1338560000000002
1987-01-02,3.64,1.109472
1987-01-03,3.6,1.09728
1987-01-04,3.87,1.1795760000000002
1987-01-05,4.94,1.5057120000000002
1987-01-06,5.41,1.6489680000000002
1987-01-07,5.45,1.6611600000000002
1987-01-08,5.66,1.725168
1987-01-09,5.81,1.770888
1987-01-10,5.68,1.731264
1987-01-11,5.34,1.627632
1987-01-12,4.56,1.389888
1987-01-13,4.02,1.225296
1987-01-14,3.78,1.152144
1987-01-15,3.67,1.118616
1987-01-16,3.74,1.139952
1987-01-17,4.4,1.34112
1987-01-18,4.88,1.487424
1987-01-19,5.25,1.6002
1987-01-20,5.6,1.70688
1987-01-21,5.88,1.792224
1987-01-22,8.49,2.587752
1987-01-23,8.6,2.62128
1987-01-24,8.39,2.557272
1987-01-25,9.09,2.770632
1987-01-26,9.92,3.023616
1987-01-27,10.83,3.300984
1987-01-28,10.92,3.3284160000000003
1987-01-29,10.16,3.0967680000000004
1987-01-30,9.52,2.901696
1987-01-31,8.86,2.700528
1987-02-01,7.79,2.3743920000000003
1987-02-02,7.26,2.212848
1987-02-03,7.52,2.292096
1987-02-04,7.3,2.22504
1987-02-05,7.12,2.170176
1987-02-06,7.69,2.3439120000000004
1987-02-07,10.01,3.051048
1987-02-08,11.6,3.53568
1987-02-09,10.99,3.349752
1987-02-10,10.49,3.1973520000000004
1987-02-11,10.68,3.255264
1987-02-12,10.68,3.255264
1987-02-13,9.77,2.977896
1987-02-14,8.2,2.49936
1987-02-15,6.48,1.9751040000000002
1987-02-16,6.66,2.029968
1987-02-17,6.66,2.029968
1987-02-18,6.34,1.9324320000000001
1987-02-19,6.22,1.895856
1987-02-20,6.19,1.8867120000000002
1987-02-21,6.19,1.8867120000000002
1987-02-22,6.67,2.033016
1987-02-23,7.27,2.215896
1987-02-24,6.93,2.112264
1987-02-25,6.52,1.987296
1987-02-26,6.75,2.0574
1987-02-27,7.37,2.246376
1987-02-28,10.03,3.057144
1987-03-01,11.17,3.4046160000000003
1987-03-02,10.67,3.252216
1987-03-03,10.79,3.288792
1987-03-04,12.82,3.9075360000000003
1987-03-05,13.25,4.038600000000001
1987-03-06,11.69,3.563112
1987-03-07,9.78,2.980944
1987-03-08,8.62,2.627376
1987-03-09,7.53,2.295144
1987-03-10,6.78,2.0665440000000004
1987-03-11,6.75,2.0574
1987-03-12,6.82,2.078736
1987-03-13,6.73,2.051304
1987-03-14,6.34,1.9324320000000001
1987-03-15,6.15,1.8745200000000002
1987-03-16,5.86,1.7861280000000002
1987-03-17,5.62,1.712976
1987-03-18,7.14,2.176272
1987-03-19,8.33,2.538984
1987-03-20,8.01,2.441448
1987-03-21,7.58,2.310384
1987-03-22,7.68,2.340864
1987-03-23,8.02,2.444496
1987-03-24,7.92,2.414016
1987-03-25,6.87,2.093976
1987-03-26,5.72,1.7434560000000001
1987-03-27,5.12,1.5605760000000002
1987-03-28,5.06,1.5422879999999999
1987-03-29,5.42,1.6520160000000002
1987-03-30,8.55,2.60604
1987-03-31,9.6,2.9260800000000002
1987-04-01,9.32,2.840736
1987-04-02,9.07,2.764536
1987-04-03,9.79,2.9839919999999998
1987-04-04,11.22,3.4198560000000002
1987-04-05,11.19,3.410712
1987-04-06,10.0,3.048
1987-04-07,8.86,2.700528
1987-04-08,7.91,2.410968
1987-04-09,6.88,2.097024
1987-04-10,6.02,1.8348959999999999
1987-04-11,5.36,1.633728
1987-04-12,5.02,1.530096
1987-04-13,4.77,1.4538959999999999
1987-04-14,4.56,1.389888
1987-04-15,4.44,1.3533120000000003
1987-04-16,4.32,1.3167360000000001
1987-04-17,4.15,1.2649200000000003
1987-04-18,4.01,1.222248
1987-04-19,3.85,1.17348
1987-04-20,3.7,1.12776
1987-04-21,3.6,1.09728
1987-04-22,3.46,1.054608
1987-04-23,3.28,0.999744
1987-04-24,3.13,0.954024
1987-04-25,2.99,0.9113520000000002
1987-04-26,2.87,0.8747760000000001
1987-04-27,2.75,0.8382000000000001
1987-04-28,2.65,0.80772
1987-04-29,2.55,0.7772399999999999
1987-04-30,2.46,0.749808
1987-05-01,2.4,0.7315200000000001
1987-05-02,2.31,0.704088
1987-05-03,2.23,0.679704
1987-05-04,2.17,0.661416
1987-05-05,2.16,0.6583680000000001
1987-05-06,2.22,0.6766560000000001
1987-05-07,2.57,0.783336
1987-05-08,2.98,0.908304
1987-05-09,2.98,0.908304
1987-05-10,2.66,0.810768
1987-05-11,2.48,0.755904
1987-05-12,2.73,0.8321040000000001
1987-05-13,4.01,1.222248
1987-05-14,3.9,1.18872
1987-05-15,4.9,1.4935200000000002
1987-05-16,6.37,1.9415760000000002
1987-05-17,6.53,1.9903440000000001
1987-05-18,6.97,2.124456
1987-05-19,7.25,2.2098
1987-05-20,6.11,1.8623280000000002
1987-05-21,4.86,1.4813280000000002
1987-05-22,4.28,1.3045440000000001
1987-05-23,4.06,1.237488
1987-05-24,3.81,1.161288
1987-05-25,4.1,1.24968
1987-05-26,3.91,1.1917680000000002
1987-05-27,3.6,1.09728
1987-05-28,3.09,0.941832
1987-05-29,2.77,0.844296
1987-05-30,2.52,0.768096
1987-05-31,2.34,0.713232
1987-06-01,2.2,0.67056
1987-06-02,2.07,0.6309359999999999
1987-06-03,1.94,0.5913120000000001
1987-06-04,1.85,0.56388
1987-06-05,1.9,0.57912
1987-06-06,2.53,0.7711439999999999
1987-06-07,2.45,0.7467600000000001
1987-06-08,2.17,0.661416
1987-06-09,1.89,0.576072
1987-06-10,1.72,0.524256
1987-06-11,1.62,0.49377600000000005
1987-06-12,1.55,0.47244
1987-06-13,2.06,0.627888
1987-06-14,4.06,1.237488
1987-06-15,6.0,1.8288000000000002
1987-06-16,6.09,1.856232
1987-06-17,5.24,1.5971520000000001
1987-06-18,4.85,1.47828
1987-06-19,5.0,1.524
1987-06-20,5.71,1.7404080000000002
1987-06-21,6.42,1.956816
1987-06-22,6.94,2.1153120000000003
1987-06-23,6.98,2.127504
1987-06-24,6.87,2.093976
1987-06-25,7.02,2.139696
1987-06-26,7.73,2.356104
1987-06-27,8.58,2.615184
1987-06-28,8.5,2.5908
1987-06-29,6.52,1.987296
1987-06-30,4.12,1.255776
1987-07-01,3.52,1.072896
1987-07-02,3.61,1.100328
1987-07-03,4.65,1.4173200000000001
1987-07-04,5.54,1.688592
1987-07-05,6.51,1.984248
1987-07-06,5.55,1.69164
1987-07-07,5.04,1.536192
1987-07-08,5.06,1.5422879999999999
1987-07-09,4.33,1.319784
1987-07-10,3.84,1.170432
1987-07-11,3.23,0.984504
1987-07-12,2.83,0.862584
1987-07-13,2.54,0.7741920000000001
1987-07-14,2.32,0.707136
1987-07-15,2.14,0.6522720000000001
1987-07-16,1.98,0.603504
1987-07-17,1.85,0.56388
1987-07-18,1.73,0.527304
1987-07-19,1.65,0.50292
1987-07-20,1.6,0.48768000000000006
1987-07-21,1.57,0.478536
1987-07-22,1.62,0.49377600000000005
1987-07-23,1.61,0.49072800000000005
1987-07-24,1.57,0.478536
1987-07-25,1.53,0.46634400000000004
1987-07-26,1.46,0.445008
1987-07-27,1.5,0.45720000000000005
1987-07-28,1.42,0.432816
1987-07-29,1.37,0.41757600000000006
1987-07-30,1.35,0.41148000000000007
1987-07-31,1.3,0.39624000000000004
1987-08-01,1.24,0.377952
1987-08-02,1.21,0.368808
1987-08-03,1.29,0.39319200000000004
1987-08-04,1.57,0.478536
1987-08-05,1.75,0.5334
1987-08-06,1.56,0.475488
1987-08-07,1.46,0.445008
1987-08-08,1.38,0.420624
1987-08-09,1.35,0.41148000000000007
1987-08-10,1.3,0.39624000000000004
1987-08-11,1.23,0.374904
1987-08-12,1.25,0.381
1987-08-13,1.54,0.46939200000000003
1987-08-14,1.8,0.54864
1987-08-15,1.98,0.603504
1987-08-16,1.84,0.560832
1987-08-17,1.65,0.50292
1987-08-18,1.51,0.46024800000000005
1987-08-19,1.45,0.44196
1987-08-20,1.39,0.423672
1987-08-21,1.34,0.408432
1987-08-22,1.29,0.39319200000000004
1987-08-23,1.23,0.374904
1987-08-24,1.19,0.362712
1987-08-25,1.12,0.34137600000000007
1987-08-26,1.06,0.32308800000000004
1987-08-27,1.04,0.31699200000000005
1987-08-28,1.02,0.310896
1987-08-29,1.0,0.3048
1987-08-30,1.0,0.3048
1987-08-31,0.98,0.298704
1987-09-01,0.96,0.292608
1987-09-02,0.96,0.292608
1987-09-03,0.95,0.28956
1987-09-04,0.93,0.28346400000000005
1987-09-05,0.94,0.286512
1987-09-06,1.03,0.313944
1987-09-07,1.06,0.32308800000000004
1987-09-08,1.1,0.33528
1987-09-09,1.2,0.36576000000000003
1987-09-10,1.23,0.374904
1987-09-11,1.22,0.371856
1987-09-12,1.26,0.384048
1987-09-13,1.3,0.39624000000000004
1987-09-14,1.68,0.512064
1987-09-15,2.08,0.6339840000000001
1987-09-16,1.78,0.542544
1987-09-17,1.54,0.46939200000000003
1987-09-18,1.41,0.429768
1987-09-19,1.32,0.402336
1987-09-20,1.28,0.39014400000000005
1987-09-21,1.27,0.38709600000000005
1987-09-22,1.22,0.371856
1987-09-23,1.19,0.362712
1987-09-24,1.19,0.362712
1987-09-25,1.11,0.3383280000000001
1987-09-26,1.06,0.32308800000000004
1987-09-27,1.03,0.313944
1987-09-28,0.99,0.301752
1987-09-29,0.98,0.298704
1987-09-30,0.97,0.29565600000000003
1987-10-01,0.96,0.292608
1987-10-02,0.96,0.292608
1987-10-03,0.94,0.286512
1987-10-04,0.93,0.28346400000000005
1987-10-05,0.92,0.280416
1987-10-06,0.91,0.277368
1987-10-07,0.89,0.271272
1987-10-08,0.88,0.268224
1987-10-09,0.87,0.265176
1987-10-10,0.88,0.268224
1987-10-11,0.88,0.268224
1987-10-12,0.89,0.271272
1987-10-13,0.89,0.271272
1987-10-14,0.88,0.268224
1987-10-15,0.86,0.262128
1987-10-16,0.87,0.265176
1987-10-17,0.88,0.268224
1987-10-18,0.88,0.268224
1987-10-19,0.88,0.268224
1987-10-20,0.87,0.265176
1987-10-21,0.87,0.265176
1987-10-22,0.86,0.262128
1987-10-23,0.88,0.268224
1987-10-24,0.9,0.27432
1987-10-25,0.92,0.280416
1987-10-26,0.95,0.28956
1987-10-27,0.98,0.298704
1987-10-28,1.0,0.3048
1987-10-29,1.02,0.310896
1987-10-30,1.05,0.32004000000000005
1987-10-31,1.08,0.32918400000000003
1987-11-01,1.05,0.32004000000000005
1987-11-02,1.01,0.307848
1987-11-03,1.01,0.307848
1987-11-04,1.09,0.332232
1987-11-05,1.14,0.347472
1987-11-06,1.1,0.33528
1987-11-07,1.08,0.32918400000000003
1987-11-08,1.1,0.33528
1987-11-09,1.1,0.33528
1987-11-10,1.14,0.347472
1987-11-11,1.16,0.353568
1987-11-12,1.26,0.384048
1987-11-13,1.33,0.405384
1987-11-14,1.29,0.39319200000000004
1987-11-15,1.25,0.381
1987-11-16,1.24,0.377952
1987-11-17,2.09,0.637032
1987-11-18,3.34,1.018032
1987-11-19,3.99,1.2161520000000001
1987-11-20,3.16,0.9631680000000001
1987-11-21,2.45,0.7467600000000001
1987-11-22,2.12,0.6461760000000001
1987-11-23,1.94,0.5913120000000001
1987-11-24,1.81,0.5516880000000001
1987-11-25,1.73,0.527304
1987-11-26,1.69,0.515112
1987-11-27,1.66,0.505968
1987-11-28,1.69,0.515112
1987-11-29,1.72,0.524256
1987-11-30,1.89,0.576072
1987-12-01,1.95,0.59436
1987-12-02,1.83,0.5577840000000001
1987-12-03,1.73,0.527304
1987-12-04,1.67,0.509016
1987-12-05,1.63,0.496824
1987-12-06,1.61,0.49072800000000005
1987-12-07,1.58,0.48158400000000007
1987-12-08,1.57,0.478536
1987-12-09,1.56,0.475488
1987-12-10,1.56,0.475488
1987-12-11,1.58,0.48158400000000007
1987-12-12,1.58,0.48158400000000007
1987-12-13,1.56,0.475488
1987-12-14,1.56,0.475488
1987-12-15,1.68,0.512064
1987-12-16,2.34,0.713232
1987-12-17,3.11,0.947928
1987-12-18,2.62,0.7985760000000001
1987-12-19,2.37,0.722376
1987-12-20,2.23,0.679704
1987-12-21,2.23,0.679704
1987-12-22,2.7,0.8229600000000001
1987-12-23,3.5,1.0668
1987-12-24,3.44,1.048512
1987-12-25,3.16,0.9631680000000001
1987-12-26,2.93,0.8930640000000001
1987-12-27,2.69,0.819912
1987-12-28,2.62,0.7985760000000001
1987-12-29,2.77,0.844296
1987-12-30,2.86,0.8717280000000001
1987-12-31,2.72,0.8290560000000001
1988-01-01,2.69,0.819912
1988-01-02,3.0,0.9144000000000001
1988-01-03,3.72,1.1338560000000002
1988-01-04,3.94,1.200912
1988-01-05,3.83,1.167384
1988-01-06,3.61,1.100328
1988-01-07,3.37,1.027176
1988-01-08,3.54,1.0789920000000002
1988-01-09,4.18,1.274064
1988-01-10,4.36,1.328928
1988-01-11,4.35,1.32588
1988-01-12,4.06,1.237488
1988-01-13,3.71,1.130808
1988-01-14,3.38,1.030224
1988-01-15,3.12,0.950976
1988-01-16,2.93,0.8930640000000001
1988-01-17,2.86,0.8717280000000001
1988-01-18,3.33,1.014984
1988-01-19,7.1,2.16408
1988-01-20,9.61,2.929128
1988-01-21,11.38,3.4686240000000006
1988-01-22,12.23,3.727704
1988-01-23,15.09,4.599432
1988-01-24,15.19,4.629912
1988-01-25,13.82,4.2123360000000005
1988-01-26,12.14,3.7002720000000004
1988-01-27,10.22,3.1150560000000005
1988-01-28,8.55,2.60604
1988-01-29,6.74,2.054352
1988-01-30,5.64,1.719072
1988-01-31,5.09,1.5514320000000001
1988-02-01,4.69,1.4295120000000001
1988-02-02,4.42,1.347216
1988-02-03,5.41,1.6489680000000002
1988-02-04,5.89,1.795272
1988-02-05,6.82,2.078736
1988-02-06,7.72,2.353056
1988-02-07,8.25,2.5146
1988-02-08,8.6,2.62128
1988-02-09,8.44,2.572512
1988-02-10,7.29,2.221992
1988-02-11,5.65,1.72212
1988-02-12,4.83,1.4721840000000002
1988-02-13,4.45,1.3563600000000002
1988-02-14,4.2,1.2801600000000002
1988-02-15,4.66,1.420368
1988-02-16,5.11,1.5575280000000002
1988-02-17,4.97,1.514856
1988-02-18,4.89,1.490472
1988-02-19,7.14,2.176272
1988-02-20,7.13,2.1732240000000003
1988-02-21,6.84,2.084832
1988-02-22,6.69,2.0391120000000003
1988-02-23,6.8,2.0726400000000003
1988-02-24,6.67,2.033016
1988-02-25,6.01,1.831848
1988-02-26,5.16,1.5727680000000002
1988-02-27,4.48,1.3655040000000003
1988-02-28,4.15,1.2649200000000003
1988-02-29,3.95,1.2039600000000001
1988-03-01,3.79,1.155192
1988-03-02,3.66,1.1155680000000001
1988-03-03,4.34,1.322832
1988-03-04,13.1,3.99288
1988-03-05,13.81,4.209288000000001
1988-03-06,12.05,3.6728400000000003
1988-03-07,10.99,3.349752
1988-03-08,12.84,3.913632
1988-03-09,12.69,3.867912
1988-03-10,11.13,3.3924240000000006
1988-03-11,9.69,2.953512
1988-03-12,8.49,2.587752
1988-03-13,7.65,2.3317200000000002
1988-03-14,7.47,2.276856
1988-03-15,7.33,2.234184
1988-03-16,7.06,2.151888
1988-03-17,6.55,1.99644
1988-03-18,5.8,1.76784
1988-03-19,5.5,1.6764000000000001
1988-03-20,5.4,1.6459200000000003
1988-03-21,5.22,1.591056
1988-03-22,5.18,1.578864
1988-03-23,4.98,1.5179040000000001
1988-03-24,4.73,1.441704
1988-03-25,5.0,1.524
1988-03-26,7.25,2.2098
1988-03-27,8.32,2.5359360000000004
1988-03-28,8.25,2.5146
1988-03-29,8.58,2.615184
1988-03-30,10.12,3.0845759999999998
1988-03-31,10.46,3.1882080000000004
1988-04-01,8.89,2.7096720000000003
1988-04-02,6.56,1.999488
1988-04-03,5.55,1.69164
1988-04-04,5.44,1.6581120000000003
1988-04-05,5.42,1.6520160000000002
1988-04-06,5.28,1.609344
1988-04-07,4.95,1.50876
1988-04-08,4.49,1.3685520000000002
1988-04-09,4.08,1.243584
1988-04-10,3.82,1.164336
1988-04-11,3.63,1.106424
1988-04-12,3.56,1.085088
1988-04-13,3.63,1.106424
1988-04-14,3.7,1.12776
1988-04-15,3.66,1.1155680000000001
1988-04-16,3.48,1.060704
1988-04-17,3.27,0.996696
1988-04-18,3.18,0.9692640000000001
1988-04-19,4.11,1.252728
1988-04-20,6.42,1.956816
1988-04-21,6.47,1.972056
1988-04-22,6.4,1.9507200000000002
1988-04-23,6.68,2.036064
1988-04-24,6.52,1.987296
1988-04-25,6.23,1.8989040000000001
1988-04-26,6.4,1.9507200000000002
1988-04-27,6.33,1.9293840000000002
1988-04-28,5.75,1.7526000000000002
1988-04-29,5.0,1.524
1988-04-30,4.44,1.3533120000000003
1988-05-01,4.34,1.322832
1988-05-02,4.31,1.313688
1988-05-03,3.62,1.1033760000000001
1988-05-04,3.33,1.014984
1988-05-05,3.19,0.9723120000000001
1988-05-06,2.71,0.8260080000000001
1988-05-07,2.5,0.762
1988-05-08,2.35,0.71628
1988-05-09,2.22,0.6766560000000001
1988-05-10,2.13,0.649224
1988-05-11,2.04,0.621792
1988-05-12,1.97,0.600456
1988-05-13,1.89,0.576072
1988-05-14,1.82,0.554736
1988-05-15,1.79,0.5455920000000001
1988-05-16,1.77,0.5394960000000001
1988-05-17,1.71,0.521208
1988-05-18,1.64,0.499872
1988-05-19,1.56,0.475488
1988-05-20,1.48,0.451104
1988-05-21,1.42,0.432816
1988-05-22,1.38,0.420624
1988-05-23,1.35,0.41148000000000007
1988-05-24,1.37,0.41757600000000006
1988-05-25,1.55,0.47244
1988-05-26,2.27,0.6918960000000001
1988-05-27,2.2,0.67056
1988-05-28,1.87,0.569976
1988-05-29,1.65,0.50292
1988-05-30,1.52,0.46329600000000004
1988-05-31,1.42,0.432816
1988-06-01,1.33,0.405384
1988-06-02,1.26,0.384048
1988-06-03,1.22,0.371856
1988-06-04,1.16,0.353568
1988-06-05,1.12,0.34137600000000007
1988-06-06,1.11,0.3383280000000001
1988-06-07,1.11,0.3383280000000001
1988-06-08,1.19,0.362712
1988-06-09,1.29,0.39319200000000004
1988-06-10,1.32,0.402336
1988-06-11,1.22,0.371856
1988-06-12,1.13,0.344424
1988-06-13,1.08,0.32918400000000003
1988-06-14,1.03,0.313944
1988-06-15,0.99,0.301752
1988-06-16,0.95,0.28956
1988-06-17,0.91,0.277368
1988-06-18,0.89,0.271272
1988-06-19,0.92,0.280416
1988-06-20,1.03,0.313944
1988-06-21,1.1,0.33528
1988-06-22,1.01,0.307848
1988-06-23,0.96,0.292608
1988-06-24,0.9,0.27432
1988-06-25,0.87,0.265176
1988-06-26,0.86,0.262128
1988-06-27,0.86,0.262128
1988-06-28,0.84,0.256032
1988-06-29,0.79,0.24079200000000003
1988-06-30,0.79,0.24079200000000003
1988-07-01,0.9,0.27432
1988-07-02,1.14,0.347472
1988-07-03,1.62,0.49377600000000005
1988-07-04,2.36,0.719328
1988-07-05,2.85,0.8686800000000001
1988-07-06,3.22,0.9814560000000001
1988-07-07,2.79,0.850392
1988-07-08,2.23,0.679704
1988-07-09,1.79,0.5455920000000001
1988-07-10,1.56,0.475488
1988-07-11,1.52,0.46329600000000004
1988-07-12,1.65,0.50292
1988-07-13,2.15,0.65532
1988-07-14,2.3,0.70104
1988-07-15,1.94,0.5913120000000001
1988-07-16,1.66,0.505968
1988-07-17,1.58,0.48158400000000007
1988-07-18,1.46,0.445008
1988-07-19,1.37,0.41757600000000006
1988-07-20,1.32,0.402336
1988-07-21,1.47,0.448056
1988-07-22,1.8,0.54864
1988-07-23,2.17,0.661416
1988-07-24,2.23,0.679704
1988-07-25,2.25,0.6858000000000001
1988-07-26,1.81,0.5516880000000001
1988-07-27,1.53,0.46634400000000004
1988-07-28,1.39,0.423672
1988-07-29,1.28,0.39014400000000005
1988-07-30,1.4,0.42672
1988-07-31,1.58,0.48158400000000007
1988-08-01,1.34,0.408432
1988-08-02,1.31,0.39928800000000003
1988-08-03,1.24,0.377952
1988-08-04,1.15,0.35052
1988-08-05,1.11,0.3383280000000001
1988-08-06,1.1,0.33528
1988-08-07,1.09,0.332232
1988-08-08,1.11,0.3383280000000001
1988-08-09,1.13,0.344424
1988-08-10,1.18,0.359664
1988-08-11,1.2,0.36576000000000003
1988-08-12,1.21,0.368808
1988-08-13,1.12,0.34137600000000007
1988-08-14,1.05,0.32004000000000005
1988-08-15,1.04,0.31699200000000005
1988-08-16,1.09,0.332232
1988-08-17,1.04,0.31699200000000005
1988-08-18,1.02,0.310896
1988-08-19,1.02,0.310896
1988-08-20,0.98,0.298704
1988-08-21,1.03,0.313944
1988-08-22,0.99,0.301752
1988-08-23,0.94,0.286512
1988-08-24,0.93,0.28346400000000005
1988-08-25,0.87,0.265176
1988-08-26,0.94,0.286512
1988-08-27,0.95,0.28956
1988-08-28,0.89,0.271272
1988-08-29,0.88,0.268224
1988-08-30,0.85,0.25908000000000003
1988-08-31,0.82,0.249936
1988-09-01,0.82,0.249936
1988-09-02,0.84,0.256032
1988-09-03,0.87,0.265176
1988-09-04,1.18,0.359664
1988-09-05,1.93,0.588264
1988-09-06,2.26,0.688848
1988-09-07,2.06,0.627888
1988-09-08,1.67,0.509016
1988-09-09,1.45,0.44196
1988-09-10,2.79,0.850392
1988-09-11,3.96,1.207008
1988-09-12,4.34,1.322832
1988-09-13,3.49,1.063752
1988-09-14,2.89,0.8808720000000001
1988-09-15,2.4,0.7315200000000001
1988-09-16,2.51,0.765048
1988-09-17,3.64,1.109472
1988-09-18,3.68,1.121664
1988-09-19,3.01,0.9174479999999999
1988-09-20,2.5,0.762
1988-09-21,2.25,0.6858000000000001
1988-09-22,2.07,0.6309359999999999
1988-09-23,2.02,0.615696
1988-09-24,1.87,0.569976
1988-09-25,1.9,0.57912
1988-09-26,1.99,0.606552
1988-09-27,1.77,0.5394960000000001
1988-09-28,1.6,0.48768000000000006
1988-09-29,1.52,0.46329600000000004
1988-09-30,1.48,0.451104
1988-10-01,1.54,0.46939200000000003
1988-10-02,3.31,1.008888
1988-10-03,5.35,1.63068
1988-10-04,5.57,1.6977360000000001
1988-10-05,5.11,1.5575280000000002
1988-10-06,4.61,1.4051280000000002
1988-10-07,3.99,1.2161520000000001
1988-10-08,3.26,0.993648
1988-10-09,2.71,0.8260080000000001
1988-10-10,2.38,0.725424
1988-10-11,2.17,0.661416
1988-10-12,2.04,0.621792
1988-10-13,1.92,0.585216
1988-10-14,1.82,0.554736
1988-10-15,1.73,0.527304
1988-10-16,1.67,0.509016
1988-10-17,1.62,0.49377600000000005
1988-10-18,1.58,0.48158400000000007
1988-10-19,1.55,0.47244
1988-10-20,1.52,0.46329600000000004
1988-10-21,2.04,0.621792
1988-10-22,2.01,0.612648
1988-10-23,1.99,0.606552
1988-10-24,1.89,0.576072
1988-10-25,1.75,0.5334
1988-10-26,1.65,0.50292
1988-10-27,1.59,0.48463200000000006
1988-10-28,1.55,0.47244
1988-10-29,1.53,0.46634400000000004
1988-10-30,1.52,0.46329600000000004
1988-10-31,1.52,0.46329600000000004
1988-11-01,1.53,0.46634400000000004
1988-11-02,1.55,0.47244
1988-11-03,1.69,0.515112
1988-11-04,1.83,0.5577840000000001
1988-11-05,2.51,0.765048
1988-11-06,2.87,0.8747760000000001
1988-11-07,2.94,0.896112
1988-11-08,2.78,0.847344
1988-11-09,2.81,0.856488
1988-11-10,2.62,0.7985760000000001
1988-11-11,2.47,0.7528560000000001
1988-11-12,2.52,0.768096
1988-11-13,2.62,0.7985760000000001
1988-11-14,2.6,0.7924800000000001
1988-11-15,2.61,0.795528
1988-11-16,2.53,0.7711439999999999
1988-11-17,2.72,0.8290560000000001
1988-11-18,3.0,0.9144000000000001
1988-11-19,3.07,0.935736
1988-11-20,3.07,0.935736
1988-11-21,3.0,0.9144000000000001
1988-11-22,3.21,0.978408
1988-11-23,3.34,1.018032
1988-11-24,3.29,1.0027920000000001
1988-11-25,3.01,0.9174479999999999
1988-11-26,2.77,0.844296
1988-11-27,2.66,0.810768
1988-11-28,2.64,0.804672
1988-11-29,2.58,0.7863840000000001
1988-11-30,2.62,0.7985760000000001
1988-12-01,2.86,0.8717280000000001
1988-12-02,2.79,0.850392
1988-12-03,2.57,0.783336
1988-12-04,2.46,0.749808
1988-12-05,2.37,0.722376
1988-12-06,2.3,0.70104
1988-12-07,2.25,0.6858000000000001
1988-12-08,2.22,0.6766560000000001
1988-12-09,2.2,0.67056
1988-12-10,2.19,0.667512
1988-12-11,2.26,0.688848
1988-12-12,2.4,0.7315200000000001
1988-12-13,2.51,0.765048
1988-12-14,2.5,0.762
1988-12-15,2.47,0.7528560000000001
1988-12-16,2.49,0.7589520000000001
1988-12-17,2.56,0.7802880000000001
1988-12-18,2.71,0.8260080000000001
1988-12-19,2.7,0.8229600000000001
1988-12-20,2.62,0.7985760000000001
1988-12-21,2.52,0.768096
1988-12-22,2.43,0.7406640000000001
1988-12-23,2.38,0.725424
1988-12-24,2.35,0.71628
1988-12-25,2.32,0.707136
1988-12-26,2.29,0.6979920000000001
1988-12-27,2.24,0.6827520000000001
1988-12-28,2.24,0.6827520000000001
1988-12-29,2.31,0.704088
1988-12-30,2.4,0.7315200000000001
1988-12-31,2.58,0.7863840000000001
1989-01-01,3.79,1.155192
1989-01-02,4.97,1.514856
1989-01-03,5.14,1.566672
1989-01-04,5.33,1.624584
1989-01-05,5.47,1.667256
1989-01-06,5.07,1.5453360000000003
1989-01-07,4.69,1.4295120000000001
1989-01-08,4.06,1.237488
1989-01-09,3.48,1.060704
1989-01-10,3.22,0.9814560000000001
1989-01-11,3.05,0.92964
1989-01-12,2.94,0.896112
1989-01-13,2.86,0.8717280000000001
1989-01-14,2.83,0.862584
1989-01-15,3.04,0.9265920000000001
1989-01-16,3.46,1.054608
1989-01-17,3.4,1.0363200000000001
1989-01-18,3.21,0.978408
1989-01-19,3.02,0.9204960000000001
1989-01-20,2.93,0.8930640000000001
1989-01-21,2.95,0.8991600000000001
1989-01-22,2.94,0.896112
1989-01-23,2.86,0.8717280000000001
1989-01-24,2.78,0.847344
1989-01-25,2.68,0.816864
1989-01-26,2.59,0.789432
1989-01-27,2.53,0.7711439999999999
1989-01-28,2.5,0.762
1989-01-29,2.47,0.7528560000000001
1989-01-30,2.45,0.7467600000000001
1989-01-31,2.61,0.795528
1989-02-01,2.84,0.865632
1989-02-02,2.97,0.9052560000000001
1989-02-03,3.02,0.9204960000000001
1989-02-04,2.91,0.8869680000000001
1989-02-05,2.77,0.844296
1989-02-06,2.7,0.8229600000000001
1989-02-07,2.69,0.819912
1989-02-08,2.76,0.841248
1989-02-09,2.76,0.841248
1989-02-10,2.67,0.813816
1989-02-11,2.56,0.7802880000000001
1989-02-12,2.45,0.7467600000000001
1989-02-13,2.37,0.722376
1989-02-14,2.32,0.707136
1989-02-15,2.29,0.6979920000000001
1989-02-16,2.28,0.694944
1989-02-17,2.26,0.688848
1989-02-18,2.25,0.6858000000000001
1989-02-19,2.27,0.6918960000000001
1989-02-20,2.41,0.7345680000000001
1989-02-21,6.6,2.01168
1989-02-22,8.19,2.496312
1989-02-23,7.76,2.3652480000000002
1989-02-24,7.01,2.136648
1989-02-25,6.75,2.0574
1989-02-26,6.75,2.0574
1989-02-27,6.26,1.908048
1989-02-28,5.2,1.5849600000000001
1989-03-01,4.46,1.359408
1989-03-02,4.72,1.438656
1989-03-03,6.42,1.956816
1989-03-04,6.72,2.048256
1989-03-05,6.81,2.075688
1989-03-06,6.93,2.112264
1989-03-07,7.08,2.1579840000000003
1989-03-08,6.99,2.1305520000000002
1989-03-09,6.08,1.8531840000000002
1989-03-10,5.14,1.566672
1989-03-11,4.52,1.377696
1989-03-12,4.07,1.240536
1989-03-13,3.76,1.146048
1989-03-14,3.54,1.0789920000000002
1989-03-15,3.38,1.030224
1989-03-16,3.27,0.996696
1989-03-17,3.21,0.978408
1989-03-18,3.3,1.00584
1989-03-19,3.39,1.0332720000000002
1989-03-20,3.21,0.978408
1989-03-21,4.34,1.322832
1989-03-22,5.41,1.6489680000000002
1989-03-23,9.9,3.01752
1989-03-24,10.37,3.160776
1989-03-25,9.85,3.00228
1989-03-26,9.33,2.8437840000000003
1989-03-27,10.63,3.2400240000000005
1989-03-28,11.91,3.6301680000000003
1989-03-29,10.83,3.300984
1989-03-30,11.35,3.45948
1989-03-31,10.73,3.2705040000000003
1989-04-01,9.29,2.8315919999999997
1989-04-02,8.18,2.493264
1989-04-03,8.13,2.4780240000000004
1989-04-04,8.64,2.6334720000000003
1989-04-05,11.02,3.358896
1989-04-06,11.08,3.377184
1989-04-07,10.08,3.072384
1989-04-08,9.53,2.904744
1989-04-09,11.44,3.4869120000000002
1989-04-10,13.86,4.224528
1989-04-11,14.28,4.352544
1989-04-12,12.94,3.944112
1989-04-13,12.31,3.7520880000000005
1989-04-14,13.05,3.9776400000000005
1989-04-15,12.84,3.913632
1989-04-16,11.63,3.544824
1989-04-17,9.99,3.0449520000000003
1989-04-18,8.6,2.62128
1989-04-19,7.29,2.221992
1989-04-20,6.51,1.984248
1989-04-21,6.02,1.8348959999999999
1989-04-22,5.38,1.639824
1989-04-23,4.79,1.4599920000000002
1989-04-24,4.55,1.38684
1989-04-25,4.27,1.301496
1989-04-26,3.86,1.176528
1989-04-27,3.54,1.0789920000000002
1989-04-28,3.31,1.008888
1989-04-29,3.15,0.96012
1989-04-30,3.08,0.9387840000000001
1989-05-01,5.61,1.7099280000000001
1989-05-02,7.88,2.401824
1989-05-03,7.51,2.289048
1989-05-04,6.99,2.1305520000000002
1989-05-05,6.94,2.1153120000000003
1989-05-06,7.12,2.170176
1989-05-07,6.67,2.033016
1989-05-08,5.02,1.530096
1989-05-09,3.72,1.1338560000000002
1989-05-10,3.4,1.0363200000000001
1989-05-11,3.16,0.9631680000000001
1989-05-12,2.99,0.9113520000000002
1989-05-13,3.08,0.9387840000000001
1989-05-14,3.15,0.96012
1989-05-15,3.15,0.96012
1989-05-16,2.96,0.902208
1989-05-17,2.71,0.8260080000000001
1989-05-18,2.54,0.7741920000000001
1989-05-19,2.45,0.7467600000000001
1989-05-20,2.73,0.8321040000000001
1989-05-21,5.55,1.69164
1989-05-22,3.9,1.18872
1989-05-23,3.72,1.1338560000000002
1989-05-24,4.5,1.3716000000000002
1989-05-25,3.44,1.048512
1989-05-26,3.46,1.054608
1989-05-27,3.18,0.9692640000000001
1989-05-28,2.79,0.850392
1989-05-29,2.51,0.765048
1989-05-30,2.29,0.6979920000000001
1989-05-31,2.12,0.6461760000000001
1989-06-01,1.98,0.603504
1989-06-02,1.87,0.569976
1989-06-03,1.94,0.5913120000000001
1989-06-04,3.12,0.950976
1989-06-05,2.44,0.743712
1989-06-06,2.34,0.713232
1989-06-07,2.22,0.6766560000000001
1989-06-08,3.24,0.9875520000000001
1989-06-09,5.65,1.72212
1989-06-10,5.18,1.578864
1989-06-11,4.88,1.487424
1989-06-12,5.3,1.61544
1989-06-13,5.38,1.639824
1989-06-14,5.49,1.6733520000000002
1989-06-15,9.44,2.877312
1989-06-16,16.11,4.910328
1989-06-17,17.0,5.1816
1989-06-18,15.99,4.8737520000000005
1989-06-19,18.21,5.550408000000001
1989-06-20,17.73,5.404104
1989-06-21,15.98,4.870704000000001
1989-06-22,14.5,4.4196
1989-06-23,15.7,4.78536
1989-06-24,15.68,4.779264
1989-06-25,14.13,4.306824000000001
1989-06-26,12.47,3.8008560000000005
1989-06-27,11.42,3.4808160000000004
1989-06-28,9.11,2.776728
1989-06-29,6.85,2.08788
1989-06-30,6.59,2.008632
1989-07-01,7.41,2.2585680000000004
1989-07-02,8.74,2.663952
1989-07-03,7.97,2.429256
1989-07-04,7.77,2.368296
1989-07-05,9.42,2.871216
1989-07-06,11.04,3.364992
1989-07-07,11.32,3.450336
1989-07-08,10.72,3.267456
1989-07-09,10.3,3.1394400000000005
1989-07-10,9.96,3.0358080000000003
1989-07-11,9.24,2.816352
1989-07-12,7.06,2.151888
1989-07-13,5.38,1.639824
1989-07-14,5.05,1.53924
1989-07-15,6.1,1.85928
1989-07-16,7.55,2.30124
1989-07-17,8.25,2.5146
1989-07-18,7.94,2.420112
1989-07-19,7.64,2.328672
1989-07-20,7.19,2.1915120000000003
1989-07-21,8.03,2.4475439999999997
1989-07-22,8.59,2.618232
1989-07-23,8.58,2.615184
1989-07-24,9.51,2.898648
1989-07-25,11.58,3.5295840000000003
1989-07-26,12.54,3.822192
1989-07-27,12.77,3.892296
1989-07-28,11.31,3.4472880000000004
1989-07-29,9.36,2.852928
1989-07-30,7.37,2.246376
1989-07-31,5.93,1.807464
1989-08-01,4.65,1.4173200000000001
1989-08-02,4.26,1.298448
1989-08-03,3.86,1.176528
1989-08-04,3.89,1.185672
1989-08-05,3.58,1.0911840000000002
1989-08-06,3.3,1.00584
1989-08-07,3.19,0.9723120000000001
1989-08-08,3.02,0.9204960000000001
1989-08-09,2.8,0.85344
1989-08-10,2.63,0.801624
1989-08-11,2.51,0.765048
1989-08-12,2.41,0.7345680000000001
1989-08-13,2.39,0.7284720000000001
1989-08-14,2.3,0.70104
1989-08-15,2.34,0.713232
1989-08-16,2.65,0.80772
1989-08-17,2.84,0.865632
1989-08-18,2.64,0.804672
1989-08-19,2.49,0.7589520000000001
1989-08-20,2.33,0.710184
1989-08-21,2.21,0.673608
1989-08-22,2.09,0.637032
1989-08-23,1.99,0.606552
1989-08-24,1.9,0.57912
1989-08-25,1.82,0.554736
1989-08-26,1.76,0.536448
1989-08-27,1.7,0.5181600000000001
1989-08-28,1.65,0.50292
1989-08-29,1.61,0.49072800000000005
1989-08-30,1.58,0.48158400000000007
1989-08-31,1.53,0.46634400000000004
1989-09-01,1.48,0.451104
1989-09-02,1.46,0.445008
1989-09-03,1.49,0.454152
1989-09-04,1.71,0.521208
1989-09-05,1.91,0.582168
1989-09-06,1.79,0.5455920000000001
1989-09-07,1.68,0.512064
1989-09-08,1.62,0.49377600000000005
1989-09-09,1.54,0.46939200000000003
1989-09-10,1.52,0.46329600000000004
1989-09-11,1.48,0.451104
1989-09-12,1.45,0.44196
1989-09-13,1.4,0.42672
1989-09-14,1.37,0.41757600000000006
1989-09-15,1.44,0.438912
1989-09-16,1.5,0.45720000000000005
1989-09-17,1.54,0.46939200000000003
1989-09-18,1.69,0.515112
1989-09-19,1.62,0.49377600000000005
1989-09-20,1.54,0.46939200000000003
1989-09-21,1.5,0.45720000000000005
1989-09-22,1.44,0.438912
1989-09-23,1.87,0.569976
1989-09-24,1.66,0.505968
1989-09-25,1.75,0.5334
1989-09-26,2.22,0.6766560000000001
1989-09-27,2.72,0.8290560000000001
1989-09-28,2.75,0.8382000000000001
1989-09-29,2.88,0.877824
1989-09-30,3.03,0.923544
1989-10-01,3.92,1.194816
1989-10-02,4.76,1.450848
1989-10-03,4.64,1.414272
1989-10-04,4.17,1.2710160000000001
1989-10-05,4.11,1.252728
1989-10-06,4.02,1.225296
1989-10-07,3.57,1.088136
1989-10-08,2.94,0.896112
1989-10-09,2.51,0.765048
1989-10-10,2.28,0.694944
1989-10-11,2.13,0.649224
1989-10-12,2.02,0.615696
1989-10-13,1.96,0.597408
1989-10-14,1.94,0.5913120000000001
1989-10-15,2.01,0.612648
1989-10-16,2.31,0.704088
1989-10-17,2.64,0.804672
1989-10-18,3.52,1.072896
1989-10-19,3.71,1.130808
1989-10-20,3.45,1.05156
1989-10-21,3.18,0.9692640000000001
1989-10-22,2.88,0.877824
1989-10-23,2.62,0.7985760000000001
1989-10-24,2.45,0.7467600000000001
1989-10-25,2.32,0.707136
1989-10-26,2.22,0.6766560000000001
1989-10-27,2.13,0.649224
1989-10-28,2.06,0.627888
1989-10-29,2.0,0.6096
1989-10-30,1.96,0.597408
1989-10-31,1.91,0.582168
1989-11-01,1.89,0.576072
1989-11-02,1.89,0.576072
1989-11-03,1.95,0.59436
1989-11-04,2.06,0.627888
1989-11-05,2.07,0.6309359999999999
1989-11-06,2.02,0.615696
1989-11-07,2.05,0.62484
1989-11-08,5.58,1.700784
1989-11-09,9.62,2.932176
1989-11-10,9.44,2.877312
1989-11-11,8.8,2.68224
1989-11-12,8.73,2.6609040000000004
1989-11-13,9.93,3.0266640000000002
1989-11-14,10.36,3.157728
1989-11-15,9.05,2.7584400000000002
1989-11-16,7.59,2.313432
1989-11-17,6.26,1.908048
1989-11-18,5.57,1.6977360000000001
1989-11-19,5.25,1.6002
1989-11-20,5.14,1.566672
1989-11-21,4.82,1.4691360000000002
1989-11-22,4.35,1.32588
1989-11-23,4.62,1.408176
1989-11-24,5.45,1.6611600000000002
1989-11-25,5.27,1.606296
1989-11-26,5.24,1.5971520000000001
1989-11-27,5.29,1.612392
1989-11-28,5.07,1.5453360000000003
1989-11-29,4.86,1.4813280000000002
1989-11-30,4.69,1.4295120000000001
1989-12-01,4.33,1.319784
1989-12-02,4.1,1.24968
1989-12-03,3.93,1.197864
1989-12-04,3.72,1.1338560000000002
1989-12-05,3.56,1.085088
1989-12-06,3.46,1.054608
1989-12-07,3.41,1.039368
1989-12-08,4.72,1.438656
1989-12-09,6.78,2.0665440000000004
1989-12-10,7.18,2.188464
1989-12-11,7.34,2.237232
1989-12-12,7.97,2.429256
1989-12-13,9.25,2.8194000000000004
1989-12-14,9.8,2.9870400000000004
1989-12-15,9.41,2.8681680000000003
1989-12-16,8.73,2.6609040000000004
1989-12-17,8.22,2.505456
1989-12-18,7.97,2.429256
1989-12-19,8.44,2.572512
1989-12-20,10.04,3.060192
1989-12-21,9.37,2.855976
1989-12-22,8.22,2.505456
1989-12-23,8.07,2.4597360000000004
1989-12-24,8.39,2.557272
1989-12-25,8.34,2.5420320000000003
1989-12-26,7.57,2.3073360000000003
1989-12-27,6.32,1.9263360000000003
1989-12-28,5.6,1.70688
1989-12-29,5.31,1.618488
1989-12-30,5.07,1.5453360000000003
1989-12-31,11.51,3.508248
1990-01-01,14.85,4.52628
1990-01-02,12.49,3.8069520000000003
1990-01-03,10.34,3.151632
1990-01-04,11.21,3.4168080000000005
1990-01-05,13.48,4.108704
1990-01-06,14.5,4.4196
1990-01-07,14.5,4.4196
1990-01-08,13.78,4.200144
1990-01-09,12.81,3.904488
1990-01-10,12.96,3.9502080000000004
1990-01-11,13.93,4.245864
1990-01-12,13.56,4.133088000000001
1990-01-13,12.07,3.678936
1990-01-14,10.41,3.172968
1990-01-15,9.07,2.764536
1990-01-16,7.63,2.325624
1990-01-17,6.6,2.01168
1990-01-18,6.27,1.911096
1990-01-19,6.63,2.020824
1990-01-20,6.84,2.084832
1990-01-21,8.18,2.493264
1990-01-22,9.18,2.798064
1990-01-23,9.87,3.0083759999999997
1990-01-24,10.71,3.2644080000000004
1990-01-25,12.8,3.9014400000000005
1990-01-26,13.7,4.17576
1990-01-27,12.44,3.791712
1990-01-28,10.83,3.300984
1990-01-29,10.0,3.048
1990-01-30,9.81,2.9900880000000005
1990-01-31,9.44,2.877312
1990-02-01,8.7,2.65176
1990-02-02,7.96,2.426208
1990-02-03,7.26,2.212848
1990-02-04,6.79,2.069592
1990-02-05,6.44,1.9629120000000002
1990-02-06,6.23,1.8989040000000001
1990-02-07,6.22,1.895856
1990-02-08,6.28,1.914144
1990-02-09,6.16,1.8775680000000001
1990-02-10,7.29,2.221992
1990-02-11,8.43,2.569464
1990-02-12,8.16,2.487168
1990-02-13,7.84,2.389632
1990-02-14,8.01,2.441448
1990-02-15,8.39,2.557272
1990-02-16,9.79,2.9839919999999998
1990-02-17,11.35,3.45948
1990-02-18,11.0,3.3528000000000002
1990-02-19,11.87,3.617976
1990-02-20,13.97,4.258056000000001
1990-02-21,14.46,4.407408
1990-02-22,14.21,4.331208
1990-02-23,14.71,4.483608
1990-02-24,13.71,4.178808
1990-02-25,12.3,3.7490400000000004
1990-02-26,11.01,3.355848
1990-02-27,10.14,3.0906720000000005
1990-02-28,9.12,2.779776
1990-03-01,7.85,2.39268
1990-03-02,7.1,2.16408
1990-03-03,7.6,2.31648
1990-03-04,7.41,2.2585680000000004
1990-03-05,7.09,2.161032
1990-03-06,6.87,2.093976
1990-03-07,6.69,2.0391120000000003
1990-03-08,6.26,1.908048
1990-03-09,5.77,1.758696
1990-03-10,5.47,1.667256
1990-03-11,5.28,1.609344
1990-03-12,5.11,1.5575280000000002
1990-03-13,4.97,1.514856
1990-03-14,4.85,1.47828
1990-03-15,5.02,1.530096
1990-03-16,15.78,4.809744
1990-03-17,22.93,6.989064
1990-03-18,23.85,7.269480000000001
1990-03-19,23.39,7.129272
1990-03-20,20.39,6.214872000000001
1990-03-21,17.09,5.2090320000000006
1990-03-22,14.66,4.468368
1990-03-23,12.95,3.94716
1990-03-24,11.41,3.477768
1990-03-25,10.17,3.099816
1990-03-26,9.22,2.8102560000000003
1990-03-27,8.42,2.5664160000000003
1990-03-28,7.8,2.37744
1990-03-29,7.37,2.246376
1990-03-30,7.26,2.212848
1990-03-31,7.41,2.2585680000000004
1990-04-01,7.56,2.304288
1990-04-02,9.14,2.7858720000000003
1990-04-03,9.03,2.752344
1990-04-04,8.92,2.718816
1990-04-05,9.03,2.752344
1990-04-06,8.94,2.724912
1990-04-07,8.99,2.740152
1990-04-08,8.35,2.54508
1990-04-09,7.61,2.319528
1990-04-10,6.83,2.0817840000000003
1990-04-11,6.9,2.10312
1990-04-12,7.34,2.237232
1990-04-13,7.57,2.3073360000000003
1990-04-14,7.55,2.30124
1990-04-15,7.96,2.426208
1990-04-16,7.94,2.420112
1990-04-17,7.16,2.1823680000000003
1990-04-18,6.29,1.917192
1990-04-19,5.95,1.81356
1990-04-20,5.48,1.6703040000000002
1990-04-21,5.06,1.5422879999999999
1990-04-22,4.76,1.450848
1990-04-23,4.63,1.411224
1990-04-24,4.48,1.3655040000000003
1990-04-25,4.33,1.319784
1990-04-26,4.13,1.258824
1990-04-27,3.93,1.197864
1990-04-28,4.53,1.3807440000000002
1990-04-29,5.61,1.7099280000000001
1990-04-30,6.04,1.8409920000000002
1990-05-01,6.18,1.883664
1990-05-02,5.99,1.8257520000000003
1990-05-03,5.43,1.655064
1990-05-04,4.62,1.408176
1990-05-05,4.11,1.252728
1990-05-06,3.98,1.213104
1990-05-07,4.32,1.3167360000000001
1990-05-08,3.98,1.213104
1990-05-09,4.01,1.222248
1990-05-10,5.44,1.6581120000000003
1990-05-11,5.98,1.8227040000000003
1990-05-12,5.81,1.770888
1990-05-13,6.4,1.9507200000000002
1990-05-14,6.77,2.0634959999999998
1990-05-15,6.49,1.9781520000000001
1990-05-16,5.97,1.819656
1990-05-17,5.73,1.7465040000000003
1990-05-18,5.24,1.5971520000000001
1990-05-19,4.4,1.34112
1990-05-20,3.77,1.1490960000000001
1990-05-21,4.32,1.3167360000000001
1990-05-22,6.47,1.972056
1990-05-23,6.49,1.9781520000000001
1990-05-24,5.88,1.792224
1990-05-25,5.39,1.6428719999999999
1990-05-26,4.76,1.450848
1990-05-27,4.22,1.286256
1990-05-28,6.63,2.020824
1990-05-29,4.82,1.4691360000000002
1990-05-30,3.78,1.152144
1990-05-31,3.39,1.0332720000000002
1990-06-01,3.23,0.984504
1990-06-02,3.96,1.207008
1990-06-03,3.61,1.100328
1990-06-04,3.85,1.17348
1990-06-05,3.93,1.197864
1990-06-06,3.47,1.0576560000000002
1990-06-07,3.17,0.9662160000000001
1990-06-08,2.9,0.88392
1990-06-09,2.95,0.8991600000000001
1990-06-10,4.46,1.359408
1990-06-11,5.04,1.536192
1990-06-12,4.12,1.255776
1990-06-13,3.99,1.2161520000000001
1990-06-14,3.35,1.02108
1990-06-15,2.82,0.859536
1990-06-16,2.63,0.801624
1990-06-17,3.27,0.996696
1990-06-18,3.28,0.999744
1990-06-19,2.79,0.850392
1990-06-20,2.48,0.755904
1990-06-21,2.29,0.6979920000000001
1990-06-22,2.14,0.6522720000000001
1990-06-23,2.08,0.6339840000000001
1990-06-24,2.21,0.673608
1990-06-25,2.12,0.6461760000000001
1990-06-26,2.0,0.6096
1990-06-27,1.89,0.576072
1990-06-28,1.81,0.5516880000000001
1990-06-29,1.76,0.536448
1990-06-30,1.7,0.5181600000000001
1990-07-01,1.65,0.50292
1990-07-02,1.62,0.49377600000000005
1990-07-03,1.78,0.542544
1990-07-04,1.73,0.527304
1990-07-05,1.78,0.542544
1990-07-06,1.89,0.576072
1990-07-07,1.75,0.5334
1990-07-08,1.74,0.530352
1990-07-09,1.89,0.576072
1990-07-10,2.07,0.6309359999999999
1990-07-11,2.07,0.6309359999999999
1990-07-12,2.28,0.694944
1990-07-13,2.65,0.80772
1990-07-14,2.94,0.896112
1990-07-15,3.02,0.9204960000000001
1990-07-16,2.68,0.816864
1990-07-17,2.32,0.707136
1990-07-18,2.15,0.65532
1990-07-19,2.91,0.8869680000000001
1990-07-20,3.72,1.1338560000000002
1990-07-21,3.18,0.9692640000000001
1990-07-22,2.79,0.850392
1990-07-23,2.59,0.789432
1990-07-24,2.51,0.765048
1990-07-25,2.15,0.65532
1990-07-26,2.08,0.6339840000000001
1990-07-27,1.94,0.5913120000000001
1990-07-28,1.82,0.554736
1990-07-29,1.72,0.524256
1990-07-30,1.62,0.49377600000000005
1990-07-31,1.57,0.478536
1990-08-01,1.52,0.46329600000000004
1990-08-02,1.47,0.448056
1990-08-03,1.44,0.438912
1990-08-04,1.45,0.44196
1990-08-05,1.48,0.451104
1990-08-06,1.48,0.451104
1990-08-07,1.53,0.46634400000000004
1990-08-08,1.71,0.521208
1990-08-09,1.5,0.45720000000000005
1990-08-10,1.34,0.408432
1990-08-11,1.29,0.39319200000000004
1990-08-12,1.22,0.371856
1990-08-13,1.19,0.362712
1990-08-14,1.18,0.359664
1990-08-15,1.14,0.347472
1990-08-16,1.1,0.33528
1990-08-17,1.09,0.332232
1990-08-18,1.12,0.34137600000000007
1990-08-19,1.14,0.347472
1990-08-20,1.17,0.356616
1990-08-21,1.39,0.423672
1990-08-22,1.5,0.45720000000000005
1990-08-23,1.48,0.451104
1990-08-24,1.43,0.43586400000000003
1990-08-25,1.47,0.448056
1990-08-26,1.35,0.41148000000000007
1990-08-27,1.25,0.381
1990-08-28,1.17,0.356616
1990-08-29,1.12,0.34137600000000007
1990-08-30,1.08,0.32918400000000003
1990-08-31,1.08,0.32918400000000003
1990-09-01,1.07,0.32613600000000004
1990-09-02,1.07,0.32613600000000004
1990-09-03,1.12,0.34137600000000007
1990-09-04,1.2,0.36576000000000003
1990-09-05,1.14,0.347472
1990-09-06,1.06,0.32308800000000004
1990-09-07,1.0,0.3048
1990-09-08,0.99,0.301752
1990-09-09,0.99,0.301752
1990-09-10,0.98,0.298704
1990-09-11,0.96,0.292608
1990-09-12,0.95,0.28956
1990-09-13,0.96,0.292608
1990-09-14,0.95,0.28956
1990-09-15,0.95,0.28956
1990-09-16,0.96,0.292608
1990-09-17,1.0,0.3048
1990-09-18,1.0,0.3048
1990-09-19,0.95,0.28956
1990-09-20,0.92,0.280416
1990-09-21,0.91,0.277368
1990-09-22,0.91,0.277368
1990-09-23,0.92,0.280416
1990-09-24,0.91,0.277368
1990-09-25,0.89,0.271272
1990-09-26,0.92,0.280416
1990-09-27,0.93,0.28346400000000005
1990-09-28,0.9,0.27432
1990-09-29,0.91,0.277368
1990-09-30,0.93,0.28346400000000005
1990-10-01,0.92,0.280416
1990-10-02,0.92,0.280416
1990-10-03,0.92,0.280416
1990-10-04,0.94,0.286512
1990-10-05,0.97,0.29565600000000003
1990-10-06,0.94,0.286512
1990-10-07,0.92,0.280416
1990-10-08,0.97,0.29565600000000003
1990-10-09,0.97,0.29565600000000003
1990-10-10,0.93,0.28346400000000005
1990-10-11,0.91,0.277368
1990-10-12,0.89,0.271272
1990-10-13,0.88,0.268224
1990-10-14,0.87,0.265176
1990-10-15,0.87,0.265176
1990-10-16,0.87,0.265176
1990-10-17,0.9,0.27432
1990-10-18,1.05,0.32004000000000005
1990-10-19,1.03,0.313944
1990-10-20,1.28,0.39014400000000005
1990-10-21,1.42,0.432816
1990-10-22,1.51,0.46024800000000005
1990-10-23,1.83,0.5577840000000001
1990-10-24,2.94,0.896112
1990-10-25,2.48,0.755904
1990-10-26,1.89,0.576072
1990-10-27,1.63,0.496824
1990-10-28,1.48,0.451104
1990-10-29,1.39,0.423672
1990-10-30,1.34,0.408432
1990-10-31,1.3,0.39624000000000004
1990-11-01,1.28,0.39014400000000005
1990-11-02,1.27,0.38709600000000005
1990-11-03,1.27,0.38709600000000005
1990-11-04,1.25,0.381
1990-11-05,1.26,0.384048
1990-11-06,1.28,0.39014400000000005
1990-11-07,1.27,0.38709600000000005
1990-11-08,1.33,0.405384
1990-11-09,1.44,0.438912
1990-11-10,1.61,0.49072800000000005
1990-11-11,2.09,0.637032
1990-11-12,2.17,0.661416
1990-11-13,1.87,0.569976
1990-11-14,1.7,0.5181600000000001
1990-11-15,1.58,0.48158400000000007
1990-11-16,1.51,0.46024800000000005
1990-11-17,1.46,0.445008
1990-11-18,1.44,0.438912
1990-11-19,1.43,0.43586400000000003
1990-11-20,1.42,0.432816
1990-11-21,1.42,0.432816
1990-11-22,1.43,0.43586400000000003
1990-11-23,1.44,0.438912
1990-11-24,1.44,0.438912
1990-11-25,1.46,0.445008
1990-11-26,1.48,0.451104
1990-11-27,1.47,0.448056
1990-11-28,1.47,0.448056
1990-11-29,1.59,0.48463200000000006
1990-11-30,1.52,0.46329600000000004
1990-12-01,1.51,0.46024800000000005
1990-12-02,1.54,0.46939200000000003
1990-12-03,1.61,0.49072800000000005
1990-12-04,1.75,0.5334
1990-12-05,2.44,0.743712
1990-12-06,2.41,0.7345680000000001
1990-12-07,2.07,0.6309359999999999
1990-12-08,2.01,0.612648
1990-12-09,2.08,0.6339840000000001
1990-12-10,2.1,0.6400800000000001
1990-12-11,1.97,0.600456
1990-12-12,1.86,0.5669280000000001
1990-12-13,1.8,0.54864
1990-12-14,1.76,0.536448
1990-12-15,1.73,0.527304
1990-12-16,1.71,0.521208
1990-12-17,1.7,0.5181600000000001
1990-12-18,1.7,0.5181600000000001
1990-12-19,1.78,0.542544
1990-12-20,2.06,0.627888
1990-12-21,2.18,0.664464
1990-12-22,2.06,0.627888
1990-12-23,2.09,0.637032
1990-12-24,2.57,0.783336
1990-12-25,3.24,0.9875520000000001
1990-12-26,3.08,0.9387840000000001
1990-12-27,2.59,0.789432
1990-12-28,2.33,0.710184
1990-12-29,2.18,0.664464
1990-12-30,2.11,0.643128
1990-12-31,2.07,0.6309359999999999
1991-01-01,2.26,0.688848
1991-01-02,3.14,0.957072
1991-01-03,3.66,1.1155680000000001
1991-01-04,3.52,1.072896
1991-01-05,3.2,0.9753600000000001
1991-01-06,2.91,0.8869680000000001
1991-01-07,2.9,0.88392
1991-01-08,2.97,0.9052560000000001
1991-01-09,3.08,0.9387840000000001
1991-01-10,2.96,0.902208
1991-01-11,3.8,1.15824
1991-01-12,4.61,1.4051280000000002
1991-01-13,4.58,1.3959840000000001
1991-01-14,4.04,1.231392
1991-01-15,3.67,1.118616
1991-01-16,3.49,1.063752
1991-01-17,3.39,1.0332720000000002
1991-01-18,3.18,0.9692640000000001
1991-01-19,3.08,0.9387840000000001
1991-01-20,3.3,1.00584
1991-01-21,3.46,1.054608
1991-01-22,3.26,0.993648
1991-01-23,3.04,0.9265920000000001
1991-01-24,3.83,1.167384
1991-01-25,5.43,1.655064
1991-01-26,5.87,1.789176
1991-01-27,5.61,1.7099280000000001
1991-01-28,5.41,1.6489680000000002
1991-01-29,5.51,1.679448
1991-01-30,8.61,2.6243279999999998
1991-01-31,9.99,3.0449520000000003
1991-02-01,9.35,2.84988
1991-02-02,9.09,2.770632
1991-02-03,9.47,2.8864560000000004
1991-02-04,10.67,3.252216
1991-02-05,10.67,3.252216
1991-02-06,9.47,2.8864560000000004
1991-02-07,8.1,2.46888
1991-02-08,5.96,1.816608
1991-02-09,4.9,1.4935200000000002
1991-02-10,4.47,1.362456
1991-02-11,4.17,1.2710160000000001
1991-02-12,3.93,1.197864
1991-02-13,3.78,1.152144
1991-02-14,3.8,1.15824
1991-02-15,3.74,1.139952
1991-02-16,3.57,1.088136
1991-02-17,3.45,1.05156
1991-02-18,3.44,1.048512
1991-02-19,3.52,1.072896
1991-02-20,3.71,1.130808
1991-02-21,4.95,1.50876
1991-02-22,6.05,1.8440400000000001
1991-02-23,7.72,2.353056
1991-02-24,7.03,2.142744
1991-02-25,6.74,2.054352
1991-02-26,6.71,2.045208
1991-02-27,6.75,2.0574
1991-02-28,6.34,1.9324320000000001
1991-03-01,6.45,1.9659600000000002
1991-03-02,11.99,3.6545520000000002
1991-03-03,12.87,3.922776
1991-03-04,13.31,4.056888000000001
1991-03-05,14.77,4.501896
1991-03-06,16.07,4.898136
1991-03-07,15.31,4.666488
1991-03-08,13.84,4.218432
1991-03-09,11.92,3.633216
1991-03-10,10.04,3.060192
1991-03-11,8.46,2.5786080000000005
1991-03-12,6.51,1.984248
1991-03-13,5.72,1.7434560000000001
1991-03-14,5.53,1.6855440000000002
1991-03-15,5.49,1.6733520000000002
1991-03-16,5.37,1.636776
1991-03-17,6.0,1.8288000000000002
1991-03-18,6.81,2.075688
1991-03-19,6.61,2.0147280000000003
1991-03-20,6.18,1.883664
1991-03-21,6.11,1.8623280000000002
1991-03-22,6.02,1.8348959999999999
1991-03-23,5.62,1.712976
1991-03-24,5.12,1.5605760000000002
1991-03-25,4.64,1.414272
1991-03-26,4.31,1.313688
1991-03-27,4.08,1.243584
1991-03-28,3.91,1.1917680000000002
1991-03-29,3.89,1.185672
1991-03-30,4.76,1.450848
1991-03-31,6.09,1.856232
1991-04-01,6.51,1.984248
1991-04-02,6.98,2.127504
1991-04-03,7.66,2.334768
1991-04-04,8.37,2.551176
1991-04-05,8.27,2.520696
1991-04-06,6.55,1.99644
1991-04-07,4.64,1.414272
1991-04-08,4.12,1.255776
1991-04-09,3.92,1.194816
1991-04-10,4.09,1.246632
1991-04-11,4.85,1.47828
1991-04-12,5.04,1.536192
1991-04-13,4.76,1.450848
1991-04-14,4.33,1.319784
1991-04-15,3.91,1.1917680000000002
1991-04-16,3.6,1.09728
1991-04-17,3.64,1.109472
1991-04-18,3.53,1.075944
1991-04-19,3.33,1.014984
1991-04-20,3.15,0.96012
1991-04-21,2.97,0.9052560000000001
1991-04-22,2.78,0.847344
1991-04-23,3.67,1.118616
1991-04-24,4.6,1.40208
1991-04-25,5.38,1.639824
1991-04-26,5.3,1.61544
1991-04-27,5.04,1.536192
1991-04-28,4.47,1.362456
1991-04-29,4.75,1.4478
1991-04-30,5.58,1.700784
1991-05-01,6.35,1.93548
1991-05-02,7.27,2.215896
1991-05-03,7.86,2.395728
1991-05-04,8.6,2.62128
1991-05-05,8.5,2.5908
1991-05-06,8.14,2.481072
1991-05-07,6.76,2.060448
1991-05-08,6.45,1.9659600000000002
1991-05-09,6.61,2.0147280000000003
1991-05-10,6.93,2.112264
1991-05-11,7.09,2.161032
1991-05-12,6.87,2.093976
1991-05-13,7.25,2.2098
1991-05-14,7.5,2.286
1991-05-15,7.06,2.151888
1991-05-16,6.36,1.9385280000000003
1991-05-17,6.74,2.054352
1991-05-18,6.25,1.905
1991-05-19,5.81,1.770888
1991-05-20,5.48,1.6703040000000002
1991-05-21,5.36,1.633728
1991-05-22,5.46,1.6642080000000001
1991-05-23,5.88,1.792224
1991-05-24,5.5,1.6764000000000001
1991-05-25,4.31,1.313688
1991-05-26,4.42,1.347216
1991-05-27,6.23,1.8989040000000001
1991-05-28,6.61,2.0147280000000003
1991-05-29,7.46,2.2738080000000003
1991-05-30,6.93,2.112264
1991-05-31,6.51,1.984248
1991-06-01,6.09,1.856232
1991-06-02,5.28,1.609344
1991-06-03,6.29,1.917192
1991-06-04,4.88,1.487424
1991-06-05,4.02,1.225296
1991-06-06,3.56,1.085088
1991-06-07,3.2,0.9753600000000001
1991-06-08,2.9,0.88392
1991-06-09,2.64,0.804672
1991-06-10,2.42,0.737616
1991-06-11,2.25,0.6858000000000001
1991-06-12,2.1,0.6400800000000001
1991-06-13,1.98,0.603504
1991-06-14,1.89,0.576072
1991-06-15,1.8,0.54864
1991-06-16,1.75,0.5334
1991-06-17,1.77,0.5394960000000001
1991-06-18,1.96,0.597408
1991-06-19,4.32,1.3167360000000001
1991-06-20,5.48,1.6703040000000002
1991-06-21,4.7,1.43256
1991-06-22,3.8,1.15824
1991-06-23,3.5,1.0668
1991-06-24,3.37,1.027176
1991-06-25,4.61,1.4051280000000002
1991-06-26,7.74,2.3591520000000004
1991-06-27,8.35,2.54508
1991-06-28,8.09,2.4658320000000002
1991-06-29,8.17,2.490216
1991-06-30,9.36,2.852928
1991-07-01,11.44,3.4869120000000002
1991-07-02,10.97,3.343656
1991-07-03,8.77,2.673096
1991-07-04,5.81,1.770888
1991-07-05,5.32,1.621536
1991-07-06,6.04,1.8409920000000002
1991-07-07,5.72,1.7434560000000001
1991-07-08,5.08,1.5483840000000002
1991-07-09,5.13,1.5636240000000001
1991-07-10,5.71,1.7404080000000002
1991-07-11,5.47,1.667256
1991-07-12,4.79,1.4599920000000002
1991-07-13,3.93,1.197864
1991-07-14,3.36,1.024128
1991-07-15,3.99,1.2161520000000001
1991-07-16,3.45,1.05156
1991-07-17,3.2,0.9753600000000001
1991-07-18,3.06,0.9326880000000001
1991-07-19,2.86,0.8717280000000001
1991-07-20,2.57,0.783336
1991-07-21,2.36,0.719328
1991-07-22,2.21,0.673608
1991-07-23,2.44,0.743712
1991-07-24,2.52,0.768096
1991-07-25,2.61,0.795528
1991-07-26,3.57,1.088136
1991-07-27,3.36,1.024128
1991-07-28,3.09,0.941832
1991-07-29,2.95,0.8991600000000001
1991-07-30,2.75,0.8382000000000001
1991-07-31,2.66,0.810768
1991-08-01,2.37,0.722376
1991-08-02,2.19,0.667512
1991-08-03,2.2,0.67056
1991-08-04,2.4,0.7315200000000001
1991-08-05,2.21,0.673608
1991-08-06,2.09,0.637032
1991-08-07,1.97,0.600456
1991-08-08,1.91,0.582168
1991-08-09,1.98,0.603504
1991-08-10,1.95,0.59436
1991-08-11,1.81,0.5516880000000001
1991-08-12,1.94,0.5913120000000001
1991-08-13,2.3,0.70104
1991-08-14,2.46,0.749808
1991-08-15,2.58,0.7863840000000001
1991-08-16,2.72,0.8290560000000001
1991-08-17,2.61,0.795528
1991-08-18,2.38,0.725424
1991-08-19,2.36,0.719328
1991-08-20,3.22,0.9814560000000001
1991-08-21,2.93,0.8930640000000001
1991-08-22,2.42,0.737616
1991-08-23,2.07,0.6309359999999999
1991-08-24,1.87,0.569976
1991-08-25,2.18,0.664464
1991-08-26,2.35,0.71628
1991-08-27,2.19,0.667512
1991-08-28,2.08,0.6339840000000001
1991-08-29,1.94,0.5913120000000001
1991-08-30,1.88,0.573024
1991-08-31,2.24,0.6827520000000001
1991-09-01,2.91,0.8869680000000001
1991-09-02,2.68,0.816864
1991-09-03,2.46,0.749808
1991-09-04,2.21,0.673608
1991-09-05,1.97,0.600456
1991-09-06,1.77,0.5394960000000001
1991-09-07,1.67,0.509016
1991-09-08,1.61,0.49072800000000005
1991-09-09,1.53,0.46634400000000004
1991-09-10,1.51,0.46024800000000005
1991-09-11,1.48,0.451104
1991-09-12,1.51,0.46024800000000005
1991-09-13,1.46,0.445008
1991-09-14,1.4,0.42672
1991-09-15,1.35,0.41148000000000007
1991-09-16,1.3,0.39624000000000004
1991-09-17,1.28,0.39014400000000005
1991-09-18,1.29,0.39319200000000004
1991-09-19,1.26,0.384048
1991-09-20,1.66,0.505968
1991-09-21,1.86,0.5669280000000001
1991-09-22,1.57,0.478536
1991-09-23,1.4,0.42672
1991-09-24,1.31,0.39928800000000003
1991-09-25,1.42,0.432816
1991-09-26,1.57,0.478536
1991-09-27,2.12,0.6461760000000001
1991-09-28,2.03,0.618744
1991-09-29,1.8,0.54864
1991-09-30,1.65,0.50292
1991-10-01,1.52,0.46329600000000004
1991-10-02,1.43,0.43586400000000003
1991-10-03,1.38,0.420624
1991-10-04,1.34,0.408432
1991-10-05,1.31,0.39928800000000003
1991-10-06,1.28,0.39014400000000005
1991-10-07,1.27,0.38709600000000005
1991-10-08,1.29,0.39319200000000004
1991-10-09,1.26,0.384048
1991-10-10,1.23,0.374904
1991-10-11,1.21,0.368808
1991-10-12,1.22,0.371856
1991-10-13,1.2,0.36576000000000003
1991-10-14,1.17,0.356616
1991-10-15,1.16,0.353568
1991-10-16,1.14,0.347472
1991-10-17,1.28,0.39014400000000005
1991-10-18,1.62,0.49377600000000005
1991-10-19,1.47,0.448056
1991-10-20,1.35,0.41148000000000007
1991-10-21,1.29,0.39319200000000004
1991-10-22,1.25,0.381
1991-10-23,1.22,0.371856
1991-10-24,1.22,0.371856
1991-10-25,1.21,0.368808
1991-10-26,1.21,0.368808
1991-10-27,1.2,0.36576000000000003
1991-10-28,1.21,0.368808
1991-10-29,1.2,0.36576000000000003
1991-10-30,1.19,0.362712
1991-10-31,1.2,0.36576000000000003
1991-11-01,1.24,0.377952
1991-11-02,1.29,0.39319200000000004
1991-11-03,1.73,0.527304
1991-11-04,1.79,0.5455920000000001
1991-11-05,1.61,0.49072800000000005
1991-11-06,1.51,0.46024800000000005
1991-11-07,1.45,0.44196
1991-11-08,1.45,0.44196
1991-11-09,1.45,0.44196
1991-11-10,1.44,0.438912
1991-11-11,1.44,0.438912
1991-11-12,1.44,0.438912
1991-11-13,1.43,0.43586400000000003
1991-11-14,1.42,0.432816
1991-11-15,1.43,0.43586400000000003
1991-11-16,1.43,0.43586400000000003
1991-11-17,1.44,0.438912
1991-11-18,1.43,0.43586400000000003
1991-11-19,1.44,0.438912
1991-11-20,1.5,0.45720000000000005
1991-11-21,2.31,0.704088
1991-11-22,4.65,1.4173200000000001
1991-11-23,5.87,1.789176
1991-11-24,6.25,1.905
1991-11-25,6.19,1.8867120000000002
1991-11-26,5.99,1.8257520000000003
1991-11-27,5.99,1.8257520000000003
1991-11-28,5.61,1.7099280000000001
1991-11-29,4.47,1.362456
1991-11-30,3.42,1.042416
1991-12-01,3.02,0.9204960000000001
1991-12-02,2.85,0.8686800000000001
1991-12-03,3.06,0.9326880000000001
1991-12-04,4.38,1.335024
1991-12-05,5.37,1.636776
1991-12-06,5.31,1.618488
1991-12-07,5.19,1.5819120000000002
1991-12-08,5.06,1.5422879999999999
1991-12-09,4.7,1.43256
1991-12-10,4.51,1.374648
1991-12-11,4.4,1.34112
1991-12-12,4.34,1.322832
1991-12-13,4.16,1.2679680000000002
1991-12-14,4.07,1.240536
1991-12-15,4.06,1.237488
1991-12-16,4.11,1.252728
1991-12-17,3.88,1.1826240000000001
1991-12-18,3.6,1.09728
1991-12-19,3.34,1.018032
1991-12-20,3.13,0.954024
1991-12-21,2.96,0.902208
1991-12-22,2.85,0.8686800000000001
1991-12-23,2.81,0.856488
1991-12-24,2.87,0.8747760000000001
1991-12-25,2.94,0.896112
1991-12-26,2.93,0.8930640000000001
1991-12-27,2.92,0.890016
1991-12-28,3.05,0.92964
1991-12-29,3.48,1.060704
1991-12-30,3.86,1.176528
1991-12-31,3.94,1.200912
1992-01-01,3.96,1.207008
1992-01-02,3.85,1.17348
1992-01-03,3.62,1.1033760000000001
1992-01-04,3.54,1.0789920000000002
1992-01-05,3.86,1.176528
1992-01-06,4.14,1.2618719999999999
1992-01-07,4.08,1.243584
1992-01-08,3.84,1.170432
1992-01-09,3.8,1.15824
1992-01-10,4.27,1.301496
1992-01-11,4.44,1.3533120000000003
1992-01-12,4.47,1.362456
1992-01-13,8.58,2.615184
1992-01-14,11.47,3.4960560000000003
1992-01-15,12.46,3.7978080000000003
1992-01-16,13.48,4.108704
1992-01-17,16.34,4.980432
1992-01-18,15.23,4.642104000000001
1992-01-19,14.33,4.367784
1992-01-20,12.98,3.9563040000000003
1992-01-21,11.21,3.4168080000000005
1992-01-22,9.69,2.953512
1992-01-23,9.79,2.9839919999999998
1992-01-24,9.7,2.95656
1992-01-25,9.48,2.889504
1992-01-26,9.06,2.7614880000000004
1992-01-27,9.06,2.7614880000000004
1992-01-28,11.29,3.441192
1992-01-29,11.67,3.557016
1992-01-30,10.1,3.07848
1992-01-31,9.22,2.8102560000000003
1992-02-01,8.35,2.54508
1992-02-02,7.88,2.401824
1992-02-03,7.6,2.31648
1992-02-04,7.42,2.261616
1992-02-05,7.99,2.4353520000000004
1992-02-06,10.43,3.179064
1992-02-07,10.18,3.1028640000000003
1992-02-08,9.83,2.996184
1992-02-09,9.79,2.9839919999999998
1992-02-10,10.35,3.15468
1992-02-11,10.17,3.099816
1992-02-12,9.06,2.7614880000000004
1992-02-13,7.4,2.25552
1992-02-14,6.25,1.905
1992-02-15,6.5,1.9812
1992-02-16,7.39,2.252472
1992-02-17,8.71,2.6548080000000005
1992-02-18,9.66,2.9443680000000003
1992-02-19,10.31,3.142488
1992-02-20,11.74,3.578352
1992-02-21,12.27,3.739896
1992-02-22,12.0,3.6576000000000004
1992-02-23,10.98,3.3467040000000003
1992-02-24,9.94,3.029712
1992-02-25,9.31,2.8376880000000004
1992-02-26,8.62,2.627376
1992-02-27,8.06,2.456688
1992-02-28,7.98,2.4323040000000002
1992-02-29,7.81,2.380488
1992-03-01,7.52,2.292096
1992-03-02,6.9,2.10312
1992-03-03,6.08,1.8531840000000002
1992-03-04,5.52,1.682496
1992-03-05,5.3,1.61544
1992-03-06,6.91,2.1061680000000003
1992-03-07,8.03,2.4475439999999997
1992-03-08,8.32,2.5359360000000004
1992-03-09,8.69,2.648712
1992-03-10,10.73,3.2705040000000003
1992-03-11,12.02,3.663696
1992-03-12,11.02,3.358896
1992-03-13,9.76,2.974848
1992-03-14,8.8,2.68224
1992-03-15,8.22,2.505456
1992-03-16,7.61,2.319528
1992-03-17,6.75,2.0574
1992-03-18,5.88,1.792224
1992-03-19,6.72,2.048256
1992-03-20,6.99,2.1305520000000002
1992-03-21,6.74,2.054352
1992-03-22,6.61,2.0147280000000003
1992-03-23,6.77,2.0634959999999998
1992-03-24,6.62,2.017776
1992-03-25,6.27,1.911096
1992-03-26,6.04,1.8409920000000002
1992-03-27,6.14,1.871472
1992-03-28,5.87,1.789176
1992-03-29,5.65,1.72212
1992-03-30,5.35,1.63068
1992-03-31,5.18,1.578864
1992-04-01,5.2,1.5849600000000001
1992-04-02,5.02,1.530096
1992-04-03,4.77,1.4538959999999999
1992-04-04,4.59,1.399032
1992-04-05,4.39,1.338072
1992-04-06,4.16,1.2679680000000002
1992-04-07,4.04,1.231392
1992-04-08,4.24,1.2923520000000002
1992-04-09,4.25,1.2954
1992-04-10,4.07,1.240536
1992-04-11,4.1,1.24968
1992-04-12,4.03,1.228344
1992-04-13,3.91,1.1917680000000002
1992-04-14,4.11,1.252728
1992-04-15,4.06,1.237488
1992-04-16,3.66,1.1155680000000001
1992-04-17,3.36,1.024128
1992-04-18,3.17,0.9662160000000001
1992-04-19,3.71,1.130808
1992-04-20,6.15,1.8745200000000002
1992-04-21,8.04,2.450592
1992-04-22,8.41,2.563368
1992-04-23,8.2,2.49936
1992-04-24,7.85,2.39268
1992-04-25,7.62,2.322576
1992-04-26,6.62,2.017776
1992-04-27,4.7,1.43256
1992-04-28,3.88,1.1826240000000001
1992-04-29,3.55,1.08204
1992-04-30,3.32,1.011936
1992-05-01,3.17,0.9662160000000001
1992-05-02,3.03,0.923544
1992-05-03,2.87,0.8747760000000001
1992-05-04,2.73,0.8321040000000001
1992-05-05,2.61,0.795528
1992-05-06,2.49,0.7589520000000001
1992-05-07,2.42,0.737616
1992-05-08,2.37,0.722376
1992-05-09,2.34,0.713232
1992-05-10,2.3,0.70104
1992-05-11,2.23,0.679704
1992-05-12,2.16,0.6583680000000001
1992-05-13,2.1,0.6400800000000001
1992-05-14,2.09,0.637032
1992-05-15,2.12,0.6461760000000001
1992-05-16,2.2,0.67056
1992-05-17,2.25,0.6858000000000001
1992-05-18,2.04,0.621792
1992-05-19,1.93,0.588264
1992-05-20,1.81,0.5516880000000001
1992-05-21,1.72,0.524256
1992-05-22,1.64,0.499872
1992-05-23,1.58,0.48158400000000007
1992-05-24,1.51,0.46024800000000005
1992-05-25,1.47,0.448056
1992-05-26,1.42,0.432816
1992-05-27,1.41,0.429768
1992-05-28,2.19,0.667512
1992-05-29,3.43,1.0454640000000002
1992-05-30,4.17,1.2710160000000001
1992-05-31,3.8,1.15824
1992-06-01,3.17,0.9662160000000001
1992-06-02,2.76,0.841248
1992-06-03,2.47,0.7528560000000001
1992-06-04,2.79,0.850392
1992-06-05,2.88,0.877824
1992-06-06,2.78,0.847344
1992-06-07,2.41,0.7345680000000001
1992-06-08,2.26,0.688848
1992-06-09,2.27,0.6918960000000001
1992-06-10,2.34,0.713232
1992-06-11,2.6,0.7924800000000001
1992-06-12,3.86,1.176528
1992-06-13,6.23,1.8989040000000001
1992-06-14,6.94,2.1153120000000003
1992-06-15,5.73,1.7465040000000003
1992-06-16,4.59,1.399032
1992-06-17,4.69,1.4295120000000001
1992-06-18,4.14,1.2618719999999999
1992-06-19,4.85,1.47828
1992-06-20,6.23,1.8989040000000001
1992-06-21,6.41,1.9537680000000002
1992-06-22,4.66,1.420368
1992-06-23,3.65,1.11252
1992-06-24,3.0,0.9144000000000001
1992-06-25,2.59,0.789432
1992-06-26,2.38,0.725424
1992-06-27,2.63,0.801624
1992-06-28,2.31,0.704088
1992-06-29,2.09,0.637032
1992-06-30,2.01,0.612648
1992-07-01,2.24,0.6827520000000001
1992-07-02,3.85,1.17348
1992-07-03,4.0,1.2192
1992-07-04,4.05,1.23444
1992-07-05,3.5,1.0668
1992-07-06,2.91,0.8869680000000001
1992-07-07,2.52,0.768096
1992-07-08,2.55,0.7772399999999999
1992-07-09,2.18,0.664464
1992-07-10,1.97,0.600456
1992-07-11,2.39,0.7284720000000001
1992-07-12,2.04,0.621792
1992-07-13,2.15,0.65532
1992-07-14,1.96,0.597408
1992-07-15,1.84,0.560832
1992-07-16,2.48,0.755904
1992-07-17,3.67,1.118616
1992-07-18,4.22,1.286256
1992-07-19,5.39,1.6428719999999999
1992-07-20,3.67,1.118616
1992-07-21,3.36,1.024128
1992-07-22,2.63,0.801624
1992-07-23,2.43,0.7406640000000001
1992-07-24,2.33,0.710184
1992-07-25,2.19,0.667512
1992-07-26,2.08,0.6339840000000001
1992-07-27,1.95,0.59436
1992-07-28,1.87,0.569976
1992-07-29,1.81,0.5516880000000001
1992-07-30,1.81,0.5516880000000001
1992-07-31,1.7,0.5181600000000001
1992-08-01,1.69,0.515112
1992-08-02,1.68,0.512064
1992-08-03,1.64,0.499872
1992-08-04,1.61,0.49072800000000005
1992-08-05,1.59,0.48463200000000006
1992-08-06,1.77,0.5394960000000001
1992-08-07,1.67,0.509016
1992-08-08,1.63,0.496824
1992-08-09,1.48,0.451104
1992-08-10,1.44,0.438912
1992-08-11,1.38,0.420624
1992-08-12,1.36,0.41452800000000006
1992-08-13,1.59,0.48463200000000006
1992-08-14,1.56,0.475488
1992-08-15,1.54,0.46939200000000003
1992-08-16,1.69,0.515112
1992-08-17,1.63,0.496824
1992-08-18,1.69,0.515112
1992-08-19,1.77,0.5394960000000001
1992-08-20,1.74,0.530352
1992-08-21,1.85,0.56388
1992-08-22,2.01,0.612648
1992-08-23,2.11,0.643128
1992-08-24,2.01,0.612648
1992-08-25,1.9,0.57912
1992-08-26,1.97,0.600456
1992-08-27,2.0,0.6096
1992-08-28,1.93,0.588264
1992-08-29,2.38,0.725424
1992-08-30,2.53,0.7711439999999999
1992-08-31,2.37,0.722376
1992-09-01,2.25,0.6858000000000001
1992-09-02,1.97,0.600456
1992-09-03,1.72,0.524256
1992-09-04,1.56,0.475488
1992-09-05,1.47,0.448056
1992-09-06,1.48,0.451104
1992-09-07,1.55,0.47244
1992-09-08,1.62,0.49377600000000005
1992-09-09,2.04,0.621792
1992-09-10,2.05,0.62484
1992-09-11,2.15,0.65532
1992-09-12,1.85,0.56388
1992-09-13,1.62,0.49377600000000005
1992-09-14,1.56,0.475488
1992-09-15,1.52,0.46329600000000004
1992-09-16,1.44,0.438912
1992-09-17,1.46,0.445008
1992-09-18,1.33,0.405384
1992-09-19,1.28,0.39014400000000005
1992-09-20,1.31,0.39928800000000003
1992-09-21,1.27,0.38709600000000005
1992-09-22,1.32,0.402336
1992-09-23,1.29,0.39319200000000004
1992-09-24,1.28,0.39014400000000005
1992-09-25,1.27,0.38709600000000005
1992-09-26,1.29,0.39319200000000004
1992-09-27,1.35,0.41148000000000007
1992-09-28,1.41,0.429768
1992-09-29,1.52,0.46329600000000004
1992-09-30,1.49,0.454152
1992-10-01,1.39,0.423672
1992-10-02,1.31,0.39928800000000003
1992-10-03,1.29,0.39319200000000004
1992-10-04,1.52,0.46329600000000004
1992-10-05,2.07,0.6309359999999999
1992-10-06,2.53,0.7711439999999999
1992-10-07,2.27,0.6918960000000001
1992-10-08,2.13,0.649224
1992-10-09,1.91,0.582168
1992-10-10,1.72,0.524256
1992-10-11,2.18,0.664464
1992-10-12,2.02,0.615696
1992-10-13,1.79,0.5455920000000001
1992-10-14,1.64,0.499872
1992-10-15,1.53,0.46634400000000004
1992-10-16,1.45,0.44196
1992-10-17,1.4,0.42672
1992-10-18,1.38,0.420624
1992-10-19,1.45,0.44196
1992-10-20,1.59,0.48463200000000006
1992-10-21,1.53,0.46634400000000004
1992-10-22,1.45,0.44196
1992-10-23,1.38,0.420624
1992-10-24,1.33,0.405384
1992-10-25,1.3,0.39624000000000004
1992-10-26,1.28,0.39014400000000005
1992-10-27,1.26,0.384048
1992-10-28,1.29,0.39319200000000004
1992-10-29,1.39,0.423672
1992-10-30,1.56,0.475488
1992-10-31,1.64,0.499872
1992-11-01,1.58,0.48158400000000007
1992-11-02,1.7,0.5181600000000001
1992-11-03,1.86,0.5669280000000001
1992-11-04,3.56,1.085088
1992-11-05,5.4,1.6459200000000003
1992-11-06,5.65,1.72212
1992-11-07,5.15,1.5697200000000002
1992-11-08,4.47,1.362456
1992-11-09,4.17,1.2710160000000001
1992-11-10,3.86,1.176528
1992-11-11,3.3,1.00584
1992-11-12,3.87,1.1795760000000002
1992-11-13,6.24,1.901952
1992-11-14,5.76,1.755648
1992-11-15,4.92,1.499616
1992-11-16,4.45,1.3563600000000002
1992-11-17,4.04,1.231392
1992-11-18,3.52,1.072896
1992-11-19,3.1,0.94488
1992-11-20,2.86,0.8717280000000001
1992-11-21,2.84,0.865632
1992-11-22,3.21,0.978408
1992-11-23,3.82,1.164336
1992-11-24,6.24,1.901952
1992-11-25,10.14,3.0906720000000005
1992-11-26,12.52,3.816096
1992-11-27,16.53,5.038344
1992-11-28,20.39,6.214872000000001
1992-11-29,18.97,5.782056
1992-11-30,16.26,4.956048000000001
1992-12-01,13.8,4.20624
1992-12-02,11.51,3.508248
1992-12-03,9.52,2.901696
1992-12-04,7.7,2.34696
1992-12-05,6.12,1.8653760000000001
1992-12-06,5.49,1.6733520000000002
1992-12-07,5.29,1.612392
1992-12-08,5.5,1.6764000000000001
1992-12-09,5.79,1.7647920000000001
1992-12-10,6.05,1.8440400000000001
1992-12-11,6.19,1.8867120000000002
1992-12-12,6.18,1.883664
1992-12-13,6.09,1.856232
1992-12-14,6.02,1.8348959999999999
1992-12-15,5.72,1.7434560000000001
1992-12-16,5.45,1.6611600000000002
1992-12-17,10.75,3.2766
1992-12-18,12.71,3.8740080000000003
1992-12-19,12.34,3.761232
1992-12-20,14.44,4.401312
1992-12-21,15.71,4.788408
1992-12-22,14.21,4.331208
1992-12-23,12.5,3.81
1992-12-24,10.65,3.2461200000000003
1992-12-25,9.11,2.776728
1992-12-26,7.69,2.3439120000000004
1992-12-27,6.58,2.0055840000000003
1992-12-28,5.94,1.8105120000000001
1992-12-29,5.55,1.69164
1992-12-30,5.31,1.618488
1992-12-31,5.15,1.5697200000000002
1993-01-01,5.02,1.530096
1993-01-02,4.89,1.490472
1993-01-03,4.76,1.450848
1993-01-04,4.67,1.423416
1993-01-05,4.85,1.47828
1993-01-06,5.0,1.524
1993-01-07,5.49,1.6733520000000002
1993-01-08,7.23,2.203704
1993-01-09,7.32,2.2311360000000002
1993-01-10,7.16,2.1823680000000003
1993-01-11,7.15,2.17932
1993-01-12,7.92,2.414016
1993-01-13,8.8,2.68224
1993-01-14,8.29,2.526792
1993-01-15,7.85,2.39268
1993-01-16,7.56,2.304288
1993-01-17,7.44,2.2677120000000004
1993-01-18,7.18,2.188464
1993-01-19,6.59,2.008632
1993-01-20,6.23,1.8989040000000001
1993-01-21,8.99,2.740152
1993-01-22,9.92,3.023616
1993-01-23,9.49,2.8925520000000002
1993-01-24,9.03,2.752344
1993-01-25,9.29,2.8315919999999997
1993-01-26,9.88,3.0114240000000003
1993-01-27,9.57,2.916936
1993-01-28,8.49,2.587752
1993-01-29,7.09,2.161032
1993-01-30,6.0,1.8288000000000002
1993-01-31,5.48,1.6703040000000002
1993-02-01,5.16,1.5727680000000002
1993-02-02,4.93,1.502664
1993-02-03,4.74,1.444752
1993-02-04,4.6,1.40208
1993-02-05,4.48,1.3655040000000003
1993-02-06,4.46,1.359408
1993-02-07,5.66,1.725168
1993-02-08,6.52,1.987296
1993-02-09,6.64,2.023872
1993-02-10,6.59,2.008632
1993-02-11,7.11,2.1671280000000004
1993-02-12,7.61,2.319528
1993-02-13,7.31,2.228088
1993-02-14,6.82,2.078736
1993-02-15,6.58,2.0055840000000003
1993-02-16,9.37,2.855976
1993-02-17,10.54,3.212592
1993-02-18,9.35,2.84988
1993-02-19,8.28,2.5237439999999998
1993-02-20,8.22,2.505456
1993-02-21,8.55,2.60604
1993-02-22,8.49,2.587752
1993-02-23,7.66,2.334768
1993-02-24,6.34,1.9324320000000001
1993-02-25,5.73,1.7465040000000003
1993-02-26,7.17,2.185416
1993-02-27,7.11,2.1671280000000004
1993-02-28,6.77,2.0634959999999998
1993-03-01,6.64,2.023872
1993-03-02,6.74,2.054352
1993-03-03,8.17,2.490216
1993-03-04,8.75,2.6670000000000003
1993-03-05,8.44,2.572512
1993-03-06,8.24,2.511552
1993-03-07,8.52,2.596896
1993-03-08,9.07,2.764536
1993-03-09,9.03,2.752344
1993-03-10,8.04,2.450592
1993-03-11,6.37,1.9415760000000002
1993-03-12,5.44,1.6581120000000003
1993-03-13,7.42,2.261616
1993-03-14,8.1,2.46888
1993-03-15,8.26,2.517648
1993-03-16,8.27,2.520696
1993-03-17,9.7,2.95656
1993-03-18,11.04,3.364992
1993-03-19,11.62,3.541776
1993-03-20,11.72,3.5722560000000003
1993-03-21,12.19,3.715512
1993-03-22,12.1,3.6880800000000002
1993-03-23,10.91,3.325368
1993-03-24,9.75,2.9718
1993-03-25,8.46,2.5786080000000005
1993-03-26,7.41,2.2585680000000004
1993-03-27,6.77,2.0634959999999998
1993-03-28,6.29,1.917192
1993-03-29,5.94,1.8105120000000001
1993-03-30,5.79,1.7647920000000001
1993-03-31,10.1,3.07848
1993-04-01,12.13,3.6972240000000003
1993-04-02,11.75,3.5814000000000004
1993-04-03,11.01,3.355848
1993-04-04,12.5,3.81
1993-04-05,12.67,3.861816
1993-04-06,11.18,3.407664
1993-04-07,9.8,2.9870400000000004
1993-04-08,8.52,2.596896
1993-04-09,7.34,2.237232
1993-04-10,6.76,2.060448
1993-04-11,6.38,1.9446240000000001
1993-04-12,6.0,1.8288000000000002
1993-04-13,5.69,1.7343120000000003
1993-04-14,5.4,1.6459200000000003
1993-04-15,5.3,1.61544
1993-04-16,5.49,1.6733520000000002
1993-04-17,5.52,1.682496
1993-04-18,5.22,1.591056
1993-04-19,4.91,1.4965680000000001
1993-04-20,4.55,1.38684
1993-04-21,4.29,1.307592
1993-04-22,4.1,1.24968
1993-04-23,3.9,1.18872
1993-04-24,3.74,1.139952
1993-04-25,3.63,1.106424
1993-04-26,3.95,1.2039600000000001
1993-04-27,4.61,1.4051280000000002
1993-04-28,4.33,1.319784
1993-04-29,4.04,1.231392
1993-04-30,3.75,1.143
1993-05-01,3.55,1.08204
1993-05-02,3.47,1.0576560000000002
1993-05-03,3.45,1.05156
1993-05-04,3.87,1.1795760000000002
1993-05-05,4.04,1.231392
1993-05-06,3.97,1.210056
1993-05-07,3.91,1.1917680000000002
1993-05-08,3.71,1.130808
1993-05-09,3.32,1.011936
1993-05-10,3.02,0.9204960000000001
1993-05-11,2.81,0.856488
1993-05-12,2.83,0.862584
1993-05-13,2.94,0.896112
1993-05-14,3.44,1.048512
1993-05-15,3.3,1.00584
1993-05-16,3.06,0.9326880000000001
1993-05-17,2.9,0.88392
1993-05-18,2.69,0.819912
1993-05-19,2.54,0.7741920000000001
1993-05-20,2.44,0.743712
1993-05-21,2.35,0.71628
1993-05-22,2.24,0.6827520000000001
1993-05-23,2.14,0.6522720000000001
1993-05-24,2.07,0.6309359999999999
1993-05-25,2.02,0.615696
1993-05-26,2.08,0.6339840000000001
1993-05-27,2.23,0.679704
1993-05-28,2.53,0.7711439999999999
1993-05-29,2.43,0.7406640000000001
1993-05-30,2.29,0.6979920000000001
1993-05-31,2.17,0.661416
1993-06-01,2.04,0.621792
1993-06-02,2.46,0.749808
1993-06-03,2.26,0.688848
1993-06-04,1.95,0.59436
1993-06-05,1.79,0.5455920000000001
1993-06-06,1.69,0.515112
1993-06-07,1.67,0.509016
1993-06-08,1.58,0.48158400000000007
1993-06-09,1.52,0.46329600000000004
1993-06-10,1.47,0.448056
1993-06-11,1.43,0.43586400000000003
1993-06-12,1.39,0.423672
1993-06-13,1.62,0.49377600000000005
1993-06-14,1.55,0.47244
1993-06-15,1.55,0.47244
1993-06-16,1.67,0.509016
1993-06-17,1.6,0.48768000000000006
1993-06-18,1.45,0.44196
1993-06-19,1.35,0.41148000000000007
1993-06-20,1.29,0.39319200000000004
1993-06-21,1.26,0.384048
1993-06-22,1.24,0.377952
1993-06-23,1.21,0.368808
1993-06-24,1.22,0.371856
1993-06-25,1.24,0.377952
1993-06-26,1.42,0.432816
1993-06-27,1.55,0.47244
1993-06-28,1.63,0.496824
1993-06-29,1.9,0.57912
1993-06-30,2.53,0.7711439999999999
1993-07-01,3.61,1.100328
1993-07-02,4.36,1.328928
1993-07-03,4.19,1.2771120000000002
1993-07-04,3.82,1.164336
1993-07-05,3.03,0.923544
1993-07-06,2.47,0.7528560000000001
1993-07-07,2.18,0.664464
1993-07-08,2.02,0.615696
1993-07-09,1.86,0.5669280000000001
1993-07-10,2.07,0.6309359999999999
1993-07-11,1.85,0.56388
1993-07-12,1.7,0.5181600000000001
1993-07-13,1.58,0.48158400000000007
1993-07-14,1.86,0.5669280000000001
1993-07-15,1.82,0.554736
1993-07-16,1.68,0.512064
1993-07-17,1.53,0.46634400000000004
1993-07-18,1.52,0.46329600000000004
1993-07-19,1.67,0.509016
1993-07-20,1.47,0.448056
1993-07-21,1.39,0.423672
1993-07-22,1.57,0.478536
1993-07-23,1.68,0.512064
1993-07-24,1.44,0.438912
1993-07-25,1.39,0.423672
1993-07-26,1.37,0.41757600000000006
1993-07-27,1.36,0.41452800000000006
1993-07-28,1.27,0.38709600000000005
1993-07-29,1.23,0.374904
1993-07-30,1.21,0.368808
1993-07-31,1.28,0.39014400000000005
1993-08-01,1.27,0.38709600000000005
1993-08-02,1.17,0.356616
1993-08-03,1.11,0.3383280000000001
1993-08-04,1.06,0.32308800000000004
1993-08-05,1.12,0.34137600000000007
1993-08-06,1.33,0.405384
1993-08-07,1.8,0.54864
1993-08-08,2.15,0.65532
1993-08-09,3.11,0.947928
1993-08-10,3.28,0.999744
1993-08-11,3.0,0.9144000000000001
1993-08-12,2.93,0.8930640000000001
1993-08-13,2.54,0.7741920000000001
1993-08-14,2.21,0.673608
1993-08-15,1.96,0.597408
1993-08-16,2.1,0.6400800000000001
1993-08-17,2.21,0.673608
1993-08-18,1.99,0.606552
1993-08-19,1.72,0.524256
1993-08-20,1.55,0.47244
1993-08-21,1.43,0.43586400000000003
1993-08-22,1.35,0.41148000000000007
1993-08-23,1.29,0.39319200000000004
1993-08-24,1.24,0.377952
1993-08-25,1.19,0.362712
1993-08-26,1.2,0.36576000000000003
1993-08-27,1.18,0.359664
1993-08-28,1.17,0.356616
1993-08-29,1.19,0.362712
1993-08-30,1.18,0.359664
1993-08-31,1.21,0.368808
1993-09-01,1.22,0.371856
1993-09-02,1.39,0.423672
1993-09-03,1.69,0.515112
1993-09-04,2.56,0.7802880000000001
1993-09-05,3.01,0.9174479999999999
1993-09-06,2.42,0.737616
1993-09-07,4.04,1.231392
1993-09-08,4.09,1.246632
1993-09-09,3.55,1.08204
1993-09-10,3.28,0.999744
1993-09-11,3.24,0.9875520000000001
1993-09-12,2.68,0.816864
1993-09-13,2.34,0.713232
1993-09-14,2.3,0.70104
1993-09-15,2.08,0.6339840000000001
1993-09-16,1.89,0.576072
1993-09-17,1.74,0.530352
1993-09-18,1.65,0.50292
1993-09-19,1.58,0.48158400000000007
1993-09-20,1.52,0.46329600000000004
1993-09-21,1.48,0.451104
1993-09-22,1.49,0.454152
1993-09-23,1.51,0.46024800000000005
1993-09-24,1.42,0.432816
1993-09-25,1.36,0.41452800000000006
1993-09-26,1.31,0.39928800000000003
1993-09-27,1.28,0.39014400000000005
1993-09-28,1.27,0.38709600000000005
1993-09-29,1.25,0.381
1993-09-30,1.23,0.374904
1993-10-01,1.2,0.36576000000000003
1993-10-02,1.17,0.356616
1993-10-03,1.2,0.36576000000000003
1993-10-04,1.15,0.35052
1993-10-05,1.11,0.3383280000000001
1993-10-06,1.09,0.332232
1993-10-07,1.08,0.32918400000000003
1993-10-08,1.06,0.32308800000000004
1993-10-09,1.05,0.32004000000000005
1993-10-10,1.04,0.31699200000000005
1993-10-11,1.03,0.313944
1993-10-12,1.03,0.313944
1993-10-13,1.03,0.313944
1993-10-14,1.03,0.313944
1993-10-15,1.04,0.31699200000000005
1993-10-16,1.07,0.32613600000000004
1993-10-17,1.09,0.332232
1993-10-18,1.09,0.332232
1993-10-19,1.14,0.347472
1993-10-20,1.16,0.353568
1993-10-21,1.16,0.353568
1993-10-22,1.13,0.344424
1993-10-23,1.12,0.34137600000000007
1993-10-24,1.23,0.374904
1993-10-25,1.27,0.38709600000000005
1993-10-26,1.23,0.374904
1993-10-27,1.2,0.36576000000000003
1993-10-28,1.17,0.356616
1993-10-29,1.23,0.374904
1993-10-30,3.75,1.143
1993-10-31,5.95,1.81356
1993-11-01,6.13,1.868424
1993-11-02,4.57,1.3929360000000002
1993-11-03,3.61,1.100328
1993-11-04,2.97,0.9052560000000001
1993-11-05,2.98,0.908304
1993-11-06,4.74,1.444752
1993-11-07,5.83,1.7769840000000001
1993-11-08,6.17,1.880616
1993-11-09,6.23,1.8989040000000001
1993-11-10,6.34,1.9324320000000001
1993-11-11,6.1,1.85928
1993-11-12,4.51,1.374648
1993-11-13,3.46,1.054608
1993-11-14,3.08,0.9387840000000001
1993-11-15,2.88,0.877824
1993-11-16,2.75,0.8382000000000001
1993-11-17,2.72,0.8290560000000001
1993-11-18,2.93,0.8930640000000001
1993-11-19,3.13,0.954024
1993-11-20,3.3,1.00584
1993-11-21,3.24,0.9875520000000001
1993-11-22,2.97,0.9052560000000001
1993-11-23,2.75,0.8382000000000001
1993-11-24,2.6,0.7924800000000001
1993-11-25,2.51,0.765048
1993-11-26,2.46,0.749808
1993-11-27,2.46,0.749808
1993-11-28,2.62,0.7985760000000001
1993-11-29,2.77,0.844296
1993-11-30,2.84,0.865632
1993-12-01,2.74,0.8351520000000001
1993-12-02,2.62,0.7985760000000001
1993-12-03,2.52,0.768096
1993-12-04,2.49,0.7589520000000001
1993-12-05,2.78,0.847344
1993-12-06,3.34,1.018032
1993-12-07,3.44,1.048512
1993-12-08,3.37,1.027176
1993-12-09,3.18,0.9692640000000001
1993-12-10,3.01,0.9174479999999999
1993-12-11,3.14,0.957072
1993-12-12,3.87,1.1795760000000002
1993-12-13,4.33,1.319784
1993-12-14,5.19,1.5819120000000002
1993-12-15,5.89,1.795272
1993-12-16,6.07,1.8501360000000002
1993-12-17,5.8,1.76784
1993-12-18,5.59,1.703832
1993-12-19,5.15,1.5697200000000002
1993-12-20,4.78,1.4569440000000002
1993-12-21,5.04,1.536192
1993-12-22,5.03,1.533144
1993-12-23,5.26,1.603248
1993-12-24,5.62,1.712976
1993-12-25,5.53,1.6855440000000002
1993-12-26,5.2,1.5849600000000001
1993-12-27,5.01,1.527048
1993-12-28,4.74,1.444752
1993-12-29,4.35,1.32588
1993-12-30,3.96,1.207008
1993-12-31,3.7,1.12776
1994-01-01,3.51,1.069848
1994-01-02,3.4,1.0363200000000001
1994-01-03,3.36,1.024128
1994-01-04,3.52,1.072896
1994-01-05,3.81,1.161288
1994-01-06,3.79,1.155192
1994-01-07,3.72,1.1338560000000002
1994-01-08,3.66,1.1155680000000001
1994-01-09,3.53,1.075944
1994-01-10,3.37,1.027176
1994-01-11,3.3,1.00584
1994-01-12,3.7,1.12776
1994-01-13,4.43,1.350264
1994-01-14,4.71,1.435608
1994-01-15,4.94,1.5057120000000002
1994-01-16,4.97,1.514856
1994-01-17,5.07,1.5453360000000003
1994-01-18,5.95,1.81356
1994-01-19,5.73,1.7465040000000003
1994-01-20,5.4,1.6459200000000003
1994-01-21,5.41,1.6489680000000002
1994-01-22,5.24,1.5971520000000001
1994-01-23,4.69,1.4295120000000001
1994-01-24,4.17,1.2710160000000001
1994-01-25,3.84,1.170432
1994-01-26,3.65,1.11252
1994-01-27,3.55,1.08204
1994-01-28,5.66,1.725168
1994-01-29,6.8,2.0726400000000003
1994-01-30,7.02,2.139696
1994-01-31,7.02,2.139696
1994-02-01,7.29,2.221992
1994-02-02,7.85,2.39268
1994-02-03,8.39,2.557272
1994-02-04,8.24,2.511552
1994-02-05,7.59,2.313432
1994-02-06,7.25,2.2098
1994-02-07,7.34,2.237232
1994-02-08,7.32,2.2311360000000002
1994-02-09,7.48,2.279904
1994-02-10,8.11,2.471928
1994-02-11,9.41,2.8681680000000003
1994-02-12,9.55,2.9108400000000003
1994-02-13,9.2,2.80416
1994-02-14,8.51,2.593848
1994-02-15,8.08,2.462784
1994-02-16,8.16,2.487168
1994-02-17,7.98,2.4323040000000002
1994-02-18,7.16,2.1823680000000003
1994-02-19,5.79,1.7647920000000001
1994-02-20,4.94,1.5057120000000002
1994-02-21,4.61,1.4051280000000002
1994-02-22,4.42,1.347216
1994-02-23,4.4,1.34112
1994-02-24,5.25,1.6002
1994-02-25,5.66,1.725168
1994-02-26,5.64,1.719072
1994-02-27,5.69,1.7343120000000003
1994-02-28,5.69,1.7343120000000003
1994-03-01,5.76,1.755648
1994-03-02,7.28,2.218944
1994-03-03,7.2,2.19456
1994-03-04,6.74,2.054352
1994-03-05,6.66,2.029968
1994-03-06,6.83,2.0817840000000003
1994-03-07,6.65,2.02692
1994-03-08,5.92,1.804416
1994-03-09,5.31,1.618488
1994-03-10,6.5,1.9812
1994-03-11,6.17,1.880616
1994-03-12,5.81,1.770888
1994-03-13,5.78,1.7617440000000002
1994-03-14,5.66,1.725168
1994-03-15,5.18,1.578864
1994-03-16,4.68,1.426464
1994-03-17,4.27,1.301496
1994-03-18,4.01,1.222248
1994-03-19,3.81,1.161288
1994-03-20,3.67,1.118616
1994-03-21,3.6,1.09728
1994-03-22,3.53,1.075944
1994-03-23,3.5,1.0668
1994-03-24,3.88,1.1826240000000001
1994-03-25,6.2,1.88976
1994-03-26,6.61,2.0147280000000003
1994-03-27,6.37,1.9415760000000002
1994-03-28,6.59,2.008632
1994-03-29,7.55,2.30124
1994-03-30,7.53,2.295144
1994-03-31,7.14,2.176272
1994-04-01,6.79,2.069592
1994-04-02,6.61,2.0147280000000003
1994-04-03,6.25,1.905
1994-04-04,5.85,1.78308
1994-04-05,5.17,1.575816
1994-04-06,4.61,1.4051280000000002
1994-04-07,4.34,1.322832
1994-04-08,4.17,1.2710160000000001
1994-04-09,4.03,1.228344
1994-04-10,3.89,1.185672
1994-04-11,3.84,1.170432
1994-04-12,3.67,1.118616
1994-04-13,4.28,1.3045440000000001
1994-04-14,4.14,1.2618719999999999
1994-04-15,4.2,1.2801600000000002
1994-04-16,6.29,1.917192
1994-04-17,5.78,1.7617440000000002
1994-04-18,5.23,1.5941040000000002
1994-04-19,5.04,1.536192
1994-04-20,4.74,1.444752
1994-04-21,4.18,1.274064
1994-04-22,3.77,1.1490960000000001
1994-04-23,3.68,1.121664
1994-04-24,3.72,1.1338560000000002
1994-04-25,3.35,1.02108
1994-04-26,3.08,0.9387840000000001
1994-04-27,2.87,0.8747760000000001
1994-04-28,2.73,0.8321040000000001
1994-04-29,2.54,0.7741920000000001
1994-04-30,2.38,0.725424
1994-05-01,2.38,0.725424
1994-05-02,2.33,0.710184
1994-05-03,2.44,0.743712
1994-05-04,4.41,1.344168
1994-05-05,5.1,1.5544799999999999
1994-05-06,4.23,1.2893040000000002
1994-05-07,3.48,1.060704
1994-05-08,2.94,0.896112
1994-05-09,2.68,0.816864
1994-05-10,2.51,0.765048
1994-05-11,2.45,0.7467600000000001
1994-05-12,2.4,0.7315200000000001
1994-05-13,2.32,0.707136
1994-05-14,2.23,0.679704
1994-05-15,2.14,0.6522720000000001
1994-05-16,2.03,0.618744
1994-05-17,1.94,0.5913120000000001
1994-05-18,1.89,0.576072
1994-05-19,1.8,0.54864
1994-05-20,1.69,0.515112
1994-05-21,1.61,0.49072800000000005
1994-05-22,1.52,0.46329600000000004
1994-05-23,1.47,0.448056
1994-05-24,1.42,0.432816
1994-05-25,1.37,0.41757600000000006
1994-05-26,1.32,0.402336
1994-05-27,1.3,0.39624000000000004
1994-05-28,1.27,0.38709600000000005
1994-05-29,1.26,0.384048
1994-05-30,1.33,0.405384
1994-05-31,1.3,0.39624000000000004
1994-06-01,1.39,0.423672
1994-06-02,1.42,0.432816
1994-06-03,1.84,0.560832
1994-06-04,4.1,1.24968
1994-06-05,3.56,1.085088
1994-06-06,3.41,1.039368
1994-06-07,2.97,0.9052560000000001
1994-06-08,2.92,0.890016
1994-06-09,2.57,0.783336
1994-06-10,2.52,0.768096
1994-06-11,2.32,0.707136
1994-06-12,2.46,0.749808
1994-06-13,2.57,0.783336
1994-06-14,2.53,0.7711439999999999
1994-06-15,2.19,0.667512
1994-06-16,2.32,0.707136
1994-06-17,2.5,0.762
1994-06-18,2.47,0.7528560000000001
1994-06-19,2.49,0.7589520000000001
1994-06-20,2.53,0.7711439999999999
1994-06-21,2.69,0.819912
1994-06-22,2.59,0.789432
1994-06-23,2.45,0.7467600000000001
1994-06-24,2.76,0.841248
1994-06-25,4.51,1.374648
1994-06-26,5.38,1.639824
1994-06-27,5.69,1.7343120000000003
1994-06-28,6.09,1.856232
1994-06-29,6.84,2.084832
1994-06-30,8.12,2.474976
1994-07-01,8.83,2.691384
1994-07-02,7.68,2.340864
1994-07-03,4.95,1.50876
1994-07-04,5.53,1.6855440000000002
1994-07-05,5.66,1.725168
1994-07-06,10.56,3.218688
1994-07-07,15.74,4.7975520000000005
1994-07-08,17.21,5.245608000000001
1994-07-09,20.74,6.321552
1994-07-10,21.84,6.6568320000000005
1994-07-11,19.68,5.998464
1994-07-12,17.12,5.218176000000001
1994-07-13,15.04,4.584192
1994-07-14,13.71,4.178808
1994-07-15,13.46,4.102608
1994-07-16,13.43,4.093464
1994-07-17,13.25,4.038600000000001
1994-07-18,12.81,3.904488
1994-07-19,11.85,3.61188
1994-07-20,10.69,3.258312
1994-07-21,9.72,2.9626560000000004
1994-07-22,8.6,2.62128
1994-07-23,8.36,2.548128
1994-07-24,8.34,2.5420320000000003
1994-07-25,7.94,2.420112
1994-07-26,8.17,2.490216
1994-07-27,8.22,2.505456
1994-07-28,9.64,2.9382720000000004
1994-07-29,10.61,3.233928
1994-07-30,9.81,2.9900880000000005
1994-07-31,11.0,3.3528000000000002
1994-08-01,11.62,3.541776
1994-08-02,10.38,3.1638240000000004
1994-08-03,9.3,2.8346400000000003
1994-08-04,8.33,2.538984
1994-08-05,6.54,1.993392
1994-08-06,5.41,1.6489680000000002
1994-08-07,4.92,1.499616
1994-08-08,4.45,1.3563600000000002
1994-08-09,4.06,1.237488
1994-08-10,3.77,1.1490960000000001
1994-08-11,3.53,1.075944
1994-08-12,3.31,1.008888
1994-08-13,3.13,0.954024
1994-08-14,3.2,0.9753600000000001
1994-08-15,3.2,0.9753600000000001
1994-08-16,3.18,0.9692640000000001
1994-08-17,3.25,0.9906
1994-08-18,3.23,0.984504
1994-08-19,3.61,1.100328
1994-08-20,5.96,1.816608
1994-08-21,7.07,2.154936
1994-08-22,6.77,2.0634959999999998
1994-08-23,5.34,1.627632
1994-08-24,5.72,1.7434560000000001
1994-08-25,5.69,1.7343120000000003
1994-08-26,4.82,1.4691360000000002
1994-08-27,3.82,1.164336
1994-08-28,3.32,1.011936
1994-08-29,3.02,0.9204960000000001
1994-08-30,2.82,0.859536
1994-08-31,2.65,0.80772
1994-09-01,2.51,0.765048
1994-09-02,2.38,0.725424
1994-09-03,2.28,0.694944
1994-09-04,2.2,0.67056
1994-09-05,2.15,0.65532
1994-09-06,2.12,0.6461760000000001
1994-09-07,2.11,0.643128
1994-09-08,2.09,0.637032
1994-09-09,2.32,0.707136
1994-09-10,2.94,0.896112
1994-09-11,3.03,0.923544
1994-09-12,2.78,0.847344
1994-09-13,2.54,0.7741920000000001
1994-09-14,2.32,0.707136
1994-09-15,2.15,0.65532
1994-09-16,2.04,0.621792
1994-09-17,2.05,0.62484
1994-09-18,2.64,0.804672
1994-09-19,3.18,0.9692640000000001
1994-09-20,3.14,0.957072
1994-09-21,3.06,0.9326880000000001
1994-09-22,2.87,0.8747760000000001
1994-09-23,2.6,0.7924800000000001
1994-09-24,2.7,0.8229600000000001
1994-09-25,2.89,0.8808720000000001
1994-09-26,2.81,0.856488
1994-09-27,2.7,0.8229600000000001
1994-09-28,2.52,0.768096
1994-09-29,2.3,0.70104
1994-09-30,2.13,0.649224
1994-10-01,2.0,0.6096
1994-10-02,2.18,0.664464
1994-10-03,2.62,0.7985760000000001
1994-10-04,3.0,0.9144000000000001
1994-10-05,2.95,0.8991600000000001
1994-10-06,2.89,0.8808720000000001
1994-10-07,2.76,0.841248
1994-10-08,2.52,0.768096
1994-10-09,2.41,0.7345680000000001
1994-10-10,2.69,0.819912
1994-10-11,3.17,0.9662160000000001
1994-10-12,4.0,1.2192
1994-10-13,4.3,1.31064
1994-10-14,4.23,1.2893040000000002
1994-10-15,3.81,1.161288
1994-10-16,3.48,1.060704
1994-10-17,3.18,0.9692640000000001
1994-10-18,2.92,0.890016
1994-10-19,2.73,0.8321040000000001
1994-10-20,2.59,0.789432
1994-10-21,2.5,0.762
1994-10-22,3.19,0.9723120000000001
1994-10-23,4.75,1.4478
1994-10-24,5.05,1.53924
1994-10-25,4.63,1.411224
1994-10-26,4.2,1.2801600000000002
1994-10-27,3.8,1.15824
1994-10-28,3.4,1.0363200000000001
1994-10-29,3.01,0.9174479999999999
1994-10-30,2.84,0.865632
1994-10-31,3.0,0.9144000000000001
1994-11-01,3.31,1.008888
1994-11-02,3.66,1.1155680000000001
1994-11-03,3.55,1.08204
1994-11-04,3.17,0.9662160000000001
1994-11-05,2.92,0.890016
1994-11-06,2.82,0.859536
1994-11-07,2.74,0.8351520000000001
1994-11-08,2.67,0.813816
1994-11-09,2.64,0.804672
1994-11-10,2.64,0.804672
1994-11-11,2.85,0.8686800000000001
1994-11-12,3.34,1.018032
1994-11-13,3.26,0.993648
1994-11-14,3.16,0.9631680000000001
1994-11-15,2.99,0.9113520000000002
1994-11-16,2.86,0.8717280000000001
1994-11-17,2.74,0.8351520000000001
1994-11-18,2.64,0.804672
1994-11-19,2.56,0.7802880000000001
1994-11-20,2.49,0.7589520000000001
1994-11-21,2.46,0.749808
1994-11-22,2.45,0.7467600000000001
1994-11-23,2.42,0.737616
1994-11-24,2.39,0.7284720000000001
1994-11-25,2.36,0.719328
1994-11-26,2.36,0.719328
1994-11-27,2.42,0.737616
1994-11-28,2.68,0.816864
1994-11-29,4.37,1.331976
1994-11-30,6.19,1.8867120000000002
1994-12-01,6.02,1.8348959999999999
1994-12-02,5.49,1.6733520000000002
1994-12-03,5.19,1.5819120000000002
1994-12-04,5.29,1.612392
1994-12-05,5.79,1.7647920000000001
1994-12-06,5.85,1.78308
1994-12-07,5.59,1.703832
1994-12-08,5.5,1.6764000000000001
1994-12-09,5.35,1.63068
1994-12-10,5.01,1.527048
1994-12-11,4.69,1.4295120000000001
1994-12-12,4.85,1.47828
1994-12-13,4.93,1.502664
1994-12-14,4.89,1.490472
1994-12-15,4.69,1.4295120000000001
1994-12-16,4.34,1.322832
1994-12-17,3.98,1.213104
1994-12-18,3.78,1.152144
1994-12-19,3.7,1.12776
1994-12-20,3.59,1.094232
1994-12-21,3.48,1.060704
1994-12-22,3.39,1.0332720000000002
1994-12-23,3.32,1.011936
1994-12-24,3.26,0.993648
1994-12-25,3.26,0.993648
1994-12-26,3.25,0.9906
1994-12-27,3.19,0.9723120000000001
1994-12-28,3.13,0.954024
1994-12-29,3.07,0.935736
1994-12-30,3.16,0.9631680000000001
1994-12-31,3.31,1.008888
1995-01-01,3.4,1.0363200000000001
1995-01-02,3.5,1.0668
1995-01-03,3.52,1.072896
1995-01-04,3.4,1.0363200000000001
1995-01-05,3.23,0.984504
1995-01-06,3.29,1.0027920000000001
1995-01-07,4.42,1.347216
1995-01-08,4.58,1.3959840000000001
1995-01-09,4.94,1.5057120000000002
1995-01-10,5.29,1.612392
1995-01-11,5.31,1.618488
1995-01-12,4.89,1.490472
1995-01-13,4.45,1.3563600000000002
1995-01-14,5.1,1.5544799999999999
1995-01-15,5.2,1.5849600000000001
1995-01-16,5.23,1.5941040000000002
1995-01-17,5.5,1.6764000000000001
1995-01-18,5.65,1.72212
1995-01-19,5.51,1.679448
1995-01-20,5.29,1.612392
1995-01-21,5.09,1.5514320000000001
1995-01-22,5.08,1.5483840000000002
1995-01-23,5.42,1.6520160000000002
1995-01-24,5.55,1.69164
1995-01-25,5.38,1.639824
1995-01-26,5.15,1.5697200000000002
1995-01-27,5.25,1.6002
1995-01-28,6.95,2.11836
1995-01-29,6.47,1.972056
1995-01-30,5.76,1.755648
1995-01-31,5.77,1.758696
1995-02-01,5.96,1.816608
1995-02-02,5.84,1.780032
1995-02-03,5.5,1.6764000000000001
1995-02-04,5.18,1.578864
1995-02-05,4.69,1.4295120000000001
1995-02-06,4.41,1.344168
1995-02-07,4.2,1.2801600000000002
1995-02-08,3.94,1.200912
1995-02-09,3.72,1.1338560000000002
1995-02-10,3.66,1.1155680000000001
1995-02-11,8.83,2.691384
1995-02-12,11.77,3.5874960000000002
1995-02-13,10.17,3.099816
1995-02-14,9.19,2.801112
1995-02-15,10.78,3.2857439999999998
1995-02-16,12.96,3.9502080000000004
1995-02-17,13.31,4.056888000000001
1995-02-18,13.72,4.181856000000001
1995-02-19,12.22,3.7246560000000004
1995-02-20,11.6,3.53568
1995-02-21,14.23,4.3373040000000005
1995-02-22,14.45,4.40436
1995-02-23,12.98,3.9563040000000003
1995-02-24,11.12,3.389376
1995-02-25,9.42,2.871216
1995-02-26,7.59,2.313432
1995-02-27,6.17,1.880616
1995-02-28,6.3,1.92024
1995-03-01,10.74,3.273552
1995-03-02,11.8,3.5966400000000003
1995-03-03,10.9,3.3223200000000004
1995-03-04,10.72,3.267456
1995-03-05,12.4,3.77952
1995-03-06,11.77,3.5874960000000002
1995-03-07,10.31,3.142488
1995-03-08,12.53,3.819144
1995-03-09,13.39,4.081272
1995-03-10,13.37,4.075176
1995-03-11,15.69,4.782312
1995-03-12,15.18,4.626864
1995-03-13,13.39,4.081272
1995-03-14,11.37,3.465576
1995-03-15,9.58,2.9199840000000004
1995-03-16,8.08,2.462784
1995-03-17,7.01,2.136648
1995-03-18,6.93,2.112264
1995-03-19,7.06,2.151888
1995-03-20,6.98,2.127504
1995-03-21,6.81,2.075688
1995-03-22,6.78,2.0665440000000004
1995-03-23,6.55,1.99644
1995-03-24,6.05,1.8440400000000001
1995-03-25,5.48,1.6703040000000002
1995-03-26,5.01,1.527048
1995-03-27,4.69,1.4295120000000001
1995-03-28,4.55,1.38684
1995-03-29,4.56,1.389888
1995-03-30,4.47,1.362456
1995-03-31,4.65,1.4173200000000001
1995-04-01,4.56,1.389888
1995-04-02,4.47,1.362456
1995-04-03,4.34,1.322832
1995-04-04,4.16,1.2679680000000002
1995-04-05,3.97,1.210056
1995-04-06,3.8,1.15824
1995-04-07,3.72,1.1338560000000002
1995-04-08,3.66,1.1155680000000001
1995-04-09,3.57,1.088136
1995-04-10,3.46,1.054608
1995-04-11,4.19,1.2771120000000002
1995-04-12,6.84,2.084832
1995-04-13,7.16,2.1823680000000003
1995-04-14,6.84,2.084832
1995-04-15,6.56,1.999488
1995-04-16,6.11,1.8623280000000002
1995-04-17,5.22,1.591056
1995-04-18,4.26,1.298448
1995-04-19,3.76,1.146048
1995-04-20,3.49,1.063752
1995-04-21,5.68,1.731264
1995-04-22,6.62,2.017776
1995-04-23,6.12,1.8653760000000001
1995-04-24,6.49,1.9781520000000001
1995-04-25,6.47,1.972056
1995-04-26,5.86,1.7861280000000002
1995-04-27,4.9,1.4935200000000002
1995-04-28,4.13,1.258824
1995-04-29,3.72,1.1338560000000002
1995-04-30,3.41,1.039368
1995-05-01,3.19,0.9723120000000001
1995-05-02,3.03,0.923544
1995-05-03,2.9,0.88392
1995-05-04,2.83,0.862584
1995-05-05,2.77,0.844296
1995-05-06,2.7,0.8229600000000001
1995-05-07,2.6,0.7924800000000001
1995-05-08,2.49,0.7589520000000001
1995-05-09,2.42,0.737616
1995-05-10,3.83,1.167384
1995-05-11,4.33,1.319784
1995-05-12,3.97,1.210056
1995-05-13,3.56,1.085088
1995-05-14,3.22,0.9814560000000001
1995-05-15,2.92,0.890016
1995-05-16,2.67,0.813816
1995-05-17,2.46,0.749808
1995-05-18,2.3,0.70104
1995-05-19,2.18,0.664464
1995-05-20,2.08,0.6339840000000001
1995-05-21,1.99,0.606552
1995-05-22,1.91,0.582168
1995-05-23,1.84,0.560832
1995-05-24,1.77,0.5394960000000001
1995-05-25,1.71,0.521208
1995-05-26,1.64,0.499872
1995-05-27,1.6,0.48768000000000006
1995-05-28,1.63,0.496824
1995-05-29,1.68,0.512064
1995-05-30,1.55,0.47244
1995-05-31,1.67,0.509016
1995-06-01,2.42,0.737616
1995-06-02,3.07,0.935736
1995-06-03,3.44,1.048512
1995-06-04,3.03,0.923544
1995-06-05,2.61,0.795528
1995-06-06,2.35,0.71628
1995-06-07,2.15,0.65532
1995-06-08,2.18,0.664464
1995-06-09,2.04,0.621792
1995-06-10,1.92,0.585216
1995-06-11,1.85,0.56388
1995-06-12,2.04,0.621792
1995-06-13,1.98,0.603504
1995-06-14,1.73,0.527304
1995-06-15,1.61,0.49072800000000005
1995-06-16,1.52,0.46329600000000004
1995-06-17,1.43,0.43586400000000003
1995-06-18,1.38,0.420624
1995-06-19,1.35,0.41148000000000007
1995-06-20,1.32,0.402336
1995-06-21,1.27,0.38709600000000005
1995-06-22,1.25,0.381
1995-06-23,1.25,0.381
1995-06-24,1.25,0.381
1995-06-25,1.33,0.405384
1995-06-26,1.53,0.46634400000000004
1995-06-27,1.47,0.448056
1995-06-28,1.38,0.420624
1995-06-29,1.32,0.402336
1995-06-30,1.26,0.384048
1995-07-01,1.27,0.38709600000000005
1995-07-02,1.44,0.438912
1995-07-03,2.06,0.627888
1995-07-04,1.67,0.509016
1995-07-05,1.58,0.48158400000000007
1995-07-06,1.45,0.44196
1995-07-07,1.38,0.420624
1995-07-08,1.31,0.39928800000000003
1995-07-09,1.23,0.374904
1995-07-10,1.19,0.362712
1995-07-11,1.16,0.353568
1995-07-12,1.14,0.347472
1995-07-13,1.32,0.402336
1995-07-14,1.31,0.39928800000000003
1995-07-15,1.21,0.368808
1995-07-16,1.13,0.344424
1995-07-17,1.12,0.34137600000000007
1995-07-18,1.16,0.353568
1995-07-19,1.18,0.359664
1995-07-20,1.21,0.368808
1995-07-21,1.2,0.36576000000000003
1995-07-22,1.49,0.454152
1995-07-23,1.68,0.512064
1995-07-24,1.31,0.39928800000000003
1995-07-25,1.31,0.39928800000000003
1995-07-26,1.56,0.475488
1995-07-27,1.58,0.48158400000000007
1995-07-28,2.05,0.62484
1995-07-29,2.13,0.649224
1995-07-30,1.89,0.576072
1995-07-31,1.73,0.527304
1995-08-01,1.53,0.46634400000000004
1995-08-02,1.39,0.423672
1995-08-03,1.45,0.44196
1995-08-04,1.97,0.600456
1995-08-05,2.4,0.7315200000000001
1995-08-06,3.12,0.950976
1995-08-07,2.56,0.7802880000000001
1995-08-08,2.08,0.6339840000000001
1995-08-09,1.83,0.5577840000000001
1995-08-10,1.67,0.509016
1995-08-11,1.59,0.48463200000000006
1995-08-12,1.52,0.46329600000000004
1995-08-13,1.45,0.44196
1995-08-14,1.45,0.44196
1995-08-15,1.38,0.420624
1995-08-16,1.32,0.402336
1995-08-17,1.28,0.39014400000000005
1995-08-18,1.24,0.377952
1995-08-19,1.22,0.371856
1995-08-20,1.51,0.46024800000000005
1995-08-21,1.39,0.423672
1995-08-22,1.84,0.560832
1995-08-23,3.02,0.9204960000000001
1995-08-24,2.48,0.755904
1995-08-25,1.9,0.57912
1995-08-26,1.66,0.505968
1995-08-27,1.55,0.47244
1995-08-28,1.49,0.454152
1995-08-29,1.43,0.43586400000000003
1995-08-30,1.35,0.41148000000000007
1995-08-31,1.28,0.39014400000000005
1995-09-01,1.22,0.371856
1995-09-02,1.17,0.356616
1995-09-03,1.12,0.34137600000000007
1995-09-04,1.08,0.32918400000000003
1995-09-05,1.05,0.32004000000000005
1995-09-06,1.01,0.307848
1995-09-07,0.98,0.298704
1995-09-08,0.98,0.298704
1995-09-09,0.95,0.28956
1995-09-10,0.97,0.29565600000000003
1995-09-11,0.95,0.28956
1995-09-12,0.94,0.286512
1995-09-13,0.93,0.28346400000000005
1995-09-14,0.95,0.28956
1995-09-15,1.03,0.313944
1995-09-16,1.28,0.39014400000000005
1995-09-17,1.48,0.451104
1995-09-18,1.31,0.39928800000000003
1995-09-19,1.21,0.368808
1995-09-20,1.15,0.35052
1995-09-21,1.11,0.3383280000000001
1995-09-22,1.07,0.32613600000000004
1995-09-23,1.06,0.32308800000000004
1995-09-24,1.07,0.32613600000000004
1995-09-25,1.84,0.560832
1995-09-26,1.95,0.59436
1995-09-27,1.6,0.48768000000000006
1995-09-28,1.42,0.432816
1995-09-29,1.31,0.39928800000000003
1995-09-30,1.22,0.371856
1995-10-01,1.15,0.35052
1995-10-02,1.13,0.344424
1995-10-03,1.85,0.56388
1995-10-04,8.54,2.602992
1995-10-05,13.36,4.072128
1995-10-06,14.53,4.428744
1995-10-07,15.49,4.721352
1995-10-08,17.84,5.437632
1995-10-09,17.06,5.199888
1995-10-10,14.94,4.553712
1995-10-11,12.87,3.922776
1995-10-12,10.81,3.2948880000000003
1995-10-13,9.06,2.7614880000000004
1995-10-14,7.74,2.3591520000000004
1995-10-15,6.55,1.99644
1995-10-16,5.78,1.7617440000000002
1995-10-17,5.57,1.6977360000000001
1995-10-18,5.54,1.688592
1995-10-19,5.56,1.694688
1995-10-20,5.62,1.712976
1995-10-21,5.2,1.5849600000000001
1995-10-22,4.24,1.2923520000000002
1995-10-23,3.74,1.139952
1995-10-24,3.43,1.0454640000000002
1995-10-25,3.23,0.984504
1995-10-26,3.08,0.9387840000000001
1995-10-27,2.97,0.9052560000000001
1995-10-28,3.77,1.1490960000000001
1995-10-29,4.58,1.3959840000000001
1995-10-30,4.47,1.362456
1995-10-31,4.14,1.2618719999999999
1995-11-01,4.1,1.24968
1995-11-02,4.32,1.3167360000000001
1995-11-03,6.01,1.831848
1995-11-04,6.85,2.08788
1995-11-05,6.27,1.911096
1995-11-06,5.7,1.7373600000000002
1995-11-07,6.36,1.9385280000000003
1995-11-08,7.64,2.328672
1995-11-09,6.64,2.023872
1995-11-10,6.38,1.9446240000000001
1995-11-11,7.51,2.289048
1995-11-12,7.81,2.380488
1995-11-13,7.26,2.212848
1995-11-14,6.8,2.0726400000000003
1995-11-15,6.66,2.029968
1995-11-16,6.89,2.100072
1995-11-17,7.25,2.2098
1995-11-18,7.29,2.221992
1995-11-19,6.72,2.048256
1995-11-20,6.05,1.8440400000000001
1995-11-21,5.24,1.5971520000000001
1995-11-22,4.49,1.3685520000000002
1995-11-23,4.13,1.258824
1995-11-24,4.65,1.4173200000000001
1995-11-25,4.74,1.444752
1995-11-26,4.53,1.3807440000000002
1995-11-27,4.29,1.307592
1995-11-28,4.14,1.2618719999999999
1995-11-29,4.02,1.225296
1995-11-30,3.88,1.1826240000000001
1995-12-01,3.74,1.139952
1995-12-02,3.61,1.100328
1995-12-03,3.51,1.069848
1995-12-04,3.45,1.05156
1995-12-05,3.4,1.0363200000000001
1995-12-06,3.55,1.08204
1995-12-07,7.34,2.237232
1995-12-08,5.78,1.7617440000000002
1995-12-09,5.63,1.716024
1995-12-10,5.53,1.6855440000000002
1995-12-11,5.57,1.6977360000000001
1995-12-12,5.59,1.703832
1995-12-13,5.52,1.682496
1995-12-14,5.4,1.6459200000000003
1995-12-15,5.22,1.591056
1995-12-16,4.94,1.5057120000000002
1995-12-17,4.61,1.4051280000000002
1995-12-18,6.0,1.8288000000000002
1995-12-19,13.69,4.172712
1995-12-20,13.99,4.264152
1995-12-21,14.3,4.35864
1995-12-22,16.55,5.044440000000001
1995-12-23,15.83,4.824984000000001
1995-12-24,14.04,4.279392
1995-12-25,12.25,3.7338
1995-12-26,10.45,3.1851599999999998
1995-12-27,8.99,2.740152
1995-12-28,7.77,2.368296
1995-12-29,6.63,2.020824
1995-12-30,5.8,1.76784
1995-12-31,5.51,1.679448
1996-01-01,7.48,2.279904
1996-01-02,8.74,2.663952
1996-01-03,8.56,2.6090880000000003
1996-01-04,8.44,2.572512
1996-01-05,9.11,2.776728
1996-01-06,10.67,3.252216
1996-01-07,11.17,3.4046160000000003
1996-01-08,10.25,3.1242
1996-01-09,9.17,2.795016
1996-01-10,8.31,2.5328880000000003
1996-01-11,7.61,2.319528
1996-01-12,7.15,2.17932
1996-01-13,6.78,2.0665440000000004
1996-01-14,6.45,1.9659600000000002
1996-01-15,6.13,1.868424
1996-01-16,5.89,1.795272
1996-01-17,5.74,1.7495520000000002
1996-01-18,5.78,1.7617440000000002
1996-01-19,6.67,2.033016
1996-01-20,6.59,2.008632
1996-01-21,6.34,1.9324320000000001
1996-01-22,6.17,1.880616
1996-01-23,6.23,1.8989040000000001
1996-01-24,6.85,2.08788
1996-01-25,7.24,2.2067520000000003
1996-01-26,7.29,2.221992
1996-01-27,12.1,3.6880800000000002
1996-01-28,13.6,4.1452800000000005
1996-01-29,12.22,3.7246560000000004
1996-01-30,14.28,4.352544
1996-01-31,15.7,4.78536
1996-02-01,14.32,4.364736000000001
1996-02-02,14.09,4.294632
1996-02-03,15.73,4.794504000000001
1996-02-04,15.22,4.639056
1996-02-05,15.54,4.736592
1996-02-06,16.41,5.001768
1996-02-07,15.0,4.572
1996-02-08,13.39,4.081272
1996-02-09,11.76,3.584448
1996-02-10,10.22,3.1150560000000005
1996-02-11,9.08,2.7675840000000003
1996-02-12,8.2,2.49936
1996-02-13,7.46,2.2738080000000003
1996-02-14,6.9,2.10312
1996-02-15,6.57,2.002536
1996-02-16,6.63,2.020824
1996-02-17,6.36,1.9385280000000003
1996-02-18,5.99,1.8257520000000003
1996-02-19,5.91,1.801368
1996-02-20,8.68,2.645664
1996-02-21,9.19,2.801112
1996-02-22,9.1,2.77368
1996-02-23,8.99,2.740152
1996-02-24,9.84,2.999232
1996-02-25,10.56,3.218688
1996-02-26,9.86,3.005328
1996-02-27,8.91,2.715768
1996-02-28,8.26,2.517648
1996-02-29,7.76,2.3652480000000002
1996-03-01,7.25,2.2098
1996-03-02,7.0,2.1336
1996-03-03,6.97,2.124456
1996-03-04,7.15,2.17932
1996-03-05,7.36,2.243328
1996-03-06,7.9,2.4079200000000003
1996-03-07,9.24,2.816352
1996-03-08,8.83,2.691384
1996-03-09,7.82,2.3835360000000003
1996-03-10,7.32,2.2311360000000002
1996-03-11,7.37,2.246376
1996-03-12,7.67,2.337816
1996-03-13,7.93,2.417064
1996-03-14,7.92,2.414016
1996-03-15,7.46,2.2738080000000003
1996-03-16,6.55,1.99644
1996-03-17,8.64,2.6334720000000003
1996-03-18,11.41,3.477768
1996-03-19,10.55,3.2156400000000005
1996-03-20,9.09,2.770632
1996-03-21,8.63,2.6304240000000005
1996-03-22,8.9,2.7127200000000005
1996-03-23,9.23,2.8133040000000005
1996-03-24,8.86,2.700528
1996-03-25,8.6,2.62128
1996-03-26,8.59,2.618232
1996-03-27,8.68,2.645664
1996-03-28,10.34,3.151632
1996-03-29,10.21,3.1120080000000003
1996-03-30,12.25,3.7338
1996-03-31,16.41,5.001768
1996-04-01,15.91,4.849368
1996-04-02,14.78,4.504944
1996-04-03,14.59,4.447032
1996-04-04,13.89,4.233672
1996-04-05,12.81,3.904488
1996-04-06,11.83,3.6057840000000003
1996-04-07,10.88,3.3162240000000005
1996-04-08,9.71,2.9596080000000002
1996-04-09,8.76,2.670048
1996-04-10,8.09,2.4658320000000002
1996-04-11,7.63,2.325624
1996-04-12,7.26,2.212848
1996-04-13,6.95,2.11836
1996-04-14,6.59,2.008632
1996-04-15,10.47,3.1912560000000005
1996-04-16,11.01,3.355848
1996-04-17,9.79,2.9839919999999998
1996-04-18,9.04,2.755392
1996-04-19,9.13,2.782824
1996-04-20,9.57,2.916936
1996-04-21,9.26,2.822448
1996-04-22,8.4,2.5603200000000004
1996-04-23,7.41,2.2585680000000004
1996-04-24,6.57,2.002536
1996-04-25,5.75,1.7526000000000002
1996-04-26,5.37,1.636776
1996-04-27,5.14,1.566672
1996-04-28,5.58,1.700784
1996-04-29,5.9,1.7983200000000001
1996-04-30,7.85,2.39268
1996-05-01,7.91,2.410968
1996-05-02,7.48,2.279904
1996-05-03,7.27,2.215896
1996-05-04,7.15,2.17932
1996-05-05,7.0,2.1336
1996-05-06,6.2,1.88976
1996-05-07,5.04,1.536192
1996-05-08,4.37,1.331976
1996-05-09,4.0,1.2192
1996-05-10,3.75,1.143
1996-05-11,3.6,1.09728
1996-05-12,3.63,1.106424
1996-05-13,3.8,1.15824
1996-05-14,3.75,1.143
1996-05-15,3.45,1.05156
1996-05-16,3.2,0.9753600000000001
1996-05-17,3.05,0.92964
1996-05-18,2.95,0.8991600000000001
1996-05-19,2.85,0.8686800000000001
1996-05-20,2.72,0.8290560000000001
1996-05-21,2.6,0.7924800000000001
1996-05-22,2.48,0.755904
1996-05-23,2.35,0.71628
1996-05-24,2.25,0.6858000000000001
1996-05-25,2.6,0.7924800000000001
1996-05-26,3.6,1.09728
1996-05-27,3.08,0.9387840000000001
1996-05-28,3.2,0.9753600000000001
1996-05-29,5.1,1.5544799999999999
1996-05-30,5.4,1.6459200000000003
1996-05-31,5.45,1.6611600000000002
1996-06-01,5.7,1.7373600000000002
1996-06-02,6.4,1.9507200000000002
1996-06-03,6.65,2.02692
1996-06-04,5.8,1.76784
1996-06-05,4.41,1.344168
1996-06-06,3.47,1.0576560000000002
1996-06-07,3.13,0.954024
1996-06-08,4.28,1.3045440000000001
1996-06-09,5.22,1.591056
1996-06-10,4.83,1.4721840000000002
1996-06-11,4.17,1.2710160000000001
1996-06-12,3.74,1.139952
1996-06-13,3.35,1.02108
1996-06-14,3.03,0.923544
1996-06-15,2.75,0.8382000000000001
1996-06-16,2.55,0.7772399999999999
1996-06-17,2.44,0.743712
1996-06-18,2.33,0.710184
1996-06-19,2.24,0.6827520000000001
1996-06-20,2.24,0.6827520000000001
1996-06-21,2.35,0.71628
1996-06-22,2.31,0.704088
1996-06-23,2.24,0.6827520000000001
1996-06-24,2.12,0.6461760000000001
1996-06-25,1.99,0.606552
1996-06-26,1.84,0.560832
1996-06-27,1.74,0.530352
1996-06-28,1.67,0.509016
1996-06-29,1.61,0.49072800000000005
1996-06-30,1.55,0.47244
1996-07-01,1.51,0.46024800000000005
1996-07-02,1.47,0.448056
1996-07-03,1.43,0.43586400000000003
1996-07-04,1.38,0.420624
1996-07-05,1.35,0.41148000000000007
1996-07-06,1.38,0.420624
1996-07-07,1.39,0.423672
1996-07-08,1.42,0.432816
1996-07-09,1.49,0.454152
1996-07-10,1.64,0.499872
1996-07-11,2.03,0.618744
1996-07-12,1.94,0.5913120000000001
1996-07-13,1.7,0.5181600000000001
1996-07-14,1.63,0.496824
1996-07-15,1.58,0.48158400000000007
1996-07-16,2.03,0.618744
1996-07-17,2.91,0.8869680000000001
1996-07-18,2.69,0.819912
1996-07-19,2.51,0.765048
1996-07-20,2.36,0.719328
1996-07-21,2.17,0.661416
1996-07-22,2.01,0.612648
1996-07-23,1.85,0.56388
1996-07-24,1.74,0.530352
1996-07-25,1.72,0.524256
1996-07-26,2.16,0.6583680000000001
1996-07-27,2.55,0.7772399999999999
1996-07-28,2.62,0.7985760000000001
1996-07-29,2.69,0.819912
1996-07-30,2.67,0.813816
1996-07-31,2.43,0.7406640000000001
1996-08-01,2.23,0.679704
1996-08-02,2.32,0.707136
1996-08-03,2.34,0.713232
1996-08-04,2.21,0.673608
1996-08-05,2.16,0.6583680000000001
1996-08-06,2.03,0.618744
1996-08-07,1.96,0.597408
1996-08-08,2.05,0.62484
1996-08-09,2.01,0.612648
1996-08-10,2.19,0.667512
1996-08-11,3.34,1.018032
1996-08-12,4.42,1.347216
1996-08-13,4.37,1.331976
1996-08-14,3.09,0.941832
1996-08-15,2.46,0.749808
1996-08-16,2.17,0.661416
1996-08-17,1.98,0.603504
1996-08-18,1.84,0.560832
1996-08-19,1.72,0.524256
1996-08-20,1.61,0.49072800000000005
1996-08-21,1.53,0.46634400000000004
1996-08-22,1.44,0.438912
1996-08-23,1.36,0.41452800000000006
1996-08-24,1.32,0.402336
1996-08-25,1.29,0.39319200000000004
1996-08-26,1.37,0.41757600000000006
1996-08-27,1.49,0.454152
1996-08-28,1.46,0.445008
1996-08-29,1.64,0.499872
1996-08-30,1.66,0.505968
1996-08-31,2.05,0.62484
1996-09-01,3.88,1.1826240000000001
1996-09-02,4.56,1.389888
1996-09-03,4.45,1.3563600000000002
1996-09-04,5.57,1.6977360000000001
1996-09-05,6.09,1.856232
1996-09-06,7.16,2.1823680000000003
1996-09-07,10.52,3.206496
1996-09-08,11.3,3.44424
1996-09-09,9.63,2.9352240000000003
1996-09-10,7.16,2.1823680000000003
1996-09-11,4.42,1.347216
1996-09-12,3.52,1.072896
1996-09-13,3.16,0.9631680000000001
1996-09-14,3.16,0.9631680000000001
1996-09-15,3.01,0.9174479999999999
1996-09-16,2.75,0.8382000000000001
1996-09-17,2.55,0.7772399999999999
1996-09-18,2.45,0.7467600000000001
1996-09-19,2.76,0.841248
1996-09-20,2.83,0.862584
1996-09-21,2.63,0.801624
1996-09-22,2.47,0.7528560000000001
1996-09-23,2.28,0.694944
1996-09-24,2.17,0.661416
1996-09-25,2.07,0.6309359999999999
1996-09-26,1.96,0.597408
1996-09-27,1.89,0.576072
1996-09-28,1.95,0.59436
1996-09-29,2.27,0.6918960000000001
1996-09-30,2.92,0.890016
1996-10-01,2.8,0.85344
1996-10-02,2.75,0.8382000000000001
1996-10-03,2.84,0.865632
1996-10-04,2.79,0.850392
1996-10-05,2.63,0.801624
1996-10-06,2.47,0.7528560000000001
1996-10-07,2.34,0.713232
1996-10-08,2.27,0.6918960000000001
1996-10-09,2.42,0.737616
1996-10-10,2.5,0.762
1996-10-11,2.36,0.719328
1996-10-12,2.24,0.6827520000000001
1996-10-13,2.12,0.6461760000000001
1996-10-14,2.0,0.6096
1996-10-15,1.91,0.582168
1996-10-16,1.84,0.560832
1996-10-17,1.79,0.5455920000000001
1996-10-18,1.76,0.536448
1996-10-19,1.72,0.524256
1996-10-20,1.69,0.515112
1996-10-21,1.65,0.50292
1996-10-22,1.62,0.49377600000000005
1996-10-23,1.61,0.49072800000000005
1996-10-24,1.6,0.48768000000000006
1996-10-25,1.6,0.48768000000000006
1996-10-26,1.6,0.48768000000000006
1996-10-27,1.6,0.48768000000000006
1996-10-28,1.6,0.48768000000000006
1996-10-29,1.62,0.49377600000000005
1996-10-30,1.6,0.48768000000000006
1996-10-31,1.61,0.49072800000000005
1996-11-01,1.61,0.49072800000000005
1996-11-02,1.64,0.499872
1996-11-03,1.7,0.5181600000000001
1996-11-04,1.97,0.600456
1996-11-05,2.07,0.6309359999999999
1996-11-06,1.99,0.606552
1996-11-07,1.96,0.597408
1996-11-08,2.28,0.694944
1996-11-09,2.89,0.8808720000000001
1996-11-10,3.31,1.008888
1996-11-11,3.3,1.00584
1996-11-12,3.11,0.947928
1996-11-13,2.88,0.877824
1996-11-14,2.65,0.80772
1996-11-15,2.43,0.7406640000000001
1996-11-16,2.27,0.6918960000000001
1996-11-17,2.17,0.661416
1996-11-18,2.1,0.6400800000000001
1996-11-19,2.1,0.6400800000000001
1996-11-20,2.24,0.6827520000000001
1996-11-21,2.48,0.755904
1996-11-22,2.46,0.749808
1996-11-23,2.4,0.7315200000000001
1996-11-24,2.33,0.710184
1996-11-25,2.3,0.70104
1996-11-26,2.55,0.7772399999999999
1996-11-27,3.01,0.9174479999999999
1996-11-28,3.06,0.9326880000000001
1996-11-29,2.9,0.88392
1996-11-30,2.78,0.847344
1996-12-01,3.0,0.9144000000000001
1996-12-02,3.53,1.075944
1996-12-03,3.74,1.139952
1996-12-04,3.76,1.146048
1996-12-05,3.79,1.155192
1996-12-06,3.73,1.1369040000000001
1996-12-07,3.53,1.075944
1996-12-08,3.36,1.024128
1996-12-09,3.11,0.947928
1996-12-10,2.85,0.8686800000000001
1996-12-11,2.68,0.816864
1996-12-12,2.57,0.783336
1996-12-13,2.55,0.7772399999999999
1996-12-14,2.81,0.856488
1996-12-15,2.89,0.8808720000000001
1996-12-16,2.76,0.841248
1996-12-17,2.84,0.865632
1996-12-18,3.04,0.9265920000000001
1996-12-19,3.3,1.00584
1996-12-20,3.49,1.063752
1996-12-21,3.44,1.048512
1996-12-22,3.36,1.024128
1996-12-23,3.24,0.9875520000000001
1996-12-24,3.08,0.9387840000000001
1996-12-25,2.97,0.9052560000000001
1996-12-26,2.96,0.902208
1996-12-27,2.96,0.902208
1996-12-28,2.91,0.8869680000000001
1996-12-29,2.9,0.88392
1996-12-30,2.84,0.865632
1996-12-31,2.79,0.850392
1997-01-01,2.8,0.85344
1997-01-02,2.99,0.9113520000000002
1997-01-03,3.07,0.935736
1997-01-04,2.95,0.8991600000000001
1997-01-05,2.94,0.896112
1997-01-06,3.01,0.9174479999999999
1997-01-07,3.32,1.011936
1997-01-08,4.22,1.286256
1997-01-09,5.34,1.627632
1997-01-10,5.93,1.807464
1997-01-11,6.14,1.871472
1997-01-12,6.35,1.93548
1997-01-13,6.58,2.0055840000000003
1997-01-14,6.73,2.051304
1997-01-15,6.66,2.029968
1997-01-16,6.42,1.956816
1997-01-17,6.06,1.847088
1997-01-18,5.83,1.7769840000000001
1997-01-19,5.73,1.7465040000000003
1997-01-20,5.83,1.7769840000000001
1997-01-21,5.96,1.816608
1997-01-22,5.67,1.728216
1997-01-23,5.14,1.566672
1997-01-24,5.19,1.5819120000000002
1997-01-25,6.06,1.847088
1997-01-26,6.14,1.871472
1997-01-27,6.1,1.85928
1997-01-28,6.43,1.959864
1997-01-29,7.0,2.1336
1997-01-30,7.63,2.325624
1997-01-31,7.77,2.368296
1997-02-01,7.36,2.243328
1997-02-02,6.87,2.093976
1997-02-03,6.23,1.8989040000000001
1997-02-04,5.58,1.700784
1997-02-05,5.15,1.5697200000000002
1997-02-06,4.69,1.4295120000000001
1997-02-07,4.34,1.322832
1997-02-08,4.12,1.255776
1997-02-09,4.08,1.243584
1997-02-10,4.06,1.237488
1997-02-11,3.99,1.2161520000000001
1997-02-12,3.91,1.1917680000000002
1997-02-13,3.96,1.207008
1997-02-14,5.52,1.682496
1997-02-15,9.09,2.770632
1997-02-16,9.07,2.764536
1997-02-17,8.85,2.69748
1997-02-18,10.86,3.310128
1997-02-19,13.98,4.2611040000000004
1997-02-20,13.26,4.041648
1997-02-21,11.66,3.5539680000000002
1997-02-22,11.26,3.432048
1997-02-23,10.35,3.15468
1997-02-24,9.38,2.8590240000000002
1997-02-25,9.68,2.950464
1997-02-26,11.59,3.532632
1997-02-27,11.7,3.56616
1997-02-28,10.72,3.267456
1997-03-01,10.0,3.048
1997-03-02,9.39,2.8620720000000004
1997-03-03,8.81,2.6852880000000003
1997-03-04,8.22,2.505456
1997-03-05,7.8,2.37744
1997-03-06,7.56,2.304288
1997-03-07,7.09,2.161032
1997-03-08,6.47,1.972056
1997-03-09,5.7,1.7373600000000002
1997-03-10,5.09,1.5514320000000001
1997-03-11,4.76,1.450848
1997-03-12,4.56,1.389888
1997-03-13,4.46,1.359408
1997-03-14,6.25,1.905
1997-03-15,6.51,1.984248
1997-03-16,6.3,1.92024
1997-03-17,6.12,1.8653760000000001
1997-03-18,6.01,1.831848
1997-03-19,5.7,1.7373600000000002
1997-03-20,5.45,1.6611600000000002
1997-03-21,5.31,1.618488
1997-03-22,4.96,1.511808
1997-03-23,4.76,1.450848
1997-03-24,4.59,1.399032
1997-03-25,4.29,1.307592
1997-03-26,3.96,1.207008
1997-03-27,3.73,1.1369040000000001
1997-03-28,3.58,1.0911840000000002
1997-03-29,3.55,1.08204
1997-03-30,3.65,1.11252
1997-03-31,3.69,1.124712
1997-04-01,4.19,1.2771120000000002
1997-04-02,4.39,1.338072
1997-04-03,4.34,1.322832
1997-04-04,4.13,1.258824
1997-04-05,3.92,1.194816
1997-04-06,4.03,1.228344
1997-04-07,4.1,1.24968
1997-04-08,4.01,1.222248
1997-04-09,3.77,1.1490960000000001
1997-04-10,3.56,1.085088
1997-04-11,3.3,1.00584
1997-04-12,3.36,1.024128
1997-04-13,3.5,1.0668
1997-04-14,3.71,1.130808
1997-04-15,3.53,1.075944
1997-04-16,3.32,1.011936
1997-04-17,3.07,0.935736
1997-04-18,2.83,0.862584
1997-04-19,2.65,0.80772
1997-04-20,2.52,0.768096
1997-04-21,2.43,0.7406640000000001
1997-04-22,2.36,0.719328
1997-04-23,2.5,0.762
1997-04-24,2.76,0.841248
1997-04-25,3.31,1.008888
1997-04-26,3.95,1.2039600000000001
1997-04-27,6.33,1.9293840000000002
1997-04-28,12.61,3.843528
1997-04-29,12.49,3.8069520000000003
1997-04-30,11.7,3.56616
1997-05-01,14.43,4.398264
1997-05-02,15.11,4.605528
1997-05-03,13.52,4.120896
1997-05-04,11.58,3.5295840000000003
1997-05-05,9.57,2.916936
1997-05-06,7.7,2.34696
1997-05-07,6.12,1.8653760000000001
1997-05-08,5.25,1.6002
1997-05-09,4.61,1.4051280000000002
1997-05-10,4.06,1.237488
1997-05-11,3.59,1.094232
1997-05-12,3.27,0.996696
1997-05-13,3.08,0.9387840000000001
1997-05-14,2.96,0.902208
1997-05-15,2.86,0.8717280000000001
1997-05-16,2.69,0.819912
1997-05-17,2.54,0.7741920000000001
1997-05-18,2.41,0.7345680000000001
1997-05-19,2.31,0.704088
1997-05-20,2.5,0.762
1997-05-21,2.64,0.804672
1997-05-22,2.67,0.813816
1997-05-23,2.5,0.762
1997-05-24,2.7,0.8229600000000001
1997-05-25,2.91,0.8869680000000001
1997-05-26,2.87,0.8747760000000001
1997-05-27,2.82,0.859536
1997-05-28,4.02,1.225296
1997-05-29,7.91,2.410968
1997-05-30,7.82,2.3835360000000003
1997-05-31,6.78,2.0665440000000004
1997-06-01,6.57,2.002536
1997-06-02,6.1,1.85928
1997-06-03,5.38,1.639824
1997-06-04,4.72,1.438656
1997-06-05,4.3,1.31064
1997-06-06,4.15,1.2649200000000003
1997-06-07,3.8,1.15824
1997-06-08,3.34,1.018032
1997-06-09,3.01,0.9174479999999999
1997-06-10,2.8,0.85344
1997-06-11,2.66,0.810768
1997-06-12,2.53,0.7711439999999999
1997-06-13,2.57,0.783336
1997-06-14,2.73,0.8321040000000001
1997-06-15,2.34,0.713232
1997-06-16,2.31,0.704088
1997-06-17,3.27,0.996696
1997-06-18,6.5,1.9812
1997-06-19,6.16,1.8775680000000001
1997-06-20,5.06,1.5422879999999999
1997-06-21,5.2,1.5849600000000001
1997-06-22,5.42,1.6520160000000002
1997-06-23,4.38,1.335024
1997-06-24,4.2,1.2801600000000002
1997-06-25,4.64,1.414272
1997-06-26,4.6,1.40208
1997-06-27,4.28,1.3045440000000001
1997-06-28,4.31,1.313688
1997-06-29,3.98,1.213104
1997-06-30,5.24,1.5971520000000001
1997-07-01,5.24,1.5971520000000001
1997-07-02,4.03,1.228344
1997-07-03,3.86,1.176528
1997-07-04,3.98,1.213104
1997-07-05,3.86,1.176528
1997-07-06,3.37,1.027176
1997-07-07,3.31,1.008888
1997-07-08,4.52,1.377696
1997-07-09,4.15,1.2649200000000003
1997-07-10,4.15,1.2649200000000003
1997-07-11,3.82,1.164336
1997-07-12,3.68,1.121664
1997-07-13,3.76,1.146048
1997-07-14,3.57,1.088136
1997-07-15,2.83,0.862584
1997-07-16,2.35,0.71628
1997-07-17,2.15,0.65532
1997-07-18,2.08,0.6339840000000001
1997-07-19,2.11,0.643128
1997-07-20,2.41,0.7345680000000001
1997-07-21,2.36,0.719328
1997-07-22,2.2,0.67056
1997-07-23,2.14,0.6522720000000001
1997-07-24,2.14,0.6522720000000001
1997-07-25,2.13,0.649224
1997-07-26,2.31,0.704088
1997-07-27,2.58,0.7863840000000001
1997-07-28,2.75,0.8382000000000001
1997-07-29,3.33,1.014984
1997-07-30,3.78,1.152144
1997-07-31,4.03,1.228344
1997-08-01,3.84,1.170432
1997-08-02,3.04,0.9265920000000001
1997-08-03,2.66,0.810768
1997-08-04,2.39,0.7284720000000001
1997-08-05,2.25,0.6858000000000001
1997-08-06,2.13,0.649224
1997-08-07,2.02,0.615696
1997-08-08,1.91,0.582168
1997-08-09,1.92,0.585216
1997-08-10,2.05,0.62484
1997-08-11,2.19,0.667512
1997-08-12,2.21,0.673608
1997-08-13,2.15,0.65532
1997-08-14,2.03,0.618744
1997-08-15,1.9,0.57912
1997-08-16,1.87,0.569976
1997-08-17,1.94,0.5913120000000001
1997-08-18,1.93,0.588264
1997-08-19,1.88,0.573024
1997-08-20,1.88,0.573024
1997-08-21,1.79,0.5455920000000001
1997-08-22,1.72,0.524256
1997-08-23,1.72,0.524256
1997-08-24,1.63,0.496824
1997-08-25,1.53,0.46634400000000004
1997-08-26,1.45,0.44196
1997-08-27,1.38,0.420624
1997-08-28,1.35,0.41148000000000007
1997-09-04,1.08,0.32918400000000003
1997-09-05,1.06,0.32308800000000004
1997-09-06,1.02,0.310896
1997-09-07,1.01,0.307848
1997-09-08,1.01,0.307848
1997-09-09,1.01,0.307848
1997-09-10,1.0,0.3048
1997-09-11,1.01,0.307848
1997-09-12,1.01,0.307848
1997-09-13,1.18,0.359664
1997-09-14,1.21,0.368808
1997-09-15,1.12,0.34137600000000007
1997-09-16,1.06,0.32308800000000004
1997-09-17,1.02,0.310896
1997-09-18,1.0,0.3048
1997-09-19,0.99,0.301752
1997-09-20,0.96,0.292608
1997-09-21,0.93,0.28346400000000005
1997-09-22,0.93,0.28346400000000005
1997-09-23,0.94,0.286512
1997-09-24,0.93,0.28346400000000005
1997-09-25,1.0,0.3048
1997-09-26,1.13,0.344424
1997-09-27,1.95,0.59436
1997-09-28,2.1,0.6400800000000001
1997-09-29,1.8,0.54864
1997-09-30,1.61,0.49072800000000005
1997-10-01,1.48,0.451104
1997-10-02,1.37,0.41757600000000006
1997-10-03,1.28,0.39014400000000005
1997-10-04,1.22,0.371856
1997-10-05,1.18,0.359664
1997-10-06,1.14,0.347472
1997-10-07,1.12,0.34137600000000007
1997-10-08,1.1,0.33528
1997-10-09,1.08,0.32918400000000003
1997-10-10,1.07,0.32613600000000004
1997-10-11,1.06,0.32308800000000004
1997-10-12,1.05,0.32004000000000005
1997-10-13,1.04,0.31699200000000005
1997-10-14,1.03,0.313944
1997-10-15,1.01,0.307848
1997-10-16,1.02,0.310896
1997-10-17,1.03,0.313944
1997-10-18,1.03,0.313944
1997-10-19,1.02,0.310896
1997-10-20,1.02,0.310896
1997-10-21,1.02,0.310896
1997-10-22,1.01,0.307848
1997-10-23,1.01,0.307848
1997-10-24,1.18,0.359664
1997-10-25,1.61,0.49072800000000005
1997-10-26,3.74,1.139952
1997-10-27,6.04,1.8409920000000002
1997-10-28,7.09,2.161032
1997-10-29,7.19,2.1915120000000003
1997-10-30,4.58,1.3959840000000001
1997-10-31,3.25,0.9906
1997-11-01,2.91,0.8869680000000001
1997-11-02,3.84,1.170432
1997-11-03,5.78,1.7617440000000002
1997-11-04,5.29,1.612392
1997-11-05,3.99,1.2161520000000001
1997-11-06,3.38,1.030224
1997-11-07,3.04,0.9265920000000001
1997-11-08,2.85,0.8686800000000001
1997-11-09,2.67,0.813816
1997-11-10,2.52,0.768096
1997-11-11,2.38,0.725424
1997-11-12,2.63,0.801624
1997-11-13,5.36,1.633728
1997-11-14,7.54,2.2981920000000002
1997-11-15,7.49,2.2829520000000003
1997-11-16,7.09,2.161032
1997-11-17,6.64,2.023872
1997-11-18,6.21,1.892808
1997-11-19,5.33,1.624584
1997-11-20,4.33,1.319784
1997-11-21,3.72,1.1338560000000002
1997-11-22,3.6,1.09728
1997-11-23,4.37,1.331976
1997-11-24,5.24,1.5971520000000001
1997-11-25,5.9,1.7983200000000001
1997-11-26,6.53,1.9903440000000001
1997-11-27,7.18,2.188464
1997-11-28,7.65,2.3317200000000002
1997-11-29,9.39,2.8620720000000004
1997-11-30,13.54,4.1269919999999995
1997-12-01,13.52,4.120896
1997-12-02,11.46,3.4930080000000006
1997-12-03,11.06,3.3710880000000003
1997-12-04,13.12,3.998976
1997-12-05,12.88,3.9258240000000004
1997-12-06,11.5,3.5052000000000003
1997-12-07,9.99,3.0449520000000003
1997-12-08,8.78,2.676144
1997-12-09,7.87,2.3987760000000002
1997-12-10,7.5,2.286
1997-12-11,7.0,2.1336
1997-12-12,6.8,2.0726400000000003
1997-12-13,6.55,1.99644
1997-12-14,6.45,1.9659600000000002
1997-12-15,6.44,1.9629120000000002
1997-12-16,6.42,1.956816
1997-12-17,6.34,1.9324320000000001
1997-12-18,6.22,1.895856
1997-12-19,6.06,1.847088
1997-12-20,5.78,1.7617440000000002
1997-12-21,5.45,1.6611600000000002
1997-12-22,5.19,1.5819120000000002
1997-12-23,5.11,1.5575280000000002
1997-12-24,9.2,2.80416
1997-12-25,11.71,3.5692080000000006
1997-12-26,12.02,3.663696
1997-12-27,15.86,4.834128
1997-12-28,17.3,5.273040000000001
1997-12-29,15.56,4.742688
1997-12-30,13.46,4.102608
1997-12-31,11.44,3.4869120000000002
1998-01-01,9.78,2.980944
1998-01-02,8.64,2.6334720000000003
1998-01-03,7.62,2.322576
1998-01-04,6.69,2.0391120000000003
1998-01-05,6.11,1.8623280000000002
1998-01-06,7.11,2.1671280000000004
1998-01-07,8.28,2.5237439999999998
1998-01-08,10.85,3.30708
1998-01-09,11.23,3.4229040000000004
1998-01-10,12.26,3.736848
1998-01-11,14.85,4.52628
1998-01-12,13.98,4.2611040000000004
1998-01-13,12.27,3.739896
1998-01-14,10.68,3.255264
1998-01-15,9.89,3.0144720000000005
1998-01-16,9.71,2.9596080000000002
1998-01-17,8.84,2.694432
1998-01-18,8.04,2.450592
1998-01-19,7.83,2.386584
1998-01-20,7.97,2.429256
1998-01-21,8.15,2.4841200000000003
1998-01-22,8.49,2.587752
1998-01-23,9.98,3.041904
1998-01-24,9.8,2.9870400000000004
1998-01-25,9.23,2.8133040000000005
1998-01-26,8.91,2.715768
1998-01-27,9.36,2.852928
1998-01-28,9.58,2.9199840000000004
1998-01-29,9.0,2.7432000000000003
1998-01-30,8.27,2.520696
1998-01-31,7.67,2.337816
1998-02-01,7.1,2.16408
1998-02-02,6.69,2.0391120000000003
1998-02-03,9.31,2.8376880000000004
1998-02-04,11.8,3.5966400000000003
1998-02-05,11.35,3.45948
1998-02-06,12.53,3.819144
1998-02-07,15.78,4.809744
1998-02-08,14.78,4.504944
1998-02-09,12.91,3.934968
1998-02-10,11.05,3.3680400000000006
1998-02-11,9.72,2.9626560000000004
1998-02-12,8.8,2.68224
1998-02-13,7.9,2.4079200000000003
1998-02-14,7.18,2.188464
1998-02-15,6.74,2.054352
1998-02-16,7.29,2.221992
1998-02-17,10.23,3.118104
1998-02-18,11.16,3.401568
1998-02-19,10.47,3.1912560000000005
1998-02-20,11.73,3.5753040000000005
1998-02-21,13.64,4.157472
1998-02-22,13.04,3.974592
1998-02-23,12.12,3.694176
1998-02-24,10.96,3.3406080000000005
1998-02-25,9.87,3.0083759999999997
1998-02-26,9.14,2.7858720000000003
1998-02-27,9.68,2.950464
1998-02-28,10.11,3.081528
1998-03-01,9.61,2.929128
1998-03-02,8.87,2.703576
1998-03-03,8.5,2.5908
1998-03-04,8.4,2.5603200000000004
1998-03-05,8.28,2.5237439999999998
1998-03-06,8.24,2.511552
1998-03-07,8.94,2.724912
1998-03-08,18.41,5.611368000000001
1998-03-31,5.51,1.679448
1998-04-01,5.99,1.8257520000000003
1998-04-02,6.77,2.0634959999999998
1998-04-03,7.08,2.1579840000000003
1998-04-04,7.01,2.136648
1998-04-05,6.7,2.04216
1998-04-06,6.31,1.9232879999999999
1998-04-07,5.91,1.801368
1998-04-08,6.1,1.85928
1998-04-09,7.2,2.19456
1998-04-10,6.73,2.051304
1998-04-11,6.71,2.045208
1998-04-12,6.45,1.9659600000000002
1998-04-13,6.04,1.8409920000000002
1998-04-14,5.64,1.719072
1998-04-15,5.24,1.5971520000000001
1998-04-16,4.95,1.50876
1998-04-17,4.76,1.450848
1998-04-18,5.43,1.655064
1998-04-19,5.69,1.7343120000000003
1998-04-20,6.63,2.020824
1998-04-21,6.93,2.112264
1998-04-22,6.84,2.084832
1998-04-23,6.74,2.054352
1998-04-24,6.72,2.048256
1998-04-25,6.61,2.0147280000000003
1998-04-26,5.84,1.780032
1998-04-27,4.96,1.511808
1998-04-28,4.5,1.3716000000000002
1998-04-29,4.14,1.2618719999999999
1998-04-30,3.92,1.194816
1998-05-01,3.87,1.1795760000000002
1998-05-02,3.8,1.15824
1998-05-03,3.66,1.1155680000000001
1998-05-04,4.1,1.24968
1998-05-05,4.83,1.4721840000000002
1998-05-06,4.96,1.511808
1998-05-07,4.66,1.420368
1998-05-08,4.28,1.3045440000000001
1998-05-09,3.89,1.185672
1998-05-10,3.86,1.176528
1998-05-11,3.76,1.146048
1998-05-12,3.43,1.0454640000000002
1998-05-13,3.11,0.947928
1998-05-14,2.86,0.8717280000000001
1998-05-15,2.68,0.816864
1998-05-16,2.53,0.7711439999999999
1998-05-17,2.41,0.7345680000000001
1998-05-18,2.3,0.70104
1998-05-19,2.21,0.673608
1998-05-20,2.11,0.643128
1998-05-21,2.01,0.612648
1998-05-22,1.95,0.59436
1998-05-23,1.89,0.576072
1998-05-24,1.84,0.560832
1998-05-25,1.79,0.5455920000000001
1998-05-26,1.75,0.5334
1998-05-27,1.71,0.521208
1998-05-28,1.67,0.509016
1998-05-29,1.64,0.499872
1998-05-30,1.63,0.496824
1998-05-31,1.72,0.524256
1998-06-01,1.64,0.499872
1998-06-02,1.61,0.49072800000000005
1998-06-03,1.59,0.48463200000000006
1998-06-04,1.52,0.46329600000000004
1998-06-05,1.45,0.44196
1998-06-06,1.62,0.49377600000000005
1998-06-07,1.91,0.582168
1998-06-08,2.6,0.7924800000000001
1998-06-09,2.43,0.7406640000000001
1998-06-10,2.04,0.621792
1998-06-11,1.78,0.542544
1998-06-12,1.66,0.505968
1998-06-13,1.58,0.48158400000000007
1998-06-14,1.5,0.45720000000000005
1998-06-15,1.44,0.438912
1998-06-16,1.4,0.42672
1998-06-17,1.33,0.405384
1998-06-18,1.29,0.39319200000000004
1998-06-19,1.25,0.381
1998-06-20,1.36,0.41452800000000006
1998-06-21,1.42,0.432816
1998-06-22,1.55,0.47244
1998-06-23,1.62,0.49377600000000005
1998-06-24,1.55,0.47244
1998-06-25,1.42,0.432816
1998-06-26,1.48,0.451104
1998-06-27,1.46,0.445008
1998-06-28,1.5,0.45720000000000005
1998-06-29,1.5,0.45720000000000005
1998-06-30,1.37,0.41757600000000006
1998-07-01,1.26,0.384048
1998-07-02,1.19,0.362712
1998-07-03,1.16,0.353568
1998-07-04,1.25,0.381
1998-07-05,1.35,0.41148000000000007
1998-07-06,1.57,0.478536
1998-07-07,1.59,0.48463200000000006
1998-07-08,1.45,0.44196
1998-07-09,1.36,0.41452800000000006
1998-07-10,2.01,0.612648
1998-07-11,1.46,0.445008
1998-07-12,1.84,0.560832
1998-07-13,1.68,0.512064
1998-07-14,2.19,0.667512
1998-07-15,3.49,1.063752
1998-07-16,2.51,0.765048
1998-07-17,2.04,0.621792
1998-07-18,1.98,0.603504
1998-07-19,1.8,0.54864
1998-07-20,1.61,0.49072800000000005
1998-07-21,1.48,0.451104
1998-07-22,1.38,0.420624
1998-07-23,1.35,0.41148000000000007
1998-07-24,1.36,0.41452800000000006
1998-07-25,1.3,0.39624000000000004
1998-07-26,1.27,0.38709600000000005
1998-07-27,1.47,0.448056
1998-07-28,1.7,0.5181600000000001
1998-07-29,1.85,0.56388
1998-07-30,2.23,0.679704
1998-07-31,2.6,0.7924800000000001
1998-08-01,2.12,0.6461760000000001
1998-08-02,2.19,0.667512
1998-08-03,2.13,0.649224
1998-08-04,2.05,0.62484
1998-08-05,1.86,0.5669280000000001
1998-08-06,1.64,0.499872
1998-08-07,1.48,0.451104
1998-08-08,1.4,0.42672
1998-08-09,1.36,0.41452800000000006
1998-08-10,1.47,0.448056
1998-08-11,1.9,0.57912
1998-08-12,1.98,0.603504
1998-08-13,1.71,0.521208
1998-08-14,1.75,0.5334
1998-08-15,1.84,0.560832
1998-08-16,1.84,0.560832
1998-08-17,2.09,0.637032
1998-08-18,2.11,0.643128
1998-08-19,2.03,0.618744
1998-08-20,1.87,0.569976
1998-08-21,1.69,0.515112
1998-08-22,1.54,0.46939200000000003
1998-08-23,1.43,0.43586400000000003
1998-08-24,1.37,0.41757600000000006
1998-08-25,1.31,0.39928800000000003
1998-08-26,1.26,0.384048
1998-08-27,1.22,0.371856
1998-08-28,1.2,0.36576000000000003
1998-08-29,1.19,0.362712
1998-08-30,1.19,0.362712
1998-08-31,1.14,0.347472
1998-09-01,0.99,0.301752
1998-09-02,0.98,0.298704
1998-09-03,1.25,0.381
1998-09-04,1.36,0.41452800000000006
1998-09-05,1.53,0.46634400000000004
1998-09-06,1.59,0.48463200000000006
1998-09-07,1.52,0.46329600000000004
1998-09-08,1.4,0.42672
1998-09-09,1.29,0.39319200000000004
1998-09-10,1.21,0.368808
1998-09-11,1.16,0.353568
1998-09-12,1.13,0.344424
1998-09-13,1.11,0.3383280000000001
1998-09-14,1.11,0.3383280000000001
1998-09-15,1.09,0.332232
1998-09-16,1.09,0.332232
1998-09-17,1.06,0.32308800000000004
1998-09-18,1.08,0.32918400000000003
1998-09-19,1.15,0.35052
1998-09-20,1.33,0.405384
1998-09-21,1.68,0.512064
1998-09-22,3.01,0.9174479999999999
1998-09-23,3.73,1.1369040000000001
1998-09-24,2.78,0.847344
1998-09-25,2.05,0.62484
1998-09-26,1.73,0.527304
1998-09-27,1.57,0.478536
1998-09-28,2.42,0.737616
1998-09-29,14.17,4.319016
1998-09-30,18.68,5.693664
1998-10-01,16.45,5.01396
1998-10-02,16.57,5.050536
1998-10-03,17.6,5.36448
1998-10-04,15.73,4.794504000000001
1998-10-05,13.64,4.157472
1998-10-06,11.62,3.541776
1998-10-07,10.38,3.1638240000000004
1998-10-08,8.98,2.7371040000000004
1998-10-09,6.76,2.060448
1998-10-10,5.77,1.758696
1998-10-11,5.3,1.61544
1998-10-12,5.07,1.5453360000000003
1998-10-13,4.62,1.408176
1998-10-14,4.15,1.2649200000000003
1998-10-15,3.75,1.143
1998-10-16,3.45,1.05156
1998-10-17,3.23,0.984504
1998-10-18,3.06,0.9326880000000001
1998-10-19,2.92,0.890016
1998-10-20,2.82,0.859536
1998-10-21,2.72,0.8290560000000001
1998-10-22,2.61,0.795528
1998-10-23,2.48,0.755904
1998-10-24,2.37,0.722376
1998-10-25,2.3,0.70104
1998-10-26,2.25,0.6858000000000001
1998-10-27,2.21,0.673608
1998-10-28,2.17,0.661416
1998-10-29,2.13,0.649224
1998-10-30,2.11,0.643128
1998-10-31,2.09,0.637032
1998-11-01,2.04,0.621792
1998-11-02,2.02,0.615696
1998-11-03,2.03,0.618744
1998-11-04,2.07,0.6309359999999999
1998-11-05,2.01,0.612648
1998-11-06,1.97,0.600456
1998-11-07,1.94,0.5913120000000001
1998-11-08,1.95,0.59436
1998-11-09,1.97,0.600456
1998-11-10,2.01,0.612648
1998-11-11,2.29,0.6979920000000001
1998-11-12,2.65,0.80772
1998-11-13,2.76,0.841248
1998-11-14,2.63,0.801624
1998-11-15,2.82,0.859536
1998-11-16,3.28,0.999744
1998-11-17,3.67,1.118616
1998-11-18,3.63,1.106424
1998-11-19,3.36,1.024128
1998-11-20,3.14,0.957072
1998-11-21,3.0,0.9144000000000001
1998-11-22,2.79,0.850392
1998-11-23,2.74,0.8351520000000001
1998-11-24,2.97,0.9052560000000001
1998-11-25,3.3,1.00584
1998-11-26,3.17,0.9662160000000001
1998-11-27,2.96,0.902208
1998-11-28,2.85,0.8686800000000001
1998-11-29,2.71,0.8260080000000001
1998-11-30,2.6,0.7924800000000001
1998-12-01,2.51,0.765048
1998-12-02,2.44,0.743712
1998-12-03,2.4,0.7315200000000001
1998-12-04,2.37,0.722376
1998-12-05,2.34,0.713232
1998-12-06,2.32,0.707136
1998-12-07,2.35,0.71628
1998-12-08,2.54,0.7741920000000001
1998-12-09,2.76,0.841248
1998-12-10,2.73,0.8321040000000001
1998-12-11,2.62,0.7985760000000001
1998-12-12,2.52,0.768096
1998-12-13,2.66,0.810768
1998-12-14,2.86,0.8717280000000001
1998-12-15,2.86,0.8717280000000001
1998-12-16,2.7,0.8229600000000001
1998-12-17,2.58,0.7863840000000001
1998-12-18,2.48,0.755904
1998-12-19,2.4,0.7315200000000001
1998-12-20,2.36,0.719328
1998-12-21,2.35,0.71628
1998-12-22,2.36,0.719328
1998-12-23,2.36,0.719328
1998-12-24,2.35,0.71628
1998-12-25,2.47,0.7528560000000001
1998-12-26,2.73,0.8321040000000001
1998-12-27,2.87,0.8747760000000001
1998-12-28,2.88,0.877824
1998-12-29,2.84,0.865632
1998-12-30,2.76,0.841248
1998-12-31,2.65,0.80772
1999-01-01,2.53,0.7711439999999999
1999-01-02,3.15,0.96012
1999-01-03,4.91,1.4965680000000001
1999-01-04,5.24,1.5971520000000001
1999-01-05,4.67,1.423416
1999-01-06,4.22,1.286256
1999-01-07,4.06,1.237488
1999-01-08,3.84,1.170432
1999-01-09,4.15,1.2649200000000003
1999-01-10,4.79,1.4599920000000002
1999-01-11,4.74,1.444752
1999-01-12,4.42,1.347216
1999-01-13,4.14,1.2618719999999999
1999-01-14,3.9,1.18872
1999-01-15,3.67,1.118616
1999-01-16,3.47,1.0576560000000002
1999-01-17,3.3,1.00584
1999-01-18,3.19,0.9723120000000001
1999-01-19,3.08,0.9387840000000001
1999-01-20,2.97,0.9052560000000001
1999-01-21,2.88,0.877824
1999-01-22,2.83,0.862584
1999-01-23,5.41,1.6489680000000002
1999-01-24,6.97,2.124456
1999-01-25,6.67,2.033016
1999-01-26,6.37,1.9415760000000002
1999-01-27,6.42,1.956816
1999-01-28,6.68,2.036064
1999-01-29,6.82,2.078736
1999-01-30,6.37,1.9415760000000002
1999-01-31,5.77,1.758696
1999-02-01,6.21,1.892808
1999-02-02,6.53,1.9903440000000001
1999-02-03,6.72,2.048256
1999-02-04,7.05,2.14884
1999-02-05,7.43,2.2646640000000002
1999-02-06,7.74,2.3591520000000004
1999-02-07,7.52,2.292096
1999-02-08,6.72,2.048256
1999-02-09,5.73,1.7465040000000003
1999-02-10,4.95,1.50876
1999-02-11,4.47,1.362456
1999-02-12,4.18,1.274064
1999-02-13,4.01,1.222248
1999-02-14,3.89,1.185672
1999-02-15,3.69,1.124712
1999-02-16,3.5,1.0668
1999-02-17,3.38,1.030224
1999-02-18,3.62,1.1033760000000001
1999-02-19,4.18,1.274064
1999-02-20,4.31,1.313688
1999-02-21,4.27,1.301496
1999-02-22,4.1,1.24968
1999-02-23,3.8,1.15824
1999-02-24,3.53,1.075944
1999-02-25,3.35,1.02108
1999-02-26,3.28,0.999744
1999-02-27,3.21,0.978408
1999-02-28,3.36,1.024128
1999-03-01,3.48,1.060704
1999-03-02,3.48,1.060704
1999-03-03,3.64,1.109472
1999-03-04,3.92,1.194816
1999-03-05,3.89,1.185672
1999-03-06,3.84,1.170432
1999-03-07,4.32,1.3167360000000001
1999-03-08,4.38,1.335024
1999-03-09,4.6,1.40208
1999-03-10,5.29,1.612392
1999-03-11,5.2,1.5849600000000001
1999-03-12,4.87,1.4843760000000001
1999-03-13,5.06,1.5422879999999999
1999-03-14,13.63,4.154424000000001
1999-03-15,13.57,4.1361360000000005
1999-03-16,11.61,3.538728
1999-03-17,13.29,4.0507919999999995
1999-03-18,15.51,4.727448
1999-03-19,13.77,4.197096
1999-03-20,11.71,3.5692080000000006
1999-03-21,9.72,2.9626560000000004
1999-03-22,7.65,2.3317200000000002
1999-03-23,5.81,1.770888
1999-03-24,5.1,1.5544799999999999
1999-03-25,4.75,1.4478
1999-03-26,4.51,1.374648
1999-03-27,4.32,1.3167360000000001
1999-03-28,4.2,1.2801600000000002
1999-03-29,4.11,1.252728
1999-03-30,3.99,1.2161520000000001
1999-03-31,3.93,1.197864
1999-04-01,4.27,1.301496
1999-04-02,4.43,1.350264
1999-04-03,4.38,1.335024
1999-04-04,4.26,1.298448
1999-04-05,4.1,1.24968
1999-04-06,3.85,1.17348
1999-04-07,3.62,1.1033760000000001
1999-04-08,3.48,1.060704
1999-04-09,3.33,1.014984
1999-04-10,3.17,0.9662160000000001
1999-04-11,3.04,0.9265920000000001
1999-04-12,2.88,0.877824
1999-04-13,2.7,0.8229600000000001
1999-04-14,2.55,0.7772399999999999
1999-04-15,2.42,0.737616
1999-04-16,3.06,0.9326880000000001
1999-04-17,4.91,1.4965680000000001
1999-04-18,5.57,1.6977360000000001
1999-04-19,5.96,1.816608
1999-04-20,6.16,1.8775680000000001
1999-04-21,5.43,1.655064
1999-04-22,3.76,1.146048
1999-04-23,3.02,0.9204960000000001
1999-04-24,2.69,0.819912
1999-04-25,2.5,0.762
1999-04-26,2.39,0.7284720000000001
1999-04-27,2.33,0.710184
1999-04-28,2.41,0.7345680000000001
1999-04-29,2.57,0.783336
1999-04-30,2.56,0.7802880000000001
1999-05-01,2.44,0.743712
1999-05-02,2.36,0.719328
1999-05-03,2.23,0.679704
1999-05-04,2.1,0.6400800000000001
1999-05-05,2.01,0.612648
1999-05-06,3.59,1.094232
1999-05-07,8.08,2.462784
1999-05-08,9.94,3.029712
1999-05-09,10.81,3.2948880000000003
1999-05-10,11.57,3.526536
1999-05-11,11.38,3.4686240000000006
1999-05-12,10.01,3.051048
1999-05-13,7.12,2.170176
1999-05-14,4.62,1.408176
1999-05-15,3.72,1.1338560000000002
1999-05-16,3.32,1.011936
1999-05-17,3.0,0.9144000000000001
1999-05-18,2.75,0.8382000000000001
1999-05-19,2.81,0.856488
1999-05-20,2.8,0.85344
1999-05-21,2.73,0.8321040000000001
1999-05-22,2.43,0.7406640000000001
1999-05-23,2.22,0.6766560000000001
1999-05-24,2.09,0.637032
1999-05-25,1.99,0.606552
1999-05-26,2.0,0.6096
1999-05-27,2.19,0.667512
1999-05-28,2.25,0.6858000000000001
1999-05-29,2.3,0.70104
1999-05-30,2.19,0.667512
1999-05-31,2.13,0.649224
1999-06-01,2.27,0.6918960000000001
1999-06-02,2.71,0.8260080000000001
1999-06-03,2.29,0.6979920000000001
1999-06-04,2.0,0.6096
1999-06-05,1.84,0.560832
1999-06-06,1.85,0.56388
1999-06-07,1.85,0.56388
1999-06-08,1.75,0.5334
1999-06-09,1.65,0.50292
1999-06-10,1.72,0.524256
1999-06-11,1.69,0.515112
1999-06-12,1.61,0.49072800000000005
1999-06-13,1.86,0.5669280000000001
1999-06-14,2.23,0.679704
1999-06-15,2.26,0.688848
1999-06-16,2.44,0.743712
1999-06-17,3.82,1.164336
1999-06-18,4.43,1.350264
1999-06-19,3.18,0.9692640000000001
1999-06-20,2.73,0.8321040000000001
1999-06-21,2.59,0.789432
1999-06-22,2.52,0.768096
1999-06-23,2.2,0.67056
1999-06-24,2.87,0.8747760000000001
1999-06-25,3.66,1.1155680000000001
1999-06-26,4.39,1.338072
1999-06-27,8.53,2.599944
1999-06-28,13.04,3.974592
1999-06-29,11.98,3.6515040000000005
1999-06-30,14.83,4.520184
1999-07-01,17.86,5.443728
1999-07-02,15.58,4.748784000000001
1999-07-03,13.11,3.995928
1999-07-04,10.62,3.236976
1999-07-05,8.47,2.581656
1999-07-06,5.98,1.8227040000000003
1999-07-07,4.45,1.3563600000000002
1999-07-08,4.27,1.301496
1999-07-09,4.84,1.475232
1999-07-10,4.34,1.322832
1999-07-11,3.76,1.146048
1999-07-12,4.54,1.3837920000000001
1999-07-13,5.81,1.770888
1999-07-14,5.5,1.6764000000000001
1999-07-15,5.8,1.76784
1999-07-16,6.53,1.9903440000000001
1999-07-17,7.6,2.31648
1999-07-18,5.66,1.725168
1999-07-19,5.97,1.819656
1999-07-20,6.64,2.023872
1999-07-21,7.27,2.215896
1999-07-22,6.42,1.956816
1999-07-23,5.32,1.621536
1999-07-24,6.37,1.9415760000000002
1999-07-25,5.37,1.636776
1999-07-26,5.06,1.5422879999999999
1999-07-27,3.92,1.194816
1999-07-28,3.53,1.075944
1999-07-29,3.12,0.950976
1999-07-30,3.04,0.9265920000000001
1999-07-31,2.82,0.859536
1999-08-01,2.53,0.7711439999999999
1999-08-02,2.3,0.70104
1999-08-03,2.12,0.6461760000000001
1999-08-04,2.0,0.6096
1999-08-05,1.88,0.573024
1999-08-06,1.78,0.542544
1999-08-07,1.71,0.521208
1999-08-08,1.71,0.521208
1999-08-09,1.9,0.57912
1999-08-10,1.94,0.5913120000000001
1999-08-11,3.92,1.194816
1999-08-12,4.13,1.258824
1999-08-13,3.73,1.1369040000000001
1999-08-14,4.11,1.252728
1999-08-15,3.5,1.0668
1999-08-16,2.57,0.783336
1999-08-17,2.1,0.6400800000000001
1999-08-18,1.92,0.585216
1999-08-19,1.83,0.5577840000000001
1999-08-20,1.69,0.515112
1999-08-21,1.64,0.499872
1999-08-22,1.6,0.48768000000000006
1999-08-23,1.6,0.48768000000000006
1999-08-24,1.55,0.47244
1999-08-25,1.51,0.46024800000000005
1999-08-26,1.87,0.569976
1999-08-27,2.29,0.6979920000000001
1999-08-28,2.13,0.649224
1999-08-29,1.82,0.554736
1999-08-30,1.64,0.499872
1999-08-31,1.51,0.46024800000000005
1999-09-01,1.44,0.438912
1999-09-02,1.44,0.438912
1999-09-03,1.46,0.445008
1999-09-04,1.41,0.429768
1999-09-05,1.37,0.41757600000000006
1999-09-06,1.35,0.41148000000000007
1999-09-07,1.35,0.41148000000000007
1999-09-08,1.66,0.505968
1999-09-09,1.79,0.5455920000000001
1999-09-10,1.54,0.46939200000000003
1999-09-11,1.42,0.432816
1999-09-12,1.33,0.405384
1999-09-13,1.28,0.39014400000000005
1999-09-14,1.24,0.377952
1999-09-15,1.19,0.362712
1999-09-16,1.16,0.353568
1999-09-17,1.13,0.344424
1999-09-18,1.11,0.3383280000000001
1999-09-19,1.1,0.33528
1999-09-20,1.1,0.33528
1999-09-21,1.12,0.34137600000000007
1999-09-22,1.26,0.384048
1999-09-23,1.41,0.429768
1999-09-24,1.38,0.420624
1999-09-25,1.27,0.38709600000000005
1999-09-26,1.21,0.368808
1999-09-27,1.18,0.359664
1999-09-28,1.18,0.359664
1999-09-29,1.18,0.359664
1999-09-30,1.24,0.377952
1999-10-01,1.31,0.39928800000000003
1999-10-02,1.29,0.39319200000000004
1999-10-03,1.25,0.381
1999-10-04,1.23,0.374904
1999-10-05,1.24,0.377952
1999-10-06,1.22,0.371856
1999-10-07,1.29,0.39319200000000004
1999-10-08,1.3,0.39624000000000004
1999-10-09,1.28,0.39014400000000005
1999-10-10,1.68,0.512064
1999-10-11,2.9,0.88392
1999-10-12,3.98,1.213104
1999-10-13,3.4,1.0363200000000001
1999-10-14,2.88,0.877824
1999-10-15,2.7,0.8229600000000001
1999-10-16,2.57,0.783336
1999-10-17,2.48,0.755904
1999-10-18,2.19,0.667512
1999-10-19,1.92,0.585216
1999-10-20,1.76,0.536448
1999-10-21,1.69,0.515112
1999-10-22,1.65,0.50292
1999-10-23,1.65,0.50292
1999-10-24,1.59,0.48463200000000006
1999-10-25,1.53,0.46634400000000004
1999-10-26,1.49,0.454152
1999-10-27,1.46,0.445008
1999-10-28,1.44,0.438912
1999-10-29,1.42,0.432816
1999-10-30,1.4,0.42672
1999-10-31,1.38,0.420624
1999-11-01,1.5,0.45720000000000005
1999-11-02,2.0,0.6096
1999-11-03,2.94,0.896112
1999-11-04,2.85,0.8686800000000001
1999-11-05,2.51,0.765048
1999-11-06,2.41,0.7345680000000001
1999-11-07,2.21,0.673608
1999-11-08,2.01,0.612648
1999-11-09,1.87,0.569976
1999-11-10,1.78,0.542544
1999-11-11,1.72,0.524256
1999-11-12,1.67,0.509016
1999-11-13,1.63,0.496824
1999-11-14,1.61,0.49072800000000005
1999-11-15,1.58,0.48158400000000007
1999-11-16,1.56,0.475488
1999-11-17,1.54,0.46939200000000003
1999-11-18,1.52,0.46329600000000004
1999-11-19,1.51,0.46024800000000005
1999-11-20,1.53,0.46634400000000004
1999-11-21,1.58,0.48158400000000007
1999-11-22,1.63,0.496824
1999-11-23,1.69,0.515112
1999-11-24,1.7,0.5181600000000001
1999-11-25,1.68,0.512064
1999-11-26,1.67,0.509016
1999-11-27,1.69,0.515112
1999-11-28,1.68,0.512064
1999-11-29,1.67,0.509016
1999-11-30,1.64,0.499872
1999-12-01,1.65,0.50292
1999-12-02,1.62,0.49377600000000005
1999-12-03,1.6,0.48768000000000006
1999-12-04,1.59,0.48463200000000006
1999-12-05,1.61,0.49072800000000005
1999-12-06,1.62,0.49377600000000005
1999-12-07,1.66,0.505968
1999-12-08,1.79,0.5455920000000001
1999-12-09,1.84,0.560832
1999-12-10,1.83,0.5577840000000001
1999-12-11,1.93,0.588264
1999-12-12,1.95,0.59436
1999-12-13,2.01,0.612648
1999-12-14,2.36,0.719328
1999-12-15,2.8,0.85344
1999-12-16,2.64,0.804672
1999-12-17,2.45,0.7467600000000001
1999-12-18,2.29,0.6979920000000001
1999-12-19,3.07,0.935736
1999-12-20,3.89,1.185672
1999-12-21,4.39,1.338072
1999-12-22,5.0,1.524
1999-12-23,5.11,1.5575280000000002
1999-12-24,4.72,1.438656
1999-12-25,4.34,1.322832
1999-12-26,3.94,1.200912
1999-12-27,3.44,1.048512
1999-12-28,2.99,0.9113520000000002
1999-12-29,2.74,0.8351520000000001
1999-12-30,2.59,0.789432
1999-12-31,2.49,0.7589520000000001
2000-01-01,2.42,0.737616
2000-01-02,2.38,0.725424
2000-01-03,2.36,0.719328
2000-01-04,2.37,0.722376
2000-01-05,2.58,0.7863840000000001
2000-01-06,2.82,0.859536
2000-01-07,2.71,0.8260080000000001
2000-01-08,2.6,0.7924800000000001
2000-01-09,2.54,0.7741920000000001
2000-01-10,3.12,0.950976
2000-01-11,4.97,1.514856
2000-01-12,5.04,1.536192
2000-01-13,4.84,1.475232
2000-01-14,4.7,1.43256
2000-01-15,4.34,1.322832
2000-01-16,3.8,1.15824
2000-01-17,3.26,0.993648
2000-01-18,2.99,0.9113520000000002
2000-01-19,2.89,0.8808720000000001
2000-01-20,2.85,0.8686800000000001
2000-01-21,2.77,0.844296
2000-01-22,2.67,0.813816
2000-01-23,2.7,0.8229600000000001
2000-01-24,3.56,1.085088
2000-01-25,4.43,1.350264
2000-01-26,4.68,1.426464
2000-01-27,4.79,1.4599920000000002
2000-01-28,4.79,1.4599920000000002
2000-01-29,4.79,1.4599920000000002
2000-01-30,4.65,1.4173200000000001
2000-01-31,4.25,1.2954
2000-02-01,4.03,1.228344
2000-02-02,3.89,1.185672
2000-02-03,3.72,1.1338560000000002
2000-02-04,3.49,1.063752
2000-02-05,3.26,0.993648
2000-02-06,3.06,0.9326880000000001
2000-02-07,2.9,0.88392
2000-02-08,2.79,0.850392
2000-02-09,2.71,0.8260080000000001
2000-02-10,2.65,0.80772
2000-02-11,2.6,0.7924800000000001
2000-02-12,2.56,0.7802880000000001
2000-02-13,2.56,0.7802880000000001
2000-02-14,3.06,0.9326880000000001
2000-02-15,2.96,0.902208
2000-02-16,2.78,0.847344
2000-02-17,2.82,0.859536
2000-02-18,2.77,0.844296
2000-02-19,2.64,0.804672
2000-02-20,2.54,0.7741920000000001
2000-02-21,2.46,0.749808
2000-02-22,2.39,0.7284720000000001
2000-02-23,2.33,0.710184
2000-02-24,2.28,0.694944
2000-02-25,2.24,0.6827520000000001
2000-02-26,2.2,0.67056
2000-02-27,2.33,0.710184
2000-02-28,2.94,0.896112
2000-02-29,3.44,1.048512
2000-03-01,3.37,1.027176
2000-03-02,3.26,0.993648
2000-03-03,3.03,0.923544
2000-03-04,2.86,0.8717280000000001
2000-03-05,2.92,0.890016
2000-03-06,3.77,1.1490960000000001
2000-03-07,4.56,1.389888
2000-03-08,4.82,1.4691360000000002
2000-03-09,4.56,1.389888
2000-03-10,3.48,1.060704
2000-03-11,2.96,0.902208
2000-03-12,3.22,0.9814560000000001
2000-03-13,4.08,1.243584
2000-03-14,4.07,1.240536
2000-03-15,3.77,1.1490960000000001
2000-03-16,3.42,1.042416
2000-03-17,3.44,1.048512
2000-03-18,3.73,1.1369040000000001
2000-03-19,4.77,1.4538959999999999
2000-03-20,8.02,2.444496
2000-03-21,8.18,2.493264
2000-03-22,8.19,2.496312
2000-03-23,8.25,2.5146
2000-03-24,8.8,2.68224
2000-03-25,9.34,2.846832
2000-03-26,8.62,2.627376
2000-03-27,6.74,2.054352
2000-03-28,5.12,1.5605760000000002
2000-03-29,4.44,1.3533120000000003
2000-03-30,4.13,1.258824
2000-03-31,5.16,1.5727680000000002
2000-04-01,4.4,1.34112
2000-04-02,3.91,1.1917680000000002
2000-04-03,3.75,1.143
2000-04-04,3.73,1.1369040000000001
2000-04-05,3.72,1.1338560000000002
2000-04-06,3.6,1.09728
2000-04-07,3.46,1.054608
2000-04-08,3.27,0.996696
2000-04-09,2.97,0.9052560000000001
2000-04-10,2.73,0.8321040000000001
2000-04-11,2.54,0.7741920000000001
2000-04-12,2.41,0.7345680000000001
2000-04-13,2.3,0.70104
2000-04-14,2.43,0.7406640000000001
2000-04-15,2.87,0.8747760000000001
2000-04-16,3.41,1.039368
2000-04-17,3.27,0.996696
2000-04-18,3.13,0.954024
2000-04-19,2.87,0.8747760000000001
2000-04-20,2.54,0.7741920000000001
2000-04-21,2.27,0.6918960000000001
2000-04-22,2.08,0.6339840000000001
2000-04-23,1.96,0.597408
2000-04-24,1.87,0.569976
2000-04-25,1.89,0.576072
2000-04-26,2.16,0.6583680000000001
2000-04-27,2.11,0.643128
2000-04-28,1.96,0.597408
2000-04-29,1.86,0.5669280000000001
2000-04-30,1.85,0.56388
2000-05-01,1.83,0.5577840000000001
2000-05-02,1.74,0.530352
2000-05-03,1.65,0.50292
2000-05-04,1.59,0.48463200000000006
2000-05-05,1.55,0.47244
2000-05-06,1.46,0.445008
2000-05-07,1.39,0.423672
2000-05-08,1.34,0.408432
2000-05-09,1.3,0.39624000000000004
2000-05-10,1.26,0.384048
2000-05-11,1.21,0.368808
2000-05-12,1.16,0.353568
2000-05-13,1.15,0.35052
2000-05-14,1.19,0.362712
2000-05-15,1.1,0.33528
2000-05-16,1.05,0.32004000000000005
2000-05-17,1.02,0.310896
2000-05-18,0.99,0.301752
2000-05-19,0.95,0.28956
2000-05-20,0.93,0.28346400000000005
2000-05-21,0.93,0.28346400000000005
2000-05-22,0.93,0.28346400000000005
2000-05-23,0.93,0.28346400000000005
2000-05-24,0.91,0.277368
2000-05-25,0.91,0.277368
2000-05-26,0.9,0.27432
2000-05-27,0.88,0.268224
2000-05-28,0.87,0.265176
2000-05-29,0.86,0.262128
2000-05-30,0.84,0.256032
2000-05-31,0.81,0.24688800000000002
2000-06-01,0.79,0.24079200000000003
2000-06-02,0.77,0.23469600000000002
2000-06-03,0.76,0.23164800000000002
2000-06-04,0.75,0.22860000000000003
2000-06-05,0.74,0.225552
2000-06-06,0.74,0.225552
2000-06-07,0.71,0.216408
2000-06-08,0.71,0.216408
2000-06-09,0.7,0.21336
2000-06-10,0.71,0.216408
2000-06-11,0.7,0.21336
2000-06-12,0.68,0.20726400000000003
2000-06-13,0.66,0.201168
2000-06-14,0.66,0.201168
2000-06-15,0.73,0.222504
2000-06-16,0.77,0.23469600000000002
2000-06-17,0.79,0.24079200000000003
2000-06-18,0.82,0.249936
2000-06-19,1.07,0.32613600000000004
2000-06-20,1.14,0.347472
2000-06-21,1.02,0.310896
2000-06-22,0.94,0.286512
2000-06-23,0.89,0.271272
2000-06-24,0.83,0.252984
2000-06-25,0.79,0.24079200000000003
2000-06-26,0.81,0.24688800000000002
2000-06-27,0.95,0.28956
2000-06-28,1.18,0.359664
2000-06-29,1.23,0.374904
2000-06-30,1.19,0.362712
2000-07-01,1.1,0.33528
2000-07-02,1.05,0.32004000000000005
2000-07-03,0.96,0.292608
2000-07-04,0.87,0.265176
2000-07-05,0.82,0.249936
2000-07-06,0.77,0.23469600000000002
2000-07-07,0.72,0.219456
2000-07-08,0.67,0.204216
2000-07-09,0.64,0.19507200000000002
2000-07-10,0.64,0.19507200000000002
2000-07-11,0.66,0.201168
2000-07-12,0.62,0.188976
2000-07-13,0.61,0.185928
2000-07-14,0.63,0.192024
2000-07-15,0.59,0.179832
2000-07-16,0.59,0.179832
2000-07-17,0.58,0.176784
2000-07-18,0.56,0.17068800000000003
2000-07-19,0.56,0.17068800000000003
2000-07-20,0.56,0.17068800000000003
2000-07-21,0.61,0.185928
2000-07-22,0.69,0.210312
2000-07-23,0.7,0.21336
2000-07-24,0.63,0.192024
2000-07-25,0.7,0.21336
2000-07-26,0.7,0.21336
2000-07-27,0.73,0.222504
2000-07-28,0.88,0.268224
2000-07-29,0.85,0.25908000000000003
2000-07-30,0.98,0.298704
2000-07-31,0.88,0.268224
2000-08-01,0.82,0.249936
2000-08-02,0.87,0.265176
2000-08-03,1.01,0.307848
2000-08-04,0.95,0.28956
2000-08-05,0.86,0.262128
2000-08-06,0.85,0.25908000000000003
2000-08-07,0.82,0.249936
2000-08-08,0.79,0.24079200000000003
2000-08-09,0.74,0.225552
2000-08-10,0.75,0.22860000000000003
2000-08-11,0.84,0.256032
2000-08-12,0.91,0.277368
2000-08-13,0.95,0.28956
2000-08-14,0.89,0.271272
2000-08-15,0.81,0.24688800000000002
2000-08-16,0.75,0.22860000000000003
2000-08-17,0.69,0.210312
2000-08-18,0.65,0.19812000000000002
2000-08-19,0.61,0.185928
2000-08-20,0.58,0.176784
2000-08-21,0.57,0.173736
2000-08-22,0.57,0.173736
2000-08-23,0.59,0.179832
2000-08-24,0.57,0.173736
2000-08-25,0.56,0.17068800000000003
2000-08-26,0.54,0.16459200000000002
2000-08-27,0.54,0.16459200000000002
2000-08-28,0.53,0.16154400000000002
2000-08-29,0.53,0.16154400000000002
2000-08-30,0.52,0.15849600000000003
2000-08-31,0.51,0.155448
2000-09-01,0.84,0.256032
2000-09-02,0.75,0.22860000000000003
2000-09-03,0.76,0.23164800000000002
2000-09-04,0.74,0.225552
2000-09-05,0.76,0.23164800000000002
2000-09-06,0.81,0.24688800000000002
2000-09-07,0.9,0.27432
2000-09-08,1.07,0.32613600000000004
2000-09-09,1.32,0.402336
2000-09-10,1.23,0.374904
2000-09-11,1.13,0.344424
2000-09-12,1.03,0.313944
2000-09-13,0.93,0.28346400000000005
2000-09-14,0.87,0.265176
2000-09-15,0.82,0.249936
2000-09-16,0.77,0.23469600000000002
2000-09-17,0.8,0.24384000000000003
2000-09-18,0.81,0.24688800000000002
2000-09-19,0.74,0.225552
2000-09-20,0.71,0.216408
2000-09-21,0.71,0.216408
2000-09-22,0.72,0.219456
2000-09-23,0.72,0.219456
2000-09-24,0.73,0.222504
2000-09-25,0.97,0.29565600000000003
2000-09-26,1.37,0.41757600000000006
2000-09-27,1.26,0.384048
2000-09-28,1.15,0.35052
2000-09-29,1.05,0.32004000000000005
2000-09-30,0.95,0.28956
2000-10-01,0.87,0.265176
2000-10-02,0.82,0.249936
2000-10-03,0.79,0.24079200000000003
2000-10-04,0.76,0.23164800000000002
2000-10-05,0.72,0.219456
2000-10-06,0.75,0.22860000000000003
2000-10-07,0.74,0.225552
2000-10-08,0.75,0.22860000000000003
2000-10-09,0.72,0.219456
2000-10-10,0.73,0.222504
2000-10-11,0.74,0.225552
2000-10-12,0.73,0.222504
2000-10-13,0.7,0.21336
2000-10-14,0.68,0.20726400000000003
2000-10-15,0.67,0.204216
2000-10-16,0.67,0.204216
2000-10-17,0.66,0.201168
2000-10-18,0.66,0.201168
2000-10-19,0.65,0.19812000000000002
2000-10-20,0.63,0.192024
2000-10-21,0.63,0.192024
2000-10-22,0.62,0.188976
2000-10-23,0.62,0.188976
2000-10-24,0.62,0.188976
2000-10-25,0.6,0.18288000000000001
2000-10-26,0.6,0.18288000000000001
2000-10-27,0.61,0.185928
2000-10-28,0.62,0.188976
2000-10-29,0.62,0.188976
2000-10-30,0.63,0.192024
2000-10-31,0.63,0.192024
2000-11-01,0.62,0.188976
2000-11-02,0.62,0.188976
2000-11-03,0.63,0.192024
2000-11-04,0.64,0.19507200000000002
2000-11-05,0.64,0.19507200000000002
2000-11-06,0.66,0.201168
2000-11-07,0.71,0.216408
2000-11-08,0.78,0.237744
2000-11-09,1.06,0.32308800000000004
2000-11-10,1.54,0.46939200000000003
2000-11-11,2.01,0.612648
2000-11-12,1.82,0.554736
2000-11-13,1.55,0.47244
2000-11-14,1.36,0.41452800000000006
2000-11-15,1.23,0.374904
2000-11-16,1.16,0.353568
2000-11-17,1.2,0.36576000000000003
2000-11-18,1.3,0.39624000000000004
2000-11-19,1.66,0.505968
2000-11-20,1.71,0.521208
2000-11-21,1.79,0.5455920000000001
2000-11-22,1.73,0.527304
2000-11-23,1.54,0.46939200000000003
2000-11-24,1.44,0.438912
2000-11-25,1.57,0.478536
2000-11-26,1.89,0.576072
2000-11-27,2.2,0.67056
2000-11-28,1.96,0.597408
2000-11-29,1.73,0.527304
2000-11-30,1.61,0.49072800000000005
2000-12-01,1.57,0.478536
2000-12-02,1.5,0.45720000000000005
2000-12-03,1.41,0.429768
2000-12-04,1.36,0.41452800000000006
2000-12-05,1.32,0.402336
2000-12-06,1.27,0.38709600000000005
2000-12-07,1.24,0.377952
2000-12-08,1.22,0.371856
2000-12-09,1.22,0.371856
2000-12-10,1.22,0.371856
2000-12-11,1.22,0.371856
2000-12-12,1.23,0.374904
2000-12-13,1.22,0.371856
2000-12-14,1.56,0.475488
2000-12-15,1.86,0.5669280000000001
2000-12-16,2.74,0.8351520000000001
2000-12-17,2.68,0.816864
2000-12-18,2.8,0.85344
2000-12-19,2.67,0.813816
2000-12-20,2.43,0.7406640000000001
2000-12-21,2.44,0.743712
2000-12-22,2.39,0.7284720000000001
2000-12-23,2.33,0.710184
2000-12-24,2.33,0.710184
2000-12-25,2.19,0.667512
2000-12-26,2.09,0.637032
2000-12-27,2.02,0.615696
2000-12-28,3.27,0.996696
2000-12-29,5.68,1.731264
2000-12-30,6.46,1.969008
2000-12-31,6.76,2.060448
2001-01-01,7.07,2.154936
2001-01-02,7.94,2.420112
2001-01-03,9.14,2.7858720000000003
2001-01-04,8.8,2.68224
2001-01-05,6.91,2.1061680000000003
2001-01-06,4.65,1.4173200000000001
2001-01-07,3.84,1.170432
2001-01-08,3.49,1.063752
2001-01-09,3.33,1.014984
2001-01-10,3.26,0.993648
2001-01-11,3.16,0.9631680000000001
2001-01-12,3.12,0.950976
2001-01-13,3.06,0.9326880000000001
2001-01-14,2.97,0.9052560000000001
2001-01-15,2.9,0.88392
2001-01-16,3.03,0.923544
2001-01-17,3.59,1.094232
2001-01-18,3.94,1.200912
2001-01-19,4.34,1.322832
2001-01-20,5.86,1.7861280000000002
2001-01-21,6.42,1.956816
2001-01-22,6.45,1.9659600000000002
2001-01-23,6.55,1.99644
2001-01-24,6.77,2.0634959999999998
2001-01-25,6.56,1.999488
2001-01-26,5.16,1.5727680000000002
2001-01-27,4.15,1.2649200000000003
2001-01-28,3.66,1.1155680000000001
2001-01-29,3.41,1.039368
2001-01-30,4.75,1.4478
2001-01-31,5.7,1.7373600000000002
2001-02-01,5.78,1.7617440000000002
2001-02-02,5.82,1.7739360000000002
2001-02-03,6.02,1.8348959999999999
2001-02-04,6.04,1.8409920000000002
2001-02-05,5.37,1.636776
2001-02-06,4.43,1.350264
2001-02-07,3.76,1.146048
2001-02-08,3.42,1.042416
2001-02-09,3.22,0.9814560000000001
2001-02-10,3.65,1.11252
2001-02-11,4.04,1.231392
2001-02-12,4.2,1.2801600000000002
2001-02-13,4.2,1.2801600000000002
2001-02-14,4.06,1.237488
2001-02-15,3.75,1.143
2001-02-16,3.56,1.085088
2001-02-17,3.5,1.0668
2001-02-18,3.4,1.0363200000000001
2001-02-19,3.26,0.993648
2001-02-20,3.1,0.94488
2001-02-21,2.99,0.9113520000000002
2001-02-22,3.06,0.9326880000000001
2001-02-23,3.08,0.9387840000000001
2001-02-24,2.91,0.8869680000000001
2001-02-25,3.1,0.94488
2001-02-26,4.12,1.255776
2001-02-27,3.91,1.1917680000000002
2001-02-28,4.44,1.3533120000000003
2001-03-01,4.27,1.301496
2001-03-02,4.41,1.344168
2001-03-03,10.53,3.209544
2001-03-04,16.79,5.117592
2001-03-05,19.49,5.940551999999999
2001-03-06,22.34,6.809232000000001
2001-03-07,20.31,6.190488
2001-03-08,17.01,5.184648000000001
2001-03-09,14.28,4.352544
2001-03-10,12.12,3.694176
2001-03-11,10.18,3.1028640000000003
2001-03-12,10.67,3.252216
2001-03-13,13.48,4.108704
2001-03-14,12.53,3.819144
2001-03-15,11.62,3.541776
2001-03-16,12.7,3.87096
2001-03-17,13.81,4.209288000000001
2001-03-18,13.18,4.017264
2001-03-19,13.24,4.035552
2001-03-20,15.64,4.767072000000001
2001-03-21,15.83,4.824984000000001
2001-03-22,16.15,4.92252
2001-03-23,17.64,5.376672
2001-03-24,16.06,4.895087999999999
2001-03-25,14.3,4.35864
2001-03-26,12.65,3.8557200000000003
2001-03-27,10.92,3.3284160000000003
2001-03-28,9.55,2.9108400000000003
2001-03-29,8.83,2.691384
2001-03-30,8.58,2.615184
2001-03-31,8.37,2.551176
2001-04-01,8.25,2.5146
2001-04-02,8.28,2.5237439999999998
2001-04-03,8.58,2.615184
2001-04-04,10.6,3.23088
2001-04-05,12.34,3.761232
2001-04-06,14.5,4.4196
2001-04-07,15.86,4.834128
2001-04-08,14.88,4.535424000000001
2001-04-09,13.3,4.05384
2001-04-10,11.63,3.544824
2001-04-11,9.93,3.0266640000000002
2001-04-12,8.46,2.5786080000000005
2001-04-13,6.92,2.109216
2001-04-14,5.94,1.8105120000000001
2001-04-15,5.43,1.655064
2001-04-16,5.11,1.5575280000000002
2001-04-17,4.98,1.5179040000000001
2001-04-18,4.69,1.4295120000000001
2001-04-19,4.48,1.3655040000000003
2001-04-20,4.22,1.286256
2001-04-21,3.99,1.2161520000000001
2001-04-22,3.77,1.1490960000000001
2001-04-23,3.61,1.100328
2001-04-24,3.45,1.05156
2001-04-25,3.44,1.048512
2001-04-26,3.88,1.1826240000000001
2001-04-27,3.8,1.15824
2001-04-28,3.59,1.094232
2001-04-29,3.34,1.018032
2001-04-30,3.07,0.935736
2001-05-01,2.87,0.8747760000000001
2001-05-02,2.72,0.8290560000000001
2001-05-03,2.6,0.7924800000000001
2001-05-04,2.48,0.755904
2001-05-05,2.36,0.719328
2001-05-06,2.26,0.688848
2001-05-07,2.16,0.6583680000000001
2001-05-08,2.08,0.6339840000000001
2001-05-09,2.03,0.618744
2001-05-10,1.99,0.606552
2001-05-11,2.0,0.6096
2001-05-12,1.96,0.597408
2001-05-13,1.97,0.600456
2001-05-14,1.98,0.603504
2001-05-15,1.89,0.576072
2001-05-16,1.81,0.5516880000000001
2001-05-17,1.73,0.527304
2001-05-18,1.63,0.496824
2001-05-19,1.55,0.47244
2001-05-20,1.52,0.46329600000000004
2001-05-21,1.5,0.45720000000000005
2001-05-22,1.54,0.46939200000000003
2001-05-23,1.65,0.50292
2001-05-24,2.03,0.618744
2001-05-25,2.11,0.643128
2001-05-26,1.96,0.597408
2001-05-27,1.84,0.560832
2001-05-28,1.73,0.527304
2001-05-29,1.81,0.5516880000000001
2001-05-30,1.71,0.521208
2001-05-31,1.67,0.509016
2001-06-01,1.74,0.530352
2001-06-02,1.58,0.48158400000000007
2001-06-03,1.48,0.451104
2001-06-04,1.43,0.43586400000000003
2001-06-05,1.37,0.41757600000000006
2001-06-06,1.31,0.39928800000000003
2001-06-07,1.29,0.39319200000000004
2001-06-08,1.33,0.405384
2001-06-09,1.59,0.48463200000000006
2001-06-10,3.09,0.941832
2001-06-11,5.17,1.575816
2001-06-12,11.43,3.483864
2001-06-13,11.72,3.5722560000000003
2001-06-14,10.37,3.160776
2001-06-15,10.14,3.0906720000000005
2001-06-16,9.11,2.776728
2001-06-17,7.42,2.261616
2001-06-18,6.33,1.9293840000000002
2001-06-19,5.33,1.624584
2001-06-20,5.56,1.694688
2001-06-21,5.11,1.5575280000000002
2001-06-22,3.82,1.164336
2001-06-23,3.64,1.109472
2001-06-24,4.35,1.32588
2001-06-25,4.77,1.4538959999999999
2001-06-26,5.03,1.533144
2001-06-27,4.5,1.3716000000000002
2001-06-28,3.49,1.063752
2001-06-29,3.06,0.9326880000000001
2001-06-30,3.77,1.1490960000000001
2001-07-01,3.24,0.9875520000000001
2001-07-02,3.29,1.0027920000000001
2001-07-03,3.91,1.1917680000000002
2001-07-04,3.79,1.155192
2001-07-05,3.54,1.0789920000000002
2001-07-06,3.25,0.9906
2001-07-07,2.97,0.9052560000000001
2001-07-08,2.61,0.795528
2001-07-09,2.42,0.737616
2001-07-10,2.19,0.667512
2001-07-11,2.02,0.615696
2001-07-12,1.88,0.573024
2001-07-13,1.85,0.56388
2001-07-14,2.32,0.707136
2001-07-15,2.41,0.7345680000000001
2001-07-16,2.33,0.710184
2001-07-17,1.97,0.600456
2001-07-18,1.75,0.5334
2001-07-19,1.61,0.49072800000000005
2001-07-20,1.5,0.45720000000000005
2001-07-21,1.47,0.448056
2001-07-22,1.43,0.43586400000000003
2001-07-23,1.39,0.423672
2001-07-24,1.35,0.41148000000000007
2001-07-25,1.45,0.44196
2001-07-26,1.75,0.5334
2001-07-27,1.46,0.445008
2001-07-28,1.45,0.44196
2001-07-29,1.49,0.454152
2001-07-30,1.63,0.496824
2001-07-31,1.51,0.46024800000000005
2001-08-01,1.39,0.423672
2001-08-02,1.38,0.420624
2001-08-03,1.28,0.39014400000000005
2001-08-04,1.21,0.368808
2001-08-05,1.18,0.359664
2001-08-06,2.38,0.725424
2001-08-07,5.08,1.5483840000000002
2001-08-08,6.52,1.987296
2001-08-09,6.65,2.02692
2001-08-10,6.68,2.036064
2001-08-11,5.46,1.6642080000000001
2001-08-12,4.33,1.319784
2001-08-13,3.77,1.1490960000000001
2001-08-14,3.62,1.1033760000000001
2001-08-15,3.36,1.024128
2001-08-16,3.01,0.9174479999999999
2001-08-17,2.83,0.862584
2001-08-18,3.34,1.018032
2001-08-19,5.39,1.6428719999999999
2001-08-20,3.78,1.152144
2001-08-21,3.1,0.94488
2001-08-22,2.66,0.810768
2001-08-23,2.32,0.707136
2001-08-24,2.07,0.6309359999999999
2001-08-25,1.91,0.582168
2001-08-26,1.79,0.5455920000000001
2001-08-27,1.69,0.515112
2001-08-28,1.61,0.49072800000000005
2001-08-29,1.54,0.46939200000000003
2001-08-30,1.5,0.45720000000000005
2001-08-31,1.51,0.46024800000000005
2001-09-01,1.68,0.512064
2001-09-02,2.09,0.637032
2001-09-03,3.64,1.109472
2001-09-04,3.0,0.9144000000000001
2001-09-05,2.94,0.896112
2001-09-06,3.86,1.176528
2001-09-07,3.44,1.048512
2001-09-08,2.8,0.85344
2001-09-09,2.41,0.7345680000000001
2001-09-10,2.15,0.65532
2001-09-11,1.95,0.59436
2001-09-12,1.81,0.5516880000000001
2001-09-13,1.71,0.521208
2001-09-14,1.63,0.496824
2001-09-15,1.56,0.475488
2001-09-16,1.49,0.454152
2001-09-17,1.43,0.43586400000000003
2001-09-18,1.38,0.420624
2001-09-19,1.35,0.41148000000000007
2001-09-20,1.35,0.41148000000000007
2001-09-21,1.37,0.41757600000000006
2001-09-22,1.35,0.41148000000000007
2001-09-23,1.31,0.39928800000000003
2001-09-24,1.28,0.39014400000000005
2001-09-25,1.26,0.384048
2001-09-26,1.26,0.384048
2001-09-27,1.24,0.377952
2001-09-28,1.22,0.371856
2001-09-29,1.2,0.36576000000000003
2001-09-30,1.17,0.356616
2001-10-01,1.15,0.35052
2001-10-02,1.12,0.34137600000000007
2001-10-03,1.1,0.33528
2001-10-04,1.09,0.332232
2001-10-05,1.08,0.32918400000000003
2001-10-06,1.09,0.332232
2001-10-07,1.12,0.34137600000000007
2001-10-08,1.18,0.359664
2001-10-09,1.21,0.368808
2001-10-10,1.18,0.359664
2001-10-11,1.13,0.344424
2001-10-12,1.1,0.33528
2001-10-13,1.11,0.3383280000000001
2001-10-14,1.53,0.46634400000000004
2001-10-15,2.2,0.67056
2001-10-16,2.31,0.704088
2001-10-17,1.89,0.576072
2001-10-18,1.64,0.499872
2001-10-19,1.49,0.454152
2001-10-20,1.4,0.42672
2001-10-21,1.34,0.408432
2001-10-22,1.31,0.39928800000000003
2001-10-23,1.29,0.39319200000000004
2001-10-24,1.27,0.38709600000000005
2001-10-25,1.26,0.384048
2001-10-26,1.23,0.374904
2001-10-27,1.2,0.36576000000000003
2001-10-28,1.18,0.359664
2001-10-29,1.17,0.356616
2001-10-30,1.16,0.353568
2001-10-31,1.17,0.356616
2001-11-01,1.19,0.362712
2001-11-02,1.22,0.371856
2001-11-03,1.23,0.374904
2001-11-04,1.23,0.374904
2001-11-05,1.28,0.39014400000000005
2001-11-06,1.27,0.38709600000000005
2001-11-07,1.25,0.381
2001-11-08,1.23,0.374904
2001-11-09,1.2,0.36576000000000003
2001-11-10,1.19,0.362712
2001-11-11,1.21,0.368808
2001-11-12,1.24,0.377952
2001-11-13,1.25,0.381
2001-11-14,1.25,0.381
2001-11-15,1.25,0.381
2001-11-16,1.24,0.377952
2001-11-17,1.22,0.371856
2001-11-18,1.22,0.371856
2001-11-19,1.23,0.374904
2001-11-20,1.24,0.377952
2001-11-21,1.24,0.377952
2001-11-22,1.26,0.384048
2001-11-23,1.33,0.405384
2001-11-24,1.55,0.47244
2001-11-25,3.53,1.075944
2001-11-26,5.64,1.719072
2001-11-27,6.28,1.914144
2001-11-28,6.59,2.008632
2001-11-29,6.75,2.0574
2001-11-30,6.68,2.036064
2001-12-01,5.31,1.618488
2001-12-02,4.09,1.246632
2001-12-03,3.54,1.0789920000000002
2001-12-04,3.23,0.984504
2001-12-05,2.93,0.8930640000000001
2001-12-06,2.7,0.8229600000000001
2001-12-07,2.57,0.783336
2001-12-08,2.45,0.7467600000000001
2001-12-09,2.38,0.725424
2001-12-10,2.35,0.71628
2001-12-11,2.45,0.7467600000000001
2001-12-12,2.72,0.8290560000000001
2001-12-13,2.69,0.819912
2001-12-14,2.82,0.859536
2001-12-15,3.54,1.0789920000000002
2001-12-16,3.9,1.18872
2001-12-17,3.66,1.1155680000000001
2001-12-18,3.69,1.124712
2001-12-19,4.24,1.2923520000000002
2001-12-20,4.33,1.319784
2001-12-21,4.24,1.2923520000000002
2001-12-22,3.79,1.155192
2001-12-23,3.38,1.030224
2001-12-24,3.12,0.950976
2001-12-25,3.01,0.9174479999999999
2001-12-26,2.86,0.8717280000000001
2001-12-27,2.71,0.8260080000000001
2001-12-28,2.59,0.789432
2001-12-29,2.49,0.7589520000000001
2001-12-30,2.41,0.7345680000000001
2001-12-31,2.35,0.71628
2002-01-01,2.29,0.6979920000000001
2002-01-02,2.3,0.70104
2002-01-03,2.46,0.749808
2002-01-04,2.69,0.819912
2002-01-05,2.7,0.8229600000000001
2002-01-06,2.72,0.8290560000000001
2002-01-07,2.93,0.8930640000000001
2002-01-08,3.06,0.9326880000000001
2002-01-09,2.97,0.9052560000000001
2002-01-10,2.86,0.8717280000000001
2002-01-11,2.72,0.8290560000000001
2002-01-12,2.69,0.819912
2002-01-13,3.04,0.9265920000000001
2002-01-14,3.6,1.09728
2002-01-15,3.8,1.15824
2002-01-16,3.78,1.152144
2002-01-17,3.47,1.0576560000000002
2002-01-18,3.15,0.96012
2002-01-19,2.98,0.908304
2002-01-20,3.43,1.0454640000000002
2002-01-21,4.63,1.411224
2002-01-22,4.97,1.514856
2002-01-23,5.19,1.5819120000000002
2002-01-24,5.04,1.536192
2002-01-25,4.78,1.4569440000000002
2002-01-26,4.61,1.4051280000000002
2002-01-27,4.18,1.274064
2002-01-28,3.93,1.197864
2002-01-29,3.7,1.12776
2002-01-30,3.5,1.0668
2002-01-31,3.28,0.999744
2002-02-01,3.13,0.954024
2002-02-02,3.03,0.923544
2002-02-03,2.95,0.8991600000000001
2002-02-04,2.84,0.865632
2002-02-05,2.74,0.8351520000000001
2002-02-06,3.73,1.1369040000000001
2002-02-07,6.61,2.0147280000000003
2002-02-08,6.91,2.1061680000000003
2002-02-09,6.9,2.10312
2002-02-10,7.12,2.170176
2002-02-11,7.64,2.328672
2002-02-12,8.15,2.4841200000000003
2002-02-13,7.83,2.386584
2002-02-14,6.27,1.911096
2002-02-15,4.48,1.3655040000000003
2002-02-16,3.92,1.194816
2002-02-17,3.63,1.106424
2002-02-18,3.43,1.0454640000000002
2002-02-19,3.28,0.999744
2002-02-20,3.38,1.030224
2002-02-21,3.99,1.2161520000000001
2002-02-22,4.23,1.2893040000000002
2002-02-23,4.11,1.252728
2002-02-24,3.9,1.18872
2002-02-25,3.58,1.0911840000000002
2002-02-26,3.31,1.008888
2002-02-27,3.12,0.950976
2002-02-28,3.04,0.9265920000000001
2002-03-01,2.85,0.8686800000000001
2002-03-02,4.36,1.328928
2002-03-03,5.73,1.7465040000000003
2002-03-04,5.92,1.804416
2002-03-05,6.07,1.8501360000000002
2002-03-06,6.33,1.9293840000000002
2002-03-07,6.46,1.969008
2002-03-08,5.97,1.819656
2002-03-09,5.25,1.6002
2002-03-10,4.56,1.389888
2002-03-11,4.56,1.389888
2002-03-12,4.97,1.514856
2002-03-13,6.73,2.051304
2002-03-14,6.72,2.048256
2002-03-15,6.51,1.984248
2002-03-16,6.64,2.023872
2002-03-17,6.82,2.078736
2002-03-18,6.47,1.972056
2002-03-19,5.56,1.694688
2002-03-20,4.55,1.38684
2002-03-21,6.36,1.9385280000000003
2002-03-22,8.14,2.481072
2002-03-23,8.63,2.6304240000000005
2002-03-24,9.07,2.764536
2002-03-25,10.0,3.048
2002-03-26,10.39,3.166872
2002-03-27,9.34,2.846832
2002-03-28,7.65,2.3317200000000002
2002-03-29,5.78,1.7617440000000002
2002-03-30,5.0,1.524
2002-03-31,4.58,1.3959840000000001
2002-04-01,4.69,1.4295120000000001
2002-04-02,4.99,1.520952
2002-04-03,5.05,1.53924
2002-04-04,4.94,1.5057120000000002
2002-04-05,4.5,1.3716000000000002
2002-04-06,4.0,1.2192
2002-04-07,3.58,1.0911840000000002
2002-04-08,3.31,1.008888
2002-04-09,4.83,1.4721840000000002
2002-04-10,5.83,1.7769840000000001
2002-04-11,5.77,1.758696
2002-04-12,5.65,1.72212
2002-04-13,5.5,1.6764000000000001
2002-04-14,5.41,1.6489680000000002
2002-04-15,5.23,1.5941040000000002
2002-04-16,5.21,1.588008
2002-04-17,5.1,1.5544799999999999
2002-04-18,4.72,1.438656
2002-04-19,4.32,1.3167360000000001
2002-04-20,3.65,1.11252
2002-04-21,3.16,0.9631680000000001
2002-04-22,2.85,0.8686800000000001
2002-04-23,2.64,0.804672
2002-04-24,2.48,0.755904
2002-04-25,2.35,0.71628
2002-04-26,2.23,0.679704
2002-04-27,2.13,0.649224
2002-04-28,2.04,0.621792
2002-04-29,1.98,0.603504
2002-04-30,1.89,0.576072
2002-05-01,1.82,0.554736
2002-05-02,2.08,0.6339840000000001
2002-05-03,2.52,0.768096
2002-05-04,2.25,0.6858000000000001
2002-05-05,2.25,0.6858000000000001
2002-05-06,2.01,0.612648
2002-05-07,1.8,0.54864
2002-05-08,1.68,0.512064
2002-05-09,1.58,0.48158400000000007
2002-05-10,1.5,0.45720000000000005
2002-05-11,1.42,0.432816
2002-05-12,1.37,0.41757600000000006
2002-05-13,1.32,0.402336
2002-05-14,1.28,0.39014400000000005
2002-05-15,1.22,0.371856
2002-05-16,1.19,0.362712
2002-05-17,1.16,0.353568
2002-05-18,1.2,0.36576000000000003
2002-05-19,1.57,0.478536
2002-05-20,2.35,0.71628
2002-05-21,2.0,0.6096
2002-05-22,1.74,0.530352
2002-05-23,1.62,0.49377600000000005
2002-05-24,1.5,0.45720000000000005
2002-05-25,1.39,0.423672
2002-05-26,1.31,0.39928800000000003
2002-05-27,1.22,0.371856
2002-05-28,1.18,0.359664
2002-05-29,1.38,0.420624
2002-05-30,1.43,0.43586400000000003
2002-05-31,2.03,0.618744
2002-06-01,2.29,0.6979920000000001
2002-06-02,2.46,0.749808
2002-06-03,2.0,0.6096
2002-06-04,1.68,0.512064
2002-06-05,1.51,0.46024800000000005
2002-06-06,1.47,0.448056
2002-06-07,1.68,0.512064
2002-06-08,1.78,0.542544
2002-06-09,1.57,0.478536
2002-06-10,1.45,0.44196
2002-06-11,1.37,0.41757600000000006
2002-06-12,1.28,0.39014400000000005
2002-06-13,1.2,0.36576000000000003
2002-06-14,1.15,0.35052
2002-06-15,1.11,0.3383280000000001
2002-06-16,1.04,0.31699200000000005
2002-06-17,1.0,0.3048
2002-06-18,0.96,0.292608
2002-06-19,0.93,0.28346400000000005
2002-06-20,0.9,0.27432
2002-06-21,0.91,0.277368
2002-06-22,0.89,0.271272
2002-06-23,0.88,0.268224
2002-06-24,0.88,0.268224
2002-06-25,0.92,0.280416
2002-06-26,1.32,0.402336
2002-06-27,1.94,0.5913120000000001
2002-06-28,2.12,0.6461760000000001
2002-06-29,1.76,0.536448
2002-06-30,1.94,0.5913120000000001
2002-07-01,2.22,0.6766560000000001
2002-07-02,2.14,0.6522720000000001
2002-07-03,1.76,0.536448
2002-07-04,1.49,0.454152
2002-07-05,1.5,0.45720000000000005
2002-07-06,1.95,0.59436
2002-07-07,1.88,0.573024
2002-07-08,1.61,0.49072800000000005
2002-07-09,1.42,0.432816
2002-07-10,1.44,0.438912
2002-07-11,1.51,0.46024800000000005
2002-07-12,1.36,0.41452800000000006
2002-07-13,1.26,0.384048
2002-07-14,1.16,0.353568
2002-07-15,1.11,0.3383280000000001
2002-07-16,1.09,0.332232
2002-07-17,1.06,0.32308800000000004
2002-07-18,0.98,0.298704
2002-07-19,0.94,0.286512
2002-07-20,0.98,0.298704
2002-07-21,0.97,0.29565600000000003
2002-07-22,0.86,0.262128
2002-07-23,0.85,0.25908000000000003
2002-07-24,1.04,0.31699200000000005
2002-07-25,2.24,0.6827520000000001
2002-07-26,2.62,0.7985760000000001
2002-07-27,2.52,0.768096
2002-07-28,2.67,0.813816
2002-07-29,2.06,0.627888
2002-07-30,2.34,0.713232
2002-07-31,2.5,0.762
2002-08-01,2.11,0.643128
2002-08-02,2.11,0.643128
2002-08-03,1.94,0.5913120000000001
2002-08-04,1.81,0.5516880000000001
2002-08-05,1.74,0.530352
2002-08-06,1.54,0.46939200000000003
2002-08-07,1.37,0.41757600000000006
2002-08-08,1.25,0.381
2002-08-09,1.16,0.353568
2002-08-10,1.08,0.32918400000000003
2002-08-11,1.01,0.307848
2002-08-12,0.94,0.286512
2002-08-13,0.91,0.277368
2002-08-14,0.88,0.268224
2002-08-15,0.9,0.27432
2002-08-16,1.18,0.359664
2002-08-17,1.24,0.377952
2002-08-18,1.21,0.368808
2002-08-19,1.25,0.381
2002-08-20,1.34,0.408432
2002-08-21,1.52,0.46329600000000004
2002-08-22,1.87,0.569976
2002-08-23,1.63,0.496824
2002-08-24,1.42,0.432816
2002-08-25,1.27,0.38709600000000005
2002-08-26,1.15,0.35052
2002-08-27,1.08,0.32918400000000003
2002-08-28,1.02,0.310896
2002-08-29,1.02,0.310896
2002-08-30,1.18,0.359664
2002-08-31,1.03,0.313944
2002-09-01,1.0,0.3048
2002-09-02,0.99,0.301752
2002-09-03,0.98,0.298704
2002-09-04,0.97,0.29565600000000003
2002-09-05,0.95,0.28956
2002-09-06,0.91,0.277368
2002-09-07,0.89,0.271272
2002-09-08,0.84,0.256032
2002-09-09,0.82,0.249936
2002-09-10,0.8,0.24384000000000003
2002-09-11,0.78,0.237744
2002-09-12,0.76,0.23164800000000002
2002-09-13,0.76,0.23164800000000002
2002-09-14,0.78,0.237744
2002-09-15,0.81,0.24688800000000002
2002-09-16,0.81,0.24688800000000002
2002-09-17,0.8,0.24384000000000003
2002-09-18,0.84,0.256032
2002-09-19,0.86,0.262128
2002-09-20,0.86,0.262128
2002-09-21,0.93,0.28346400000000005
2002-09-22,0.88,0.268224
2002-09-23,1.01,0.307848
2002-09-24,1.11,0.3383280000000001
2002-09-25,1.35,0.41148000000000007
2002-09-26,1.68,0.512064
2002-09-27,2.27,0.6918960000000001
2002-09-28,2.67,0.813816
2002-09-29,2.19,0.667512
2002-09-30,1.76,0.536448
2002-10-01,1.54,0.46939200000000003
2002-10-02,1.39,0.423672
2002-10-03,1.29,0.39319200000000004
2002-10-04,1.24,0.377952
2002-10-05,1.22,0.371856
2002-10-06,1.22,0.371856
2002-10-07,1.41,0.429768
2002-10-08,1.39,0.423672
2002-10-09,1.25,0.381
2002-10-10,1.19,0.362712
2002-10-11,1.15,0.35052
2002-10-12,1.12,0.34137600000000007
2002-10-13,1.29,0.39319200000000004
2002-10-14,1.24,0.377952
2002-10-15,1.89,0.576072
2002-10-16,3.14,0.957072
2002-10-17,3.17,0.9662160000000001
2002-10-18,2.27,0.6918960000000001
2002-10-19,1.81,0.5516880000000001
2002-10-20,1.77,0.5394960000000001
2002-10-21,3.18,0.9692640000000001
2002-10-22,2.17,0.661416
2002-10-23,2.06,0.627888
2002-10-24,1.92,0.585216
2002-10-25,1.85,0.56388
2002-10-26,3.08,0.9387840000000001
2002-10-27,6.63,2.020824
2002-10-28,6.79,2.069592
2002-10-29,5.67,1.728216
2002-10-30,5.61,1.7099280000000001
2002-10-31,4.88,1.487424
2002-11-01,3.6,1.09728
2002-11-02,2.97,0.9052560000000001
2002-11-03,2.62,0.7985760000000001
2002-11-04,2.49,0.7589520000000001
2002-11-05,2.85,0.8686800000000001
2002-11-06,4.13,1.258824
2002-11-07,3.75,1.143
2002-11-08,3.24,0.9875520000000001
2002-11-09,2.86,0.8717280000000001
2002-11-10,2.65,0.80772
2002-11-11,2.76,0.841248
2002-11-12,7.0,2.1336
2002-11-13,7.64,2.328672
2002-11-14,7.33,2.234184
2002-11-15,6.63,2.020824
2002-11-16,6.92,2.109216
2002-11-17,6.9,2.10312
2002-11-18,6.01,1.831848
2002-11-19,5.27,1.606296
2002-11-20,4.87,1.4843760000000001
2002-11-21,4.37,1.331976
2002-11-22,4.0,1.2192
2002-11-23,3.71,1.130808
2002-11-24,3.45,1.05156
2002-11-25,3.26,0.993648
2002-11-26,3.09,0.941832
2002-11-27,2.95,0.8991600000000001
2002-11-28,2.84,0.865632
2002-11-29,2.76,0.841248
2002-11-30,2.68,0.816864
2002-12-01,2.62,0.7985760000000001
2002-12-02,2.59,0.789432
2002-12-03,2.55,0.7772399999999999
2002-12-04,2.53,0.7711439999999999
2002-12-05,2.86,0.8717280000000001
2002-12-06,3.38,1.030224
2002-12-07,3.45,1.05156
2002-12-08,3.15,0.96012
2002-12-09,3.01,0.9174479999999999
2002-12-10,2.93,0.8930640000000001
2002-12-11,3.24,0.9875520000000001
2002-12-12,3.61,1.100328
2002-12-13,3.87,1.1795760000000002
2002-12-14,4.03,1.228344
2002-12-15,3.91,1.1917680000000002
2002-12-16,3.67,1.118616
2002-12-17,3.45,1.05156
2002-12-18,3.2,0.9753600000000001
2002-12-19,3.16,0.9631680000000001
2002-12-20,5.46,1.6642080000000001
2002-12-21,5.89,1.795272
2002-12-22,5.56,1.694688
2002-12-23,5.43,1.655064
2002-12-24,10.27,3.130296
2002-12-25,13.89,4.233672
2002-12-26,12.69,3.867912
2002-12-27,10.56,3.218688
2002-12-28,10.21,3.1120080000000003
2002-12-29,10.86,3.310128
2002-12-30,10.15,3.0937200000000002
2002-12-31,9.63,2.9352240000000003
2003-01-01,10.47,3.1912560000000005
2003-01-02,9.32,2.840736
2003-01-03,8.35,2.54508
2003-01-04,7.83,2.386584
2003-01-05,7.8,2.37744
2003-01-06,7.67,2.337816
2003-01-07,6.56,1.999488
2003-01-08,5.28,1.609344
2003-01-09,4.72,1.438656
2003-01-10,4.44,1.3533120000000003
2003-01-11,4.22,1.286256
2003-01-12,4.02,1.225296
2003-01-13,3.85,1.17348
2003-01-14,3.72,1.1338560000000002
2003-01-15,3.61,1.100328
2003-01-16,3.55,1.08204
2003-01-17,3.51,1.069848
2003-01-18,3.51,1.069848
2003-01-19,3.46,1.054608
2003-01-20,3.4,1.0363200000000001
2003-01-21,3.39,1.0332720000000002
2003-01-22,3.39,1.0332720000000002
2003-01-23,3.33,1.014984
2003-01-24,3.23,0.984504
2003-01-25,3.16,0.9631680000000001
2003-01-26,3.12,0.950976
2003-01-27,3.09,0.941832
2003-01-28,3.04,0.9265920000000001
2003-01-29,3.01,0.9174479999999999
2003-01-30,3.13,0.954024
2003-01-31,3.35,1.02108
2003-02-01,3.47,1.0576560000000002
2003-02-02,3.39,1.0332720000000002
2003-02-03,3.31,1.008888
2003-02-04,3.23,0.984504
2003-02-05,3.23,0.984504
2003-02-06,3.24,0.9875520000000001
2003-02-07,3.52,1.072896
2003-02-08,3.75,1.143
2003-02-09,3.84,1.170432
2003-02-10,3.95,1.2039600000000001
2003-02-11,3.88,1.1826240000000001
2003-02-12,3.71,1.130808
2003-02-13,3.48,1.060704
2003-02-14,3.3,1.00584
2003-02-15,3.18,0.9692640000000001
2003-02-16,4.85,1.47828
2003-02-17,6.03,1.8379440000000002
2003-02-18,5.76,1.755648
2003-02-19,5.74,1.7495520000000002
2003-02-20,5.88,1.792224
2003-02-21,6.0,1.8288000000000002
2003-02-22,7.94,2.420112
2003-02-23,7.98,2.4323040000000002
2003-02-24,7.08,2.1579840000000003
2003-02-25,6.76,2.060448
2003-02-26,7.14,2.176272
2003-02-27,9.39,2.8620720000000004
2003-02-28,9.04,2.755392
2003-03-01,8.2,2.49936
2003-03-02,7.51,2.289048
2003-03-03,7.25,2.2098
2003-03-04,7.2,2.19456
2003-03-05,6.58,2.0055840000000003
2003-03-06,5.88,1.792224
2003-03-07,8.36,2.548128
2003-03-08,9.64,2.9382720000000004
2003-03-09,9.52,2.901696
2003-03-10,9.95,3.03276
2003-03-11,12.59,3.837432
2003-03-12,12.88,3.9258240000000004
2003-03-13,11.39,3.4716720000000003
2003-03-14,11.04,3.364992
2003-03-15,11.8,3.5966400000000003
2003-03-16,10.24,3.1211520000000004
2003-03-17,9.46,2.883408
2003-03-18,11.14,3.3954720000000003
2003-03-19,12.0,3.6576000000000004
2003-03-20,11.38,3.4686240000000006
2003-03-21,10.61,3.233928
2003-03-22,9.82,2.9931360000000002
2003-03-23,8.86,2.700528
2003-03-24,7.62,2.322576
2003-03-25,6.2,1.88976
2003-03-26,5.29,1.612392
2003-03-27,4.86,1.4813280000000002
2003-03-28,4.59,1.399032
2003-03-29,4.46,1.359408
2003-03-30,4.55,1.38684
2003-03-31,4.74,1.444752
2003-04-01,4.66,1.420368
2003-04-02,4.54,1.3837920000000001
2003-04-03,4.36,1.328928
2003-04-04,4.11,1.252728
2003-04-05,3.91,1.1917680000000002
2003-04-06,3.79,1.155192
2003-04-07,5.5,1.6764000000000001
2003-04-08,11.09,3.3802320000000003
2003-04-09,12.15,3.70332
2003-04-10,11.22,3.4198560000000002
2003-04-11,11.5,3.5052000000000003
2003-04-12,13.04,3.974592
2003-04-13,12.52,3.816096
2003-04-14,10.8,3.2918400000000005
2003-04-15,8.91,2.715768
2003-04-16,6.64,2.023872
2003-04-17,5.03,1.533144
2003-04-18,4.46,1.359408
2003-04-19,4.16,1.2679680000000002
2003-04-20,3.95,1.2039600000000001
2003-04-21,3.75,1.143
2003-04-22,3.91,1.1917680000000002
2003-04-23,3.73,1.1369040000000001
2003-04-24,3.55,1.08204
2003-04-25,8.39,2.557272
2003-04-26,11.58,3.5295840000000003
2003-04-27,10.69,3.258312
2003-04-28,9.68,2.950464
2003-04-29,12.01,3.660648
2003-04-30,14.14,4.309872
2003-05-01,12.37,3.770376
2003-05-02,9.89,3.0144720000000005
2003-05-03,7.36,2.243328
2003-05-04,5.92,1.804416
2003-05-05,5.1,1.5544799999999999
2003-05-06,4.54,1.3837920000000001
2003-05-07,4.15,1.2649200000000003
2003-05-08,3.74,1.139952
2003-05-09,3.43,1.0454640000000002
2003-05-10,3.16,0.9631680000000001
2003-05-11,2.94,0.896112
2003-05-12,2.78,0.847344
2003-05-13,2.67,0.813816
2003-05-14,2.62,0.7985760000000001
2003-05-15,2.64,0.804672
2003-05-16,2.8,0.85344
2003-05-17,2.92,0.890016
2003-05-18,4.05,1.23444
2003-05-19,5.8,1.76784
2003-05-20,5.81,1.770888
2003-05-21,5.45,1.6611600000000002
2003-05-22,8.24,2.511552
2003-05-23,8.8,2.68224
2003-05-24,7.67,2.337816
2003-05-25,6.66,2.029968
2003-05-26,6.42,1.956816
2003-05-27,6.5,1.9812
2003-05-28,6.29,1.917192
2003-05-29,5.2,1.5849600000000001
2003-05-30,4.17,1.2710160000000001
2003-05-31,3.59,1.094232
2003-06-01,3.14,0.957072
2003-06-02,2.79,0.850392
2003-06-03,2.73,0.8321040000000001
2003-06-04,3.34,1.018032
2003-06-05,4.15,1.2649200000000003
2003-06-06,5.11,1.5575280000000002
2003-06-07,9.07,2.764536
2003-06-08,11.46,3.4930080000000006
2003-06-09,9.93,3.0266640000000002
2003-06-10,8.68,2.645664
2003-06-11,8.56,2.6090880000000003
2003-06-12,10.22,3.1150560000000005
2003-06-13,10.84,3.3040320000000003
2003-06-14,10.47,3.1912560000000005
2003-06-15,10.2,3.1089599999999997
2003-06-16,8.51,2.593848
2003-06-17,7.8,2.37744
2003-06-18,11.2,3.41376
2003-06-19,15.49,4.721352
2003-06-20,14.38,4.383024000000001
2003-06-21,14.71,4.483608
2003-06-22,16.0,4.8768
2003-06-23,14.43,4.398264
2003-06-24,12.08,3.6819840000000004
2003-06-25,9.69,2.953512
2003-06-26,7.29,2.221992
2003-06-27,5.08,1.5483840000000002
2003-06-28,4.59,1.399032
2003-06-29,4.62,1.408176
2003-06-30,5.21,1.588008
2003-07-01,8.8,2.68224
2003-07-02,10.67,3.252216
2003-07-03,10.62,3.236976
2003-07-04,12.47,3.8008560000000005
2003-07-05,15.28,4.657344
2003-07-06,14.02,4.273296
2003-07-07,12.22,3.7246560000000004
2003-07-08,12.24,3.7307520000000003
2003-07-09,11.74,3.578352
2003-07-10,10.17,3.099816
2003-07-11,10.14,3.0906720000000005
2003-07-12,9.43,2.874264
2003-07-13,7.35,2.24028
2003-07-14,8.4,2.5603200000000004
2003-07-15,10.44,3.182112
2003-07-16,10.77,3.282696
2003-07-17,10.73,3.2705040000000003
2003-07-18,11.24,3.425952
2003-07-19,10.61,3.233928
2003-07-20,9.9,3.01752
2003-07-21,8.65,2.6365200000000004
2003-07-22,7.72,2.353056
2003-07-23,8.12,2.474976
2003-07-24,8.58,2.615184
2003-07-25,7.57,2.3073360000000003
2003-07-26,6.44,1.9629120000000002
2003-07-27,6.12,1.8653760000000001
2003-07-28,5.94,1.8105120000000001
2003-07-29,5.71,1.7404080000000002
2003-07-30,5.99,1.8257520000000003
2003-07-31,5.9,1.7983200000000001
2003-08-01,6.19,1.8867120000000002
2003-08-02,7.26,2.212848
2003-08-03,7.53,2.295144
2003-08-04,7.49,2.2829520000000003
2003-08-05,7.16,2.1823680000000003
2003-08-06,7.78,2.371344
2003-08-07,10.37,3.160776
2003-08-08,11.86,3.614928
2003-08-09,12.64,3.8526720000000005
2003-08-10,12.55,3.8252400000000004
2003-08-11,10.96,3.3406080000000005
2003-08-12,9.34,2.846832
2003-08-13,7.66,2.334768
2003-08-14,6.64,2.023872
2003-08-15,7.07,2.154936
2003-08-16,7.09,2.161032
2003-08-17,7.42,2.261616
2003-08-18,7.67,2.337816
2003-08-19,7.92,2.414016
2003-08-20,7.48,2.279904
2003-08-21,6.09,1.856232
2003-08-22,5.92,1.804416
2003-08-23,5.8,1.76784
2003-08-24,5.62,1.712976
2003-08-25,5.03,1.533144
2003-08-26,4.52,1.377696
2003-08-27,4.68,1.426464
2003-08-28,5.2,1.5849600000000001
2003-08-29,4.8,1.4630400000000001
2003-08-30,5.76,1.755648
2003-08-31,6.56,1.999488
2003-09-01,5.62,1.712976
2003-09-02,4.63,1.411224
2003-09-03,4.07,1.240536
2003-09-04,3.87,1.1795760000000002
2003-09-05,4.25,1.2954
2003-09-06,5.55,1.69164
2003-09-07,8.03,2.4475439999999997
2003-09-08,7.89,2.404872
2003-09-09,7.94,2.420112
2003-09-10,7.61,2.319528
2003-09-11,7.04,2.145792
2003-09-12,5.47,1.667256
2003-09-13,4.33,1.319784
2003-09-14,4.21,1.2832080000000001
2003-09-15,5.01,1.527048
2003-09-16,4.16,1.2679680000000002
2003-09-17,3.79,1.155192
2003-09-18,3.59,1.094232
2003-09-19,3.4,1.0363200000000001
2003-09-20,3.23,0.984504
2003-09-21,3.04,0.9265920000000001
2003-09-22,3.27,0.996696
2003-09-23,6.95,2.11836
2003-09-24,6.25,1.905
2003-09-25,5.65,1.72212
2003-09-26,5.43,1.655064
2003-09-27,5.07,1.5453360000000003
2003-09-28,4.66,1.420368
2003-09-29,3.92,1.194816
2003-09-30,3.39,1.0332720000000002
2003-10-01,3.21,0.978408
2003-10-02,3.21,0.978408
2003-10-03,3.09,0.941832
2003-10-04,2.89,0.8808720000000001
2003-10-05,2.76,0.841248
2003-10-06,2.67,0.813816
2003-10-07,2.63,0.801624
2003-10-08,2.65,0.80772
2003-10-09,2.67,0.813816
2003-10-10,2.71,0.8260080000000001
2003-10-11,3.02,0.9204960000000001
2003-10-12,3.62,1.1033760000000001
2003-10-13,3.55,1.08204
2003-10-14,3.56,1.085088
2003-10-15,3.54,1.0789920000000002
2003-10-16,3.32,1.011936
2003-10-17,2.98,0.908304
2003-10-18,2.79,0.850392
2003-10-19,2.7,0.8229600000000001
2003-10-20,2.61,0.795528
2003-10-21,2.52,0.768096
2003-10-22,2.47,0.7528560000000001
2003-10-23,2.42,0.737616
2003-10-24,2.36,0.719328
2003-10-25,2.3,0.70104
2003-10-26,2.33,0.710184
2003-10-27,2.73,0.8321040000000001
2003-10-28,3.17,0.9662160000000001
2003-10-29,2.95,0.8991600000000001
2003-10-30,2.88,0.877824
2003-10-31,2.76,0.841248
2003-11-01,2.61,0.795528
2003-11-02,2.51,0.765048
2003-11-03,2.46,0.749808
2003-11-04,2.39,0.7284720000000001
2003-11-05,2.36,0.719328
2003-11-06,2.37,0.722376
2003-11-07,2.39,0.7284720000000001
2003-11-08,2.39,0.7284720000000001
2003-11-09,2.38,0.725424
2003-11-10,2.37,0.722376
2003-11-11,2.34,0.713232
2003-11-12,2.35,0.71628
2003-11-13,2.32,0.707136
2003-11-14,2.27,0.6918960000000001
2003-11-15,2.21,0.673608
2003-11-16,2.18,0.664464
2003-11-17,2.18,0.664464
2003-11-18,2.24,0.6827520000000001
2003-11-19,2.93,0.8930640000000001
2003-11-20,3.87,1.1795760000000002
2003-11-21,3.8,1.15824
2003-11-22,3.45,1.05156
2003-11-23,3.16,0.9631680000000001
2003-11-24,3.11,0.947928
2003-11-25,3.35,1.02108
2003-11-26,3.34,1.018032
2003-11-27,3.1,0.94488
2003-11-28,3.55,1.08204
2003-11-29,4.8,1.4630400000000001
2003-11-30,5.45,1.6611600000000002
2003-12-01,5.56,1.694688
2003-12-02,5.47,1.667256
2003-12-03,4.82,1.4691360000000002
2003-12-04,4.32,1.3167360000000001
2003-12-05,4.22,1.286256
2003-12-06,4.08,1.243584
2003-12-07,3.87,1.1795760000000002
2003-12-08,3.68,1.121664
2003-12-09,3.5,1.0668
2003-12-10,4.65,1.4173200000000001
2003-12-11,5.64,1.719072
2003-12-12,5.61,1.7099280000000001
2003-12-13,5.58,1.700784
2003-12-14,6.57,2.002536
2003-12-15,6.34,1.9324320000000001
2003-12-16,5.76,1.755648
2003-12-17,5.35,1.63068
2003-12-18,5.11,1.5575280000000002
2003-12-19,4.89,1.490472
2003-12-20,4.66,1.420368
2003-12-21,4.34,1.322832
2003-12-22,4.03,1.228344
2003-12-23,3.88,1.1826240000000001
2003-12-24,4.71,1.435608
2003-12-25,5.3,1.61544
2003-12-26,5.48,1.6703040000000002
2003-12-27,5.61,1.7099280000000001
2003-12-28,5.43,1.655064
2003-12-29,4.91,1.4965680000000001
2003-12-30,4.9,1.4935200000000002
2003-12-31,4.79,1.4599920000000002
2004-01-01,4.52,1.377696
2004-01-02,4.36,1.328928
2004-01-03,4.18,1.274064
2004-01-04,4.0,1.2192
2004-01-05,3.87,1.1795760000000002
2004-01-06,3.8,1.15824
2004-01-07,3.71,1.130808
2004-01-08,3.62,1.1033760000000001
2004-01-09,3.67,1.118616
2004-01-10,3.86,1.176528
2004-01-11,3.88,1.1826240000000001
2004-01-12,3.83,1.167384
2004-01-13,3.78,1.152144
2004-01-14,3.7,1.12776
2004-01-15,3.56,1.085088
2004-01-16,3.46,1.054608
2004-01-17,3.39,1.0332720000000002
2004-01-18,3.79,1.155192
2004-01-19,4.38,1.335024
2004-01-20,4.55,1.38684
2004-01-21,4.62,1.408176
2004-01-22,4.38,1.335024
2004-01-23,4.04,1.231392
2004-01-24,3.7,1.12776
2004-01-25,3.56,1.085088
2004-01-26,8.13,2.4780240000000004
2004-01-27,9.58,2.9199840000000004
2004-01-28,8.38,2.5542240000000005
2004-01-29,7.37,2.246376
2004-01-30,7.27,2.215896
2004-01-31,7.42,2.261616
2004-02-01,7.21,2.1976080000000002
2004-02-02,6.29,1.917192
2004-02-03,4.96,1.511808
2004-02-04,4.41,1.344168
2004-02-05,4.16,1.2679680000000002
2004-02-06,5.32,1.621536
2004-02-07,7.33,2.234184
2004-02-08,6.98,2.127504
2004-02-09,6.54,1.993392
2004-02-10,6.66,2.029968
2004-02-11,6.81,2.075688
2004-02-12,8.75,2.6670000000000003
2004-02-13,9.2,2.80416
2004-02-14,9.33,2.8437840000000003
2004-02-15,9.24,2.816352
2004-02-16,9.42,2.871216
2004-02-17,10.16,3.0967680000000004
2004-02-18,9.98,3.041904
2004-02-19,9.13,2.782824
2004-02-20,7.86,2.395728
2004-02-21,6.2,1.88976
2004-02-22,5.37,1.636776
2004-02-23,5.64,1.719072
2004-02-24,8.04,2.450592
2004-02-25,8.56,2.6090880000000003
2004-02-26,10.4,3.1699200000000003
2004-02-27,10.69,3.258312
2004-02-28,10.97,3.343656
2004-02-29,12.89,3.9288720000000006
2004-03-01,13.75,4.191
2004-03-02,12.22,3.7246560000000004
2004-03-03,10.35,3.15468
2004-03-04,8.7,2.65176
2004-03-05,6.85,2.08788
2004-03-06,5.97,1.819656
2004-03-07,5.68,1.731264
2004-03-08,5.43,1.655064
2004-03-09,5.14,1.566672
2004-03-10,4.85,1.47828
2004-03-11,4.6,1.40208
2004-03-12,4.4,1.34112
2004-03-13,4.27,1.301496
2004-03-14,4.17,1.2710160000000001
2004-03-15,4.12,1.255776
2004-03-16,4.17,1.2710160000000001
2004-03-17,4.26,1.298448
2004-03-18,4.21,1.2832080000000001
2004-03-19,4.08,1.243584
2004-03-20,3.97,1.210056
2004-03-21,3.84,1.170432
2004-03-22,3.69,1.124712
2004-03-23,3.54,1.0789920000000002
2004-03-24,3.43,1.0454640000000002
2004-03-25,3.36,1.024128
2004-03-26,3.32,1.011936
2004-03-27,3.29,1.0027920000000001
2004-03-28,3.27,0.996696
2004-03-29,3.24,0.9875520000000001
2004-03-30,3.22,0.9814560000000001
2004-03-31,3.23,0.984504
2004-04-01,3.22,0.9814560000000001
2004-04-02,3.11,0.947928
2004-04-03,3.04,0.9265920000000001
2004-04-04,2.98,0.908304
2004-04-05,2.92,0.890016
2004-04-06,2.82,0.859536
2004-04-07,2.76,0.841248
2004-04-08,2.75,0.8382000000000001
2004-04-09,2.89,0.8808720000000001
2004-04-10,2.88,0.877824
2004-04-11,2.72,0.8290560000000001
2004-04-12,2.69,0.819912
2004-04-13,2.77,0.844296
2004-04-14,2.92,0.890016
2004-04-15,2.9,0.88392
2004-04-16,2.77,0.844296
2004-04-17,2.64,0.804672
2004-04-18,2.49,0.7589520000000001
2004-04-19,2.37,0.722376
2004-04-20,2.28,0.694944
2004-04-21,2.21,0.673608
2004-04-22,2.14,0.6522720000000001
2004-04-23,2.09,0.637032
2004-04-24,2.04,0.621792
2004-04-25,1.98,0.603504
2004-04-26,1.97,0.600456
2004-04-27,2.07,0.6309359999999999
2004-04-28,2.17,0.661416
2004-04-29,2.1,0.6400800000000001
2004-04-30,2.5,0.762
2004-05-01,3.56,1.085088
2004-05-02,4.71,1.435608
2004-05-03,5.02,1.530096
2004-05-04,5.06,1.5422879999999999
2004-05-05,4.6,1.40208
2004-05-06,3.91,1.1917680000000002
2004-05-07,3.17,0.9662160000000001
2004-05-08,2.68,0.816864
2004-05-09,2.43,0.7406640000000001
2004-05-10,2.22,0.6766560000000001
2004-05-11,2.18,0.664464
2004-05-12,2.32,0.707136
2004-05-13,2.34,0.713232
2004-05-14,2.92,0.890016
2004-05-15,3.54,1.0789920000000002
2004-05-16,3.39,1.0332720000000002
2004-05-17,3.23,0.984504
2004-05-18,2.95,0.8991600000000001
2004-05-19,2.61,0.795528
2004-05-20,2.34,0.713232
2004-05-21,2.47,0.7528560000000001
2004-05-22,2.72,0.8290560000000001
2004-05-23,3.08,0.9387840000000001
2004-05-24,2.74,0.8351520000000001
2004-05-25,2.26,0.688848
2004-05-26,2.17,0.661416
2004-05-27,2.09,0.637032
2004-05-28,1.86,0.5669280000000001
2004-05-29,1.69,0.515112
2004-05-30,1.58,0.48158400000000007
2004-05-31,1.51,0.46024800000000005
2004-06-01,1.54,0.46939200000000003
2004-06-02,1.67,0.509016
2004-06-03,2.25,0.6858000000000001
2004-06-04,2.66,0.810768
2004-06-05,2.52,0.768096
2004-06-06,2.33,0.710184
2004-06-07,2.17,0.661416
2004-06-08,2.21,0.673608
2004-06-09,2.13,0.649224
2004-06-10,1.88,0.573024
2004-06-11,1.78,0.542544
2004-06-12,1.66,0.505968
2004-06-13,1.57,0.478536
2004-06-14,1.54,0.46939200000000003
2004-06-15,2.51,0.765048
2004-06-16,4.57,1.3929360000000002
2004-06-17,4.79,1.4599920000000002
2004-06-22,2.22,0.6766560000000001
2004-06-23,3.29,1.0027920000000001
2004-06-24,3.47,1.0576560000000002
2004-06-25,3.96,1.207008
2004-06-26,4.8,1.4630400000000001
2004-06-27,7.48,2.279904
2004-06-28,6.89,2.100072
2004-06-29,5.26,1.603248
2004-06-30,4.7,1.43256
2004-07-01,9.55,2.9108400000000003
2004-07-02,4.36,1.328928
2004-07-03,3.61,1.100328
2004-07-04,3.2,0.9753600000000001
2004-07-05,2.8,0.85344
2004-07-06,2.52,0.768096
2004-07-07,2.39,0.7284720000000001
2004-07-08,3.49,1.063752
2004-07-09,4.48,1.3655040000000003
2004-07-10,3.99,1.2161520000000001
2004-07-11,3.15,0.96012
2004-07-12,2.61,0.795528
2004-07-13,2.31,0.704088
2004-07-14,2.47,0.7528560000000001
2004-07-15,2.75,0.8382000000000001
2004-07-16,2.48,0.755904
2004-07-17,2.5,0.762
2004-07-18,3.49,1.063752
2004-07-19,3.47,1.0576560000000002
2004-07-20,2.64,0.804672
2004-07-21,2.18,0.664464
2004-07-22,1.92,0.585216
2004-07-27,1.47,0.448056
2004-07-28,1.43,0.43586400000000003
2004-07-29,1.5,0.45720000000000005
2004-07-30,2.19,0.667512
2004-07-31,1.95,0.59436
2004-08-01,1.75,0.5334
2004-08-02,1.58,0.48158400000000007
2004-08-03,1.48,0.451104
2004-08-04,1.4,0.42672
2004-08-05,1.36,0.41452800000000006
2004-08-06,1.29,0.39319200000000004
2004-08-07,1.23,0.374904
2004-08-08,1.18,0.359664
2004-08-09,1.19,0.362712
2004-08-10,1.6,0.48768000000000006
2004-08-11,4.56,1.389888
2004-08-12,5.1,1.5544799999999999
2004-08-13,4.46,1.359408
2004-08-14,3.95,1.2039600000000001
2004-08-15,3.13,0.954024
2004-08-16,2.47,0.7528560000000001
2004-08-17,2.1,0.6400800000000001
2004-08-18,1.88,0.573024
2004-08-19,1.72,0.524256
2004-08-20,1.62,0.49377600000000005
2004-08-21,1.73,0.527304
2004-08-22,2.12,0.6461760000000001
2004-08-23,2.63,0.801624
2004-08-24,2.74,0.8351520000000001
2004-08-25,3.09,0.941832
2004-08-26,5.35,1.63068
2004-08-27,3.78,1.152144
2004-08-28,2.64,0.804672
2004-08-29,2.21,0.673608
2004-08-30,2.07,0.6309359999999999
2004-08-31,2.37,0.722376
2004-09-01,2.99,0.9113520000000002
2004-09-02,3.33,1.014984
2004-09-03,4.64,1.414272
2004-09-04,5.22,1.591056
2004-09-05,5.01,1.527048
2004-09-06,4.94,1.5057120000000002
2004-09-07,4.56,1.389888
2004-09-08,4.34,1.322832
2004-09-09,4.08,1.243584
2004-09-10,3.77,1.1490960000000001
2004-09-11,3.38,1.030224
2004-09-12,2.99,0.9113520000000002
2004-09-13,2.89,0.8808720000000001
2004-09-14,2.96,0.902208
2004-09-15,2.77,0.844296
2004-09-16,10.47,3.1912560000000005
2004-09-17,15.54,4.736592
2004-09-18,15.69,4.782312
2004-09-19,15.4,4.69392
2004-09-20,14.6,4.45008
2004-09-21,13.41,4.087368000000001
2004-09-22,11.62,3.541776
2004-09-23,9.41,2.8681680000000003
2004-09-24,6.25,1.905
2004-09-25,4.51,1.374648
2004-09-26,3.98,1.213104
2004-09-27,3.65,1.11252
2004-09-28,3.4,1.0363200000000001
2004-09-29,3.23,0.984504
2004-09-30,3.1,0.94488
2004-10-01,2.96,0.902208
2004-10-02,2.86,0.8717280000000001
2004-10-03,2.77,0.844296
2004-10-04,2.67,0.813816
2004-10-05,2.58,0.7863840000000001
2004-10-06,2.49,0.7589520000000001
2004-10-07,2.43,0.7406640000000001
2004-10-08,2.36,0.719328
2004-10-09,2.32,0.707136
2004-10-10,2.33,0.710184
2004-10-11,2.46,0.749808
2004-10-12,2.59,0.789432
2004-10-13,2.64,0.804672
2004-10-14,2.54,0.7741920000000001
2004-10-15,2.43,0.7406640000000001
2004-10-16,2.33,0.710184
2004-10-17,2.27,0.6918960000000001
2004-10-18,2.21,0.673608
2004-10-19,2.21,0.673608
2004-10-20,3.23,0.984504
2004-10-21,4.08,1.243584
2004-10-22,4.61,1.4051280000000002
2004-10-23,4.19,1.2771120000000002
2004-10-24,3.87,1.1795760000000002
2004-10-25,4.29,1.307592
2004-10-26,4.7,1.43256
2004-10-27,4.58,1.3959840000000001
2004-10-28,4.13,1.258824
2004-10-29,3.67,1.118616
2004-10-30,3.33,1.014984
2004-10-31,3.06,0.9326880000000001
2004-11-01,2.86,0.8717280000000001
2004-11-02,2.72,0.8290560000000001
2004-11-03,2.63,0.801624
2004-11-04,3.58,1.0911840000000002
2004-11-05,4.36,1.328928
2004-11-06,4.53,1.3807440000000002
2004-11-07,4.4,1.34112
2004-11-08,4.07,1.240536
2004-11-09,3.58,1.0911840000000002
2004-11-10,3.2,0.9753600000000001
2004-11-11,3.02,0.9204960000000001
2004-11-12,3.33,1.014984
2004-11-13,3.68,1.121664
2004-11-14,3.76,1.146048
2004-11-15,3.67,1.118616
2004-11-16,3.51,1.069848
2004-11-17,3.31,1.008888
2004-11-18,3.12,0.950976
2004-11-19,2.97,0.9052560000000001
2004-12-02,6.57,2.002536
2004-12-03,6.32,1.9263360000000003
2004-12-04,5.44,1.6581120000000003
2004-12-05,5.05,1.53924
2004-12-06,5.91,1.801368
2004-12-07,5.98,1.8227040000000003
2004-12-08,5.83,1.7769840000000001
2004-12-09,6.28,1.914144
2004-12-10,7.28,2.218944
2004-12-11,6.81,2.075688
2004-12-12,5.97,1.819656
2004-12-13,5.64,1.719072
2004-12-14,5.23,1.5941040000000002
2004-12-15,4.74,1.444752
2004-12-16,4.35,1.32588
2004-12-17,4.09,1.246632
2004-12-18,3.93,1.197864
2004-12-19,3.82,1.164336
2004-12-20,3.73,1.1369040000000001
2004-12-21,3.66,1.1155680000000001
2004-12-22,3.62,1.1033760000000001
2004-12-23,5.31,1.618488
2004-12-24,5.84,1.780032
2004-12-25,5.68,1.731264
2004-12-26,5.73,1.7465040000000003
2004-12-27,5.67,1.728216
2004-12-28,5.24,1.5971520000000001
2004-12-29,4.77,1.4538959999999999
2004-12-30,4.37,1.331976
2004-12-31,4.13,1.258824
2005-01-01,4.05,1.23444
2005-01-02,3.86,1.176528
2005-01-03,3.75,1.143
2005-01-04,3.68,1.121664
2005-01-05,3.62,1.1033760000000001
2005-01-06,3.57,1.088136
2005-01-07,3.52,1.072896
2005-01-08,3.69,1.124712
2005-01-09,3.96,1.207008
2005-01-10,3.94,1.200912
2005-01-11,3.86,1.176528
2005-01-12,3.79,1.155192
2005-01-13,3.76,1.146048
2005-01-29,3.77,1.1490960000000001
2005-01-30,3.81,1.161288
2005-02-08,5.08,1.5483840000000002
2005-02-09,5.1,1.5544799999999999
2005-02-15,5.28,1.609344
2005-02-16,5.32,1.621536
2005-02-26,4.17,1.2710160000000001
2005-02-27,4.13,1.258824
2005-02-28,4.15,1.2649200000000003
2005-03-12,3.25,0.9906
2005-03-13,3.17,0.9662160000000001
2005-03-14,3.13,0.954024
2005-03-15,3.1,0.94488
2005-03-16,3.32,1.011936
2005-03-17,3.72,1.1338560000000002
2005-03-18,4.09,1.246632
2005-03-19,4.37,1.331976
2005-03-20,4.5,1.3716000000000002
2005-03-21,4.4,1.34112
2005-03-22,3.94,1.200912
2005-03-23,3.9,1.18872
2005-03-24,3.74,1.139952
2005-03-25,3.69,1.124712
2005-03-26,3.69,1.124712
2005-03-27,5.19,1.5819120000000002
2005-03-28,7.69,2.3439120000000004
2005-03-29,8.01,2.441448
2005-03-30,11.12,3.389376
2005-03-31,17.25,5.2578000000000005
2005-04-01,17.22,5.2486559999999995
2005-04-02,16.9,5.15112
2005-04-03,15.39,4.690872000000001
2005-04-04,17.57,5.355336
2005-04-05,16.99,5.178552
2005-04-06,14.88,4.535424000000001
2005-04-07,14.45,4.40436
2005-04-08,13.5,4.1148
2005-04-09,12.17,3.709416
2005-04-10,12.97,3.9532560000000005
2005-04-11,13.96,4.255008
2005-04-12,13.01,3.9654480000000003
2005-04-13,11.76,3.584448
2005-04-14,10.18,3.1028640000000003
2005-04-15,8.86,2.700528
2005-04-16,7.84,2.389632
2005-04-17,7.02,2.139696
2005-04-18,6.12,1.8653760000000001
2005-04-19,5.4,1.6459200000000003
2005-04-20,4.95,1.50876
2005-04-21,4.66,1.420368
2005-04-24,6.41,1.9537680000000002
2005-04-25,6.52,1.987296
2005-04-26,6.7,2.04216
2005-04-27,6.37,1.9415760000000002
2005-04-28,5.92,1.804416
2005-04-29,5.64,1.719072
2005-04-30,5.96,1.816608
2005-05-01,7.48,2.279904
2005-05-02,7.22,2.200656
2005-05-03,6.75,2.0574
2005-05-04,6.46,1.969008
2005-05-05,5.9,1.7983200000000001
2005-05-06,5.22,1.591056
2005-05-07,4.58,1.3959840000000001
2005-05-08,4.13,1.258824
2005-05-09,3.89,1.185672
2005-05-10,3.63,1.106424
2005-05-11,3.41,1.039368
2005-05-12,3.23,0.984504
2005-05-14,2.97,0.9052560000000001
2005-05-15,2.98,0.908304
2005-05-16,2.8,0.85344
2005-05-17,2.66,0.810768
2005-05-18,2.54,0.7741920000000001
2005-05-19,2.45,0.7467600000000001
2005-05-20,2.34,0.713232
2005-05-21,2.31,0.704088
2005-05-22,2.24,0.6827520000000001
2005-05-23,2.17,0.661416
2005-05-24,2.1,0.6400800000000001
2005-05-25,2.02,0.615696
2005-05-26,1.95,0.59436
2005-05-27,1.87,0.569976
2005-05-28,1.81,0.5516880000000001
2005-05-29,1.74,0.530352
2005-05-30,1.7,0.5181600000000001
2005-05-31,1.82,0.554736
2005-06-01,2.79,0.850392
2005-06-02,4.38,1.335024
2005-06-03,5.74,1.7495520000000002
2005-06-04,4.31,1.313688
2005-06-05,3.73,1.1369040000000001
2005-06-06,3.19,0.9723120000000001
2005-06-10,5.77,1.758696
2005-06-11,5.08,1.5483840000000002
2005-06-12,6.21,1.892808
2005-06-13,5.86,1.7861280000000002
2005-06-14,4.79,1.4599920000000002
2005-06-15,4.04,1.231392
2005-06-16,3.63,1.106424
2005-06-17,3.31,1.008888
2005-06-18,2.91,0.8869680000000001
2005-06-19,2.58,0.7863840000000001
2005-06-20,2.3,0.70104
2005-06-21,2.1,0.6400800000000001
2005-06-22,1.95,0.59436
2005-06-23,1.85,0.56388
2005-06-24,1.74,0.530352
2005-06-25,1.66,0.505968
2005-06-26,1.6,0.48768000000000006
2005-06-27,1.55,0.47244
2005-06-28,1.52,0.46329600000000004
2005-06-29,1.9,0.57912
2005-06-30,2.41,0.7345680000000001
2005-07-01,2.91,0.8869680000000001
2005-07-02,2.28,0.694944
2005-07-03,2.69,0.819912
2005-07-04,3.69,1.124712
2005-07-05,4.66,1.420368
2005-07-06,4.84,1.475232
2005-07-07,5.26,1.603248
2005-07-08,5.19,1.5819120000000002
2005-07-09,4.88,1.487424
2005-07-10,5.11,1.5575280000000002
2005-07-11,6.51,1.984248
2005-07-12,6.74,2.054352
2005-07-13,7.5,2.286
2005-07-14,8.4,2.5603200000000004
2005-07-15,8.94,2.724912
2005-07-16,10.6,3.23088
2005-07-17,10.02,3.054096
2005-07-18,10.31,3.142488
2005-07-19,9.59,2.923032
2005-07-20,9.37,2.855976
2005-07-21,8.33,2.538984
2005-07-22,6.67,2.033016
2005-07-23,5.54,1.688592
2005-07-24,4.37,1.331976
2005-07-25,3.76,1.146048
2005-07-26,3.38,1.030224
2005-07-27,3.05,0.92964
2005-07-28,2.8,0.85344
2005-07-29,2.69,0.819912
2005-07-30,2.72,0.8290560000000001
2005-07-31,2.85,0.8686800000000001
2005-08-01,2.83,0.862584
2005-08-02,2.99,0.9113520000000002
2005-08-03,3.36,1.024128
2005-08-04,3.97,1.210056
2005-08-05,8.1,2.46888
2005-08-06,6.67,2.033016
2005-08-07,4.75,1.4478
2005-08-08,4.61,1.4051280000000002
2005-08-09,4.41,1.344168
2005-08-10,4.54,1.3837920000000001
2005-08-11,4.93,1.502664
2005-08-12,8.7,2.65176
2005-08-13,8.64,2.6334720000000003
2005-08-14,8.12,2.474976
2005-08-19,7.9,2.4079200000000003
2005-08-21,8.17,2.490216
2005-08-22,7.67,2.337816
2005-08-23,7.29,2.221992
2005-08-24,5.95,1.81356
2005-08-25,4.42,1.347216
2005-08-26,3.91,1.1917680000000002
2005-08-27,3.48,1.060704
2005-08-28,3.19,0.9723120000000001
2005-08-29,3.0,0.9144000000000001
2005-08-30,4.15,1.2649200000000003
2005-08-31,5.16,1.5727680000000002
2005-09-01,5.67,1.728216
2005-09-02,5.08,1.5483840000000002
2005-09-03,4.76,1.450848
2005-09-04,4.44,1.3533120000000003
2005-09-05,3.94,1.200912
2005-09-06,3.33,1.014984
2005-09-07,2.87,0.8747760000000001
2005-09-08,2.57,0.783336
2005-09-09,2.37,0.722376
2005-09-10,2.21,0.673608
2005-09-11,2.08,0.6339840000000001
2005-09-12,1.99,0.606552
2005-09-13,1.91,0.582168
2005-09-14,1.85,0.56388
2005-09-15,1.79,0.5455920000000001
2005-09-16,1.74,0.530352
2005-09-17,1.71,0.521208
2005-09-18,1.68,0.512064
2005-09-19,1.64,0.499872
2005-09-20,1.62,0.49377600000000005
2005-09-21,1.59,0.48463200000000006
2005-09-22,1.57,0.478536
2005-09-23,1.64,0.499872
2005-09-24,1.6,0.48768000000000006
2005-09-25,1.82,0.554736
2005-09-26,2.69,0.819912
2005-09-27,3.58,1.0911840000000002
2005-09-28,3.95,1.2039600000000001
2005-09-29,3.24,0.9875520000000001
2005-09-30,2.73,0.8321040000000001
2005-10-01,2.45,0.7467600000000001
2005-10-02,2.25,0.6858000000000001
2005-10-03,2.1,0.6400800000000001
2005-10-04,1.99,0.606552
2005-10-05,1.89,0.576072
2005-10-06,1.87,0.569976
2005-10-07,2.09,0.637032
2005-10-08,2.45,0.7467600000000001
2005-10-09,2.66,0.810768
2005-10-10,2.75,0.8382000000000001
2005-10-11,2.84,0.865632
2005-10-12,2.65,0.80772
2005-10-13,2.38,0.725424
2005-10-14,2.19,0.667512
2005-10-15,2.06,0.627888
2005-10-16,1.95,0.59436
2005-10-17,1.85,0.56388
2005-10-18,1.78,0.542544
2005-10-19,1.72,0.524256
2005-10-20,1.72,0.524256
2005-10-21,1.72,0.524256
2005-10-22,1.61,0.49072800000000005
2005-10-23,1.58,0.48158400000000007
2005-10-24,1.55,0.47244
2005-10-25,1.52,0.46329600000000004
2005-10-26,1.49,0.454152
2005-10-27,1.47,0.448056
2005-10-28,1.47,0.448056
2005-10-29,1.48,0.451104
2005-10-30,1.48,0.451104
2005-10-31,1.48,0.451104
2005-11-01,1.52,0.46329600000000004
2005-11-02,1.6,0.48768000000000006
2005-11-03,1.74,0.530352
2005-11-04,1.83,0.5577840000000001
2005-11-05,1.76,0.536448
2005-11-06,1.71,0.521208
2005-11-07,1.73,0.527304
2005-11-08,1.74,0.530352
2005-11-09,1.71,0.521208
2005-11-10,1.67,0.509016
2005-11-11,1.64,0.499872
2005-11-12,1.6,0.48768000000000006
2005-11-13,1.6,0.48768000000000006
2005-11-14,1.6,0.48768000000000006
2005-11-15,1.6,0.48768000000000006
2005-11-16,1.69,0.515112
2005-11-17,1.74,0.530352
2005-11-18,1.82,0.554736
2005-11-19,1.86,0.5669280000000001
2005-11-20,1.78,0.542544
2005-11-21,1.79,0.5455920000000001
2005-11-22,1.86,0.5669280000000001
2005-11-23,1.98,0.603504
2005-11-24,2.06,0.627888
2005-11-25,2.02,0.615696
2005-11-26,1.98,0.603504
2005-11-27,2.05,0.62484
2005-11-28,3.12,0.950976
2005-11-29,4.78,1.4569440000000002
2005-11-30,5.37,1.636776
2005-12-01,4.73,1.441704
2005-12-02,4.11,1.252728
2005-12-03,3.61,1.100328
2005-12-04,3.18,0.9692640000000001
2005-12-05,4.15,1.2649200000000003
2005-12-06,4.82,1.4691360000000002
2005-12-07,4.43,1.350264
2005-12-08,3.93,1.197864
2005-12-09,3.6,1.09728
2005-12-10,3.34,1.018032
2005-12-11,3.13,0.954024
2005-12-12,2.95,0.8991600000000001
2005-12-13,2.81,0.856488
2005-12-14,2.71,0.8260080000000001
2005-12-15,3.52,1.072896
2005-12-16,4.34,1.322832
2005-12-17,4.29,1.307592
2005-12-18,3.92,1.194816
2005-12-19,3.7,1.12776
2005-12-20,3.44,1.048512
2005-12-21,3.2,0.9753600000000001
2005-12-22,3.01,0.9174479999999999
2005-12-23,2.87,0.8747760000000001
2005-12-24,2.79,0.850392
2005-12-25,3.26,0.993648
2005-12-26,4.15,1.2649200000000003
2005-12-27,4.32,1.3167360000000001
2005-12-28,4.2,1.2801600000000002
2005-12-29,3.93,1.197864
2005-12-30,3.58,1.0911840000000002
2005-12-31,3.36,1.024128
2006-01-01,3.23,0.984504
2006-01-02,3.42,1.042416
2006-01-03,4.32,1.3167360000000001
2006-01-04,4.78,1.4569440000000002
2006-01-05,4.67,1.423416
2006-01-06,4.45,1.3563600000000002
2006-01-07,4.25,1.2954
2006-01-08,3.91,1.1917680000000002
2006-01-09,3.44,1.048512
2006-01-10,3.18,0.9692640000000001
2006-01-11,3.08,0.9387840000000001
2006-01-12,3.02,0.9204960000000001
2006-01-13,3.13,0.954024
2006-01-14,4.38,1.335024
2006-01-15,5.24,1.5971520000000001
2006-01-16,4.92,1.499616
2006-01-17,5.02,1.530096
2006-01-18,6.65,2.02692
2006-01-19,6.76,2.060448
2006-01-20,6.51,1.984248
2006-01-21,6.31,1.9232879999999999
2006-01-22,5.97,1.819656
2006-01-23,5.42,1.6520160000000002
2006-01-24,5.83,1.7769840000000001
2006-01-25,5.36,1.633728
2006-01-26,4.53,1.3807440000000002
2006-01-27,4.14,1.2618719999999999
2006-01-28,3.82,1.164336
2006-01-29,3.65,1.11252
2006-01-30,3.88,1.1826240000000001
2006-01-31,4.21,1.2832080000000001
2006-02-01,4.14,1.2618719999999999
2006-02-02,4.48,1.3655040000000003
2006-02-03,5.13,1.5636240000000001
2006-02-04,5.0,1.524
2006-02-05,4.76,1.450848
2006-02-06,4.49,1.3685520000000002
2006-02-07,4.56,1.389888
2006-02-08,4.65,1.4173200000000001
2006-02-09,4.6,1.40208
2006-02-10,4.64,1.414272
2006-02-11,4.93,1.502664
2006-02-12,5.23,1.5941040000000002
2006-02-13,5.11,1.5575280000000002
2006-02-14,4.92,1.499616
2006-02-15,4.64,1.414272
2006-02-16,4.31,1.313688
2006-02-17,4.09,1.246632
2006-02-18,3.86,1.176528
2006-02-19,4.17,1.2710160000000001
2006-02-20,4.16,1.2679680000000002
2006-02-21,3.99,1.2161520000000001
2006-02-22,3.87,1.1795760000000002
2006-02-23,3.75,1.143
2006-02-24,3.62,1.1033760000000001
2006-02-25,3.92,1.194816
2006-02-26,7.38,2.249424
2006-02-27,7.7,2.34696
2006-02-28,7.43,2.2646640000000002
2006-03-01,7.54,2.2981920000000002
2006-03-02,8.17,2.490216
2006-03-03,9.02,2.749296
2006-03-04,8.92,2.718816
2006-03-05,7.36,2.243328
2006-03-06,5.11,1.5575280000000002
2006-03-07,4.35,1.32588
2006-03-08,4.03,1.228344
2006-03-09,3.83,1.167384
2006-03-10,4.78,1.4569440000000002
2006-03-11,5.72,1.7434560000000001
2006-03-12,5.64,1.719072
2006-03-13,5.7,1.7373600000000002
2006-03-14,5.91,1.801368
2006-03-15,5.62,1.712976
2006-03-16,5.07,1.5453360000000003
2006-03-17,4.5,1.3716000000000002
2006-03-18,4.09,1.246632
2006-03-19,3.8,1.15824
2006-03-20,3.61,1.100328
2006-03-21,3.51,1.069848
2006-03-22,3.8,1.15824
2006-03-23,4.54,1.3837920000000001
2006-03-24,5.02,1.530096
2006-03-25,5.06,1.5422879999999999
2006-03-26,4.77,1.4538959999999999
2006-03-27,4.42,1.347216
2006-03-28,3.79,1.155192
2006-03-29,3.42,1.042416
2006-03-30,3.26,0.993648
2006-03-31,3.15,0.96012
2006-04-01,3.05,0.92964
2006-04-02,2.97,0.9052560000000001
2006-04-03,2.89,0.8808720000000001
2006-04-04,2.81,0.856488
2006-04-05,2.7,0.8229600000000001
2006-04-06,2.59,0.789432
2006-04-07,2.48,0.755904
2006-04-08,2.58,0.7863840000000001
2006-04-09,3.3,1.00584
2006-04-10,3.54,1.0789920000000002
2006-04-11,4.36,1.328928
2006-04-12,4.56,1.389888
2006-04-13,4.3,1.31064
2006-04-14,3.52,1.072896
2006-04-15,2.88,0.877824
2006-04-16,2.57,0.783336
2006-04-17,2.38,0.725424
2006-04-18,2.23,0.679704
2006-04-19,2.13,0.649224
2006-04-20,2.03,0.618744
2006-04-21,2.05,0.62484
2006-04-22,2.33,0.710184
2006-04-23,2.55,0.7772399999999999
2006-04-24,3.35,1.02108
2006-04-25,3.02,0.9204960000000001
2006-04-26,2.59,0.789432
2006-04-27,2.44,0.743712
2006-04-28,2.33,0.710184
2006-04-29,2.16,0.6583680000000001
2006-04-30,2.02,0.615696
2006-05-01,1.91,0.582168
2006-05-02,1.84,0.560832
2006-05-03,1.81,0.5516880000000001
2006-05-04,1.75,0.5334
2006-05-05,1.71,0.521208
2006-05-06,1.62,0.49377600000000005
2006-05-07,1.7,0.5181600000000001
2006-05-08,2.1,0.6400800000000001
2006-05-09,2.84,0.865632
2006-05-10,4.37,1.331976
2006-05-11,6.61,2.0147280000000003
2006-05-12,7.3,2.22504
2006-05-13,7.48,2.279904
2006-05-14,9.87,3.0083759999999997
2006-05-15,12.62,3.8465759999999998
2006-05-16,11.32,3.450336
2006-05-17,8.85,2.69748
2006-05-18,6.25,1.905
2006-05-19,4.26,1.298448
2006-05-20,3.43,1.0454640000000002
2006-05-21,2.94,0.896112
2006-05-22,2.6,0.7924800000000001
2006-05-23,2.35,0.71628
2006-05-24,2.15,0.65532
2006-05-25,2.06,0.627888
2006-05-26,1.94,0.5913120000000001
2006-05-27,1.8,0.54864
2006-05-28,1.73,0.527304
2006-05-29,1.65,0.50292
2006-05-30,1.56,0.475488
2006-05-31,1.49,0.454152
2006-06-01,1.46,0.445008
2006-06-02,1.38,0.420624
2006-06-03,1.33,0.405384
2006-06-04,1.32,0.402336
2006-06-05,1.55,0.47244
2006-06-06,1.41,0.429768
2006-06-07,1.29,0.39319200000000004
2006-06-08,1.22,0.371856
2006-06-09,1.18,0.359664
2006-06-10,1.14,0.347472
2006-06-11,1.1,0.33528
2006-06-12,1.06,0.32308800000000004
2006-06-13,1.04,0.31699200000000005
2006-06-14,1.02,0.310896
2006-06-15,1.0,0.3048
2006-06-16,1.03,0.313944
2006-06-17,1.02,0.310896
2006-06-18,0.98,0.298704
2006-06-19,0.95,0.28956
2006-06-20,0.93,0.28346400000000005
2006-06-21,0.91,0.277368
2006-06-22,0.9,0.27432
2006-06-23,0.89,0.271272
2006-06-24,0.9,0.27432
2006-06-25,0.96,0.292608
2006-06-26,1.06,0.32308800000000004
2006-06-27,1.0,0.3048
2006-06-28,0.98,0.298704
2006-06-29,0.97,0.29565600000000003
2006-06-30,0.93,0.28346400000000005
2006-07-01,0.89,0.271272
2006-07-02,0.86,0.262128
2006-07-03,0.83,0.252984
2006-07-04,0.82,0.249936
2006-07-05,0.8,0.24384000000000003
2006-07-06,0.79,0.24079200000000003
2006-07-07,0.81,0.24688800000000002
2006-07-08,0.86,0.262128
2006-07-09,0.85,0.25908000000000003
2006-07-10,0.81,0.24688800000000002
2006-07-11,0.79,0.24079200000000003
2006-07-12,0.78,0.237744
2006-07-13,0.76,0.23164800000000002
2006-07-14,0.76,0.23164800000000002
2006-07-15,0.74,0.225552
2006-07-16,0.73,0.222504
2006-07-17,0.72,0.219456
2006-07-18,0.77,0.23469600000000002
2006-07-19,0.8,0.24384000000000003
2006-07-20,0.75,0.22860000000000003
2006-07-21,0.74,0.225552
2006-07-22,0.76,0.23164800000000002
2006-07-23,0.89,0.271272
2006-07-24,1.82,0.554736
2006-07-25,1.33,0.405384
2006-07-26,1.16,0.353568
2006-07-27,1.05,0.32004000000000005
2006-07-28,0.99,0.301752
2006-07-29,0.93,0.28346400000000005
2006-07-30,0.92,0.280416
2006-07-31,0.91,0.277368
2006-08-01,0.87,0.265176
2006-08-02,0.85,0.25908000000000003
2006-08-03,0.82,0.249936
2006-08-04,0.83,0.252984
2006-08-05,0.85,0.25908000000000003
2006-08-06,0.84,0.256032
2006-08-07,0.8,0.24384000000000003
2006-08-08,0.77,0.23469600000000002
2006-08-09,0.77,0.23469600000000002
2006-08-10,0.77,0.23469600000000002
2006-08-11,0.81,0.24688800000000002
2006-08-12,0.79,0.24079200000000003
2006-08-13,0.78,0.237744
2006-08-14,0.88,0.268224
2006-08-15,0.92,0.280416
2006-08-16,1.04,0.31699200000000005
2006-08-17,1.0,0.3048
2006-08-18,1.02,0.310896
2006-08-19,1.08,0.32918400000000003
2006-08-20,1.02,0.310896
2006-08-21,0.95,0.28956
2006-08-22,0.91,0.277368
2006-08-23,0.9,0.27432
2006-08-24,0.86,0.262128
2006-08-25,0.88,0.268224
2006-08-26,0.9,0.27432
2006-08-27,0.92,0.280416
2006-08-28,0.91,0.277368
2006-08-29,0.87,0.265176
2006-08-30,0.96,0.292608
2006-08-31,1.37,0.41757600000000006
2006-09-01,1.73,0.527304
2006-09-02,1.85,0.56388
2006-09-03,1.46,0.445008
2006-09-04,1.22,0.371856
2006-09-05,1.08,0.32918400000000003
2006-09-06,1.0,0.3048
2006-09-07,0.97,0.29565600000000003
2006-09-08,0.95,0.28956
2006-09-09,0.92,0.280416
2006-09-10,0.92,0.280416
2006-09-11,0.9,0.27432
2006-09-12,0.89,0.271272
2006-09-13,0.88,0.268224
2006-09-14,0.88,0.268224
2006-09-15,0.85,0.25908000000000003
2006-09-16,0.86,0.262128
2006-09-17,0.9,0.27432
2006-09-18,0.92,0.280416
2006-09-19,1.08,0.32918400000000003
2006-09-20,1.14,0.347472
2006-09-21,1.6,0.48768000000000006
2006-09-22,1.47,0.448056
2006-09-23,1.25,0.381
2006-09-24,1.14,0.347472
2006-09-25,1.12,0.34137600000000007
2006-09-26,1.23,0.374904
2006-09-27,1.36,0.41452800000000006
2006-09-28,1.29,0.39319200000000004
2006-09-29,1.16,0.353568
2006-09-30,1.08,0.32918400000000003
2006-10-01,1.02,0.310896
2006-10-02,0.96,0.292608
2006-10-03,0.92,0.280416
2006-10-04,0.9,0.27432
2006-10-05,0.89,0.271272
2006-10-06,0.87,0.265176
2006-10-07,0.85,0.25908000000000003
2006-10-08,0.83,0.252984
2006-10-09,0.82,0.249936
2006-10-10,0.82,0.249936
2006-10-11,0.82,0.249936
2006-10-12,0.88,0.268224
2006-10-13,0.88,0.268224
2006-10-14,0.97,0.29565600000000003
2006-10-15,0.99,0.301752
2006-10-16,0.94,0.286512
2006-10-17,0.94,0.286512
2006-10-18,1.14,0.347472
2006-10-19,1.69,0.515112
2006-10-20,2.01,0.612648
2006-10-21,1.64,0.499872
2006-10-22,1.45,0.44196
2006-10-23,1.34,0.408432
2006-10-24,1.3,0.39624000000000004
2006-10-25,1.29,0.39319200000000004
2006-10-26,1.22,0.371856
2006-10-27,1.23,0.374904
2006-10-28,1.5,0.45720000000000005
2006-10-29,3.03,0.923544
2006-10-30,3.03,0.923544
2006-10-31,2.47,0.7528560000000001
2006-11-01,2.1,0.6400800000000001
2006-11-02,1.82,0.554736
2006-11-03,1.63,0.496824
2006-11-04,1.51,0.46024800000000005
2006-11-05,1.41,0.429768
2006-11-06,1.36,0.41452800000000006
2006-11-07,1.39,0.423672
2006-11-08,1.44,0.438912
2006-11-09,1.7,0.5181600000000001
2006-11-10,1.75,0.5334
2006-11-11,1.61,0.49072800000000005
2006-11-12,1.52,0.46329600000000004
2006-11-13,1.47,0.448056
2006-11-14,1.44,0.438912
2006-11-15,3.65,1.11252
2006-11-16,6.87,2.093976
2006-11-17,7.08,2.1579840000000003
2006-11-18,6.96,2.121408
2006-11-19,6.32,1.9263360000000003
2006-11-20,5.87,1.789176
2006-11-21,4.73,1.441704
2006-11-22,3.61,1.100328
2006-11-23,3.01,0.9174479999999999
2006-11-24,2.69,0.819912
2006-11-25,2.49,0.7589520000000001
2006-11-26,2.35,0.71628
2006-11-27,2.24,0.6827520000000001
2006-11-28,2.15,0.65532
2006-11-29,2.1,0.6400800000000001
2006-11-30,2.06,0.627888
2006-12-01,2.02,0.615696
2006-12-02,2.0,0.6096
2006-12-03,1.99,0.606552
2006-12-04,1.94,0.5913120000000001
2006-12-05,1.9,0.57912
2006-12-06,1.85,0.56388
2006-12-07,1.81,0.5516880000000001
2006-12-08,1.78,0.542544
2006-12-09,1.8,0.54864
2006-12-10,1.74,0.530352
2006-12-11,1.71,0.521208
2006-12-13,1.72,0.524256
2006-12-14,1.74,0.530352
2006-12-15,1.8,0.54864
2006-12-16,1.82,0.554736
2006-12-17,1.8,0.54864
2006-12-18,1.8,0.54864
2006-12-19,1.78,0.542544
2006-12-20,1.75,0.5334
2006-12-21,1.75,0.5334
2006-12-22,1.99,0.606552
2006-12-23,2.5,0.762
2006-12-24,2.94,0.896112
2006-12-25,3.17,0.9662160000000001
2006-12-26,3.63,1.106424
2006-12-27,3.63,1.106424
2006-12-28,3.48,1.060704
2006-12-29,3.23,0.984504
2006-12-30,2.86,0.8717280000000001
2006-12-31,2.85,0.8686800000000001
2007-01-01,3.3,1.00584
2007-01-02,3.64,1.109472
2007-01-03,3.43,1.0454640000000002
2007-01-04,3.36,1.024128
2007-01-05,3.56,1.085088
2007-01-06,4.58,1.3959840000000001
2007-01-07,5.45,1.6611600000000002
2007-01-08,6.43,1.959864
2007-01-09,6.51,1.984248
2007-01-10,6.61,2.0147280000000003
2007-01-11,6.66,2.029968
2007-01-12,6.66,2.029968
2007-01-13,5.77,1.758696
2007-01-14,4.41,1.344168
2007-01-15,3.77,1.1490960000000001
2007-01-16,3.44,1.048512
2007-01-17,3.25,0.9906
2007-01-18,3.1,0.94488
2007-01-19,2.99,0.9113520000000002
2007-01-20,2.89,0.8808720000000001
2007-01-21,2.81,0.856488
2007-01-22,3.79,1.155192
2007-01-23,4.82,1.4691360000000002
2007-01-24,5.0,1.524
2007-01-25,4.99,1.520952
2007-01-26,4.87,1.4843760000000001
2007-01-27,4.32,1.3167360000000001
2007-01-28,3.95,1.2039600000000001
2007-01-29,3.72,1.1338560000000002
2007-01-30,3.55,1.08204
2007-01-31,3.38,1.030224
2007-02-01,3.4,1.0363200000000001
2007-02-02,3.62,1.1033760000000001
2007-02-03,3.78,1.152144
2007-02-04,3.95,1.2039600000000001
2007-02-05,3.93,1.197864
2007-02-06,3.6,1.09728
2007-02-07,3.3,1.00584
2007-02-08,3.08,0.9387840000000001
2007-02-09,2.94,0.896112
2007-02-10,2.84,0.865632
2007-02-11,2.78,0.847344
2007-02-12,2.72,0.8290560000000001
2007-02-13,2.96,0.902208
2007-02-14,3.84,1.170432
2007-02-15,4.56,1.389888
2007-02-16,4.83,1.4721840000000002
2007-02-17,5.08,1.5483840000000002
2007-02-18,4.92,1.499616
2007-02-19,4.46,1.359408
2007-02-20,4.15,1.2649200000000003
2007-02-21,3.61,1.100328
2007-02-22,3.32,1.011936
2007-02-23,3.24,0.9875520000000001
2007-02-24,3.12,0.950976
2007-02-25,3.25,0.9906
2007-02-26,3.59,1.094232
2007-02-27,3.56,1.085088
2007-02-28,3.42,1.042416
2007-03-01,3.43,1.0454640000000002
2007-03-02,4.99,1.520952
2007-03-03,5.76,1.755648
2007-03-04,5.92,1.804416
2007-03-05,6.43,1.959864
2007-03-06,6.98,2.127504
2007-03-07,7.31,2.228088
2007-03-08,6.78,2.0665440000000004
2007-03-09,5.38,1.639824
2007-03-10,4.04,1.231392
2007-03-11,3.54,1.0789920000000002
2007-03-12,3.31,1.008888
2007-03-13,3.14,0.957072
2007-03-14,2.99,0.9113520000000002
2007-03-15,2.88,0.877824
2007-03-16,2.93,0.8930640000000001
2007-03-17,3.15,0.96012
2007-03-18,3.13,0.954024
2007-03-19,3.1,0.94488
2007-03-20,3.08,0.9387840000000001
2007-03-21,3.04,0.9265920000000001
2007-03-22,2.8,0.85344
2007-03-23,2.59,0.789432
2007-03-24,2.47,0.7528560000000001
2007-03-25,2.39,0.7284720000000001
2007-03-26,2.32,0.707136
2007-03-27,2.25,0.6858000000000001
2007-03-28,2.18,0.664464
2007-03-29,2.12,0.6461760000000001
2007-03-30,2.06,0.627888
2007-03-31,2.0,0.6096
2007-04-01,2.09,0.637032
2007-04-02,4.27,1.301496
2007-04-03,5.57,1.6977360000000001
2007-04-04,5.48,1.6703040000000002
2007-04-05,4.87,1.4843760000000001
2007-04-06,4.63,1.411224
2007-04-07,4.25,1.2954
2007-04-08,3.68,1.121664
2007-04-09,3.16,0.9631680000000001
2007-04-10,2.78,0.847344
2007-04-11,2.54,0.7741920000000001
2007-04-12,2.39,0.7284720000000001
2007-04-13,2.29,0.6979920000000001
2007-04-14,2.84,0.865632
2007-04-15,9.23,2.8133040000000005
2007-04-16,8.02,2.444496
2007-04-17,7.65,2.3317200000000002
2007-04-18,7.91,2.410968
2007-04-19,9.87,3.0083759999999997
2007-04-20,11.06,3.3710880000000003
2007-04-21,9.65,2.94132
2007-04-22,7.06,2.151888
2007-04-23,4.27,1.301496
2007-04-24,3.36,1.024128
2007-04-25,2.94,0.896112
2007-04-26,2.72,0.8290560000000001
2007-04-27,2.68,0.816864
2007-04-28,2.64,0.804672
2007-04-29,2.68,0.816864
2007-04-30,2.52,0.768096
2007-05-01,2.32,0.707136
2007-05-02,2.12,0.6461760000000001
2007-05-03,1.95,0.59436
2007-05-04,1.81,0.5516880000000001
2007-05-05,1.71,0.521208
2007-05-06,1.63,0.496824
2007-05-07,1.55,0.47244
2007-05-08,1.47,0.448056
2007-05-09,1.4,0.42672
2007-05-10,1.33,0.405384
2007-05-11,1.28,0.39014400000000005
2007-05-12,1.25,0.381
2007-05-13,1.66,0.505968
2007-05-14,1.69,0.515112
2007-05-15,1.49,0.454152
2007-05-16,1.49,0.454152
2007-05-17,1.31,0.39928800000000003
2007-05-18,1.19,0.362712
2007-05-19,1.14,0.347472
2007-05-20,1.11,0.3383280000000001
2007-05-21,1.08,0.32918400000000003
2007-05-22,1.04,0.31699200000000005
2007-05-23,1.01,0.307848
2007-05-24,0.98,0.298704
2007-05-25,0.95,0.28956
2007-05-26,0.92,0.280416
2007-05-27,0.88,0.268224
2007-05-28,0.86,0.262128
2007-05-29,0.84,0.256032
2007-05-30,0.83,0.252984
2007-05-31,0.81,0.24688800000000002
2007-06-01,0.8,0.24384000000000003
2007-06-02,0.78,0.237744
2007-06-03,0.76,0.23164800000000002
2007-06-04,0.75,0.22860000000000003
2007-06-05,0.75,0.22860000000000003
2007-06-06,0.74,0.225552
2007-06-07,0.73,0.222504
2007-06-08,0.72,0.219456
2007-06-09,0.72,0.219456
2007-06-10,0.7,0.21336
2007-06-11,0.69,0.210312
2007-06-12,0.7,0.21336
2007-06-13,0.72,0.219456
2007-06-14,0.71,0.216408
2007-06-15,0.7,0.21336
2007-06-16,0.69,0.210312
2007-06-17,0.66,0.201168
2007-06-18,0.65,0.19812000000000002
2007-06-19,0.67,0.204216
2007-06-20,0.83,0.252984
2007-06-21,1.14,0.347472
2007-06-22,1.39,0.423672
2007-06-23,1.17,0.356616
2007-06-24,1.0,0.3048
2007-06-25,0.91,0.277368
2007-06-26,0.84,0.256032
2007-06-27,0.79,0.24079200000000003
2007-06-28,0.75,0.22860000000000003
2007-06-29,0.71,0.216408
2007-06-30,0.72,0.219456
2007-07-01,0.74,0.225552
2007-07-02,0.96,0.292608
2007-07-03,0.87,0.265176
2007-07-04,1.07,0.32613600000000004
2007-07-05,1.3,0.39624000000000004
2007-07-06,1.37,0.41757600000000006
2007-07-07,1.17,0.356616
2007-07-08,1.21,0.368808
2007-07-09,1.23,0.374904
2007-07-10,1.98,0.603504
2007-07-11,1.91,0.582168
2007-07-12,1.51,0.46024800000000005
2007-07-13,1.39,0.423672
2007-07-14,1.3,0.39624000000000004
2007-07-15,1.18,0.359664
2007-07-16,1.07,0.32613600000000004
2007-07-17,1.01,0.307848
2007-07-18,0.96,0.292608
2007-07-19,0.92,0.280416
2007-07-20,0.88,0.268224
2007-07-21,0.85,0.25908000000000003
2007-07-22,0.81,0.24688800000000002
2007-07-23,0.78,0.237744
2007-07-24,0.75,0.22860000000000003
2007-07-25,0.74,0.225552
2007-07-26,0.71,0.216408
2007-07-27,0.69,0.210312
2007-07-28,0.67,0.204216
2007-07-29,0.65,0.19812000000000002
2007-07-30,0.64,0.19507200000000002
2007-07-31,0.71,0.216408
2007-08-01,0.81,0.24688800000000002
2007-08-02,0.67,0.204216
2007-08-03,0.63,0.192024
2007-08-04,0.68,0.20726400000000003
2007-08-05,0.67,0.204216
2007-08-06,0.64,0.19507200000000002
2007-08-07,0.61,0.185928
2007-08-08,0.58,0.176784
2007-08-09,0.57,0.173736
2007-08-10,0.56,0.17068800000000003
2007-08-11,0.53,0.16154400000000002
2007-08-12,0.53,0.16154400000000002
2007-08-13,0.52,0.15849600000000003
2007-08-14,0.51,0.155448
2007-08-15,0.49,0.149352
2007-08-16,0.47,0.143256
2007-08-17,0.47,0.143256
2007-08-18,0.51,0.155448
2007-08-19,0.49,0.149352
2007-08-20,0.48,0.146304
2007-08-21,0.49,0.149352
2007-08-22,0.62,0.188976
2007-08-23,0.59,0.179832
2007-08-24,0.57,0.173736
2007-08-25,0.55,0.16764
2007-08-26,0.57,0.173736
2007-08-27,0.58,0.176784
2007-08-28,0.68,0.20726400000000003
2007-08-29,0.84,0.256032
2007-08-30,0.71,0.216408
2007-08-31,1.16,0.353568
2007-09-01,0.9,0.27432
2007-09-02,0.81,0.24688800000000002
2007-09-03,0.75,0.22860000000000003
2007-09-04,0.74,0.225552
2007-09-05,0.73,0.222504
2007-09-06,0.69,0.210312
2007-09-07,0.66,0.201168
2007-09-08,0.62,0.188976
2007-09-09,0.59,0.179832
2007-09-10,0.56,0.17068800000000003
2007-09-11,0.54,0.16459200000000002
2007-09-12,0.53,0.16154400000000002
2007-09-13,0.55,0.16764
2007-09-14,0.57,0.173736
2007-09-15,0.59,0.179832
2007-09-16,0.54,0.16459200000000002
2007-09-17,0.54,0.16459200000000002
2007-09-18,0.63,0.192024
2007-09-19,0.61,0.185928
2007-09-20,0.56,0.17068800000000003
2007-09-21,0.56,0.17068800000000003
2007-09-22,0.61,0.185928
2007-09-23,0.61,0.185928
2007-09-24,0.61,0.185928
2007-09-25,0.76,0.23164800000000002
2007-09-26,0.83,0.252984
2007-09-27,0.75,0.22860000000000003
2007-09-28,0.68,0.20726400000000003
2007-09-29,0.62,0.188976
2007-09-30,0.58,0.176784
2007-10-01,0.56,0.17068800000000003
2007-10-02,0.54,0.16459200000000002
2007-10-03,0.53,0.16154400000000002
2007-10-04,0.54,0.16459200000000002
2007-10-05,0.58,0.176784
2007-10-06,0.55,0.16764
2007-10-07,0.54,0.16459200000000002
2007-10-08,0.53,0.16154400000000002
2007-10-09,0.52,0.15849600000000003
2007-10-10,0.52,0.15849600000000003
2007-10-11,0.51,0.155448
2007-10-12,0.49,0.149352
2007-10-13,0.49,0.149352
2007-10-14,0.49,0.149352
2007-10-15,0.48,0.146304
2007-10-16,0.48,0.146304
2007-10-17,0.49,0.149352
2007-10-18,0.53,0.16154400000000002
2007-10-19,0.92,0.280416
2007-10-20,1.06,0.32308800000000004
2007-10-21,1.46,0.445008
2007-10-22,1.46,0.445008
2007-10-23,1.33,0.405384
2007-10-24,1.24,0.377952
2007-10-25,1.52,0.46329600000000004
2007-10-26,1.62,0.49377600000000005
2007-10-27,1.35,0.41148000000000007
2007-10-28,1.19,0.362712
2007-10-29,1.07,0.32613600000000004
2007-10-30,0.99,0.301752
2007-10-31,0.92,0.280416
2007-11-01,0.88,0.268224
2007-11-02,0.85,0.25908000000000003
2007-11-03,0.82,0.249936
2007-11-04,0.78,0.237744
2007-11-05,0.77,0.23469600000000002
2007-11-06,0.75,0.22860000000000003
2007-11-07,0.74,0.225552
2007-11-08,0.73,0.222504
2007-11-09,0.72,0.219456
2007-11-10,0.72,0.219456
2007-11-11,0.72,0.219456
2007-11-12,0.73,0.222504
2007-11-13,0.72,0.219456
2007-11-14,0.72,0.219456
2007-11-15,0.77,0.23469600000000002
2007-11-16,0.77,0.23469600000000002
2007-11-17,0.79,0.24079200000000003
2007-11-18,0.83,0.252984
2007-11-19,0.87,0.265176
2007-11-20,0.85,0.25908000000000003
2007-11-21,0.85,0.25908000000000003
2007-11-22,0.91,0.277368
2007-11-23,0.94,0.286512
2007-11-24,1.06,0.32308800000000004
2007-11-25,1.29,0.39319200000000004
2007-11-26,2.29,0.6979920000000001
2007-11-27,2.6,0.7924800000000001
2007-11-28,3.58,1.0911840000000002
2007-11-29,2.81,0.856488
2007-11-30,2.14,0.6522720000000001
2007-12-01,1.81,0.5516880000000001
2007-12-02,1.62,0.49377600000000005
2007-12-03,1.51,0.46024800000000005
2007-12-04,1.42,0.432816
2007-12-05,1.35,0.41148000000000007
2007-12-06,1.3,0.39624000000000004
2007-12-07,1.27,0.38709600000000005
2007-12-08,1.23,0.374904
2007-12-09,1.2,0.36576000000000003
2007-12-10,1.19,0.362712
2007-12-11,1.18,0.359664
2007-12-12,1.19,0.362712
2007-12-13,1.19,0.362712
2007-12-14,1.25,0.381
2007-12-15,1.49,0.454152
2007-12-16,2.16,0.6583680000000001
2007-12-17,3.12,0.950976
2007-12-18,2.91,0.8869680000000001
2007-12-19,2.35,0.71628
2007-12-20,2.06,0.627888
2007-12-21,2.0,0.6096
2007-12-22,1.85,0.56388
2007-12-23,1.77,0.5394960000000001
2007-12-24,1.68,0.512064
2007-12-25,1.64,0.499872
2007-12-26,1.64,0.499872
2007-12-27,1.67,0.509016
2007-12-28,1.82,0.554736
2007-12-29,2.31,0.704088
2007-12-30,6.36,1.9385280000000003
2007-12-31,7.73,2.356104
2008-01-01,7.25,2.2098
2008-01-02,6.62,2.017776
2008-01-03,5.93,1.807464
2008-01-04,5.07,1.5453360000000003
2008-01-05,4.1,1.24968
2008-01-06,3.41,1.039368
2008-01-07,3.04,0.9265920000000001
2008-01-08,2.83,0.862584
2008-01-09,2.69,0.819912
2008-01-10,2.62,0.7985760000000001
2008-01-11,2.75,0.8382000000000001
2008-01-12,5.17,1.575816
2008-01-13,6.38,1.9446240000000001
2008-01-14,6.76,2.060448
2008-01-15,6.92,2.109216
2008-01-16,6.36,1.9385280000000003
2008-01-17,5.53,1.6855440000000002
2008-01-18,5.49,1.6733520000000002
2008-01-19,6.18,1.883664
2008-01-20,6.89,2.100072
2008-01-21,6.81,2.075688
2008-01-22,6.67,2.033016
2008-01-23,6.53,1.9903440000000001
2008-01-24,6.27,1.911096
2008-01-25,5.46,1.6642080000000001
2008-01-26,4.77,1.4538959999999999
2008-01-27,4.58,1.3959840000000001
2008-01-28,4.62,1.408176
2008-01-29,4.55,1.38684
2008-01-30,4.63,1.411224
2008-01-31,4.49,1.3685520000000002
2008-02-01,8.21,2.5024080000000004
2008-02-02,7.69,2.3439120000000004
2008-02-03,7.27,2.215896
2008-02-04,7.18,2.188464
2008-02-05,7.44,2.2677120000000004
2008-02-06,7.91,2.410968
2008-02-07,8.03,2.4475439999999997
2008-02-08,7.22,2.200656
2008-02-09,6.46,1.969008
2008-02-10,6.18,1.883664
2008-02-11,5.89,1.795272
2008-02-12,5.26,1.603248
2008-02-13,4.88,1.487424
2008-02-14,4.7,1.43256
2008-02-15,4.85,1.47828
2008-02-16,4.93,1.502664
2008-02-17,5.06,1.5422879999999999
2008-02-18,6.85,2.08788
2008-02-19,6.67,2.033016
2008-02-20,6.34,1.9324320000000001
2008-02-21,6.29,1.917192
2008-02-22,6.46,1.969008
2008-02-23,6.87,2.093976
2008-02-24,6.64,2.023872
2008-02-25,6.53,1.9903440000000001
2008-02-26,6.76,2.060448
2008-02-27,7.4,2.25552
2008-02-28,7.44,2.2677120000000004
2008-02-29,6.97,2.124456
2008-03-01,6.3,1.92024
2008-03-02,5.54,1.688592
2008-03-03,4.84,1.475232
2008-03-04,4.95,1.50876
2008-03-05,5.74,1.7495520000000002
2008-03-06,5.73,1.7465040000000003
2008-03-07,6.39,1.947672
2008-03-08,7.45,2.27076
2008-03-09,7.61,2.319528
2008-03-10,7.48,2.279904
2008-03-11,7.26,2.212848
2008-03-12,7.27,2.215896
2008-03-13,6.92,2.109216
2008-03-14,6.03,1.8379440000000002
2008-03-15,5.13,1.5636240000000001
2008-03-16,4.47,1.362456
2008-03-17,4.19,1.2771120000000002
2008-03-18,3.94,1.200912
2008-03-19,3.82,1.164336
2008-03-20,4.27,1.301496
2008-03-21,4.63,1.411224
2008-03-22,4.94,1.5057120000000002
2008-03-23,5.03,1.533144
2008-03-24,4.66,1.420368
2008-03-25,4.13,1.258824
2008-03-26,3.64,1.109472
2008-03-27,3.41,1.039368
2008-03-28,3.22,0.9814560000000001
2008-03-29,3.07,0.935736
2008-03-30,2.99,0.9113520000000002
2008-03-31,2.93,0.8930640000000001
2008-04-01,2.87,0.8747760000000001
2008-04-02,2.85,0.8686800000000001
2008-04-03,2.95,0.8991600000000001
2008-04-04,3.09,0.941832
2008-04-05,6.51,1.984248
2008-04-06,8.38,2.5542240000000005
2008-04-07,7.62,2.322576
2008-04-08,7.17,2.185416
2008-04-09,7.2,2.19456
2008-04-10,7.46,2.2738080000000003
2008-04-11,7.2,2.19456
2008-04-12,6.9,2.10312
2008-04-13,5.98,1.8227040000000003
2008-04-14,4.56,1.389888
2008-04-15,3.97,1.210056
2008-04-16,3.65,1.11252
2008-04-17,3.37,1.027176
2008-04-18,3.12,0.950976
2008-04-19,3.65,1.11252
2008-04-20,3.9,1.18872
2008-04-21,3.73,1.1369040000000001
2008-04-22,3.47,1.0576560000000002
2008-04-23,3.2,0.9753600000000001
2008-04-24,2.88,0.877824
2008-04-25,2.59,0.789432
2008-04-26,2.5,0.762
2008-04-27,2.36,0.719328
2008-04-28,2.26,0.688848
2008-04-29,2.16,0.6583680000000001
2008-04-30,2.07,0.6309359999999999
2008-05-01,2.0,0.6096
2008-05-02,1.91,0.582168
2008-05-03,1.86,0.5669280000000001
2008-05-04,1.92,0.585216
2008-05-05,1.92,0.585216
2008-05-06,1.89,0.576072
2008-05-07,1.77,0.5394960000000001
2008-05-08,1.69,0.515112
2008-05-09,1.62,0.49377600000000005
2008-05-10,1.52,0.46329600000000004
2008-05-11,1.43,0.43586400000000003
2008-05-12,1.36,0.41452800000000006
2008-05-13,1.3,0.39624000000000004
2008-05-14,1.23,0.374904
2008-05-15,1.26,0.384048
2008-05-16,1.39,0.423672
2008-05-17,1.49,0.454152
2008-05-18,1.56,0.475488
2008-05-19,1.46,0.445008
2008-05-20,1.32,0.402336
2008-05-21,1.24,0.377952
2008-05-22,1.17,0.356616
2008-05-23,1.12,0.34137600000000007
2008-05-24,1.09,0.332232
2008-05-25,1.09,0.332232
2008-05-26,1.03,0.313944
2008-05-27,1.0,0.3048
2008-05-28,0.96,0.292608
2008-05-29,0.93,0.28346400000000005
2008-05-30,0.92,0.280416
2008-05-31,0.9,0.27432
2008-06-01,0.87,0.265176
2008-06-02,0.84,0.256032
2008-06-03,0.82,0.249936
2008-06-04,0.79,0.24079200000000003
2008-06-05,0.75,0.22860000000000003
2008-06-06,0.73,0.222504
2008-06-07,0.7,0.21336
2008-06-08,0.68,0.20726400000000003
2008-06-09,0.66,0.201168
2008-06-10,0.67,0.204216
2008-06-11,0.65,0.19812000000000002
2008-06-12,0.65,0.19812000000000002
2008-06-13,0.75,0.22860000000000003
2008-06-14,0.93,0.28346400000000005
2008-06-15,0.98,0.298704
2008-06-16,1.03,0.313944
2008-06-17,1.14,0.347472
2008-06-18,1.07,0.32613600000000004
2008-06-19,0.92,0.280416
2008-06-20,0.81,0.24688800000000002
2008-06-21,0.75,0.22860000000000003
2008-06-22,0.71,0.216408
2008-06-23,0.69,0.210312
2008-06-24,0.85,0.25908000000000003
2008-06-25,0.75,0.22860000000000003
2008-06-26,0.69,0.210312
2008-06-27,0.66,0.201168
2008-06-28,0.66,0.201168
2008-06-29,0.7,0.21336
2008-06-30,0.75,0.22860000000000003
2008-07-01,0.71,0.216408
2008-07-02,0.65,0.19812000000000002
2008-07-03,0.67,0.204216
2008-07-04,0.69,0.210312
2008-07-05,0.7,0.21336
2008-07-06,0.67,0.204216
2008-07-07,0.72,0.219456
2008-07-08,0.83,0.252984
2008-07-09,0.8,0.24384000000000003
2008-07-10,0.76,0.23164800000000002
2008-07-11,0.75,0.22860000000000003
2008-07-12,0.75,0.22860000000000003
2008-07-13,0.89,0.271272
2008-07-14,1.0,0.3048
2008-07-15,1.15,0.35052
2008-07-16,1.13,0.344424
2008-07-17,1.05,0.32004000000000005
2008-07-18,0.93,0.28346400000000005
2008-07-19,0.82,0.249936
2008-07-20,0.74,0.225552
2008-07-21,0.68,0.20726400000000003
2008-07-22,0.64,0.19507200000000002
2008-07-23,0.64,0.19507200000000002
2008-07-24,0.68,0.20726400000000003
2008-07-25,1.07,0.32613600000000004
2008-07-26,1.43,0.43586400000000003
2008-07-27,1.55,0.47244
2008-07-28,1.52,0.46329600000000004
2008-07-29,1.15,0.35052
2008-07-30,0.96,0.292608
2008-07-31,0.86,0.262128
2008-08-01,0.79,0.24079200000000003
2008-08-02,0.77,0.23469600000000002
2008-08-03,0.94,0.286512
2008-08-04,0.84,0.256032
2008-08-05,0.78,0.237744
2008-08-06,0.72,0.219456
2008-08-07,0.68,0.20726400000000003
2008-08-08,0.68,0.20726400000000003
2008-08-09,0.64,0.19507200000000002
2008-08-10,0.59,0.179832
2008-08-11,0.57,0.173736
2008-08-12,0.61,0.185928
2008-08-13,0.97,0.29565600000000003
2008-08-14,1.08,0.32918400000000003
2008-08-15,1.06,0.32308800000000004
2008-08-16,1.63,0.496824
2008-08-17,2.08,0.6339840000000001
2008-08-18,1.91,0.582168
2008-08-19,1.64,0.499872
2008-08-20,1.37,0.41757600000000006
2008-08-21,1.21,0.368808
2008-08-22,1.08,0.32918400000000003
2008-08-23,1.51,0.46024800000000005
2008-08-24,4.95,1.50876
2008-08-25,6.77,2.0634959999999998
2008-08-26,8.69,2.648712
2008-08-27,10.81,3.2948880000000003
2008-08-28,17.42,5.309616000000001
2008-08-29,17.28,5.2669440000000005
2008-08-30,14.77,4.501896
2008-08-31,12.2,3.71856
2008-09-01,9.97,3.0388560000000004
2008-09-02,8.0,2.4384
2008-09-03,5.37,1.636776
2008-09-04,3.9,1.18872
2008-09-05,3.3,1.00584
2008-09-06,2.94,0.896112
2008-09-07,2.86,0.8717280000000001
2008-09-08,2.57,0.783336
2008-09-09,2.85,0.8686800000000001
2008-09-10,2.73,0.8321040000000001
2008-09-11,2.34,0.713232
2008-09-12,2.11,0.643128
2008-09-13,1.97,0.600456
2008-09-14,1.88,0.573024
2008-09-15,1.83,0.5577840000000001
2008-09-16,1.71,0.521208
2008-09-17,1.61,0.49072800000000005
2008-09-18,1.52,0.46329600000000004
2008-09-19,1.46,0.445008
2008-09-20,1.42,0.432816
2008-09-21,1.4,0.42672
2008-09-22,1.35,0.41148000000000007
2008-09-23,1.29,0.39319200000000004
2008-09-24,1.24,0.377952
2008-09-25,1.18,0.359664
2008-09-26,1.12,0.34137600000000007
2008-09-27,1.06,0.32308800000000004
2008-09-28,1.02,0.310896
2008-09-29,0.99,0.301752
2008-09-30,0.95,0.28956
2008-10-01,0.9,0.27432
2008-10-02,0.87,0.265176
2008-10-03,0.85,0.25908000000000003
2008-10-04,0.83,0.252984
2008-10-05,0.81,0.24688800000000002
2008-10-06,0.79,0.24079200000000003
2008-10-07,0.77,0.23469600000000002
2008-10-08,0.82,0.249936
2008-10-09,0.88,0.268224
2008-10-10,1.0,0.3048
2008-10-12,1.69,0.515112
2008-10-13,1.85,0.56388
2008-10-14,1.76,0.536448
2008-10-15,1.55,0.47244
2008-10-16,1.39,0.423672
2008-10-17,1.26,0.384048
2008-10-18,1.21,0.368808
2008-10-19,1.18,0.359664
2008-10-20,1.18,0.359664
2008-10-21,1.15,0.35052
2008-10-22,1.11,0.3383280000000001
2008-10-23,1.08,0.32918400000000003
2008-10-24,1.29,0.39319200000000004
2008-10-25,1.61,0.49072800000000005
2008-10-26,2.52,0.768096
2008-10-27,2.52,0.768096
2008-10-28,2.42,0.737616
2008-10-29,2.23,0.679704
2008-10-30,1.97,0.600456
2008-10-31,1.68,0.512064
2008-11-01,1.51,0.46024800000000005
2008-11-02,1.41,0.429768
2008-11-03,1.33,0.405384
2008-11-04,1.28,0.39014400000000005
2008-11-05,1.25,0.381
2008-11-06,1.22,0.371856
2008-11-07,1.19,0.362712
2008-11-08,1.2,0.36576000000000003
2008-11-09,1.27,0.38709600000000005
2008-11-10,1.46,0.445008
2008-11-11,1.46,0.445008
2008-11-12,1.41,0.429768
2008-11-13,1.37,0.41757600000000006
2008-11-14,1.34,0.408432
2008-11-15,1.32,0.402336
2008-11-16,1.34,0.408432
2008-11-17,1.47,0.448056
2008-11-18,1.48,0.451104
2008-11-19,1.5,0.45720000000000005
2008-11-20,1.52,0.46329600000000004
2008-11-21,1.47,0.448056
2008-11-22,1.4,0.42672
2008-11-23,1.36,0.41452800000000006
2008-11-24,1.34,0.408432
2008-11-25,1.33,0.405384
2008-11-26,1.38,0.420624
2008-11-27,1.51,0.46024800000000005
2008-11-28,1.72,0.524256
2008-11-29,4.01,1.222248
2008-11-30,6.34,1.9324320000000001
2008-12-01,5.73,1.7465040000000003
2008-12-02,5.0,1.524
2008-12-03,4.54,1.3837920000000001
2008-12-04,4.15,1.2649200000000003
2008-12-05,3.69,1.124712
2008-12-06,3.22,0.9814560000000001
2008-12-07,2.79,0.850392
2008-12-08,2.54,0.7741920000000001
2008-12-09,2.38,0.725424
2008-12-10,5.58,1.700784
2008-12-11,10.8,3.2918400000000005
2008-12-12,10.87,3.313176
2008-12-13,9.63,2.9352240000000003
2008-12-14,9.28,2.828544
2008-12-15,12.22,3.7246560000000004
2008-12-16,12.73,3.880104
2008-12-17,10.95,3.33756
2008-12-18,9.08,2.7675840000000003
2008-12-19,7.08,2.1579840000000003
2008-12-20,5.15,1.5697200000000002
2008-12-21,4.43,1.350264
2008-12-22,4.08,1.243584
2008-12-23,3.8,1.15824
2008-12-24,3.57,1.088136
2008-12-25,3.46,1.054608
2008-12-26,4.17,1.2710160000000001
2008-12-27,5.07,1.5453360000000003
2008-12-28,5.62,1.712976
2008-12-29,6.06,1.847088
2008-12-30,6.07,1.8501360000000002
2008-12-31,5.59,1.703832
2009-01-01,4.66,1.420368
2009-01-02,4.04,1.231392
2009-01-03,3.8,1.15824
2009-01-04,5.04,1.536192
2009-01-05,5.87,1.789176
2009-01-06,5.7,1.7373600000000002
2009-01-07,6.65,2.02692
2009-01-08,7.31,2.228088
2009-01-09,7.13,2.1732240000000003
2009-01-10,6.85,2.08788
2009-01-11,6.91,2.1061680000000003
2009-01-12,7.03,2.142744
2009-01-13,6.69,2.0391120000000003
2009-01-14,6.01,1.831848
2009-01-15,5.37,1.636776
2009-01-16,4.79,1.4599920000000002
2009-01-17,4.38,1.335024
2009-01-18,4.02,1.225296
2009-01-19,3.89,1.185672
2009-01-20,3.92,1.194816
2009-01-21,3.93,1.197864
2009-01-22,3.87,1.1795760000000002
2009-01-23,3.7,1.12776
2009-01-24,3.51,1.069848
2009-01-25,3.38,1.030224
2009-01-26,3.32,1.011936
2009-01-27,3.27,0.996696
2009-01-28,3.26,0.993648
2009-01-29,3.32,1.011936
2009-01-30,3.37,1.027176
2009-01-31,3.36,1.024128
2009-02-01,3.32,1.011936
2009-02-02,3.19,0.9723120000000001
2009-02-03,3.23,0.984504
2009-02-04,3.21,0.978408
2009-02-05,3.13,0.954024
2009-02-06,3.09,0.941832
2009-02-07,3.01,0.9174479999999999
2009-02-08,2.9,0.88392
2009-02-09,2.82,0.859536
2009-02-10,2.76,0.841248
2009-02-11,2.75,0.8382000000000001
2009-02-12,3.04,0.9265920000000001
2009-02-13,3.24,0.9875520000000001
2009-02-14,3.19,0.9723120000000001
2009-02-15,3.51,1.069848
2009-02-16,3.75,1.143
2009-02-17,3.76,1.146048
2009-02-18,3.55,1.08204
2009-02-19,3.29,1.0027920000000001
2009-02-20,3.11,0.947928
2009-02-21,2.98,0.908304
2009-02-22,2.94,0.896112
2009-02-23,2.91,0.8869680000000001
2009-02-24,2.8,0.85344
2009-02-25,2.67,0.813816
2009-02-26,2.57,0.783336
2009-02-27,2.52,0.768096
2009-02-28,2.54,0.7741920000000001
2009-03-01,2.75,0.8382000000000001
2009-03-02,3.11,0.947928
2009-03-03,3.31,1.008888
2009-03-04,3.46,1.054608
2009-03-05,3.39,1.0332720000000002
2009-03-06,3.15,0.96012
2009-03-07,2.87,0.8747760000000001
2009-03-08,2.71,0.8260080000000001
2009-03-09,2.65,0.80772
2009-03-10,2.59,0.789432
2009-03-11,2.53,0.7711439999999999
2009-03-12,2.47,0.7528560000000001
2009-03-13,2.42,0.737616
2009-03-14,2.37,0.722376
2009-03-15,4.35,1.32588
2009-03-16,9.08,2.7675840000000003
2009-03-17,10.82,3.2979360000000004
2009-03-18,11.15,3.3985200000000004
2009-03-19,15.58,4.748784000000001
2009-03-20,15.48,4.718304000000001
2009-03-21,13.35,4.0690800000000005
2009-03-22,11.11,3.386328
2009-03-23,9.11,2.776728
2009-03-24,6.92,2.109216
2009-03-25,5.08,1.5483840000000002
2009-03-26,4.54,1.3837920000000001
2009-03-27,6.31,1.9232879999999999
2009-03-28,10.25,3.1242
2009-03-29,13.01,3.9654480000000003
2009-03-30,16.12,4.913376
2009-03-31,19.12,5.827776000000001
2009-04-01,18.52,5.644896
2009-04-02,15.82,4.821936
2009-04-03,14.11,4.300728
2009-04-04,12.86,3.919728
2009-04-05,13.15,4.00812
2009-04-06,13.18,4.017264
2009-04-07,12.28,3.742944
2009-04-08,10.71,3.2644080000000004
2009-04-09,9.2,2.80416
2009-04-10,7.86,2.395728
2009-04-11,6.49,1.9781520000000001
2009-04-12,5.69,1.7343120000000003
2009-04-13,7.31,2.228088
2009-04-14,8.93,2.721864
2009-04-15,8.93,2.721864
2009-04-16,9.46,2.883408
2009-04-18,11.22,3.4198560000000002
2009-04-19,9.88,3.0114240000000003
2009-04-20,8.48,2.5847040000000003
2009-04-21,6.44,1.9629120000000002
2009-04-22,5.16,1.5727680000000002
2009-04-23,4.74,1.444752
2009-04-24,4.41,1.344168
2009-04-25,4.08,1.243584
2009-04-26,3.78,1.152144
2009-04-27,3.54,1.0789920000000002
2009-04-28,3.35,1.02108
2009-04-29,3.15,0.96012
2009-04-30,2.98,0.908304
2009-05-01,2.85,0.8686800000000001
2009-05-02,2.74,0.8351520000000001
2009-05-03,2.66,0.810768
2009-05-04,3.26,0.993648
2009-05-05,5.07,1.5453360000000003
2009-05-06,5.34,1.627632
2009-05-07,5.09,1.5514320000000001
2009-05-08,7.6,2.31648
2009-05-09,7.3,2.22504
2009-05-10,5.92,1.804416
2009-05-11,5.46,1.6642080000000001
2009-05-12,6.36,1.9385280000000003
2009-05-13,7.35,2.24028
2009-05-14,7.51,2.289048
2009-05-15,5.3,1.61544
2009-05-16,4.03,1.228344
2009-05-17,4.41,1.344168
2009-05-18,5.25,1.6002
2009-05-19,5.53,1.6855440000000002
2009-05-20,5.27,1.606296
2009-05-21,4.88,1.487424
2009-05-22,4.87,1.4843760000000001
2009-05-23,6.11,1.8623280000000002
2009-05-24,7.32,2.2311360000000002
2009-05-25,7.29,2.221992
2009-05-26,7.01,2.136648
2009-05-27,8.11,2.471928
2009-05-28,8.85,2.69748
2009-05-29,8.66,2.639568
2009-05-30,8.63,2.6304240000000005
2009-05-31,8.98,2.7371040000000004
2009-06-01,9.15,2.78892
2009-06-02,7.85,2.39268
2009-06-03,5.0,1.524
2009-06-04,3.9,1.18872
2009-06-05,5.47,1.667256
2009-06-06,7.14,2.176272
2009-06-07,7.44,2.2677120000000004
2009-06-08,7.38,2.249424
2009-06-09,6.99,2.1305520000000002
2009-06-10,6.56,1.999488
2009-06-11,5.63,1.716024
2009-06-12,4.05,1.23444
2009-06-13,3.36,1.024128
2009-06-14,2.94,0.896112
2009-06-15,2.76,0.841248
2009-06-16,2.7,0.8229600000000001
2009-06-17,2.81,0.856488
2009-06-18,2.94,0.896112
2009-06-19,2.76,0.841248
2009-06-20,2.4,0.7315200000000001
2009-06-21,2.14,0.6522720000000001
2009-06-22,1.97,0.600456
2009-06-23,1.82,0.554736
2009-06-24,1.69,0.515112
2009-06-25,1.6,0.48768000000000006
2009-06-26,1.5,0.45720000000000005
2009-06-27,1.43,0.43586400000000003
2009-06-28,1.36,0.41452800000000006
2009-06-29,1.32,0.402336
2009-06-30,1.26,0.384048
2009-07-01,1.19,0.362712
2009-07-02,1.14,0.347472
2009-07-03,1.09,0.332232
2009-07-04,1.06,0.32308800000000004
2009-07-05,1.04,0.31699200000000005
2009-07-06,1.37,0.41757600000000006
2009-07-07,2.6,0.7924800000000001
2009-07-08,4.64,1.414272
2009-07-09,4.66,1.420368
2009-07-10,4.87,1.4843760000000001
2009-07-11,4.65,1.4173200000000001
2009-07-12,3.66,1.1155680000000001
2009-07-13,2.9,0.88392
2009-07-14,2.43,0.7406640000000001
2009-07-15,2.16,0.6583680000000001
2009-07-16,1.98,0.603504
2009-07-17,1.91,0.582168
2009-07-18,1.88,0.573024
2009-07-19,1.96,0.597408
2009-07-20,2.23,0.679704
2009-07-21,2.18,0.664464
2009-07-22,1.86,0.5669280000000001
2009-07-23,1.67,0.509016
2009-07-24,1.62,0.49377600000000005
2009-07-25,1.44,0.438912
2009-07-26,1.35,0.41148000000000007
2009-07-27,1.29,0.39319200000000004
2009-07-28,1.28,0.39014400000000005
2009-07-29,1.64,0.499872
2009-07-30,1.92,0.585216
2009-08-06,3.02,0.9204960000000001
2009-08-07,2.66,0.810768
2009-08-08,2.19,0.667512
2009-08-09,1.91,0.582168
2009-08-10,1.77,0.5394960000000001
2009-08-11,1.55,0.47244
2009-08-12,1.64,0.499872
2009-08-13,2.09,0.637032
2009-08-14,1.77,0.5394960000000001
2009-08-15,1.71,0.521208
2009-08-16,1.68,0.512064
2009-08-17,1.6,0.48768000000000006
2009-08-18,1.6,0.48768000000000006
2009-08-19,2.1,0.6400800000000001
2009-08-20,2.34,0.713232
2009-08-21,2.6,0.7924800000000001
2009-08-22,2.38,0.725424
2009-08-23,3.07,0.935736
2009-08-24,2.71,0.8260080000000001
2009-08-25,2.13,0.649224
2009-08-26,1.77,0.5394960000000001
2009-08-27,2.37,0.722376
2009-08-28,5.95,1.81356
2009-08-29,4.52,1.377696
2009-08-30,3.2,0.9753600000000001
2009-08-31,2.9,0.88392
2009-09-01,3.18,0.9692640000000001
2009-09-02,3.02,0.9204960000000001
2009-09-03,3.03,0.923544
2009-09-04,3.12,0.950976
2009-09-05,3.53,1.075944
2009-09-06,3.3,1.00584
2009-09-07,2.67,0.813816
2009-09-08,2.33,0.710184
2009-09-09,2.06,0.627888
2009-09-10,1.89,0.576072
2009-09-11,2.58,0.7863840000000001
2009-09-12,2.88,0.877824
2009-09-13,2.23,0.679704
2009-09-14,2.48,0.755904
2009-09-15,4.1,1.24968
2009-09-16,4.2,1.2801600000000002
2009-09-17,4.66,1.420368
2009-09-18,5.19,1.5819120000000002
2009-09-19,5.54,1.688592
2009-09-20,6.15,1.8745200000000002
2009-09-21,6.79,2.069592
2009-09-22,6.63,2.020824
2009-09-23,4.89,1.490472
2009-09-24,4.18,1.274064
2009-09-25,3.84,1.170432
2009-09-26,3.29,1.0027920000000001
2009-09-27,2.97,0.9052560000000001
2009-09-28,2.77,0.844296
2009-09-29,2.57,0.783336
2009-09-30,2.4,0.7315200000000001
2009-10-01,2.27,0.6918960000000001
2009-10-02,2.11,0.643128
2009-10-03,1.98,0.603504
2009-10-04,1.88,0.573024
2009-10-05,1.99,0.606552
2009-10-06,2.04,0.621792
2009-10-07,2.19,0.667512
2009-10-08,2.29,0.6979920000000001
2009-10-09,2.44,0.743712
2009-10-10,2.42,0.737616
2009-10-11,2.21,0.673608
2009-10-12,2.04,0.621792
2009-10-13,2.01,0.612648
2009-10-14,2.0,0.6096
2009-10-15,2.03,0.618744
2009-10-16,2.26,0.688848
2009-10-17,2.1,0.6400800000000001
2009-10-18,2.0,0.6096
2009-10-19,1.92,0.585216
2009-10-20,1.94,0.5913120000000001
2009-10-21,1.93,0.588264
2009-10-22,1.83,0.5577840000000001
2009-10-23,1.75,0.5334
2009-10-24,1.71,0.521208
2009-10-25,1.68,0.512064
2009-10-26,1.65,0.50292
2009-10-27,2.53,0.7711439999999999
2009-10-28,4.08,1.243584
2009-10-29,4.14,1.2618719999999999
2009-10-30,3.94,1.200912
2009-10-31,3.76,1.146048
2009-11-01,3.56,1.085088
2009-11-02,3.21,0.978408
2009-11-03,2.81,0.856488
2009-11-04,2.57,0.783336
2009-11-05,2.39,0.7284720000000001
2009-11-06,2.23,0.679704
2009-11-07,2.11,0.643128
2009-11-08,2.01,0.612648
2009-11-09,1.96,0.597408
2009-11-10,8.51,2.593848
2009-11-11,11.39,3.4716720000000003
2009-11-12,10.17,3.099816
2009-11-13,10.67,3.252216
2009-11-14,15.18,4.626864
2009-11-15,14.24,4.340352
2009-11-16,11.86,3.614928
2009-11-17,9.57,2.916936
2009-11-18,7.34,2.237232
2009-11-19,5.14,1.566672
2009-11-20,4.39,1.338072
2009-11-21,4.06,1.237488
2009-11-22,4.12,1.255776
2009-11-23,4.71,1.435608
2009-11-24,5.04,1.536192
2009-11-25,5.09,1.5514320000000001
2009-11-26,4.96,1.511808
2009-11-27,4.54,1.3837920000000001
2009-11-28,4.14,1.2618719999999999
2009-11-29,3.81,1.161288
2009-11-30,3.62,1.1033760000000001
2009-12-01,3.52,1.072896
2009-12-02,4.93,1.502664
2009-12-03,8.35,2.54508
2009-12-04,8.27,2.520696
2009-12-05,8.21,2.5024080000000004
2009-12-06,10.73,3.2705040000000003
2009-12-07,12.47,3.8008560000000005
2009-12-08,11.25,3.4290000000000003
2009-12-09,9.6,2.9260800000000002
2009-12-10,8.02,2.444496
2009-12-11,6.67,2.033016
2009-12-12,6.63,2.020824
2009-12-13,13.16,4.0111680000000005
2009-12-14,14.9,4.54152
2009-12-15,18.07,5.507736
2009-12-16,19.5,5.9436
2009-12-17,20.33,6.196584
2009-12-18,19.32,5.888736000000001
2009-12-19,17.84,5.437632
2009-12-20,16.24,4.949952
2009-12-21,16.6,5.059680000000001
2009-12-22,15.53,4.733544
2009-12-23,13.81,4.209288000000001
2009-12-24,12.2,3.71856
2009-12-25,12.68,3.8648640000000003
2009-12-26,12.23,3.727704
2009-12-27,11.1,3.38328
2009-12-28,11.49,3.502152
2009-12-29,12.81,3.904488
2009-12-30,11.83,3.6057840000000003
2009-12-31,10.95,3.33756
2010-01-01,9.93,3.0266640000000002
2010-01-02,8.83,2.691384
2010-01-03,7.88,2.401824
2010-01-04,7.32,2.2311360000000002
2010-01-05,6.9,2.10312
2010-01-06,6.5,1.9812
2010-01-07,6.16,1.8775680000000001
2010-01-08,5.97,1.819656
2010-01-09,5.81,1.770888
2010-01-10,5.63,1.716024
2010-01-11,5.48,1.6703040000000002
2010-01-12,5.36,1.633728
2010-01-13,5.25,1.6002
2010-01-14,5.17,1.575816
2010-01-15,5.08,1.5483840000000002
2010-01-16,5.66,1.725168
2010-01-17,8.09,2.4658320000000002
2010-01-18,8.04,2.450592
2010-01-19,7.8,2.37744
2010-01-20,7.99,2.4353520000000004
2010-01-21,13.29,4.0507919999999995
2010-01-22,15.84,4.828032
2010-01-23,17.66,5.382768
2010-01-24,17.91,5.4589680000000005
2010-01-25,16.74,5.102352
2010-01-26,14.94,4.553712
2010-01-27,14.35,4.37388
2010-01-28,14.68,4.474464
2010-01-29,13.41,4.087368000000001
2010-01-30,14.83,4.520184
2010-01-31,14.43,4.398264
2010-02-01,12.73,3.880104
2010-02-02,12.7,3.87096
2010-02-03,12.97,3.9532560000000005
2010-02-04,11.73,3.5753040000000005
2010-02-05,12.31,3.7520880000000005
2010-02-06,13.02,3.968496
2010-02-07,11.93,3.636264
2010-02-08,12.45,3.79476
2010-02-09,13.87,4.227576
2010-02-10,12.71,3.8740080000000003
2010-02-11,11.21,3.4168080000000005
2010-02-12,10.05,3.0632400000000004
2010-02-13,9.5,2.8956
2010-02-14,9.04,2.755392
2010-02-15,8.63,2.6304240000000005
2010-02-16,8.33,2.538984
2010-02-17,8.15,2.4841200000000003
2010-02-18,8.05,2.4536400000000005
2010-02-19,7.87,2.3987760000000002
2010-02-20,7.5,2.286
2010-02-21,6.96,2.121408
2010-02-22,7.28,2.218944
2010-02-23,7.76,2.3652480000000002
2010-02-24,7.83,2.386584
2010-02-25,7.75,2.3622
2010-02-26,7.88,2.401824
2010-02-27,8.05,2.4536400000000005
2010-02-28,7.74,2.3591520000000004
2010-03-01,6.93,2.112264
2010-03-02,7.23,2.203704
2010-03-03,7.45,2.27076
2010-03-04,7.31,2.228088
2010-03-05,7.26,2.212848
2010-03-06,7.36,2.243328
2010-03-07,7.38,2.249424
2010-03-08,6.94,2.1153120000000003
2010-03-09,6.15,1.8745200000000002
2010-03-10,7.55,2.30124
2010-03-11,11.55,3.5204400000000002
2010-03-12,14.99,4.568952
2010-03-13,16.88,5.145024
2010-03-14,16.45,5.01396
2010-03-15,14.51,4.422648000000001
2010-03-16,12.66,3.8587680000000004
2010-03-17,11.0,3.3528000000000002
2010-03-18,9.64,2.9382720000000004
2010-03-19,8.41,2.563368
2010-03-20,7.4,2.25552
2010-03-21,6.91,2.1061680000000003
2010-03-22,6.7,2.04216
2010-03-23,6.46,1.969008
2010-03-24,6.17,1.880616
2010-03-25,5.94,1.8105120000000001
2010-03-26,5.79,1.7647920000000001
2010-03-27,5.61,1.7099280000000001
2010-03-28,5.43,1.655064
2010-03-29,5.34,1.627632
2010-03-30,5.28,1.609344
2010-03-31,5.19,1.5819120000000002
2010-04-01,5.07,1.5453360000000003
2010-04-02,4.92,1.499616
2010-04-03,4.73,1.441704
2010-04-04,4.57,1.3929360000000002
2010-04-05,4.45,1.3563600000000002
2010-04-06,4.33,1.319784
2010-04-07,4.2,1.2801600000000002
2010-04-08,4.13,1.258824
2010-04-09,4.38,1.335024
2010-04-10,4.71,1.435608
2010-04-11,4.66,1.420368
2010-04-12,4.46,1.359408
2010-04-13,4.16,1.2679680000000002
2010-04-14,3.87,1.1795760000000002
2010-04-15,3.66,1.1155680000000001
2010-04-16,3.51,1.069848
2010-04-17,3.38,1.030224
2010-04-18,3.27,0.996696
2010-04-19,3.18,0.9692640000000001
2010-04-20,3.13,0.954024
2010-04-21,3.05,0.92964
2010-04-22,3.01,0.9174479999999999
2010-04-23,2.93,0.8930640000000001
2010-04-24,2.87,0.8747760000000001
2010-04-25,3.34,1.018032
2010-04-26,3.88,1.1826240000000001
2010-04-27,3.84,1.170432
2010-04-28,3.56,1.085088
2010-04-29,3.29,1.0027920000000001
2010-04-30,3.02,0.9204960000000001
2010-05-01,2.87,0.8747760000000001
2010-05-02,2.89,0.8808720000000001
2010-05-03,4.26,1.298448
2010-05-04,8.49,2.587752
2010-05-05,9.77,2.977896
2010-05-06,13.1,3.99288
2010-05-07,14.79,4.507992
2010-05-08,12.63,3.8496240000000004
2010-05-09,10.31,3.142488
2010-05-10,7.66,2.334768
2010-05-11,4.65,1.4173200000000001
2010-05-12,3.8,1.15824
2010-05-13,3.45,1.05156
2010-05-14,3.22,0.9814560000000001
2010-05-15,3.03,0.923544
2010-05-16,2.88,0.877824
2010-05-17,2.82,0.859536
2010-05-18,2.87,0.8747760000000001
2010-05-19,2.81,0.856488
2010-05-20,2.65,0.80772
2010-05-21,2.51,0.765048
2010-05-22,2.37,0.722376
2010-05-23,2.28,0.694944
2010-05-24,2.17,0.661416
2010-05-25,2.07,0.6309359999999999
2010-05-26,1.97,0.600456
2010-05-27,1.88,0.573024
2010-05-30,2.48,0.755904
2010-05-31,2.85,0.8686800000000001
2010-06-01,3.03,0.923544
2010-06-02,3.52,1.072896
2010-06-03,4.52,1.377696
2010-06-04,4.46,1.359408
2010-06-05,3.64,1.109472
2010-06-06,3.38,1.030224
2010-06-07,3.24,0.9875520000000001
2010-06-08,3.02,0.9204960000000001
2010-06-09,2.63,0.801624
2010-06-10,2.38,0.725424
2010-06-11,2.16,0.6583680000000001
2010-06-12,1.96,0.597408
2010-06-13,1.8,0.54864
2010-06-14,1.67,0.509016
2010-06-15,1.57,0.478536
2010-06-16,1.49,0.454152
2010-06-17,2.76,0.841248
2010-06-18,2.75,0.8382000000000001
2010-06-19,2.09,0.637032
2010-06-20,1.86,0.5669280000000001
2010-06-21,2.11,0.643128
2010-06-22,2.17,0.661416
2010-06-23,1.91,0.582168
2010-06-24,1.69,0.515112
2010-06-25,1.6,0.48768000000000006
2010-06-26,1.47,0.448056
2010-06-27,1.4,0.42672
2010-06-28,1.32,0.402336
2010-06-29,1.44,0.438912
2010-06-30,1.73,0.527304
2010-07-01,1.79,0.5455920000000001
2010-07-02,2.39,0.7284720000000001
2010-07-03,2.43,0.7406640000000001
2010-07-04,2.33,0.710184
2010-07-05,2.33,0.710184
2010-07-06,2.08,0.6339840000000001
2010-07-07,1.81,0.5516880000000001
2010-07-08,1.62,0.49377600000000005
2010-07-09,1.49,0.454152
2010-07-10,1.55,0.47244
2010-07-11,1.98,0.603504
2010-07-12,1.7,0.5181600000000001
2010-07-13,1.48,0.451104
2010-07-14,1.34,0.408432
2010-07-15,1.36,0.41452800000000006
2010-07-16,1.49,0.454152
2010-07-17,1.48,0.451104
2010-07-18,1.38,0.420624
2010-07-19,1.33,0.405384
2010-07-20,1.26,0.384048
2010-07-21,1.28,0.39014400000000005
2010-07-22,1.23,0.374904
2010-07-23,1.16,0.353568
2010-07-24,1.09,0.332232
2010-07-25,1.13,0.344424
2010-07-26,1.62,0.49377600000000005
2010-07-27,1.69,0.515112
2010-07-28,1.35,0.41148000000000007
2010-07-29,1.18,0.359664
2010-07-30,1.08,0.32918400000000003
2010-07-31,1.02,0.310896
2010-08-01,0.98,0.298704
2010-08-02,0.92,0.280416
2010-08-03,0.89,0.271272
2010-08-04,0.89,0.271272
2010-08-05,0.9,0.27432
2010-08-06,1.05,0.32004000000000005
2010-08-07,1.37,0.41757600000000006
2010-08-08,1.63,0.496824
2010-08-09,1.92,0.585216
2010-08-10,1.93,0.588264
2010-08-11,1.49,0.454152
2010-08-12,1.25,0.381
2010-08-13,1.16,0.353568
2010-08-14,1.15,0.35052
2010-08-15,1.1,0.33528
2010-08-16,1.27,0.38709600000000005
2010-08-17,1.76,0.536448
2010-08-18,1.82,0.554736
2010-08-19,1.72,0.524256
2010-08-20,1.68,0.512064
2010-08-21,1.68,0.512064
2010-08-22,1.64,0.499872
2010-08-23,1.73,0.527304
2010-08-24,1.97,0.600456
2010-08-25,1.63,0.496824
2010-08-26,1.38,0.420624
2010-08-27,1.35,0.41148000000000007
2010-08-28,1.41,0.429768
2010-08-29,1.54,0.46939200000000003
2010-08-30,1.5,0.45720000000000005
2010-08-31,1.53,0.46634400000000004
2010-09-01,1.39,0.423672
2010-09-02,1.27,0.38709600000000005
2010-09-03,1.19,0.362712
2010-09-04,1.12,0.34137600000000007
2010-09-05,1.06,0.32308800000000004
2010-09-06,0.99,0.301752
2010-09-07,0.95,0.28956
2010-09-08,0.91,0.277368
2010-09-09,0.88,0.268224
2010-09-10,0.85,0.25908000000000003
2010-09-11,0.83,0.252984
2010-09-12,0.8,0.24384000000000003
2010-09-13,0.78,0.237744
2010-09-14,0.75,0.22860000000000003
2010-09-15,0.74,0.225552
2010-09-16,0.73,0.222504
2010-09-17,0.72,0.219456
2010-09-18,0.71,0.216408
2010-09-19,0.69,0.210312
2010-09-23,0.66,0.201168
2010-09-24,0.65,0.19812000000000002
2010-09-25,0.65,0.19812000000000002
2010-09-26,0.81,0.24688800000000002
2010-09-27,1.2,0.36576000000000003
2010-09-28,2.39,0.7284720000000001
2010-09-29,2.5,0.762
2010-09-30,1.8,0.54864
2010-10-01,1.45,0.44196
2010-10-02,1.26,0.384048
2010-10-03,1.13,0.344424
2010-10-04,1.04,0.31699200000000005
2010-10-05,0.98,0.298704
2010-10-06,0.93,0.28346400000000005
2010-10-07,0.9,0.27432
2010-10-08,0.88,0.268224
2010-10-09,0.86,0.262128
2010-10-10,0.85,0.25908000000000003
2010-10-11,0.84,0.256032
2010-10-12,0.85,0.25908000000000003
2010-10-13,1.0,0.3048
2010-10-14,0.9,0.27432
2010-10-15,0.89,0.271272
2010-10-16,0.91,0.277368
2010-10-17,0.92,0.280416
2010-10-18,0.9,0.27432
2010-10-19,0.86,0.262128
2010-10-20,0.84,0.256032
2010-10-21,0.82,0.249936
2010-10-22,0.82,0.249936
2010-10-23,0.84,0.256032
2010-10-24,0.83,0.252984
2010-10-25,0.82,0.249936
2010-10-26,0.82,0.249936
2010-10-27,0.83,0.252984
2010-10-28,0.89,0.271272
2010-10-29,1.09,0.332232
2010-10-30,1.65,0.50292
2010-10-31,1.64,0.499872
2010-11-01,1.37,0.41757600000000006
2010-11-02,1.21,0.368808
2010-11-03,1.14,0.347472
2010-11-04,1.13,0.344424
2010-11-05,1.13,0.344424
2010-11-06,1.15,0.35052
2010-11-07,1.16,0.353568
2010-11-08,1.12,0.34137600000000007
2010-11-09,1.09,0.332232
2010-11-10,1.08,0.32918400000000003
2010-11-11,1.08,0.32918400000000003
2010-11-12,1.08,0.32918400000000003
2010-11-13,1.08,0.32918400000000003
2010-11-14,1.08,0.32918400000000003
2010-11-15,1.09,0.332232
2010-11-16,1.59,0.48463200000000006
2010-11-17,3.83,1.167384
2010-11-18,4.06,1.237488
2010-11-19,2.81,0.856488
2010-11-20,2.17,0.661416
2010-11-21,1.9,0.57912
2010-11-22,1.74,0.530352
2010-11-23,1.64,0.499872
2010-11-24,1.61,0.49072800000000005
2010-11-25,1.65,0.50292
2010-11-26,1.82,0.554736
2010-11-27,1.86,0.5669280000000001
2010-11-28,1.86,0.5669280000000001
2010-11-29,1.86,0.5669280000000001
2010-11-30,1.83,0.5577840000000001
2010-12-01,2.69,0.819912
2010-12-02,4.62,1.408176
2010-12-03,4.13,1.258824
2010-12-04,3.15,0.96012
2010-12-05,2.66,0.810768
2010-12-06,2.35,0.71628
2010-12-07,2.14,0.6522720000000001
2010-12-08,1.99,0.606552
2010-12-09,1.9,0.57912
2010-12-10,1.84,0.560832
2010-12-11,1.8,0.54864
2010-12-12,1.89,0.576072
2010-12-13,2.45,0.7467600000000001
2010-12-14,2.82,0.859536
2010-12-15,2.5,0.762
2010-12-16,2.33,0.710184
2010-12-17,2.24,0.6827520000000001
2010-12-18,2.13,0.649224
2010-12-19,2.04,0.621792
2010-12-20,1.98,0.603504
2010-12-21,1.92,0.585216
2010-12-22,1.86,0.5669280000000001
2010-12-23,1.83,0.5577840000000001
2010-12-24,1.81,0.5516880000000001
2010-12-25,1.78,0.542544
2010-12-26,1.8,0.54864
2010-12-27,1.92,0.585216
2010-12-28,1.97,0.600456
2010-12-29,1.9,0.57912
2010-12-30,1.84,0.560832
2010-12-31,1.81,0.5516880000000001
2011-01-01,1.87,0.569976
2011-01-02,2.58,0.7863840000000001
2011-01-03,3.84,1.170432
2011-01-04,4.0,1.2192
2011-01-05,3.66,1.1155680000000001
2011-01-06,3.38,1.030224
2011-01-07,3.15,0.96012
2011-01-08,2.84,0.865632
2011-01-09,2.6,0.7924800000000001
2011-01-10,2.43,0.7406640000000001
2011-01-11,2.44,0.743712
2011-01-12,2.55,0.7772399999999999
2011-01-13,2.49,0.7589520000000001
2011-01-14,2.42,0.737616
2011-01-15,2.34,0.713232
2011-01-16,2.26,0.688848
2011-01-17,2.19,0.667512
2011-01-18,2.15,0.65532
2011-01-19,2.44,0.743712
2011-01-20,3.11,0.947928
2011-01-21,3.09,0.941832
2011-01-22,2.86,0.8717280000000001
2011-01-23,2.74,0.8351520000000001
2011-01-24,2.55,0.7772399999999999
2011-01-25,2.44,0.743712
2011-01-26,2.46,0.749808
2011-01-27,2.58,0.7863840000000001
2011-01-28,2.51,0.765048
2011-01-29,2.4,0.7315200000000001
2011-01-30,2.32,0.707136
2011-01-31,2.35,0.71628
2011-02-01,2.63,0.801624
2011-02-02,3.21,0.978408
2011-02-03,3.76,1.146048
2011-02-04,4.56,1.389888
2011-02-05,6.67,2.033016
2011-02-06,7.07,2.154936
2011-02-07,7.27,2.215896
2011-02-08,7.84,2.389632
2011-02-09,9.33,2.8437840000000003
2011-02-10,10.44,3.182112
2011-02-11,9.7,2.95656
2011-02-12,8.22,2.505456
2011-02-13,5.92,1.804416
2011-02-14,4.76,1.450848
2011-02-15,4.25,1.2954
2011-02-16,3.92,1.194816
2011-02-17,3.66,1.1155680000000001
2011-02-18,3.47,1.0576560000000002
2011-02-19,3.33,1.014984
2011-02-20,3.22,0.9814560000000001
2011-02-21,3.15,0.96012
2011-02-22,3.06,0.9326880000000001
2011-02-23,3.01,0.9174479999999999
2011-02-24,2.92,0.890016
2011-02-25,2.96,0.902208
2011-02-26,3.14,0.957072
2011-02-27,3.23,0.984504
2011-02-28,3.16,0.9631680000000001
2011-03-01,3.15,0.96012
2011-03-02,3.38,1.030224
2011-03-03,4.16,1.2679680000000002
2011-03-04,4.69,1.4295120000000001
2011-03-05,4.83,1.4721840000000002
2011-03-06,5.02,1.530096
2011-03-07,5.49,1.6733520000000002
2011-03-08,5.67,1.728216
2011-03-09,6.76,2.060448
2011-03-10,9.01,2.746248
2011-03-11,9.06,2.7614880000000004
2011-03-12,9.7,2.95656
2011-03-13,12.86,3.919728
2011-03-14,13.14,4.005072
2011-03-15,11.4,3.4747200000000005
2011-03-16,9.59,2.923032
2011-03-17,7.41,2.2585680000000004
2011-03-18,5.37,1.636776
2011-03-19,4.72,1.438656
2011-03-20,4.35,1.32588
2011-03-21,4.0,1.2192
2011-03-22,3.75,1.143
2011-03-23,3.51,1.069848
2011-03-24,3.33,1.014984
2011-03-25,3.18,0.9692640000000001
2011-03-26,3.06,0.9326880000000001
2011-03-27,2.96,0.902208
2011-03-28,2.9,0.88392
2011-03-29,2.8,0.85344
2011-03-30,2.94,0.896112
2011-03-31,4.03,1.228344
2011-04-01,5.2,1.5849600000000001
2011-04-02,5.66,1.725168
2011-04-03,6.1,1.85928
2011-04-04,6.53,1.9903440000000001
2011-04-06,6.55,1.99644
2011-04-07,6.15,1.8745200000000002
2011-04-08,5.64,1.719072
2011-04-09,5.3,1.61544
2011-04-10,4.91,1.4965680000000001
2011-04-11,3.93,1.197864
2011-04-12,3.21,0.978408
2011-04-13,2.91,0.8869680000000001
2011-04-14,2.72,0.8290560000000001
2011-04-15,2.52,0.768096
2011-04-16,2.36,0.719328
2011-04-17,2.23,0.679704
2011-04-18,2.11,0.643128
2011-04-19,2.01,0.612648
2011-04-20,1.95,0.59436
2011-04-21,1.89,0.576072
2011-04-22,1.82,0.554736
2011-04-23,1.74,0.530352
2011-04-24,1.67,0.509016
2011-04-25,1.62,0.49377600000000005
2011-04-26,1.54,0.46939200000000003
2011-04-27,1.47,0.448056
2011-04-28,1.41,0.429768
2011-04-29,1.35,0.41148000000000007
2011-04-30,1.3,0.39624000000000004
2011-05-01,1.26,0.384048
2011-05-02,1.23,0.374904
2011-05-03,1.18,0.359664
2011-05-04,1.14,0.347472
2011-05-05,1.1,0.33528
2011-05-06,1.08,0.32918400000000003
2011-05-07,1.07,0.32613600000000004
2011-05-08,1.04,0.31699200000000005
2011-05-09,1.02,0.310896
2011-05-10,0.98,0.298704
2011-05-11,0.95,0.28956
2011-05-12,0.93,0.28346400000000005
2011-05-13,0.91,0.277368
2011-05-14,0.91,0.277368
2011-05-15,0.99,0.301752
2011-05-16,1.29,0.39319200000000004
2011-05-17,1.38,0.420624
2011-05-18,1.24,0.377952
2011-05-19,1.1,0.33528
2011-05-20,1.01,0.307848
2011-05-21,0.94,0.286512
2011-05-22,0.9,0.27432
2011-05-23,0.87,0.265176
2011-05-24,0.84,0.256032
2011-05-25,0.81,0.24688800000000002
2011-05-26,0.8,0.24384000000000003
2011-05-27,0.78,0.237744
2011-05-28,0.77,0.23469600000000002
2011-05-29,0.76,0.23164800000000002
2011-05-30,0.76,0.23164800000000002
2011-05-31,0.74,0.225552
2011-06-01,0.72,0.219456
2011-06-02,0.71,0.216408
2011-06-03,0.72,0.219456
2011-06-04,0.67,0.204216
2011-06-05,0.63,0.192024
2011-06-06,0.61,0.185928
2011-06-07,0.59,0.179832
2011-06-08,0.59,0.179832
2011-06-09,0.58,0.176784
2011-06-10,0.58,0.176784
2011-06-11,0.57,0.173736
2011-06-12,0.57,0.173736
2011-06-13,0.56,0.17068800000000003
2011-06-14,0.57,0.173736
2011-06-15,0.56,0.17068800000000003
2011-06-16,0.57,0.173736
2011-06-17,0.64,0.19507200000000002
2011-06-18,0.64,0.19507200000000002
2011-06-19,0.68,0.20726400000000003
2011-06-20,0.69,0.210312
2011-06-21,0.77,0.23469600000000002
2011-06-22,0.78,0.237744
2011-06-23,0.74,0.225552
2011-06-24,0.72,0.219456
2011-06-25,0.82,0.249936
2011-06-26,0.88,0.268224
2011-06-27,0.83,0.252984
2011-06-28,0.74,0.225552
2011-06-29,0.69,0.210312
2011-06-30,0.64,0.19507200000000002
2011-07-01,0.62,0.188976
2011-07-02,0.61,0.185928
2011-07-03,0.72,0.219456
2011-07-04,0.7,0.21336
2011-07-05,0.67,0.204216
2011-07-06,0.67,0.204216
2011-07-07,0.65,0.19812000000000002
2011-07-08,0.66,0.201168
2011-07-09,0.71,0.216408
2011-07-10,0.7,0.21336
2011-07-11,0.79,0.24079200000000003
2011-07-12,0.85,0.25908000000000003
2011-07-13,1.03,0.313944
2011-07-14,1.15,0.35052
2011-07-15,1.06,0.32308800000000004
2011-07-16,1.04,0.31699200000000005
2011-07-17,1.28,0.39014400000000005
2011-07-18,1.33,0.405384
2011-07-19,1.43,0.43586400000000003
2011-07-20,1.38,0.420624
2011-07-21,1.24,0.377952
2011-07-22,1.1,0.33528
2011-07-23,1.01,0.307848
2011-07-24,0.93,0.28346400000000005
2011-07-25,0.85,0.25908000000000003
2011-07-26,0.8,0.24384000000000003
2011-07-27,0.78,0.237744
2011-07-28,0.76,0.23164800000000002
2011-07-29,0.75,0.22860000000000003
2011-07-30,0.74,0.225552
2011-07-31,0.75,0.22860000000000003
2011-08-01,0.78,0.237744
2011-08-02,0.8,0.24384000000000003
2011-08-03,0.79,0.24079200000000003
2011-08-04,0.8,0.24384000000000003
2011-08-05,0.8,0.24384000000000003
2011-08-06,0.77,0.23469600000000002
2011-08-07,0.73,0.222504
2011-08-08,0.68,0.20726400000000003
2011-08-09,0.66,0.201168
2011-08-10,0.65,0.19812000000000002
2011-08-11,0.65,0.19812000000000002
2011-08-12,0.63,0.192024
2011-08-13,0.61,0.185928
2011-08-14,0.59,0.179832
2011-08-15,0.58,0.176784
2011-08-16,0.57,0.173736
2011-08-17,0.56,0.17068800000000003
2011-08-18,0.55,0.16764
2011-08-19,0.54,0.16459200000000002
2011-08-20,0.53,0.16154400000000002
2011-08-21,0.53,0.16154400000000002
2011-08-22,0.53,0.16154400000000002
2011-08-23,0.52,0.15849600000000003
2011-08-24,0.52,0.15849600000000003
2011-08-25,0.51,0.155448
2011-08-26,0.51,0.155448
2011-08-27,0.5,0.1524
2011-08-28,0.5,0.1524
2011-08-29,0.5,0.1524
2011-08-30,0.49,0.149352
2011-08-31,0.48,0.146304
2011-09-01,0.48,0.146304
2011-09-02,0.48,0.146304
2011-09-03,0.48,0.146304
2011-09-04,0.48,0.146304
2011-09-05,0.67,0.204216
2011-09-06,1.02,0.310896
2011-09-07,1.69,0.515112
2011-09-08,1.87,0.569976
2011-09-09,1.37,0.41757600000000006
2011-09-10,1.12,0.34137600000000007
2011-09-11,0.96,0.292608
2011-09-12,0.85,0.25908000000000003
2011-09-13,0.78,0.237744
2011-09-14,0.72,0.219456
2011-09-15,0.68,0.20726400000000003
2011-09-16,0.64,0.19507200000000002
2011-09-17,0.6,0.18288000000000001
2011-09-18,0.57,0.173736
2011-09-19,0.56,0.17068800000000003
2011-09-20,0.55,0.16764
2011-09-21,0.56,0.17068800000000003
2011-09-22,0.56,0.17068800000000003
2011-09-23,0.58,0.176784
2011-09-24,0.58,0.176784
2011-09-25,0.56,0.17068800000000003
2011-09-26,0.62,0.188976
2011-09-27,0.67,0.204216
2011-09-28,0.64,0.19507200000000002
2011-09-29,0.61,0.185928
2011-09-30,0.6,0.18288000000000001
2011-10-01,0.59,0.179832
2011-10-02,0.59,0.179832
2011-10-03,0.59,0.179832
2011-10-04,0.57,0.173736
2011-10-05,0.55,0.16764
2011-10-06,0.56,0.17068800000000003
2011-10-07,0.55,0.16764
2011-10-08,0.55,0.16764
2011-10-09,0.54,0.16459200000000002
2011-10-10,0.54,0.16459200000000002
2011-10-11,0.54,0.16459200000000002
2011-10-12,0.54,0.16459200000000002
2011-10-13,0.54,0.16459200000000002
2011-10-14,0.57,0.173736
2011-10-15,0.6,0.18288000000000001
2011-10-16,0.61,0.185928
2011-10-17,0.64,0.19507200000000002
2011-10-18,0.64,0.19507200000000002
2011-10-19,0.6,0.18288000000000001
2011-10-20,0.57,0.173736
2011-10-21,0.55,0.16764
2011-10-22,0.54,0.16459200000000002
2011-10-23,0.54,0.16459200000000002
2011-10-24,0.53,0.16154400000000002
2011-10-25,0.53,0.16154400000000002
2011-10-26,0.53,0.16154400000000002
2011-10-27,0.52,0.15849600000000003
2011-10-28,0.52,0.15849600000000003
2011-10-29,0.52,0.15849600000000003
2011-10-30,0.51,0.155448
2011-10-31,0.5,0.1524
2011-11-01,0.5,0.1524
2011-11-02,0.5,0.1524
2011-11-03,0.49,0.149352
2011-11-04,0.48,0.146304
2011-11-05,0.48,0.146304
2011-11-06,0.48,0.146304
2011-11-07,0.5,0.1524
2011-11-08,0.54,0.16459200000000002
2011-11-09,0.57,0.173736
2011-11-10,0.59,0.179832
2011-11-11,0.62,0.188976
2011-11-12,0.64,0.19507200000000002
2011-11-13,0.66,0.201168
2011-11-14,0.7,0.21336
2011-11-15,0.74,0.225552
2011-11-16,0.78,0.237744
2011-11-17,0.88,0.268224
2011-11-18,1.02,0.310896
2011-11-19,1.31,0.39928800000000003
2011-11-20,1.27,0.38709600000000005
2011-11-21,1.1,0.33528
2011-11-22,0.98,0.298704
2011-11-23,0.94,0.286512
2011-11-24,0.92,0.280416
2011-11-25,0.94,0.286512
2011-11-26,1.13,0.344424
2011-11-27,1.1,0.33528
2011-11-28,1.14,0.347472
2011-11-29,1.22,0.371856
2011-11-30,1.74,0.530352
2011-12-01,1.71,0.521208
2011-12-02,1.42,0.432816
2011-12-03,1.23,0.374904
2011-12-04,1.13,0.344424
2011-12-05,1.05,0.32004000000000005
2011-12-06,1.03,0.313944
2011-12-07,1.16,0.353568
2011-12-08,1.29,0.39319200000000004
2011-12-09,1.47,0.448056
2011-12-10,1.41,0.429768
2011-12-11,1.28,0.39014400000000005
2011-12-12,1.19,0.362712
2011-12-13,1.14,0.347472
2011-12-14,1.13,0.344424
2011-12-15,1.15,0.35052
2011-12-16,1.12,0.34137600000000007
2011-12-17,1.09,0.332232
2011-12-18,1.06,0.32308800000000004
2011-12-19,1.03,0.313944
2011-12-20,1.02,0.310896
2011-12-21,1.38,0.420624
2011-12-22,2.03,0.618744
2011-12-23,2.85,0.8686800000000001
2011-12-24,3.88,1.1826240000000001
2011-12-25,4.0,1.2192
2011-12-26,3.22,0.9814560000000001
2011-12-27,2.93,0.8930640000000001
2011-12-28,3.05,0.92964
2011-12-29,3.1,0.94488
2011-12-30,2.82,0.859536
2011-12-31,2.57,0.783336
2012-01-01,2.31,0.704088
2012-01-02,2.08,0.6339840000000001
2012-01-03,1.89,0.576072
2012-01-04,1.75,0.5334
2012-01-05,1.63,0.496824
2012-01-06,1.56,0.475488
2012-01-07,1.52,0.46329600000000004
2012-01-08,1.49,0.454152
2012-01-09,1.47,0.448056
2012-01-10,1.52,0.46329600000000004
2012-01-11,1.62,0.49377600000000005
2012-01-12,1.69,0.515112
2012-01-13,1.8,0.54864
2012-01-14,1.75,0.5334
2012-01-15,1.66,0.505968
2012-01-16,1.58,0.48158400000000007
2012-01-17,1.52,0.46329600000000004
2012-01-18,1.68,0.512064
2012-01-19,1.92,0.585216
2012-01-20,2.13,0.649224
2012-01-21,2.15,0.65532
2012-01-22,2.42,0.737616
2012-01-23,2.72,0.8290560000000001
2012-01-24,4.01,1.222248
2012-01-25,4.72,1.438656
2012-01-26,4.82,1.4691360000000002
2012-01-27,4.93,1.502664
2012-01-28,4.98,1.5179040000000001
2012-01-29,4.92,1.499616
2012-01-30,4.45,1.3563600000000002
2012-01-31,3.83,1.167384
2012-02-01,3.3,1.00584
2012-02-02,2.92,0.890016
2012-02-03,2.7,0.8229600000000001
2012-02-04,2.6,0.7924800000000001
2012-02-05,2.49,0.7589520000000001
2012-02-06,2.39,0.7284720000000001
2012-02-07,2.29,0.6979920000000001
2012-02-08,2.22,0.6766560000000001
2012-02-09,2.15,0.65532
2012-02-10,2.07,0.6309359999999999
2012-02-11,1.98,0.603504
2012-02-12,1.9,0.57912
2012-02-13,1.84,0.560832
2012-02-14,1.8,0.54864
2012-02-15,1.81,0.5516880000000001
2012-02-16,2.11,0.643128
2012-02-17,2.98,0.908304
2012-02-21,7.65,2.3317200000000002
2012-02-22,7.89,2.404872
2012-02-23,9.01,2.746248
2012-02-24,9.9,3.01752
2012-02-25,8.81,2.6852880000000003
2012-02-26,6.9,2.10312
2012-02-27,4.87,1.4843760000000001
2012-02-28,4.3,1.31064
2012-02-29,3.94,1.200912
2012-03-01,3.64,1.109472
2012-03-02,3.74,1.139952
2012-03-03,3.61,1.100328
2012-03-04,3.36,1.024128
2012-03-05,3.15,0.96012
2012-03-06,2.98,0.908304
2012-03-07,2.83,0.862584
2012-03-08,2.65,0.80772
2012-03-09,2.54,0.7741920000000001
2012-03-10,2.52,0.768096
2012-03-11,2.48,0.755904
2012-03-12,2.44,0.743712
2012-03-13,2.4,0.7315200000000001
2012-03-14,2.5,0.762
2012-03-15,2.9,0.88392
2012-03-16,2.67,0.813816
2012-03-17,2.44,0.743712
2012-03-18,2.29,0.6979920000000001
2012-03-19,2.17,0.661416
2012-03-20,2.06,0.627888
2012-03-21,1.96,0.597408
2012-03-22,1.9,0.57912
2012-03-23,1.93,0.588264
2012-03-24,3.35,1.02108
2012-03-28,5.27,1.606296
2012-03-29,3.62,1.1033760000000001
2012-03-30,2.92,0.890016
2012-04-08,4.53,1.3807440000000002
2012-04-09,3.86,1.176528
2012-04-10,3.31,1.008888
2012-04-11,2.89,0.8808720000000001
2012-04-12,2.57,0.783336
2012-04-13,2.33,0.710184
2012-04-14,2.15,0.65532
2012-04-15,2.02,0.615696
2012-04-16,1.91,0.582168
2012-04-17,1.85,0.56388
2012-04-18,2.04,0.621792
2012-04-19,2.36,0.719328
2012-04-20,2.79,0.850392
2012-04-21,2.84,0.865632
2012-04-22,2.59,0.789432
2012-04-23,2.26,0.688848
2012-04-24,2.03,0.618744
2012-04-25,1.85,0.56388
2012-04-26,1.71,0.521208
2012-04-27,1.6,0.48768000000000006
2012-04-28,1.5,0.45720000000000005
2012-04-29,1.42,0.432816
2012-04-30,1.35,0.41148000000000007
2012-05-01,1.29,0.39319200000000004
2012-05-02,1.24,0.377952
2012-05-03,1.23,0.374904
2012-05-04,1.23,0.374904
2012-05-05,1.28,0.39014400000000005
2012-05-06,1.38,0.420624
2012-05-07,1.47,0.448056
2012-05-08,1.44,0.438912
2012-05-09,1.32,0.402336
2012-05-10,1.3,0.39624000000000004
2012-05-11,1.32,0.402336
2012-05-12,1.26,0.384048
2012-05-13,1.34,0.408432
2012-05-14,2.72,0.8290560000000001
2012-05-15,4.1,1.24968
2012-05-16,4.14,1.2618719999999999
2012-05-17,4.06,1.237488
2012-05-18,3.86,1.176528
2012-05-19,3.42,1.042416
2012-05-20,2.43,0.7406640000000001
2012-05-21,1.84,0.560832
2012-05-22,1.58,0.48158400000000007
2012-05-23,1.47,0.448056
2012-05-24,1.51,0.46024800000000005
2012-05-25,1.39,0.423672
2012-05-26,1.28,0.39014400000000005
2012-05-27,1.18,0.359664
2012-05-28,1.1,0.33528
2012-05-29,1.04,0.31699200000000005
2012-05-30,0.98,0.298704
2012-05-31,0.92,0.280416
2012-06-01,0.88,0.268224
2012-06-02,0.83,0.252984
2012-06-03,0.79,0.24079200000000003
2012-06-04,0.76,0.23164800000000002
2012-06-05,0.74,0.225552
2012-06-06,0.74,0.225552
2012-06-07,0.72,0.219456
2012-06-08,0.73,0.222504
2012-06-09,0.9,0.27432
2012-06-10,1.94,0.5913120000000001
2012-06-11,2.0,0.6096
2012-06-17,5.12,1.5605760000000002
2012-06-18,3.51,1.069848
2012-06-19,2.55,0.7772399999999999
2012-06-20,2.09,0.637032
2012-06-21,1.74,0.530352
2012-06-22,1.54,0.46939200000000003
2012-06-23,1.43,0.43586400000000003
2012-06-24,1.3,0.39624000000000004
2012-06-25,1.21,0.368808
2012-06-26,1.15,0.35052
2012-06-27,1.08,0.32918400000000003
2012-06-28,0.99,0.301752
2012-06-29,0.93,0.28346400000000005
2012-06-30,0.88,0.268224
2012-07-01,0.84,0.256032
2012-07-02,0.81,0.24688800000000002
2012-07-03,0.84,0.256032
2012-07-04,0.93,0.28346400000000005
2012-07-05,0.81,0.24688800000000002
2012-07-06,0.95,0.28956
2012-07-07,0.96,0.292608
2012-07-08,0.86,0.262128
2012-07-09,0.8,0.24384000000000003
2012-07-10,0.8,0.24384000000000003
2012-07-11,0.76,0.23164800000000002
2012-07-12,0.94,0.286512
2012-07-13,0.93,0.28346400000000005
2012-07-14,0.97,0.29565600000000003
2012-07-15,0.86,0.262128
2012-07-16,0.92,0.280416
2012-07-17,1.18,0.359664
2012-07-18,1.38,0.420624
2012-07-19,1.08,0.32918400000000003
2012-07-20,1.21,0.368808
2012-07-21,1.6,0.48768000000000006
2012-07-22,1.39,0.423672
2012-07-23,1.27,0.38709600000000005
2012-07-24,1.1,0.33528
2012-07-25,0.98,0.298704
2012-07-26,0.89,0.271272
2012-07-27,0.81,0.24688800000000002
2012-07-28,0.79,0.24079200000000003
2012-07-29,0.73,0.222504
2012-07-30,0.78,0.237744
2012-07-31,0.98,0.298704
2012-08-01,0.9,0.27432
2012-08-02,0.88,0.268224
2012-08-03,0.99,0.301752
2012-08-04,1.09,0.332232
2012-08-05,0.9,0.27432
2012-08-06,0.85,0.25908000000000003
2012-08-07,0.89,0.271272
2012-08-08,0.87,0.265176
2012-08-09,0.92,0.280416
2012-08-10,1.24,0.377952
2012-08-11,1.2,0.36576000000000003
2012-08-12,1.04,0.31699200000000005
2012-08-13,0.93,0.28346400000000005
2012-08-14,1.07,0.32613600000000004
2012-08-15,1.36,0.41452800000000006
2012-08-16,1.19,0.362712
2012-08-17,1.06,0.32308800000000004
2012-08-18,0.97,0.29565600000000003
2012-08-19,1.01,0.307848
2012-08-20,0.95,0.28956
2012-08-21,1.07,0.32613600000000004
2012-08-22,1.1,0.33528
2012-08-23,1.23,0.374904
2012-08-24,1.11,0.3383280000000001
2012-08-25,1.17,0.356616
2012-08-26,1.1,0.33528
2012-08-27,0.97,0.29565600000000003
2012-08-28,0.9,0.27432
2012-08-29,0.82,0.249936
2012-08-30,0.81,0.24688800000000002
2012-08-31,0.81,0.24688800000000002
2012-09-01,0.77,0.23469600000000002
2012-09-02,0.74,0.225552
2012-09-03,0.72,0.219456
2012-09-04,2.28,0.694944
2012-09-06,3.19,0.9723120000000001
2012-09-07,2.38,0.725424
2012-09-08,2.06,0.627888
2012-09-09,2.21,0.673608
2012-09-10,1.97,0.600456
2012-09-11,1.72,0.524256
2012-09-12,1.47,0.448056
2012-09-13,1.3,0.39624000000000004
2012-09-14,1.16,0.353568
2012-09-15,1.06,0.32308800000000004
2012-09-16,0.99,0.301752
2012-09-17,0.94,0.286512
2012-09-18,0.98,0.298704
2012-09-19,1.01,0.307848
2012-09-20,1.31,0.39928800000000003
2012-09-21,1.26,0.384048
2012-09-22,1.13,0.344424
2012-09-23,1.07,0.32613600000000004
2012-09-24,0.99,0.301752
2012-09-25,0.92,0.280416
2012-09-26,0.86,0.262128
2012-09-27,0.81,0.24688800000000002
2012-09-28,0.78,0.237744
2012-09-29,0.77,0.23469600000000002
2012-09-30,0.76,0.23164800000000002
2012-10-01,1.07,0.32613600000000004
2012-10-02,1.15,0.35052
2012-10-03,1.85,0.56388
2012-10-04,1.68,0.512064
2012-10-05,1.38,0.420624
2012-10-06,1.26,0.384048
2012-10-07,1.17,0.356616
2012-10-08,1.08,0.32918400000000003
2012-10-09,1.01,0.307848
2012-10-10,0.94,0.286512
2012-10-11,0.89,0.271272
2012-10-12,0.85,0.25908000000000003
2012-10-13,0.83,0.252984
2012-10-14,0.79,0.24079200000000003
2012-10-15,0.78,0.237744
2012-10-16,0.77,0.23469600000000002
2012-10-17,0.76,0.23164800000000002
2012-10-18,0.77,0.23469600000000002
2012-10-19,0.8,0.24384000000000003
2012-10-20,0.8,0.24384000000000003
2012-10-21,0.8,0.24384000000000003
2012-10-22,0.79,0.24079200000000003
2012-10-23,0.77,0.23469600000000002
2012-10-24,0.74,0.225552
2012-10-25,0.73,0.222504
2012-10-26,0.72,0.219456
2012-10-27,0.72,0.219456
2012-10-28,0.72,0.219456
2012-10-29,0.71,0.216408
2012-10-30,0.71,0.216408
2012-10-31,0.71,0.216408
2012-11-01,0.71,0.216408
2012-11-02,0.71,0.216408
2012-11-03,0.7,0.21336
2012-11-04,0.71,0.216408
2012-11-05,0.71,0.216408
2012-11-06,0.73,0.222504
2012-11-07,0.75,0.22860000000000003
2012-11-08,0.78,0.237744
2012-11-09,0.82,0.249936
2012-11-10,0.83,0.252984
2012-11-11,0.81,0.24688800000000002
2012-11-12,0.82,0.249936
2012-11-13,0.93,0.28346400000000005
2012-11-14,0.97,0.29565600000000003
2012-11-15,1.15,0.35052
2012-11-16,1.14,0.347472
2012-11-17,1.06,0.32308800000000004
2012-11-18,1.02,0.310896
2012-11-19,0.99,0.301752
2012-11-20,0.97,0.29565600000000003
2012-11-21,0.95,0.28956
2012-11-22,0.94,0.286512
2012-11-23,0.95,0.28956
2012-11-24,0.96,0.292608
2012-11-25,0.95,0.28956
2012-11-26,0.93,0.28346400000000005
2012-11-27,0.95,0.28956
2012-11-28,0.98,0.298704
2012-11-29,0.99,0.301752
2012-11-30,1.06,0.32308800000000004
2012-12-01,1.1,0.33528
2012-12-02,1.08,0.32918400000000003
2012-12-03,1.06,0.32308800000000004
2012-12-04,1.05,0.32004000000000005
2012-12-05,1.04,0.31699200000000005
2012-12-06,1.05,0.32004000000000005
2012-12-07,1.04,0.31699200000000005
2012-12-08,1.02,0.310896
2012-12-09,1.03,0.313944
2012-12-10,1.08,0.32918400000000003
2012-12-11,1.18,0.359664
2012-12-12,1.23,0.374904
2012-12-13,1.35,0.41148000000000007
2012-12-14,1.28,0.39014400000000005
2012-12-15,1.27,0.38709600000000005
2012-12-16,1.25,0.381
2012-12-17,1.48,0.451104
2012-12-18,1.93,0.588264
2012-12-19,2.93,0.8930640000000001
2012-12-20,2.81,0.856488
2012-12-21,2.72,0.8290560000000001
2012-12-22,2.82,0.859536
2012-12-23,2.45,0.7467600000000001
2012-12-24,2.18,0.664464
2012-12-25,2.23,0.679704
2012-12-26,3.79,1.155192
2012-12-27,5.01,1.527048
2012-12-28,5.31,1.618488
2012-12-29,5.44,1.6581120000000003
2012-12-30,5.49,1.6733520000000002
2012-12-31,5.53,1.6855440000000002
2013-01-01,5.16,1.5727680000000002
2013-01-02,4.22,1.286256
2013-01-03,3.56,1.085088
2013-01-04,3.47,1.0576560000000002
2013-01-05,3.52,1.072896
2013-01-06,3.38,1.030224
2013-01-07,3.13,0.954024
2013-01-08,2.82,0.859536
2013-01-09,2.6,0.7924800000000001
2013-01-10,2.42,0.737616
2013-01-11,2.29,0.6979920000000001
2013-01-12,2.2,0.67056
2013-01-13,2.13,0.649224
2013-01-14,2.08,0.6339840000000001
2013-01-15,2.04,0.621792
2013-01-16,2.22,0.6766560000000001
2013-01-17,3.21,0.978408
2013-01-18,4.19,1.2771120000000002
2013-01-19,4.53,1.3807440000000002
2013-01-20,4.67,1.423416
2013-01-21,4.23,1.2893040000000002
2013-01-22,3.48,1.060704
2013-01-23,2.89,0.8808720000000001
2013-01-24,2.54,0.7741920000000001
2013-01-25,2.35,0.71628
2013-01-26,2.22,0.6766560000000001
2013-01-27,2.14,0.6522720000000001
2013-01-28,2.07,0.6309359999999999
2013-01-29,2.01,0.612648
2013-01-30,2.11,0.643128
2013-01-31,2.66,0.810768
2013-02-01,3.39,1.0332720000000002
2013-02-02,3.61,1.100328
2013-02-03,3.65,1.11252
2013-02-04,3.21,0.978408
2013-02-05,2.77,0.844296
2013-02-06,2.49,0.7589520000000001
2013-02-07,2.5,0.762
2013-02-08,3.1,0.94488
2013-02-09,4.17,1.2710160000000001
2013-02-10,4.64,1.414272
2013-02-11,7.11,2.1671280000000004
2013-02-12,8.28,2.5237439999999998
2013-02-13,10.39,3.166872
2013-02-14,15.98,4.870704000000001
2013-02-15,18.52,5.644896
2013-02-16,16.87,5.1419760000000005
2013-02-17,14.31,4.361688
2013-02-18,12.06,3.6758880000000005
2013-02-19,10.09,3.075432
2013-02-20,8.59,2.618232
2013-02-21,7.05,2.14884
2013-02-22,7.02,2.139696
2013-02-23,8.39,2.557272
2013-02-24,8.19,2.496312
2013-02-25,8.68,2.645664
2013-02-26,12.0,3.6576000000000004
2013-02-27,13.93,4.245864
2013-02-28,16.01,4.879848000000001
2013-03-01,16.99,5.178552
2013-03-02,15.05,4.58724
2013-03-03,12.87,3.922776
2013-03-04,10.7,3.26136
2013-03-05,8.88,2.7066240000000006
2013-03-06,7.31,2.228088
2013-03-07,5.96,1.816608
2013-03-08,5.37,1.636776
2013-03-09,4.92,1.499616
2013-03-10,4.58,1.3959840000000001
2013-03-11,4.55,1.38684
2013-03-12,5.71,1.7404080000000002
2013-03-13,5.97,1.819656
2013-03-14,5.95,1.81356
2013-03-15,5.91,1.801368
2013-03-16,5.9,1.7983200000000001
2013-03-17,5.41,1.6489680000000002
2013-03-18,4.73,1.441704
2013-03-19,4.76,1.450848
2013-03-20,4.94,1.5057120000000002
2013-03-21,4.92,1.499616
2013-03-22,4.96,1.511808
2013-03-23,4.91,1.4965680000000001
2013-03-24,6.36,1.9385280000000003
2013-03-25,6.73,2.051304
2013-03-26,6.3,1.92024
2013-03-27,6.29,1.917192
2013-03-28,6.58,2.0055840000000003
2013-03-29,6.83,2.0817840000000003
2013-03-30,6.64,2.023872
2013-03-31,5.28,1.609344
2013-04-01,4.23,1.2893040000000002
2013-04-02,4.32,1.3167360000000001
2013-04-03,4.49,1.3685520000000002
2013-04-04,4.61,1.4051280000000002
2013-04-05,4.58,1.3959840000000001
2013-04-06,4.36,1.328928
2013-04-07,3.98,1.213104
2013-04-08,3.77,1.1490960000000001
2013-04-09,3.54,1.0789920000000002
2013-04-10,3.33,1.014984
2013-04-11,3.15,0.96012
2013-04-12,4.27,1.301496
2013-04-13,4.26,1.298448
2013-04-14,4.87,1.4843760000000001
2013-04-15,6.71,2.045208
2013-04-16,6.6,2.01168
2013-04-17,6.46,1.969008
2013-04-18,6.54,1.993392
2013-04-19,6.72,2.048256
2013-04-20,6.28,1.914144
2013-04-21,5.13,1.5636240000000001
2013-04-22,4.26,1.298448
2013-04-23,3.87,1.1795760000000002
2013-04-24,3.47,1.0576560000000002
2013-04-25,3.1,0.94488
2013-04-26,2.84,0.865632
2013-04-27,2.63,0.801624
2013-04-28,2.47,0.7528560000000001
2013-04-29,2.35,0.71628
2013-04-30,2.29,0.6979920000000001
2013-05-01,2.35,0.71628
2013-05-02,2.31,0.704088
2013-05-03,2.25,0.6858000000000001
2013-05-04,2.56,0.7802880000000001
2013-05-05,3.12,0.950976
2013-05-06,3.42,1.042416
2013-05-07,3.37,1.027176
2013-05-08,3.24,0.9875520000000001
2013-05-09,3.01,0.9174479999999999
2013-05-10,2.61,0.795528
2013-05-11,2.25,0.6858000000000001
2013-05-12,2.07,0.6309359999999999
2013-05-13,1.93,0.588264
2013-05-14,1.81,0.5516880000000001
2013-05-15,1.71,0.521208
2013-05-16,1.63,0.496824
2013-05-17,1.56,0.475488
2013-05-18,1.49,0.454152
2013-05-19,1.44,0.438912
2013-05-20,1.42,0.432816
2013-05-21,1.38,0.420624
2013-05-22,1.34,0.408432
2013-05-23,1.31,0.39928800000000003
2013-05-24,1.24,0.377952
2013-05-25,1.3,0.39624000000000004
2013-05-26,1.23,0.374904
2013-05-27,1.14,0.347472
2013-05-28,1.07,0.32613600000000004
2013-05-29,1.02,0.310896
2013-05-30,0.97,0.29565600000000003
2013-05-31,0.93,0.28346400000000005
2013-06-01,0.94,0.286512
2013-06-02,0.98,0.298704
2013-06-03,1.02,0.310896
2013-06-04,1.0,0.3048
2013-06-05,0.98,0.298704
2013-06-06,1.01,0.307848
2013-06-07,1.12,0.34137600000000007
2013-06-08,1.19,0.362712
2013-06-09,1.31,0.39928800000000003
2013-06-10,1.42,0.432816
2013-06-11,1.43,0.43586400000000003
2013-06-12,1.41,0.429768
2013-06-13,1.32,0.402336
2013-06-14,1.22,0.371856
2013-06-15,1.21,0.368808
2013-06-16,1.22,0.371856
2013-06-17,1.22,0.371856
2013-06-18,1.19,0.362712
2013-06-19,1.33,0.405384
2013-06-20,1.42,0.432816
2013-06-21,1.51,0.46024800000000005
2013-06-22,1.6,0.48768000000000006
2013-06-23,1.57,0.478536
2013-06-24,1.46,0.445008
2013-06-25,1.3,0.39624000000000004
2013-06-26,1.19,0.362712
2013-06-27,1.11,0.3383280000000001
2013-06-28,1.05,0.32004000000000005
2013-06-29,1.09,0.332232
2013-06-30,1.25,0.381
2013-07-01,1.83,0.5577840000000001
2013-07-02,1.77,0.5394960000000001
2013-07-03,1.9,0.57912
2013-07-04,2.57,0.783336
2013-07-05,4.27,1.301496
2013-07-06,5.16,1.5727680000000002
2013-07-07,5.73,1.7465040000000003
2013-07-08,5.92,1.804416
2013-07-09,7.6,2.31648
2013-07-10,6.95,2.11836
2013-07-11,7.85,2.39268
2013-07-12,7.34,2.237232
2013-07-13,7.8,2.37744
2013-07-14,9.79,2.9839919999999998
2013-07-15,11.93,3.636264
2013-07-16,11.31,3.4472880000000004
2013-07-17,9.76,2.974848
2013-07-18,7.86,2.395728
2013-07-19,5.05,1.53924
2013-07-20,4.05,1.23444
2013-07-21,4.58,1.3959840000000001
2013-07-22,4.82,1.4691360000000002
2013-07-23,5.29,1.612392
2013-07-24,5.48,1.6703040000000002
2013-07-25,5.64,1.719072
2013-07-26,6.17,1.880616
2013-07-27,6.77,2.0634959999999998
2013-07-28,8.86,2.700528
2013-07-29,11.28,3.438144
2013-07-30,10.25,3.1242
2013-07-31,8.47,2.581656
2013-08-01,9.47,2.8864560000000004
2013-08-02,10.49,3.1973520000000004
2013-08-03,9.69,2.953512
2013-08-04,7.94,2.420112
2013-08-05,6.46,1.969008
2013-08-06,5.26,1.603248
2013-08-07,4.24,1.2923520000000002
2013-08-08,4.02,1.225296
2013-08-09,4.44,1.3533120000000003
2013-08-10,4.46,1.359408
2013-08-11,4.04,1.231392
2013-08-12,3.81,1.161288
2013-08-13,3.57,1.088136
2013-08-14,3.49,1.063752
2013-08-15,3.4,1.0363200000000001
2013-08-16,3.14,0.957072
2013-08-17,3.81,1.161288
2013-08-18,6.61,2.0147280000000003
2013-08-19,11.44,3.4869120000000002
2013-08-20,11.68,3.560064
2013-08-21,10.35,3.15468
2013-08-22,9.03,2.752344
2013-08-23,7.59,2.313432
2013-08-24,7.41,2.2585680000000004
2013-08-25,7.8,2.37744
2013-08-26,6.25,1.905
2013-08-27,3.9,1.18872
2013-08-28,3.15,0.96012
2013-08-29,2.72,0.8290560000000001
2013-08-30,2.43,0.7406640000000001
2013-08-31,2.22,0.6766560000000001
2013-09-01,2.08,0.6339840000000001
2013-09-02,1.98,0.603504
2013-09-03,1.9,0.57912
2013-09-04,2.31,0.704088
2013-09-05,3.42,1.042416
2013-09-06,4.11,1.252728
2013-09-07,3.5,1.0668
2013-09-08,2.56,0.7802880000000001
2013-09-09,2.14,0.6522720000000001
2013-09-10,1.9,0.57912
2013-09-11,1.73,0.527304
2013-09-12,1.62,0.49377600000000005
2013-09-13,1.54,0.46939200000000003
2013-09-14,1.48,0.451104
2013-09-15,1.46,0.445008
2013-09-16,1.4,0.42672
2013-09-17,1.38,0.420624
2013-09-18,1.37,0.41757600000000006
2013-09-19,1.36,0.41452800000000006
2013-09-20,1.29,0.39319200000000004
2013-09-21,1.26,0.384048
2013-09-22,1.35,0.41148000000000007
2013-09-23,1.57,0.478536
2013-09-24,1.73,0.527304
2013-09-25,1.78,0.542544
2013-09-26,2.17,0.661416
2013-09-27,2.2,0.67056
2013-09-28,1.96,0.597408
2013-09-29,1.78,0.542544
2013-09-30,1.61,0.49072800000000005
2013-10-01,1.49,0.454152
2013-10-02,1.41,0.429768
2013-10-03,1.35,0.41148000000000007
2013-10-04,1.29,0.39319200000000004
2013-10-05,1.26,0.384048
2013-10-06,1.24,0.377952
2013-10-07,1.25,0.381
2013-10-08,1.28,0.39014400000000005
2013-10-09,1.35,0.41148000000000007
2013-10-10,1.33,0.405384
2013-10-11,1.28,0.39014400000000005
2013-10-12,1.28,0.39014400000000005
2013-10-13,1.25,0.381
2013-10-14,1.22,0.371856
2013-10-15,1.17,0.356616
2013-10-16,1.14,0.347472
2013-10-17,1.13,0.344424
2013-10-18,1.17,0.356616
2013-10-19,1.16,0.353568
2013-10-20,1.21,0.368808
2013-10-21,1.23,0.374904
2013-10-22,1.24,0.377952
2013-10-23,1.21,0.368808
2013-10-24,1.19,0.362712
2013-10-25,1.18,0.359664
2013-10-26,1.13,0.344424
2013-10-27,1.1,0.33528
2013-10-28,1.09,0.332232
2013-10-29,1.07,0.32613600000000004
2013-10-30,1.06,0.32308800000000004
2013-10-31,1.05,0.32004000000000005
2013-11-01,1.07,0.32613600000000004
2013-11-02,1.1,0.33528
2013-11-03,1.19,0.362712
2013-11-04,1.31,0.39928800000000003
2013-11-05,1.27,0.38709600000000005
2013-11-06,1.2,0.36576000000000003
2013-11-07,1.15,0.35052
2013-11-08,1.14,0.347472
2013-11-09,1.13,0.344424
2013-11-10,1.13,0.344424
2013-11-11,1.13,0.344424
2013-11-12,1.12,0.34137600000000007
2013-11-13,1.1,0.33528
2013-11-14,1.09,0.332232
2013-11-15,1.09,0.332232
2013-11-16,1.1,0.33528
2013-11-17,1.13,0.344424
2013-11-18,1.19,0.362712
2013-11-19,1.21,0.368808
2013-11-20,1.24,0.377952
2013-11-21,1.29,0.39319200000000004
2013-11-22,1.28,0.39014400000000005
2013-11-23,1.25,0.381
2013-11-24,1.25,0.381
2013-11-25,1.24,0.377952
2013-11-26,1.33,0.405384
2013-11-27,1.6,0.48768000000000006
2013-11-28,2.33,0.710184
2013-11-29,2.5,0.762
2013-11-30,2.28,0.694944
2013-12-01,2.06,0.627888
2013-12-02,1.87,0.569976
2013-12-03,1.76,0.536448
2013-12-04,1.83,0.5577840000000001
2013-12-05,2.08,0.6339840000000001
2013-12-06,2.4,0.7315200000000001
2013-12-07,2.49,0.7589520000000001
2013-12-08,2.49,0.7589520000000001
2013-12-09,2.42,0.737616
2013-12-10,2.28,0.694944
2013-12-11,2.18,0.664464
2013-12-12,2.09,0.637032
2013-12-13,1.96,0.597408
2013-12-14,1.87,0.569976
2013-12-15,1.87,0.569976
2013-12-16,1.88,0.573024
2013-12-17,1.89,0.576072
2013-12-18,1.87,0.569976
2013-12-19,1.86,0.5669280000000001
2013-12-25,5.65,1.72212
2013-12-26,5.88,1.792224
2013-12-27,6.31,1.9232879999999999
2014-01-01,6.8,2.0726400000000003
2014-01-02,7.0,2.1336
2014-01-03,7.35,2.24028
2014-01-04,7.14,2.176272
2014-01-08,3.83,1.167384
2014-01-09,3.59,1.094232
2014-01-10,3.46,1.054608
2014-01-11,3.9,1.18872
2014-01-12,5.71,1.7404080000000002
2014-01-13,6.21,1.892808
2014-01-14,6.51,1.984248
2014-01-15,6.93,2.112264
2014-01-16,7.41,2.2585680000000004
2014-01-17,7.75,2.3622
2014-01-18,7.58,2.310384
2014-01-19,6.21,1.892808
2014-01-20,4.65,1.4173200000000001
2014-01-21,3.98,1.213104
2014-01-22,3.63,1.106424
2014-01-23,3.37,1.027176
2014-01-24,3.18,0.9692640000000001
2014-01-25,3.05,0.92964
2014-01-26,2.95,0.8991600000000001
2014-01-27,2.95,0.8991600000000001
2014-01-28,3.26,0.993648
2014-01-29,3.52,1.072896
2014-01-30,3.58,1.0911840000000002
2014-01-31,3.57,1.088136
2014-02-01,3.63,1.106424
2014-02-02,3.75,1.143
2014-02-03,3.83,1.167384
2014-02-04,3.89,1.185672
2014-02-05,4.32,1.3167360000000001
2014-02-06,5.07,1.5453360000000003
2014-02-07,5.32,1.621536
2014-02-08,5.48,1.6703040000000002
2014-02-09,5.63,1.716024
2014-02-10,5.41,1.6489680000000002
2014-02-11,4.88,1.487424
2014-02-12,7.04,2.145792
2014-02-13,9.09,2.770632
2014-02-14,8.46,2.5786080000000005
2014-02-15,8.5,2.5908
2014-02-16,11.08,3.377184
2014-02-17,12.53,3.819144
2014-02-18,11.12,3.389376
2014-02-19,9.33,2.8437840000000003
2014-02-20,7.58,2.310384
2014-02-21,6.82,2.078736
2014-02-22,6.95,2.11836
2014-02-23,6.8,2.0726400000000003
2014-02-24,7.04,2.145792
2014-02-25,7.34,2.237232
2014-02-26,7.71,2.3500080000000003
2014-02-27,7.59,2.313432
2014-02-28,6.96,2.121408
2014-03-01,6.12,1.8653760000000001
2014-03-02,5.61,1.7099280000000001
2014-03-03,5.15,1.5697200000000002
2014-03-04,4.67,1.423416
2014-03-05,4.4,1.34112
2014-03-06,4.21,1.2832080000000001
2014-03-07,4.14,1.2618719999999999
2014-03-08,4.14,1.2618719999999999
2014-03-09,4.09,1.246632
2014-03-10,3.98,1.213104
2014-03-11,3.81,1.161288
2014-03-12,3.71,1.130808
2014-03-13,3.68,1.121664
2014-03-14,3.64,1.109472
2014-03-15,3.58,1.0911840000000002
2014-03-16,4.02,1.225296
2014-03-17,6.59,2.008632
2014-03-18,7.18,2.188464
2014-03-19,7.2,2.19456
2014-03-20,7.6,2.31648
2014-03-21,8.47,2.581656
2014-03-22,9.02,2.749296
2014-03-23,8.49,2.587752
2014-03-24,6.54,1.993392
2014-03-25,4.99,1.520952
2014-03-26,4.48,1.3655040000000003
2014-03-27,4.12,1.255776
2014-03-28,5.4,1.6459200000000003
2014-03-29,8.7,2.65176
2014-03-30,8.43,2.569464
2014-03-31,8.48,2.5847040000000003
2014-04-01,9.73,2.965704
2014-04-02,11.18,3.407664
2014-04-03,10.24,3.1211520000000004
2014-04-04,8.61,2.6243279999999998
2014-04-05,6.32,1.9263360000000003
2014-04-06,7.56,2.304288
2014-04-07,14.52,4.425696
2014-04-08,15.74,4.7975520000000005
2014-04-09,18.25,5.562600000000001
2014-04-10,18.66,5.687568000000001
2014-04-11,16.1,4.907280000000001
2014-04-12,13.64,4.157472
2014-04-13,11.52,3.511296
2014-04-14,9.59,2.923032
2014-04-15,9.35,2.84988
2014-04-16,8.6,2.62128
2014-04-17,8.09,2.4658320000000002
2014-04-18,9.08,2.7675840000000003
2014-04-19,11.78,3.590544
2014-04-20,12.04,3.6697919999999997
2014-04-21,11.76,3.584448
2014-04-22,13.66,4.163568000000001
2014-04-23,13.13,4.0020240000000005
2014-04-24,11.45,3.48996
2014-04-25,9.61,2.929128
2014-04-26,7.94,2.420112
2014-04-27,6.19,1.8867120000000002
2014-04-28,5.2,1.5849600000000001
2014-04-29,5.5,1.6764000000000001
2014-04-30,8.11,2.471928
2014-05-01,6.98,2.127504
2014-05-02,6.1,1.85928
2014-05-03,5.68,1.731264
2014-05-04,5.31,1.618488
2014-05-05,4.81,1.466088
2014-05-06,4.12,1.255776
2014-05-07,3.62,1.1033760000000001
2014-05-08,3.32,1.011936
2014-05-09,3.11,0.947928
2014-05-10,3.59,1.094232
2014-05-11,4.68,1.426464
2014-05-12,4.4,1.34112
2014-05-13,4.14,1.2618719999999999
2014-05-14,4.57,1.3929360000000002
2014-05-15,9.94,3.029712
2014-05-16,11.02,3.358896
2014-05-17,9.48,2.889504
2014-05-18,12.22,3.7246560000000004
2014-05-19,12.24,3.7307520000000003
2014-05-20,10.02,3.054096
2014-05-21,7.93,2.417064
2014-05-22,5.14,1.566672
2014-05-23,3.94,1.200912
2014-05-24,3.45,1.05156
2014-05-25,3.12,0.950976
2014-05-26,2.92,0.890016
2014-05-27,2.76,0.841248
2014-05-28,2.92,0.890016
2014-05-29,3.1,0.94488
2014-05-30,3.32,1.011936
2014-05-31,3.52,1.072896
2014-06-01,3.19,0.9723120000000001
2014-06-02,3.26,0.993648
2014-06-03,3.58,1.0911840000000002
2014-06-04,3.83,1.167384
2014-06-05,3.62,1.1033760000000001
2014-06-06,3.22,0.9814560000000001
2014-06-07,2.92,0.890016
2014-06-08,2.79,0.850392
2014-06-09,3.22,0.9814560000000001
2014-06-10,3.71,1.130808
2014-06-11,4.07,1.240536
2014-06-12,3.93,1.197864
2014-06-13,3.73,1.1369040000000001
2014-06-14,3.66,1.1155680000000001
2014-06-15,3.62,1.1033760000000001
2014-06-16,3.25,0.9906
2014-06-17,2.79,0.850392
2014-06-18,2.6,0.7924800000000001
2014-06-19,2.7,0.8229600000000001
2014-06-20,2.37,0.722376
2014-06-21,2.07,0.6309359999999999
2014-06-22,1.88,0.573024
2014-06-23,1.79,0.5455920000000001
2014-06-24,2.0,0.6096
2014-06-25,2.29,0.6979920000000001
2014-06-26,2.42,0.737616
2014-06-27,2.32,0.707136
2014-06-28,2.29,0.6979920000000001
2014-06-29,2.25,0.6858000000000001
2014-06-30,2.29,0.6979920000000001
2014-07-01,2.04,0.621792
2014-07-02,1.85,0.56388
2014-07-03,1.71,0.521208
2014-07-04,1.58,0.48158400000000007
2014-07-05,1.46,0.445008
2014-07-06,1.37,0.41757600000000006
2014-07-07,1.3,0.39624000000000004
2014-07-08,1.24,0.377952
2014-07-09,1.18,0.359664
2014-07-10,1.21,0.368808
2014-07-11,1.37,0.41757600000000006
2014-07-12,1.27,0.38709600000000005
2014-07-13,1.41,0.429768
2014-07-14,1.52,0.46329600000000004
2014-07-15,1.44,0.438912
2014-07-16,1.42,0.432816
2014-07-17,1.39,0.423672
2014-07-18,1.4,0.42672
2014-07-19,1.4,0.42672
2014-07-20,1.84,0.560832
2014-07-21,2.66,0.810768
2014-07-22,2.54,0.7741920000000001
2014-07-23,2.95,0.8991600000000001
2014-07-24,3.6,1.09728
2014-07-25,3.57,1.088136
2014-07-26,3.54,1.0789920000000002
2014-07-27,2.6,0.7924800000000001
2014-07-28,1.96,0.597408
2014-07-29,1.68,0.512064
2014-07-30,1.5,0.45720000000000005
2014-07-31,1.37,0.41757600000000006
2014-08-01,1.27,0.38709600000000005
2014-08-02,1.19,0.362712
2014-08-03,1.15,0.35052
2014-08-04,1.32,0.402336
2014-08-05,1.19,0.362712
2014-08-06,1.25,0.381
2014-08-07,1.18,0.359664
2014-08-08,1.13,0.344424
2014-08-09,1.13,0.344424
2014-08-10,1.24,0.377952
2014-08-11,2.4,0.7315200000000001
2014-08-12,2.66,0.810768
2014-08-13,2.18,0.664464
2014-08-14,1.76,0.536448
2014-08-15,1.62,0.49377600000000005
2014-08-16,1.54,0.46939200000000003
2014-08-17,1.42,0.432816
2014-08-18,1.36,0.41452800000000006
2014-08-19,1.6,0.48768000000000006
2014-08-20,2.93,0.8930640000000001
2014-08-21,2.73,0.8321040000000001
2014-08-22,1.96,0.597408
2014-08-23,1.65,0.50292
2014-08-24,1.54,0.46939200000000003
2014-08-25,1.42,0.432816
2014-08-26,1.31,0.39928800000000003
2014-08-27,1.22,0.371856
2014-08-28,1.13,0.344424
2014-08-29,1.08,0.32918400000000003
2014-08-30,1.03,0.313944
2014-08-31,1.0,0.3048
2014-09-01,1.0,0.3048
2014-09-02,0.99,0.301752
2014-09-03,0.99,0.301752
2014-09-04,1.03,0.313944
2014-09-05,1.41,0.429768
2014-09-06,2.15,0.65532
2014-09-07,2.13,0.649224
2014-09-08,2.01,0.612648
2014-09-09,1.96,0.597408
2014-09-10,2.12,0.6461760000000001
2014-09-11,1.67,0.509016
2014-09-12,1.45,0.44196
2014-09-13,1.31,0.39928800000000003
2014-09-14,1.23,0.374904
2014-09-15,1.18,0.359664
2014-09-16,1.18,0.359664
2014-09-17,1.11,0.3383280000000001
2014-09-18,1.05,0.32004000000000005
2014-09-19,1.03,0.313944
2014-09-20,1.04,0.31699200000000005
2014-09-21,1.09,0.332232
2014-09-22,1.06,0.32308800000000004
2014-09-23,1.05,0.32004000000000005
2014-09-24,1.05,0.32004000000000005
2014-09-25,1.02,0.310896
2014-09-26,0.99,0.301752
2014-09-27,0.97,0.29565600000000003
2014-09-28,0.97,0.29565600000000003
2014-09-29,1.06,0.32308800000000004
2014-09-30,1.04,0.31699200000000005
2014-10-01,1.02,0.310896
2014-10-02,1.02,0.310896
2014-10-03,1.02,0.310896
2014-10-04,1.06,0.32308800000000004
2014-10-05,1.18,0.359664
2014-10-06,1.2,0.36576000000000003
2014-10-07,1.09,0.332232
2014-10-08,1.01,0.307848
2014-10-09,0.97,0.29565600000000003
2014-10-10,0.94,0.286512
2014-10-11,0.92,0.280416
2014-10-12,0.91,0.277368
2014-10-13,0.9,0.27432
2014-10-14,1.63,0.496824
2014-10-15,2.83,0.862584
2014-10-16,2.86,0.8717280000000001
2014-10-17,2.1,0.6400800000000001
2014-10-18,1.7,0.5181600000000001
2014-10-19,1.59,0.48463200000000006
2014-10-20,1.49,0.454152
2014-10-21,1.36,0.41452800000000006
2014-10-22,1.26,0.384048
2014-10-23,1.2,0.36576000000000003
2014-10-24,1.15,0.35052
2014-10-25,1.1,0.33528
2014-10-26,1.07,0.32613600000000004
2014-10-27,1.05,0.32004000000000005
2014-10-28,1.04,0.31699200000000005
2014-10-29,1.03,0.313944
2014-10-30,1.02,0.310896
2014-10-31,1.0,0.3048
2014-11-01,0.99,0.301752
2014-11-02,1.0,0.3048
2014-11-03,0.99,0.301752
2014-11-04,0.97,0.29565600000000003
2014-11-05,0.96,0.292608
2014-11-06,0.98,0.298704
2014-11-07,1.01,0.307848
2014-11-08,1.02,0.310896
2014-11-09,1.03,0.313944
2014-11-10,1.04,0.31699200000000005
2014-11-11,1.03,0.313944
2014-11-12,1.05,0.32004000000000005
2014-11-13,1.05,0.32004000000000005
2014-11-14,1.06,0.32308800000000004
2014-11-15,1.07,0.32613600000000004
2014-11-16,1.08,0.32918400000000003
2014-11-17,1.14,0.347472
2014-11-18,1.63,0.496824
2014-11-19,2.79,0.850392
2014-11-20,2.3,0.70104
2014-11-21,1.94,0.5913120000000001
2014-11-22,1.74,0.530352
2014-11-23,1.74,0.530352
2014-11-24,2.04,0.621792
2014-11-25,2.67,0.813816
2014-11-26,2.44,0.743712
2014-11-27,2.14,0.6522720000000001
2014-11-28,1.95,0.59436
2014-11-29,1.82,0.554736
2014-11-30,1.69,0.515112
2014-12-01,1.61,0.49072800000000005
2014-12-02,1.55,0.47244
2014-12-03,1.52,0.46329600000000004
2014-12-04,1.5,0.45720000000000005
2014-12-05,1.5,0.45720000000000005
2014-12-06,1.51,0.46024800000000005
2014-12-07,1.53,0.46634400000000004
2014-12-08,1.5,0.45720000000000005
2014-12-09,1.5,0.45720000000000005
2014-12-10,1.48,0.451104
2014-12-11,1.46,0.445008
2014-12-12,1.44,0.438912
2014-12-13,1.44,0.438912
2014-12-14,1.42,0.432816
2014-12-15,1.4,0.42672
2014-12-16,1.4,0.42672
2014-12-17,1.4,0.42672
2014-12-18,1.41,0.429768
2014-12-19,1.43,0.43586400000000003
2014-12-20,1.51,0.46024800000000005
2014-12-21,1.71,0.521208
2014-12-22,1.96,0.597408
2014-12-23,1.95,0.59436
2014-12-24,4.21,1.2832080000000001
2014-12-25,5.91,1.801368
2014-12-26,5.97,1.819656
2014-12-27,5.38,1.639824
2014-12-28,5.84,1.780032
2014-12-29,6.33,1.9293840000000002
2014-12-30,6.46,1.969008
2014-12-31,6.35,1.93548
