{
  "cal_nse": 0.5895,
  "val_nse": 0.3116,
  "val_rmse": 29.7891,
  "val_pbias": -1.61,
  "fcst_1d_nse": 0.3031,
  "fcst_2d_nse": 0.3081,
  "fcst_3d_nse": 0.3095,
  "params": {
    "Smax": 275.323022,
    "kq": 0.496622,
    "kp": 0.006545,
    "kg": 0.3,
    "cet": 1.63066
  },
  "data_stats": {
    "prcp": {
      "mean": 3.8398,
      "std": 9.6878,
      "min": 0.0,
      "max": 158.64
    },
    "tmax": {
      "mean": 24.9567,
      "std": 7.5099,
      "min": -3.5,
      "max": 39.69
    },
    "tmin": {
      "mean": 12.0473,
      "std": 8.0279,
      "min": -17.64,
      "max": 25.33
    },
    "pet": {
      "mean": 3.9063,
      "std": 1.6407,
      "min": 0.5318,
      "max": 7.8925
    },
    "q_obs": {
      "mean": 23.5523,
      "std": 42.962,
      "min": 0.9911,
      "max": 2044.473
    }
  }
}