{
  "params": {
    "Smax": 275.323022,
    "kq": 0.496622,
    "kp": 0.006545,
    "kg": 0.3,
    "cet": 1.63066
  },
  "q_sim_mean": 346.4038,
  "q_sim_max": 26167.671,
  "q_sim_min": 7.2568,
  "q_sim_std": 660.8438,
  "data_stats": {
    "prcp": {
      "mean": 4.4976,
      "std": 6.636,
      "min": 0.0,
      "max": 182.71
    },
    "tmax": {
      "mean": 29.3857,
      "std": 1.6689,
      "min": 23.98,
      "max": 35.74
    },
    "tmin": {
      "mean": 21.7527,
      "std": 1.8325,
      "min": 11.06,
      "max": 24.94
    },
    "pet": {
      "mean": 3.95,
      "std": 0.5482,
      "min": 2.1504,
      "max": 6.3742
    }
  },
  "fcst_1d_mean": 384.8433,
  "fcst_2d_mean": 382.2051,
  "fcst_3d_mean": 381.0705
}